source_workbook,release_year,table,vehicle_type,manufacture_period,jurisdiction,vehicles
bitre-road-vehicles-australia--january2024.xlsx,2024,Table 6,Passenger vehicles,2019 - 2024,NSW,1204594.0
bitre-road-vehicles-australia--january2024.xlsx,2024,Table 6,Passenger vehicles,2019 - 2024,VIC,978825.0
bitre-road-vehicles-australia--january2024.xlsx,2024,Table 6,Passenger vehicles,2019 - 2024,QLD,792086.0
bitre-road-vehicles-australia--january2024.xlsx,2024,Table 6,Passenger vehicles,2019 - 2024,SA,245859.0
bitre-road-vehicles-australia--january2024.xlsx,2024,Table 6,Passenger vehicles,2019 - 2024,WA,394653.0
bitre-road-vehicles-australia--january2024.xlsx,2024,Table 6,Passenger vehicles,2019 - 2024,TAS,69271.0
bitre-road-vehicles-australia--january2024.xlsx,2024,Table 6,Passenger vehicles,2019 - 2024,NT,27308.0
bitre-road-vehicles-australia--january2024.xlsx,2024,Table 6,Passenger vehicles,2019 - 2024,ACT,71383.0
bitre-road-vehicles-australia--january2024.xlsx,2024,Table 6,Passenger vehicles,2019 - 2024,AUS,3783979.0
bitre-road-vehicles-australia--january2024.xlsx,2024,Table 6,Passenger vehicles,2014 - 2018,NSW,1333669.0
bitre-road-vehicles-australia--january2024.xlsx,2024,Table 6,Passenger vehicles,2014 - 2018,VIC,1172076.0
bitre-road-vehicles-australia--january2024.xlsx,2024,Table 6,Passenger vehicles,2014 - 2018,QLD,855839.0
bitre-road-vehicles-australia--january2024.xlsx,2024,Table 6,Passenger vehicles,2014 - 2018,SA,291463.0
bitre-road-vehicles-australia--january2024.xlsx,2024,Table 6,Passenger vehicles,2014 - 2018,WA,439068.0
bitre-road-vehicles-australia--january2024.xlsx,2024,Table 6,Passenger vehicles,2014 - 2018,TAS,81285.0
bitre-road-vehicles-australia--january2024.xlsx,2024,Table 6,Passenger vehicles,2014 - 2018,NT,26880.0
bitre-road-vehicles-australia--january2024.xlsx,2024,Table 6,Passenger vehicles,2014 - 2018,ACT,82566.0
bitre-road-vehicles-australia--january2024.xlsx,2024,Table 6,Passenger vehicles,2014 - 2018,AUS,4282846.0
bitre-road-vehicles-australia--january2024.xlsx,2024,Table 6,Passenger vehicles,2009 - 2013,NSW,1002775.0
bitre-road-vehicles-australia--january2024.xlsx,2024,Table 6,Passenger vehicles,2009 - 2013,VIC,942289.0
bitre-road-vehicles-australia--january2024.xlsx,2024,Table 6,Passenger vehicles,2009 - 2013,QLD,713666.0
bitre-road-vehicles-australia--january2024.xlsx,2024,Table 6,Passenger vehicles,2009 - 2013,SA,261902.0
bitre-road-vehicles-australia--january2024.xlsx,2024,Table 6,Passenger vehicles,2009 - 2013,WA,424452.0
bitre-road-vehicles-australia--january2024.xlsx,2024,Table 6,Passenger vehicles,2009 - 2013,TAS,76238.0
bitre-road-vehicles-australia--january2024.xlsx,2024,Table 6,Passenger vehicles,2009 - 2013,NT,21984.0
bitre-road-vehicles-australia--january2024.xlsx,2024,Table 6,Passenger vehicles,2009 - 2013,ACT,64223.0
bitre-road-vehicles-australia--january2024.xlsx,2024,Table 6,Passenger vehicles,2009 - 2013,AUS,3507529.0
bitre-road-vehicles-australia--january2024.xlsx,2024,Table 6,Passenger vehicles,2004 - 2008,NSW,658426.0
bitre-road-vehicles-australia--january2024.xlsx,2024,Table 6,Passenger vehicles,2004 - 2008,VIC,628440.0
bitre-road-vehicles-australia--january2024.xlsx,2024,Table 6,Passenger vehicles,2004 - 2008,QLD,496208.0
bitre-road-vehicles-australia--january2024.xlsx,2024,Table 6,Passenger vehicles,2004 - 2008,SA,204068.0
bitre-road-vehicles-australia--january2024.xlsx,2024,Table 6,Passenger vehicles,2004 - 2008,WA,305929.0
bitre-road-vehicles-australia--january2024.xlsx,2024,Table 6,Passenger vehicles,2004 - 2008,TAS,66728.0
bitre-road-vehicles-australia--january2024.xlsx,2024,Table 6,Passenger vehicles,2004 - 2008,NT,14257.0
bitre-road-vehicles-australia--january2024.xlsx,2024,Table 6,Passenger vehicles,2004 - 2008,ACT,37402.0
bitre-road-vehicles-australia--january2024.xlsx,2024,Table 6,Passenger vehicles,2004 - 2008,AUS,2411458.0
bitre-road-vehicles-australia--january2024.xlsx,2024,Table 6,Passenger vehicles,To 2003,NSW,428178.0
bitre-road-vehicles-australia--january2024.xlsx,2024,Table 6,Passenger vehicles,To 2003,VIC,440602.0
bitre-road-vehicles-australia--january2024.xlsx,2024,Table 6,Passenger vehicles,To 2003,QLD,356492.0
bitre-road-vehicles-australia--january2024.xlsx,2024,Table 6,Passenger vehicles,To 2003,SA,190334.0
bitre-road-vehicles-australia--january2024.xlsx,2024,Table 6,Passenger vehicles,To 2003,WA,203520.0
bitre-road-vehicles-australia--january2024.xlsx,2024,Table 6,Passenger vehicles,To 2003,TAS,62950.0
bitre-road-vehicles-australia--january2024.xlsx,2024,Table 6,Passenger vehicles,To 2003,NT,9021.0
bitre-road-vehicles-australia--january2024.xlsx,2024,Table 6,Passenger vehicles,To 2003,ACT,22295.0
bitre-road-vehicles-australia--january2024.xlsx,2024,Table 6,Passenger vehicles,To 2003,AUS,1713392.0
bitre-road-vehicles-australia--january2024.xlsx,2024,Table 6,Campervans,2019 - 2024,NSW,4791.0
bitre-road-vehicles-australia--january2024.xlsx,2024,Table 6,Campervans,2019 - 2024,VIC,4129.0
bitre-road-vehicles-australia--january2024.xlsx,2024,Table 6,Campervans,2019 - 2024,QLD,4220.0
bitre-road-vehicles-australia--january2024.xlsx,2024,Table 6,Campervans,2019 - 2024,SA,405.0
bitre-road-vehicles-australia--january2024.xlsx,2024,Table 6,Campervans,2019 - 2024,WA,16.0
bitre-road-vehicles-australia--january2024.xlsx,2024,Table 6,Campervans,2019 - 2024,TAS,469.0
bitre-road-vehicles-australia--january2024.xlsx,2024,Table 6,Campervans,2019 - 2024,NT,15.0
bitre-road-vehicles-australia--january2024.xlsx,2024,Table 6,Campervans,2019 - 2024,ACT,116.0
bitre-road-vehicles-australia--january2024.xlsx,2024,Table 6,Campervans,2019 - 2024,AUS,14161.0
bitre-road-vehicles-australia--january2024.xlsx,2024,Table 6,Campervans,2014 - 2018,NSW,4620.0
bitre-road-vehicles-australia--january2024.xlsx,2024,Table 6,Campervans,2014 - 2018,VIC,3209.0
bitre-road-vehicles-australia--january2024.xlsx,2024,Table 6,Campervans,2014 - 2018,QLD,3874.0
bitre-road-vehicles-australia--january2024.xlsx,2024,Table 6,Campervans,2014 - 2018,SA,545.0
bitre-road-vehicles-australia--january2024.xlsx,2024,Table 6,Campervans,2014 - 2018,WA,86.0
bitre-road-vehicles-australia--january2024.xlsx,2024,Table 6,Campervans,2014 - 2018,TAS,594.0
bitre-road-vehicles-australia--january2024.xlsx,2024,Table 6,Campervans,2014 - 2018,NT,19.0
bitre-road-vehicles-australia--january2024.xlsx,2024,Table 6,Campervans,2014 - 2018,ACT,114.0
bitre-road-vehicles-australia--january2024.xlsx,2024,Table 6,Campervans,2014 - 2018,AUS,13061.0
bitre-road-vehicles-australia--january2024.xlsx,2024,Table 6,Campervans,2009 - 2013,NSW,5290.0
bitre-road-vehicles-australia--january2024.xlsx,2024,Table 6,Campervans,2009 - 2013,VIC,3420.0
bitre-road-vehicles-australia--january2024.xlsx,2024,Table 6,Campervans,2009 - 2013,QLD,3473.0
bitre-road-vehicles-australia--january2024.xlsx,2024,Table 6,Campervans,2009 - 2013,SA,449.0
bitre-road-vehicles-australia--january2024.xlsx,2024,Table 6,Campervans,2009 - 2013,WA,140.0
bitre-road-vehicles-australia--january2024.xlsx,2024,Table 6,Campervans,2009 - 2013,TAS,611.0
bitre-road-vehicles-australia--january2024.xlsx,2024,Table 6,Campervans,2009 - 2013,NT,13.0
bitre-road-vehicles-australia--january2024.xlsx,2024,Table 6,Campervans,2009 - 2013,ACT,150.0
bitre-road-vehicles-australia--january2024.xlsx,2024,Table 6,Campervans,2009 - 2013,AUS,13546.0
bitre-road-vehicles-australia--january2024.xlsx,2024,Table 6,Campervans,2004 - 2008,NSW,8705.0
bitre-road-vehicles-australia--january2024.xlsx,2024,Table 6,Campervans,2004 - 2008,VIC,6700.0
bitre-road-vehicles-australia--january2024.xlsx,2024,Table 6,Campervans,2004 - 2008,QLD,6242.0
bitre-road-vehicles-australia--january2024.xlsx,2024,Table 6,Campervans,2004 - 2008,SA,1002.0
bitre-road-vehicles-australia--january2024.xlsx,2024,Table 6,Campervans,2004 - 2008,WA,701.0
bitre-road-vehicles-australia--january2024.xlsx,2024,Table 6,Campervans,2004 - 2008,TAS,1039.0
bitre-road-vehicles-australia--january2024.xlsx,2024,Table 6,Campervans,2004 - 2008,NT,35.0
bitre-road-vehicles-australia--january2024.xlsx,2024,Table 6,Campervans,2004 - 2008,ACT,241.0
bitre-road-vehicles-australia--january2024.xlsx,2024,Table 6,Campervans,2004 - 2008,AUS,24665.0
bitre-road-vehicles-australia--january2024.xlsx,2024,Table 6,Campervans,To 2003,NSW,8682.0
bitre-road-vehicles-australia--january2024.xlsx,2024,Table 6,Campervans,To 2003,VIC,7347.0
bitre-road-vehicles-australia--january2024.xlsx,2024,Table 6,Campervans,To 2003,QLD,10362.0
bitre-road-vehicles-australia--january2024.xlsx,2024,Table 6,Campervans,To 2003,SA,1400.0
bitre-road-vehicles-australia--january2024.xlsx,2024,Table 6,Campervans,To 2003,WA,996.0
bitre-road-vehicles-australia--january2024.xlsx,2024,Table 6,Campervans,To 2003,TAS,3172.0
bitre-road-vehicles-australia--january2024.xlsx,2024,Table 6,Campervans,To 2003,NT,39.0
bitre-road-vehicles-australia--january2024.xlsx,2024,Table 6,Campervans,To 2003,ACT,270.0
bitre-road-vehicles-australia--january2024.xlsx,2024,Table 6,Campervans,To 2003,AUS,32268.0
bitre-road-vehicles-australia--january2024.xlsx,2024,Table 6,Light commercial vehicles,2019 - 2024,NSW,323145.0
bitre-road-vehicles-australia--january2024.xlsx,2024,Table 6,Light commercial vehicles,2019 - 2024,VIC,253629.0
bitre-road-vehicles-australia--january2024.xlsx,2024,Table 6,Light commercial vehicles,2019 - 2024,QLD,285642.0
bitre-road-vehicles-australia--january2024.xlsx,2024,Table 6,Light commercial vehicles,2019 - 2024,SA,72440.0
bitre-road-vehicles-australia--january2024.xlsx,2024,Table 6,Light commercial vehicles,2019 - 2024,WA,131780.0
bitre-road-vehicles-australia--january2024.xlsx,2024,Table 6,Light commercial vehicles,2019 - 2024,TAS,27807.0
bitre-road-vehicles-australia--january2024.xlsx,2024,Table 6,Light commercial vehicles,2019 - 2024,NT,15051.0
bitre-road-vehicles-australia--january2024.xlsx,2024,Table 6,Light commercial vehicles,2019 - 2024,ACT,11996.0
bitre-road-vehicles-australia--january2024.xlsx,2024,Table 6,Light commercial vehicles,2019 - 2024,AUS,1121490.0
bitre-road-vehicles-australia--january2024.xlsx,2024,Table 6,Light commercial vehicles,2014 - 2018,NSW,298495.0
bitre-road-vehicles-australia--january2024.xlsx,2024,Table 6,Light commercial vehicles,2014 - 2018,VIC,231094.0
bitre-road-vehicles-australia--january2024.xlsx,2024,Table 6,Light commercial vehicles,2014 - 2018,QLD,265164.0
bitre-road-vehicles-australia--january2024.xlsx,2024,Table 6,Light commercial vehicles,2014 - 2018,SA,66225.0
bitre-road-vehicles-australia--january2024.xlsx,2024,Table 6,Light commercial vehicles,2014 - 2018,WA,115253.0
bitre-road-vehicles-australia--january2024.xlsx,2024,Table 6,Light commercial vehicles,2014 - 2018,TAS,28569.0
bitre-road-vehicles-australia--january2024.xlsx,2024,Table 6,Light commercial vehicles,2014 - 2018,NT,13684.0
bitre-road-vehicles-australia--january2024.xlsx,2024,Table 6,Light commercial vehicles,2014 - 2018,ACT,11737.0
bitre-road-vehicles-australia--january2024.xlsx,2024,Table 6,Light commercial vehicles,2014 - 2018,AUS,1030221.0
bitre-road-vehicles-australia--january2024.xlsx,2024,Table 6,Light commercial vehicles,2009 - 2013,NSW,204102.0
bitre-road-vehicles-australia--january2024.xlsx,2024,Table 6,Light commercial vehicles,2009 - 2013,VIC,166095.0
bitre-road-vehicles-australia--january2024.xlsx,2024,Table 6,Light commercial vehicles,2009 - 2013,QLD,209089.0
bitre-road-vehicles-australia--january2024.xlsx,2024,Table 6,Light commercial vehicles,2009 - 2013,SA,52212.0
bitre-road-vehicles-australia--january2024.xlsx,2024,Table 6,Light commercial vehicles,2009 - 2013,WA,99890.0
bitre-road-vehicles-australia--january2024.xlsx,2024,Table 6,Light commercial vehicles,2009 - 2013,TAS,24456.0
bitre-road-vehicles-australia--january2024.xlsx,2024,Table 6,Light commercial vehicles,2009 - 2013,NT,10096.0
bitre-road-vehicles-australia--january2024.xlsx,2024,Table 6,Light commercial vehicles,2009 - 2013,ACT,7511.0
bitre-road-vehicles-australia--january2024.xlsx,2024,Table 6,Light commercial vehicles,2009 - 2013,AUS,773451.0
bitre-road-vehicles-australia--january2024.xlsx,2024,Table 6,Light commercial vehicles,2004 - 2008,NSW,138835.0
bitre-road-vehicles-australia--january2024.xlsx,2024,Table 6,Light commercial vehicles,2004 - 2008,VIC,120713.0
bitre-road-vehicles-australia--january2024.xlsx,2024,Table 6,Light commercial vehicles,2004 - 2008,QLD,162410.0
bitre-road-vehicles-australia--january2024.xlsx,2024,Table 6,Light commercial vehicles,2004 - 2008,SA,39501.0
bitre-road-vehicles-australia--january2024.xlsx,2024,Table 6,Light commercial vehicles,2004 - 2008,WA,76904.0
bitre-road-vehicles-australia--january2024.xlsx,2024,Table 6,Light commercial vehicles,2004 - 2008,TAS,22377.0
bitre-road-vehicles-australia--january2024.xlsx,2024,Table 6,Light commercial vehicles,2004 - 2008,NT,7216.0
bitre-road-vehicles-australia--january2024.xlsx,2024,Table 6,Light commercial vehicles,2004 - 2008,ACT,4718.0
bitre-road-vehicles-australia--january2024.xlsx,2024,Table 6,Light commercial vehicles,2004 - 2008,AUS,572674.0
bitre-road-vehicles-australia--january2024.xlsx,2024,Table 6,Light commercial vehicles,To 2003,NSW,133843.0
bitre-road-vehicles-australia--january2024.xlsx,2024,Table 6,Light commercial vehicles,To 2003,VIC,128823.0
bitre-road-vehicles-australia--january2024.xlsx,2024,Table 6,Light commercial vehicles,To 2003,QLD,152198.0
bitre-road-vehicles-australia--january2024.xlsx,2024,Table 6,Light commercial vehicles,To 2003,SA,46520.0
bitre-road-vehicles-australia--january2024.xlsx,2024,Table 6,Light commercial vehicles,To 2003,WA,75457.0
bitre-road-vehicles-australia--january2024.xlsx,2024,Table 6,Light commercial vehicles,To 2003,TAS,31775.0
bitre-road-vehicles-australia--january2024.xlsx,2024,Table 6,Light commercial vehicles,To 2003,NT,5456.0
bitre-road-vehicles-australia--january2024.xlsx,2024,Table 6,Light commercial vehicles,To 2003,ACT,4111.0
bitre-road-vehicles-australia--january2024.xlsx,2024,Table 6,Light commercial vehicles,To 2003,AUS,578183.0
bitre-road-vehicles-australia--january2024.xlsx,2024,Table 6,Light rigid trucks,2019 - 2024,NSW,28706.0
bitre-road-vehicles-australia--january2024.xlsx,2024,Table 6,Light rigid trucks,2019 - 2024,VIC,22186.0
bitre-road-vehicles-australia--january2024.xlsx,2024,Table 6,Light rigid trucks,2019 - 2024,QLD,21591.0
bitre-road-vehicles-australia--january2024.xlsx,2024,Table 6,Light rigid trucks,2019 - 2024,SA,5265.0
bitre-road-vehicles-australia--january2024.xlsx,2024,Table 6,Light rigid trucks,2019 - 2024,WA,9807.0
bitre-road-vehicles-australia--january2024.xlsx,2024,Table 6,Light rigid trucks,2019 - 2024,TAS,1679.0
bitre-road-vehicles-australia--january2024.xlsx,2024,Table 6,Light rigid trucks,2019 - 2024,NT,949.0
bitre-road-vehicles-australia--january2024.xlsx,2024,Table 6,Light rigid trucks,2019 - 2024,ACT,848.0
bitre-road-vehicles-australia--january2024.xlsx,2024,Table 6,Light rigid trucks,2019 - 2024,AUS,91031.0
bitre-road-vehicles-australia--january2024.xlsx,2024,Table 6,Light rigid trucks,2014 - 2018,NSW,18500.0
bitre-road-vehicles-australia--january2024.xlsx,2024,Table 6,Light rigid trucks,2014 - 2018,VIC,13657.0
bitre-road-vehicles-australia--january2024.xlsx,2024,Table 6,Light rigid trucks,2014 - 2018,QLD,10906.0
bitre-road-vehicles-australia--january2024.xlsx,2024,Table 6,Light rigid trucks,2014 - 2018,SA,2934.0
bitre-road-vehicles-australia--january2024.xlsx,2024,Table 6,Light rigid trucks,2014 - 2018,WA,4417.0
bitre-road-vehicles-australia--january2024.xlsx,2024,Table 6,Light rigid trucks,2014 - 2018,TAS,948.0
bitre-road-vehicles-australia--january2024.xlsx,2024,Table 6,Light rigid trucks,2014 - 2018,NT,395.0
bitre-road-vehicles-australia--january2024.xlsx,2024,Table 6,Light rigid trucks,2014 - 2018,ACT,522.0
bitre-road-vehicles-australia--january2024.xlsx,2024,Table 6,Light rigid trucks,2014 - 2018,AUS,52279.0
bitre-road-vehicles-australia--january2024.xlsx,2024,Table 6,Light rigid trucks,2009 - 2013,NSW,9755.0
bitre-road-vehicles-australia--january2024.xlsx,2024,Table 6,Light rigid trucks,2009 - 2013,VIC,7259.0
bitre-road-vehicles-australia--january2024.xlsx,2024,Table 6,Light rigid trucks,2009 - 2013,QLD,6515.0
bitre-road-vehicles-australia--january2024.xlsx,2024,Table 6,Light rigid trucks,2009 - 2013,SA,1718.0
bitre-road-vehicles-australia--january2024.xlsx,2024,Table 6,Light rigid trucks,2009 - 2013,WA,3453.0
bitre-road-vehicles-australia--january2024.xlsx,2024,Table 6,Light rigid trucks,2009 - 2013,TAS,611.0
bitre-road-vehicles-australia--january2024.xlsx,2024,Table 6,Light rigid trucks,2009 - 2013,NT,318.0
bitre-road-vehicles-australia--january2024.xlsx,2024,Table 6,Light rigid trucks,2009 - 2013,ACT,229.0
bitre-road-vehicles-australia--january2024.xlsx,2024,Table 6,Light rigid trucks,2009 - 2013,AUS,29858.0
bitre-road-vehicles-australia--january2024.xlsx,2024,Table 6,Light rigid trucks,2004 - 2008,NSW,9055.0
bitre-road-vehicles-australia--january2024.xlsx,2024,Table 6,Light rigid trucks,2004 - 2008,VIC,7164.0
bitre-road-vehicles-australia--january2024.xlsx,2024,Table 6,Light rigid trucks,2004 - 2008,QLD,7938.0
bitre-road-vehicles-australia--january2024.xlsx,2024,Table 6,Light rigid trucks,2004 - 2008,SA,1917.0
bitre-road-vehicles-australia--january2024.xlsx,2024,Table 6,Light rigid trucks,2004 - 2008,WA,3795.0
bitre-road-vehicles-australia--january2024.xlsx,2024,Table 6,Light rigid trucks,2004 - 2008,TAS,810.0
bitre-road-vehicles-australia--january2024.xlsx,2024,Table 6,Light rigid trucks,2004 - 2008,NT,326.0
bitre-road-vehicles-australia--january2024.xlsx,2024,Table 6,Light rigid trucks,2004 - 2008,ACT,226.0
bitre-road-vehicles-australia--january2024.xlsx,2024,Table 6,Light rigid trucks,2004 - 2008,AUS,31231.0
bitre-road-vehicles-australia--january2024.xlsx,2024,Table 6,Light rigid trucks,To 2003,NSW,9071.0
bitre-road-vehicles-australia--january2024.xlsx,2024,Table 6,Light rigid trucks,To 2003,VIC,5389.0
bitre-road-vehicles-australia--january2024.xlsx,2024,Table 6,Light rigid trucks,To 2003,QLD,8115.0
bitre-road-vehicles-australia--january2024.xlsx,2024,Table 6,Light rigid trucks,To 2003,SA,1526.0
bitre-road-vehicles-australia--january2024.xlsx,2024,Table 6,Light rigid trucks,To 2003,WA,2922.0
bitre-road-vehicles-australia--january2024.xlsx,2024,Table 6,Light rigid trucks,To 2003,TAS,1134.0
bitre-road-vehicles-australia--january2024.xlsx,2024,Table 6,Light rigid trucks,To 2003,NT,361.0
bitre-road-vehicles-australia--january2024.xlsx,2024,Table 6,Light rigid trucks,To 2003,ACT,180.0
bitre-road-vehicles-australia--january2024.xlsx,2024,Table 6,Light rigid trucks,To 2003,AUS,28698.0
bitre-road-vehicles-australia--january2024.xlsx,2024,Table 6,Heavy rigid trucks,2019 - 2024,NSW,22462.0
bitre-road-vehicles-australia--january2024.xlsx,2024,Table 6,Heavy rigid trucks,2019 - 2024,VIC,18425.0
bitre-road-vehicles-australia--january2024.xlsx,2024,Table 6,Heavy rigid trucks,2019 - 2024,QLD,18395.0
bitre-road-vehicles-australia--january2024.xlsx,2024,Table 6,Heavy rigid trucks,2019 - 2024,SA,5123.0
bitre-road-vehicles-australia--january2024.xlsx,2024,Table 6,Heavy rigid trucks,2019 - 2024,WA,10427.0
bitre-road-vehicles-australia--january2024.xlsx,2024,Table 6,Heavy rigid trucks,2019 - 2024,TAS,1616.0
bitre-road-vehicles-australia--january2024.xlsx,2024,Table 6,Heavy rigid trucks,2019 - 2024,NT,897.0
bitre-road-vehicles-australia--january2024.xlsx,2024,Table 6,Heavy rigid trucks,2019 - 2024,ACT,481.0
bitre-road-vehicles-australia--january2024.xlsx,2024,Table 6,Heavy rigid trucks,2019 - 2024,AUS,77826.0
bitre-road-vehicles-australia--january2024.xlsx,2024,Table 6,Heavy rigid trucks,2014 - 2018,NSW,22096.0
bitre-road-vehicles-australia--january2024.xlsx,2024,Table 6,Heavy rigid trucks,2014 - 2018,VIC,17400.0
bitre-road-vehicles-australia--january2024.xlsx,2024,Table 6,Heavy rigid trucks,2014 - 2018,QLD,15421.0
bitre-road-vehicles-australia--january2024.xlsx,2024,Table 6,Heavy rigid trucks,2014 - 2018,SA,4393.0
bitre-road-vehicles-australia--january2024.xlsx,2024,Table 6,Heavy rigid trucks,2014 - 2018,WA,7906.0
bitre-road-vehicles-australia--january2024.xlsx,2024,Table 6,Heavy rigid trucks,2014 - 2018,TAS,1607.0
bitre-road-vehicles-australia--january2024.xlsx,2024,Table 6,Heavy rigid trucks,2014 - 2018,NT,884.0
bitre-road-vehicles-australia--january2024.xlsx,2024,Table 6,Heavy rigid trucks,2014 - 2018,ACT,416.0
bitre-road-vehicles-australia--january2024.xlsx,2024,Table 6,Heavy rigid trucks,2014 - 2018,AUS,70123.0
bitre-road-vehicles-australia--january2024.xlsx,2024,Table 6,Heavy rigid trucks,2009 - 2013,NSW,16932.0
bitre-road-vehicles-australia--january2024.xlsx,2024,Table 6,Heavy rigid trucks,2009 - 2013,VIC,13695.0
bitre-road-vehicles-australia--january2024.xlsx,2024,Table 6,Heavy rigid trucks,2009 - 2013,QLD,12755.0
bitre-road-vehicles-australia--january2024.xlsx,2024,Table 6,Heavy rigid trucks,2009 - 2013,SA,3529.0
bitre-road-vehicles-australia--january2024.xlsx,2024,Table 6,Heavy rigid trucks,2009 - 2013,WA,10555.0
bitre-road-vehicles-australia--january2024.xlsx,2024,Table 6,Heavy rigid trucks,2009 - 2013,TAS,1362.0
bitre-road-vehicles-australia--january2024.xlsx,2024,Table 6,Heavy rigid trucks,2009 - 2013,NT,937.0
bitre-road-vehicles-australia--january2024.xlsx,2024,Table 6,Heavy rigid trucks,2009 - 2013,ACT,312.0
bitre-road-vehicles-australia--january2024.xlsx,2024,Table 6,Heavy rigid trucks,2009 - 2013,AUS,60077.0
bitre-road-vehicles-australia--january2024.xlsx,2024,Table 6,Heavy rigid trucks,2004 - 2008,NSW,20135.0
bitre-road-vehicles-australia--january2024.xlsx,2024,Table 6,Heavy rigid trucks,2004 - 2008,VIC,16151.0
bitre-road-vehicles-australia--january2024.xlsx,2024,Table 6,Heavy rigid trucks,2004 - 2008,QLD,15590.0
bitre-road-vehicles-australia--january2024.xlsx,2024,Table 6,Heavy rigid trucks,2004 - 2008,SA,4273.0
bitre-road-vehicles-australia--january2024.xlsx,2024,Table 6,Heavy rigid trucks,2004 - 2008,WA,11056.0
bitre-road-vehicles-australia--january2024.xlsx,2024,Table 6,Heavy rigid trucks,2004 - 2008,TAS,1912.0
bitre-road-vehicles-australia--january2024.xlsx,2024,Table 6,Heavy rigid trucks,2004 - 2008,NT,1073.0
bitre-road-vehicles-australia--january2024.xlsx,2024,Table 6,Heavy rigid trucks,2004 - 2008,ACT,308.0
bitre-road-vehicles-australia--january2024.xlsx,2024,Table 6,Heavy rigid trucks,2004 - 2008,AUS,70498.0
bitre-road-vehicles-australia--january2024.xlsx,2024,Table 6,Heavy rigid trucks,To 2003,NSW,28760.0
bitre-road-vehicles-australia--january2024.xlsx,2024,Table 6,Heavy rigid trucks,To 2003,VIC,28902.0
bitre-road-vehicles-australia--january2024.xlsx,2024,Table 6,Heavy rigid trucks,To 2003,QLD,23140.0
bitre-road-vehicles-australia--january2024.xlsx,2024,Table 6,Heavy rigid trucks,To 2003,SA,9318.0
bitre-road-vehicles-australia--january2024.xlsx,2024,Table 6,Heavy rigid trucks,To 2003,WA,22235.0
bitre-road-vehicles-australia--january2024.xlsx,2024,Table 6,Heavy rigid trucks,To 2003,TAS,4372.0
bitre-road-vehicles-australia--january2024.xlsx,2024,Table 6,Heavy rigid trucks,To 2003,NT,1289.0
bitre-road-vehicles-australia--january2024.xlsx,2024,Table 6,Heavy rigid trucks,To 2003,ACT,286.0
bitre-road-vehicles-australia--january2024.xlsx,2024,Table 6,Heavy rigid trucks,To 2003,AUS,118302.0
bitre-road-vehicles-australia--january2024.xlsx,2024,Table 6,Articulated trucks,2019 - 2024,NSW,7916.0
bitre-road-vehicles-australia--january2024.xlsx,2024,Table 6,Articulated trucks,2019 - 2024,VIC,10430.0
bitre-road-vehicles-australia--january2024.xlsx,2024,Table 6,Articulated trucks,2019 - 2024,QLD,8069.0
bitre-road-vehicles-australia--january2024.xlsx,2024,Table 6,Articulated trucks,2019 - 2024,SA,2764.0
bitre-road-vehicles-australia--january2024.xlsx,2024,Table 6,Articulated trucks,2019 - 2024,WA,4513.0
bitre-road-vehicles-australia--january2024.xlsx,2024,Table 6,Articulated trucks,2019 - 2024,TAS,570.0
bitre-road-vehicles-australia--january2024.xlsx,2024,Table 6,Articulated trucks,2019 - 2024,NT,267.0
bitre-road-vehicles-australia--january2024.xlsx,2024,Table 6,Articulated trucks,2019 - 2024,ACT,34.0
bitre-road-vehicles-australia--january2024.xlsx,2024,Table 6,Articulated trucks,2019 - 2024,AUS,34563.0
bitre-road-vehicles-australia--january2024.xlsx,2024,Table 6,Articulated trucks,2014 - 2018,NSW,6529.0
bitre-road-vehicles-australia--january2024.xlsx,2024,Table 6,Articulated trucks,2014 - 2018,VIC,7643.0
bitre-road-vehicles-australia--january2024.xlsx,2024,Table 6,Articulated trucks,2014 - 2018,QLD,5630.0
bitre-road-vehicles-australia--january2024.xlsx,2024,Table 6,Articulated trucks,2014 - 2018,SA,2126.0
bitre-road-vehicles-australia--january2024.xlsx,2024,Table 6,Articulated trucks,2014 - 2018,WA,3760.0
bitre-road-vehicles-australia--january2024.xlsx,2024,Table 6,Articulated trucks,2014 - 2018,TAS,628.0
bitre-road-vehicles-australia--january2024.xlsx,2024,Table 6,Articulated trucks,2014 - 2018,NT,256.0
bitre-road-vehicles-australia--january2024.xlsx,2024,Table 6,Articulated trucks,2014 - 2018,ACT,47.0
bitre-road-vehicles-australia--january2024.xlsx,2024,Table 6,Articulated trucks,2014 - 2018,AUS,26619.0
bitre-road-vehicles-australia--january2024.xlsx,2024,Table 6,Articulated trucks,2009 - 2013,NSW,4623.0
bitre-road-vehicles-australia--january2024.xlsx,2024,Table 6,Articulated trucks,2009 - 2013,VIC,4861.0
bitre-road-vehicles-australia--january2024.xlsx,2024,Table 6,Articulated trucks,2009 - 2013,QLD,4331.0
bitre-road-vehicles-australia--january2024.xlsx,2024,Table 6,Articulated trucks,2009 - 2013,SA,1764.0
bitre-road-vehicles-australia--january2024.xlsx,2024,Table 6,Articulated trucks,2009 - 2013,WA,3784.0
bitre-road-vehicles-australia--january2024.xlsx,2024,Table 6,Articulated trucks,2009 - 2013,TAS,322.0
bitre-road-vehicles-australia--january2024.xlsx,2024,Table 6,Articulated trucks,2009 - 2013,NT,301.0
bitre-road-vehicles-australia--january2024.xlsx,2024,Table 6,Articulated trucks,2009 - 2013,ACT,41.0
bitre-road-vehicles-australia--january2024.xlsx,2024,Table 6,Articulated trucks,2009 - 2013,AUS,20027.0
bitre-road-vehicles-australia--january2024.xlsx,2024,Table 6,Articulated trucks,2004 - 2008,NSW,4402.0
bitre-road-vehicles-australia--january2024.xlsx,2024,Table 6,Articulated trucks,2004 - 2008,VIC,4978.0
bitre-road-vehicles-australia--january2024.xlsx,2024,Table 6,Articulated trucks,2004 - 2008,QLD,4119.0
bitre-road-vehicles-australia--january2024.xlsx,2024,Table 6,Articulated trucks,2004 - 2008,SA,1751.0
bitre-road-vehicles-australia--january2024.xlsx,2024,Table 6,Articulated trucks,2004 - 2008,WA,3776.0
bitre-road-vehicles-australia--january2024.xlsx,2024,Table 6,Articulated trucks,2004 - 2008,TAS,430.0
bitre-road-vehicles-australia--january2024.xlsx,2024,Table 6,Articulated trucks,2004 - 2008,NT,279.0
bitre-road-vehicles-australia--january2024.xlsx,2024,Table 6,Articulated trucks,2004 - 2008,ACT,48.0
bitre-road-vehicles-australia--january2024.xlsx,2024,Table 6,Articulated trucks,2004 - 2008,AUS,19783.0
bitre-road-vehicles-australia--january2024.xlsx,2024,Table 6,Articulated trucks,To 2003,NSW,4579.0
bitre-road-vehicles-australia--january2024.xlsx,2024,Table 6,Articulated trucks,To 2003,VIC,7012.0
bitre-road-vehicles-australia--january2024.xlsx,2024,Table 6,Articulated trucks,To 2003,QLD,4809.0
bitre-road-vehicles-australia--january2024.xlsx,2024,Table 6,Articulated trucks,To 2003,SA,2127.0
bitre-road-vehicles-australia--january2024.xlsx,2024,Table 6,Articulated trucks,To 2003,WA,4053.0
bitre-road-vehicles-australia--january2024.xlsx,2024,Table 6,Articulated trucks,To 2003,TAS,428.0
bitre-road-vehicles-australia--january2024.xlsx,2024,Table 6,Articulated trucks,To 2003,NT,269.0
bitre-road-vehicles-australia--january2024.xlsx,2024,Table 6,Articulated trucks,To 2003,ACT,24.0
bitre-road-vehicles-australia--january2024.xlsx,2024,Table 6,Articulated trucks,To 2003,AUS,23301.0
bitre-road-vehicles-australia--january2024.xlsx,2024,Table 6,Non-freight carrying vehicles,2019 - 2024,NSW,1723.0
bitre-road-vehicles-australia--january2024.xlsx,2024,Table 6,Non-freight carrying vehicles,2019 - 2024,VIC,2852.0
bitre-road-vehicles-australia--january2024.xlsx,2024,Table 6,Non-freight carrying vehicles,2019 - 2024,QLD,1445.0
bitre-road-vehicles-australia--january2024.xlsx,2024,Table 6,Non-freight carrying vehicles,2019 - 2024,SA,1229.0
bitre-road-vehicles-australia--january2024.xlsx,2024,Table 6,Non-freight carrying vehicles,2019 - 2024,WA,1830.0
bitre-road-vehicles-australia--january2024.xlsx,2024,Table 6,Non-freight carrying vehicles,2019 - 2024,TAS,253.0
bitre-road-vehicles-australia--january2024.xlsx,2024,Table 6,Non-freight carrying vehicles,2019 - 2024,NT,85.0
bitre-road-vehicles-australia--january2024.xlsx,2024,Table 6,Non-freight carrying vehicles,2019 - 2024,ACT,46.0
bitre-road-vehicles-australia--january2024.xlsx,2024,Table 6,Non-freight carrying vehicles,2019 - 2024,AUS,9463.0
bitre-road-vehicles-australia--january2024.xlsx,2024,Table 6,Non-freight carrying vehicles,2014 - 2018,NSW,1557.0
bitre-road-vehicles-australia--january2024.xlsx,2024,Table 6,Non-freight carrying vehicles,2014 - 2018,VIC,2490.0
bitre-road-vehicles-australia--january2024.xlsx,2024,Table 6,Non-freight carrying vehicles,2014 - 2018,QLD,1568.0
bitre-road-vehicles-australia--january2024.xlsx,2024,Table 6,Non-freight carrying vehicles,2014 - 2018,SA,914.0
bitre-road-vehicles-australia--january2024.xlsx,2024,Table 6,Non-freight carrying vehicles,2014 - 2018,WA,1390.0
bitre-road-vehicles-australia--january2024.xlsx,2024,Table 6,Non-freight carrying vehicles,2014 - 2018,TAS,125.0
bitre-road-vehicles-australia--january2024.xlsx,2024,Table 6,Non-freight carrying vehicles,2014 - 2018,NT,78.0
bitre-road-vehicles-australia--january2024.xlsx,2024,Table 6,Non-freight carrying vehicles,2014 - 2018,ACT,44.0
bitre-road-vehicles-australia--january2024.xlsx,2024,Table 6,Non-freight carrying vehicles,2014 - 2018,AUS,8166.0
bitre-road-vehicles-australia--january2024.xlsx,2024,Table 6,Non-freight carrying vehicles,2009 - 2013,NSW,1146.0
bitre-road-vehicles-australia--january2024.xlsx,2024,Table 6,Non-freight carrying vehicles,2009 - 2013,VIC,1886.0
bitre-road-vehicles-australia--january2024.xlsx,2024,Table 6,Non-freight carrying vehicles,2009 - 2013,QLD,1264.0
bitre-road-vehicles-australia--january2024.xlsx,2024,Table 6,Non-freight carrying vehicles,2009 - 2013,SA,576.0
bitre-road-vehicles-australia--january2024.xlsx,2024,Table 6,Non-freight carrying vehicles,2009 - 2013,WA,1481.0
bitre-road-vehicles-australia--january2024.xlsx,2024,Table 6,Non-freight carrying vehicles,2009 - 2013,TAS,180.0
bitre-road-vehicles-australia--january2024.xlsx,2024,Table 6,Non-freight carrying vehicles,2009 - 2013,NT,63.0
bitre-road-vehicles-australia--january2024.xlsx,2024,Table 6,Non-freight carrying vehicles,2009 - 2013,ACT,43.0
bitre-road-vehicles-australia--january2024.xlsx,2024,Table 6,Non-freight carrying vehicles,2009 - 2013,AUS,6639.0
bitre-road-vehicles-australia--january2024.xlsx,2024,Table 6,Non-freight carrying vehicles,2004 - 2008,NSW,1126.0
bitre-road-vehicles-australia--january2024.xlsx,2024,Table 6,Non-freight carrying vehicles,2004 - 2008,VIC,1693.0
bitre-road-vehicles-australia--january2024.xlsx,2024,Table 6,Non-freight carrying vehicles,2004 - 2008,QLD,1109.0
bitre-road-vehicles-australia--january2024.xlsx,2024,Table 6,Non-freight carrying vehicles,2004 - 2008,SA,546.0
bitre-road-vehicles-australia--january2024.xlsx,2024,Table 6,Non-freight carrying vehicles,2004 - 2008,WA,1255.0
bitre-road-vehicles-australia--january2024.xlsx,2024,Table 6,Non-freight carrying vehicles,2004 - 2008,TAS,173.0
bitre-road-vehicles-australia--january2024.xlsx,2024,Table 6,Non-freight carrying vehicles,2004 - 2008,NT,75.0
bitre-road-vehicles-australia--january2024.xlsx,2024,Table 6,Non-freight carrying vehicles,2004 - 2008,ACT,35.0
bitre-road-vehicles-australia--january2024.xlsx,2024,Table 6,Non-freight carrying vehicles,2004 - 2008,AUS,6012.0
bitre-road-vehicles-australia--january2024.xlsx,2024,Table 6,Non-freight carrying vehicles,To 2003,NSW,1276.0
bitre-road-vehicles-australia--january2024.xlsx,2024,Table 6,Non-freight carrying vehicles,To 2003,VIC,2822.0
bitre-road-vehicles-australia--january2024.xlsx,2024,Table 6,Non-freight carrying vehicles,To 2003,QLD,1208.0
bitre-road-vehicles-australia--january2024.xlsx,2024,Table 6,Non-freight carrying vehicles,To 2003,SA,709.0
bitre-road-vehicles-australia--january2024.xlsx,2024,Table 6,Non-freight carrying vehicles,To 2003,WA,1704.0
bitre-road-vehicles-australia--january2024.xlsx,2024,Table 6,Non-freight carrying vehicles,To 2003,TAS,346.0
bitre-road-vehicles-australia--january2024.xlsx,2024,Table 6,Non-freight carrying vehicles,To 2003,NT,90.0
bitre-road-vehicles-australia--january2024.xlsx,2024,Table 6,Non-freight carrying vehicles,To 2003,ACT,14.0
bitre-road-vehicles-australia--january2024.xlsx,2024,Table 6,Non-freight carrying vehicles,To 2003,AUS,8169.0
bitre-road-vehicles-australia--january2024.xlsx,2024,Table 6,Light buses,2019 - 2024,NSW,2923.0
bitre-road-vehicles-australia--january2024.xlsx,2024,Table 6,Light buses,2019 - 2024,VIC,1877.0
bitre-road-vehicles-australia--january2024.xlsx,2024,Table 6,Light buses,2019 - 2024,QLD,3161.0
bitre-road-vehicles-australia--january2024.xlsx,2024,Table 6,Light buses,2019 - 2024,SA,908.0
bitre-road-vehicles-australia--january2024.xlsx,2024,Table 6,Light buses,2019 - 2024,WA,2493.0
bitre-road-vehicles-australia--january2024.xlsx,2024,Table 6,Light buses,2019 - 2024,TAS,275.0
bitre-road-vehicles-australia--january2024.xlsx,2024,Table 6,Light buses,2019 - 2024,NT,662.0
bitre-road-vehicles-australia--january2024.xlsx,2024,Table 6,Light buses,2019 - 2024,ACT,113.0
bitre-road-vehicles-australia--january2024.xlsx,2024,Table 6,Light buses,2019 - 2024,AUS,12412.0
bitre-road-vehicles-australia--january2024.xlsx,2024,Table 6,Light buses,2014 - 2018,NSW,3268.0
bitre-road-vehicles-australia--january2024.xlsx,2024,Table 6,Light buses,2014 - 2018,VIC,2709.0
bitre-road-vehicles-australia--january2024.xlsx,2024,Table 6,Light buses,2014 - 2018,QLD,2982.0
bitre-road-vehicles-australia--january2024.xlsx,2024,Table 6,Light buses,2014 - 2018,SA,753.0
bitre-road-vehicles-australia--january2024.xlsx,2024,Table 6,Light buses,2014 - 2018,WA,1801.0
bitre-road-vehicles-australia--january2024.xlsx,2024,Table 6,Light buses,2014 - 2018,TAS,290.0
bitre-road-vehicles-australia--january2024.xlsx,2024,Table 6,Light buses,2014 - 2018,NT,454.0
bitre-road-vehicles-australia--january2024.xlsx,2024,Table 6,Light buses,2014 - 2018,ACT,109.0
bitre-road-vehicles-australia--january2024.xlsx,2024,Table 6,Light buses,2014 - 2018,AUS,12366.0
bitre-road-vehicles-australia--january2024.xlsx,2024,Table 6,Light buses,2009 - 2013,NSW,2976.0
bitre-road-vehicles-australia--january2024.xlsx,2024,Table 6,Light buses,2009 - 2013,VIC,2382.0
bitre-road-vehicles-australia--january2024.xlsx,2024,Table 6,Light buses,2009 - 2013,QLD,2442.0
bitre-road-vehicles-australia--january2024.xlsx,2024,Table 6,Light buses,2009 - 2013,SA,530.0
bitre-road-vehicles-australia--january2024.xlsx,2024,Table 6,Light buses,2009 - 2013,WA,2025.0
bitre-road-vehicles-australia--january2024.xlsx,2024,Table 6,Light buses,2009 - 2013,TAS,254.0
bitre-road-vehicles-australia--january2024.xlsx,2024,Table 6,Light buses,2009 - 2013,NT,395.0
bitre-road-vehicles-australia--january2024.xlsx,2024,Table 6,Light buses,2009 - 2013,ACT,68.0
bitre-road-vehicles-australia--january2024.xlsx,2024,Table 6,Light buses,2009 - 2013,AUS,11072.0
bitre-road-vehicles-australia--january2024.xlsx,2024,Table 6,Light buses,2004 - 2008,NSW,2478.0
bitre-road-vehicles-australia--january2024.xlsx,2024,Table 6,Light buses,2004 - 2008,VIC,1839.0
bitre-road-vehicles-australia--january2024.xlsx,2024,Table 6,Light buses,2004 - 2008,QLD,2350.0
bitre-road-vehicles-australia--january2024.xlsx,2024,Table 6,Light buses,2004 - 2008,SA,533.0
bitre-road-vehicles-australia--january2024.xlsx,2024,Table 6,Light buses,2004 - 2008,WA,1378.0
bitre-road-vehicles-australia--january2024.xlsx,2024,Table 6,Light buses,2004 - 2008,TAS,248.0
bitre-road-vehicles-australia--january2024.xlsx,2024,Table 6,Light buses,2004 - 2008,NT,277.0
bitre-road-vehicles-australia--january2024.xlsx,2024,Table 6,Light buses,2004 - 2008,ACT,72.0
bitre-road-vehicles-australia--january2024.xlsx,2024,Table 6,Light buses,2004 - 2008,AUS,9175.0
bitre-road-vehicles-australia--january2024.xlsx,2024,Table 6,Light buses,To 2003,NSW,1183.0
bitre-road-vehicles-australia--january2024.xlsx,2024,Table 6,Light buses,To 2003,VIC,1724.0
bitre-road-vehicles-australia--january2024.xlsx,2024,Table 6,Light buses,To 2003,QLD,1864.0
bitre-road-vehicles-australia--january2024.xlsx,2024,Table 6,Light buses,To 2003,SA,583.0
bitre-road-vehicles-australia--january2024.xlsx,2024,Table 6,Light buses,To 2003,WA,1311.0
bitre-road-vehicles-australia--january2024.xlsx,2024,Table 6,Light buses,To 2003,TAS,386.0
bitre-road-vehicles-australia--january2024.xlsx,2024,Table 6,Light buses,To 2003,NT,85.0
bitre-road-vehicles-australia--january2024.xlsx,2024,Table 6,Light buses,To 2003,ACT,56.0
bitre-road-vehicles-australia--january2024.xlsx,2024,Table 6,Light buses,To 2003,AUS,7192.0
bitre-road-vehicles-australia--january2024.xlsx,2024,Table 6,Heavy buses,2019 - 2024,NSW,2369.0
bitre-road-vehicles-australia--january2024.xlsx,2024,Table 6,Heavy buses,2019 - 2024,VIC,2071.0
bitre-road-vehicles-australia--january2024.xlsx,2024,Table 6,Heavy buses,2019 - 2024,QLD,1848.0
bitre-road-vehicles-australia--january2024.xlsx,2024,Table 6,Heavy buses,2019 - 2024,SA,537.0
bitre-road-vehicles-australia--january2024.xlsx,2024,Table 6,Heavy buses,2019 - 2024,WA,1949.0
bitre-road-vehicles-australia--january2024.xlsx,2024,Table 6,Heavy buses,2019 - 2024,TAS,272.0
bitre-road-vehicles-australia--january2024.xlsx,2024,Table 6,Heavy buses,2019 - 2024,NT,169.0
bitre-road-vehicles-australia--january2024.xlsx,2024,Table 6,Heavy buses,2019 - 2024,ACT,106.0
bitre-road-vehicles-australia--january2024.xlsx,2024,Table 6,Heavy buses,2019 - 2024,AUS,9321.0
bitre-road-vehicles-australia--january2024.xlsx,2024,Table 6,Heavy buses,2014 - 2018,NSW,3354.0
bitre-road-vehicles-australia--january2024.xlsx,2024,Table 6,Heavy buses,2014 - 2018,VIC,2245.0
bitre-road-vehicles-australia--january2024.xlsx,2024,Table 6,Heavy buses,2014 - 2018,QLD,1745.0
bitre-road-vehicles-australia--january2024.xlsx,2024,Table 6,Heavy buses,2014 - 2018,SA,546.0
bitre-road-vehicles-australia--january2024.xlsx,2024,Table 6,Heavy buses,2014 - 2018,WA,1535.0
bitre-road-vehicles-australia--january2024.xlsx,2024,Table 6,Heavy buses,2014 - 2018,TAS,205.0
bitre-road-vehicles-australia--january2024.xlsx,2024,Table 6,Heavy buses,2014 - 2018,NT,193.0
bitre-road-vehicles-australia--january2024.xlsx,2024,Table 6,Heavy buses,2014 - 2018,ACT,187.0
bitre-road-vehicles-australia--january2024.xlsx,2024,Table 6,Heavy buses,2014 - 2018,AUS,10010.0
bitre-road-vehicles-australia--january2024.xlsx,2024,Table 6,Heavy buses,2009 - 2013,NSW,3701.0
bitre-road-vehicles-australia--january2024.xlsx,2024,Table 6,Heavy buses,2009 - 2013,VIC,2065.0
bitre-road-vehicles-australia--january2024.xlsx,2024,Table 6,Heavy buses,2009 - 2013,QLD,2795.0
bitre-road-vehicles-australia--january2024.xlsx,2024,Table 6,Heavy buses,2009 - 2013,SA,918.0
bitre-road-vehicles-australia--january2024.xlsx,2024,Table 6,Heavy buses,2009 - 2013,WA,1636.0
bitre-road-vehicles-australia--january2024.xlsx,2024,Table 6,Heavy buses,2009 - 2013,TAS,396.0
bitre-road-vehicles-australia--january2024.xlsx,2024,Table 6,Heavy buses,2009 - 2013,NT,225.0
bitre-road-vehicles-australia--january2024.xlsx,2024,Table 6,Heavy buses,2009 - 2013,ACT,173.0
bitre-road-vehicles-australia--january2024.xlsx,2024,Table 6,Heavy buses,2009 - 2013,AUS,11909.0
bitre-road-vehicles-australia--january2024.xlsx,2024,Table 6,Heavy buses,2004 - 2008,NSW,2469.0
bitre-road-vehicles-australia--january2024.xlsx,2024,Table 6,Heavy buses,2004 - 2008,VIC,1801.0
bitre-road-vehicles-australia--january2024.xlsx,2024,Table 6,Heavy buses,2004 - 2008,QLD,2026.0
bitre-road-vehicles-australia--january2024.xlsx,2024,Table 6,Heavy buses,2004 - 2008,SA,494.0
bitre-road-vehicles-australia--january2024.xlsx,2024,Table 6,Heavy buses,2004 - 2008,WA,793.0
bitre-road-vehicles-australia--january2024.xlsx,2024,Table 6,Heavy buses,2004 - 2008,TAS,285.0
bitre-road-vehicles-australia--january2024.xlsx,2024,Table 6,Heavy buses,2004 - 2008,NT,171.0
bitre-road-vehicles-australia--january2024.xlsx,2024,Table 6,Heavy buses,2004 - 2008,ACT,93.0
bitre-road-vehicles-australia--january2024.xlsx,2024,Table 6,Heavy buses,2004 - 2008,AUS,8132.0
bitre-road-vehicles-australia--january2024.xlsx,2024,Table 6,Heavy buses,To 2003,NSW,2636.0
bitre-road-vehicles-australia--january2024.xlsx,2024,Table 6,Heavy buses,To 2003,VIC,1903.0
bitre-road-vehicles-australia--january2024.xlsx,2024,Table 6,Heavy buses,To 2003,QLD,1285.0
bitre-road-vehicles-australia--january2024.xlsx,2024,Table 6,Heavy buses,To 2003,SA,727.0
bitre-road-vehicles-australia--january2024.xlsx,2024,Table 6,Heavy buses,To 2003,WA,1127.0
bitre-road-vehicles-australia--january2024.xlsx,2024,Table 6,Heavy buses,To 2003,TAS,505.0
bitre-road-vehicles-australia--january2024.xlsx,2024,Table 6,Heavy buses,To 2003,NT,142.0
bitre-road-vehicles-australia--january2024.xlsx,2024,Table 6,Heavy buses,To 2003,ACT,63.0
bitre-road-vehicles-australia--january2024.xlsx,2024,Table 6,Heavy buses,To 2003,AUS,8388.0
bitre-road-vehicles-australia--january2024.xlsx,2024,Table 6,Motorcycles,2019 - 2024,NSW,87624.0
bitre-road-vehicles-australia--january2024.xlsx,2024,Table 6,Motorcycles,2019 - 2024,VIC,52105.0
bitre-road-vehicles-australia--january2024.xlsx,2024,Table 6,Motorcycles,2019 - 2024,QLD,58727.0
bitre-road-vehicles-australia--january2024.xlsx,2024,Table 6,Motorcycles,2019 - 2024,SA,14530.0
bitre-road-vehicles-australia--january2024.xlsx,2024,Table 6,Motorcycles,2019 - 2024,WA,23982.0
bitre-road-vehicles-australia--january2024.xlsx,2024,Table 6,Motorcycles,2019 - 2024,TAS,4224.0
bitre-road-vehicles-australia--january2024.xlsx,2024,Table 6,Motorcycles,2019 - 2024,NT,2072.0
bitre-road-vehicles-australia--january2024.xlsx,2024,Table 6,Motorcycles,2019 - 2024,ACT,3696.0
bitre-road-vehicles-australia--january2024.xlsx,2024,Table 6,Motorcycles,2019 - 2024,AUS,246960.0
bitre-road-vehicles-australia--january2024.xlsx,2024,Table 6,Motorcycles,2014 - 2018,NSW,75102.0
bitre-road-vehicles-australia--january2024.xlsx,2024,Table 6,Motorcycles,2014 - 2018,VIC,47761.0
bitre-road-vehicles-australia--january2024.xlsx,2024,Table 6,Motorcycles,2014 - 2018,QLD,56048.0
bitre-road-vehicles-australia--january2024.xlsx,2024,Table 6,Motorcycles,2014 - 2018,SA,13457.0
bitre-road-vehicles-australia--january2024.xlsx,2024,Table 6,Motorcycles,2014 - 2018,WA,24319.0
bitre-road-vehicles-australia--january2024.xlsx,2024,Table 6,Motorcycles,2014 - 2018,TAS,4731.0
bitre-road-vehicles-australia--january2024.xlsx,2024,Table 6,Motorcycles,2014 - 2018,NT,1353.0
bitre-road-vehicles-australia--january2024.xlsx,2024,Table 6,Motorcycles,2014 - 2018,ACT,3489.0
bitre-road-vehicles-australia--january2024.xlsx,2024,Table 6,Motorcycles,2014 - 2018,AUS,226260.0
bitre-road-vehicles-australia--january2024.xlsx,2024,Table 6,Motorcycles,2009 - 2013,NSW,52405.0
bitre-road-vehicles-australia--january2024.xlsx,2024,Table 6,Motorcycles,2009 - 2013,VIC,35632.0
bitre-road-vehicles-australia--january2024.xlsx,2024,Table 6,Motorcycles,2009 - 2013,QLD,43891.0
bitre-road-vehicles-australia--january2024.xlsx,2024,Table 6,Motorcycles,2009 - 2013,SA,10989.0
bitre-road-vehicles-australia--january2024.xlsx,2024,Table 6,Motorcycles,2009 - 2013,WA,28848.0
bitre-road-vehicles-australia--january2024.xlsx,2024,Table 6,Motorcycles,2009 - 2013,TAS,4202.0
bitre-road-vehicles-australia--january2024.xlsx,2024,Table 6,Motorcycles,2009 - 2013,NT,971.0
bitre-road-vehicles-australia--january2024.xlsx,2024,Table 6,Motorcycles,2009 - 2013,ACT,2573.0
bitre-road-vehicles-australia--january2024.xlsx,2024,Table 6,Motorcycles,2009 - 2013,AUS,179511.0
bitre-road-vehicles-australia--january2024.xlsx,2024,Table 6,Motorcycles,2004 - 2008,NSW,40906.0
bitre-road-vehicles-australia--january2024.xlsx,2024,Table 6,Motorcycles,2004 - 2008,VIC,34139.0
bitre-road-vehicles-australia--january2024.xlsx,2024,Table 6,Motorcycles,2004 - 2008,QLD,40220.0
bitre-road-vehicles-australia--january2024.xlsx,2024,Table 6,Motorcycles,2004 - 2008,SA,10459.0
bitre-road-vehicles-australia--january2024.xlsx,2024,Table 6,Motorcycles,2004 - 2008,WA,24577.0
bitre-road-vehicles-australia--january2024.xlsx,2024,Table 6,Motorcycles,2004 - 2008,TAS,4173.0
bitre-road-vehicles-australia--january2024.xlsx,2024,Table 6,Motorcycles,2004 - 2008,NT,679.0
bitre-road-vehicles-australia--january2024.xlsx,2024,Table 6,Motorcycles,2004 - 2008,ACT,2054.0
bitre-road-vehicles-australia--january2024.xlsx,2024,Table 6,Motorcycles,2004 - 2008,AUS,157207.0
bitre-road-vehicles-australia--january2024.xlsx,2024,Table 6,Motorcycles,To 2003,NSW,33647.0
bitre-road-vehicles-australia--january2024.xlsx,2024,Table 6,Motorcycles,To 2003,VIC,31106.0
bitre-road-vehicles-australia--january2024.xlsx,2024,Table 6,Motorcycles,To 2003,QLD,39614.0
bitre-road-vehicles-australia--january2024.xlsx,2024,Table 6,Motorcycles,To 2003,SA,11779.0
bitre-road-vehicles-australia--january2024.xlsx,2024,Table 6,Motorcycles,To 2003,WA,27914.0
bitre-road-vehicles-australia--january2024.xlsx,2024,Table 6,Motorcycles,To 2003,TAS,3847.0
bitre-road-vehicles-australia--january2024.xlsx,2024,Table 6,Motorcycles,To 2003,NT,559.0
bitre-road-vehicles-australia--january2024.xlsx,2024,Table 6,Motorcycles,To 2003,ACT,1975.0
bitre-road-vehicles-australia--january2024.xlsx,2024,Table 6,Motorcycles,To 2003,AUS,150441.0
bitre-road-vehicles-australia--january2024.xlsx,2024,Table 6,Total motor vehicles,2019 - 2024,NSW,1686253.0
bitre-road-vehicles-australia--january2024.xlsx,2024,Table 6,Total motor vehicles,2019 - 2024,VIC,1346529.0
bitre-road-vehicles-australia--january2024.xlsx,2024,Table 6,Total motor vehicles,2019 - 2024,QLD,1195184.0
bitre-road-vehicles-australia--january2024.xlsx,2024,Table 6,Total motor vehicles,2019 - 2024,SA,349060.0
bitre-road-vehicles-australia--january2024.xlsx,2024,Table 6,Total motor vehicles,2019 - 2024,WA,581450.0
bitre-road-vehicles-australia--january2024.xlsx,2024,Table 6,Total motor vehicles,2019 - 2024,TAS,106436.0
bitre-road-vehicles-australia--january2024.xlsx,2024,Table 6,Total motor vehicles,2019 - 2024,NT,47475.0
bitre-road-vehicles-australia--january2024.xlsx,2024,Table 6,Total motor vehicles,2019 - 2024,ACT,88819.0
bitre-road-vehicles-australia--january2024.xlsx,2024,Table 6,Total motor vehicles,2019 - 2024,AUS,5401206.0
bitre-road-vehicles-australia--january2024.xlsx,2024,Table 6,Total motor vehicles,2014 - 2018,NSW,1767190.0
bitre-road-vehicles-australia--january2024.xlsx,2024,Table 6,Total motor vehicles,2014 - 2018,VIC,1500284.0
bitre-road-vehicles-australia--january2024.xlsx,2024,Table 6,Total motor vehicles,2014 - 2018,QLD,1219177.0
bitre-road-vehicles-australia--january2024.xlsx,2024,Table 6,Total motor vehicles,2014 - 2018,SA,383356.0
bitre-road-vehicles-australia--january2024.xlsx,2024,Table 6,Total motor vehicles,2014 - 2018,WA,599535.0
bitre-road-vehicles-australia--january2024.xlsx,2024,Table 6,Total motor vehicles,2014 - 2018,TAS,118982.0
bitre-road-vehicles-australia--january2024.xlsx,2024,Table 6,Total motor vehicles,2014 - 2018,NT,44196.0
bitre-road-vehicles-australia--january2024.xlsx,2024,Table 6,Total motor vehicles,2014 - 2018,ACT,99231.0
bitre-road-vehicles-australia--january2024.xlsx,2024,Table 6,Total motor vehicles,2014 - 2018,AUS,5731951.0
bitre-road-vehicles-australia--january2024.xlsx,2024,Table 6,Total motor vehicles,2009 - 2013,NSW,1303705.0
bitre-road-vehicles-australia--january2024.xlsx,2024,Table 6,Total motor vehicles,2009 - 2013,VIC,1179584.0
bitre-road-vehicles-australia--january2024.xlsx,2024,Table 6,Total motor vehicles,2009 - 2013,QLD,1000221.0
bitre-road-vehicles-australia--january2024.xlsx,2024,Table 6,Total motor vehicles,2009 - 2013,SA,334587.0
bitre-road-vehicles-australia--january2024.xlsx,2024,Table 6,Total motor vehicles,2009 - 2013,WA,576264.0
bitre-road-vehicles-australia--january2024.xlsx,2024,Table 6,Total motor vehicles,2009 - 2013,TAS,108632.0
bitre-road-vehicles-australia--january2024.xlsx,2024,Table 6,Total motor vehicles,2009 - 2013,NT,35303.0
bitre-road-vehicles-australia--january2024.xlsx,2024,Table 6,Total motor vehicles,2009 - 2013,ACT,75323.0
bitre-road-vehicles-australia--january2024.xlsx,2024,Table 6,Total motor vehicles,2009 - 2013,AUS,4613619.0
bitre-road-vehicles-australia--january2024.xlsx,2024,Table 6,Total motor vehicles,2004 - 2008,NSW,886537.0
bitre-road-vehicles-australia--january2024.xlsx,2024,Table 6,Total motor vehicles,2004 - 2008,VIC,823618.0
bitre-road-vehicles-australia--january2024.xlsx,2024,Table 6,Total motor vehicles,2004 - 2008,QLD,738212.0
bitre-road-vehicles-australia--january2024.xlsx,2024,Table 6,Total motor vehicles,2004 - 2008,SA,264544.0
bitre-road-vehicles-australia--january2024.xlsx,2024,Table 6,Total motor vehicles,2004 - 2008,WA,430164.0
bitre-road-vehicles-australia--january2024.xlsx,2024,Table 6,Total motor vehicles,2004 - 2008,TAS,98175.0
bitre-road-vehicles-australia--january2024.xlsx,2024,Table 6,Total motor vehicles,2004 - 2008,NT,24388.0
bitre-road-vehicles-australia--january2024.xlsx,2024,Table 6,Total motor vehicles,2004 - 2008,ACT,45197.0
bitre-road-vehicles-australia--january2024.xlsx,2024,Table 6,Total motor vehicles,2004 - 2008,AUS,3310835.0
bitre-road-vehicles-australia--january2024.xlsx,2024,Table 6,Total motor vehicles,To 2003,NSW,651855.0
bitre-road-vehicles-australia--january2024.xlsx,2024,Table 6,Total motor vehicles,To 2003,VIC,655630.0
bitre-road-vehicles-australia--january2024.xlsx,2024,Table 6,Total motor vehicles,To 2003,QLD,599087.0
bitre-road-vehicles-australia--january2024.xlsx,2024,Table 6,Total motor vehicles,To 2003,SA,265023.0
bitre-road-vehicles-australia--january2024.xlsx,2024,Table 6,Total motor vehicles,To 2003,WA,341239.0
bitre-road-vehicles-australia--january2024.xlsx,2024,Table 6,Total motor vehicles,To 2003,TAS,108915.0
bitre-road-vehicles-australia--january2024.xlsx,2024,Table 6,Total motor vehicles,To 2003,NT,17311.0
bitre-road-vehicles-australia--january2024.xlsx,2024,Table 6,Total motor vehicles,To 2003,ACT,29274.0
bitre-road-vehicles-australia--january2024.xlsx,2024,Table 6,Total motor vehicles,To 2003,AUS,2668334.0
BITRE-Road-Vehicles-Australia-January-2022-Re-Issue.xlsx,2022,Table 6,Passenger vehicles,2017 - 2022,NSW,1263075.0
BITRE-Road-Vehicles-Australia-January-2022-Re-Issue.xlsx,2022,Table 6,Passenger vehicles,2017 - 2022,VIC,1027259.0
BITRE-Road-Vehicles-Australia-January-2022-Re-Issue.xlsx,2022,Table 6,Passenger vehicles,2017 - 2022,QLD,786590.0
BITRE-Road-Vehicles-Australia-January-2022-Re-Issue.xlsx,2022,Table 6,Passenger vehicles,2017 - 2022,SA,253928.0
BITRE-Road-Vehicles-Australia-January-2022-Re-Issue.xlsx,2022,Table 6,Passenger vehicles,2017 - 2022,WA,382252.0
BITRE-Road-Vehicles-Australia-January-2022-Re-Issue.xlsx,2022,Table 6,Passenger vehicles,2017 - 2022,TAS,72403.0
BITRE-Road-Vehicles-Australia-January-2022-Re-Issue.xlsx,2022,Table 6,Passenger vehicles,2017 - 2022,NT,27892.0
BITRE-Road-Vehicles-Australia-January-2022-Re-Issue.xlsx,2022,Table 6,Passenger vehicles,2017 - 2022,ACT,76977.0
BITRE-Road-Vehicles-Australia-January-2022-Re-Issue.xlsx,2022,Table 6,Passenger vehicles,2017 - 2022,AUS,3890376.0
BITRE-Road-Vehicles-Australia-January-2022-Re-Issue.xlsx,2022,Table 6,Passenger vehicles,2012 - 2016,NSW,1322186.0
BITRE-Road-Vehicles-Australia-January-2022-Re-Issue.xlsx,2022,Table 6,Passenger vehicles,2012 - 2016,VIC,1156426.0
BITRE-Road-Vehicles-Australia-January-2022-Re-Issue.xlsx,2022,Table 6,Passenger vehicles,2012 - 2016,QLD,854722.0
BITRE-Road-Vehicles-Australia-January-2022-Re-Issue.xlsx,2022,Table 6,Passenger vehicles,2012 - 2016,SA,290060.0
BITRE-Road-Vehicles-Australia-January-2022-Re-Issue.xlsx,2022,Table 6,Passenger vehicles,2012 - 2016,WA,466134.0
BITRE-Road-Vehicles-Australia-January-2022-Re-Issue.xlsx,2022,Table 6,Passenger vehicles,2012 - 2016,TAS,82670.0
BITRE-Road-Vehicles-Australia-January-2022-Re-Issue.xlsx,2022,Table 6,Passenger vehicles,2012 - 2016,NT,28276.0
BITRE-Road-Vehicles-Australia-January-2022-Re-Issue.xlsx,2022,Table 6,Passenger vehicles,2012 - 2016,ACT,81986.0
BITRE-Road-Vehicles-Australia-January-2022-Re-Issue.xlsx,2022,Table 6,Passenger vehicles,2012 - 2016,AUS,4282460.0
BITRE-Road-Vehicles-Australia-January-2022-Re-Issue.xlsx,2022,Table 6,Passenger vehicles,2007 - 2011,NSW,943962.0
BITRE-Road-Vehicles-Australia-January-2022-Re-Issue.xlsx,2022,Table 6,Passenger vehicles,2007 - 2011,VIC,882297.0
BITRE-Road-Vehicles-Australia-January-2022-Re-Issue.xlsx,2022,Table 6,Passenger vehicles,2007 - 2011,QLD,669738.0
BITRE-Road-Vehicles-Australia-January-2022-Re-Issue.xlsx,2022,Table 6,Passenger vehicles,2007 - 2011,SA,249302.0
BITRE-Road-Vehicles-Australia-January-2022-Re-Issue.xlsx,2022,Table 6,Passenger vehicles,2007 - 2011,WA,402173.0
BITRE-Road-Vehicles-Australia-January-2022-Re-Issue.xlsx,2022,Table 6,Passenger vehicles,2007 - 2011,TAS,74856.0
BITRE-Road-Vehicles-Australia-January-2022-Re-Issue.xlsx,2022,Table 6,Passenger vehicles,2007 - 2011,NT,21494.0
BITRE-Road-Vehicles-Australia-January-2022-Re-Issue.xlsx,2022,Table 6,Passenger vehicles,2007 - 2011,ACT,57595.0
BITRE-Road-Vehicles-Australia-January-2022-Re-Issue.xlsx,2022,Table 6,Passenger vehicles,2007 - 2011,AUS,3301417.0
BITRE-Road-Vehicles-Australia-January-2022-Re-Issue.xlsx,2022,Table 6,Passenger vehicles,2002 - 2006,NSW,601869.0
BITRE-Road-Vehicles-Australia-January-2022-Re-Issue.xlsx,2022,Table 6,Passenger vehicles,2002 - 2006,VIC,570842.0
BITRE-Road-Vehicles-Australia-January-2022-Re-Issue.xlsx,2022,Table 6,Passenger vehicles,2002 - 2006,QLD,441778.0
BITRE-Road-Vehicles-Australia-January-2022-Re-Issue.xlsx,2022,Table 6,Passenger vehicles,2002 - 2006,SA,192333.0
BITRE-Road-Vehicles-Australia-January-2022-Re-Issue.xlsx,2022,Table 6,Passenger vehicles,2002 - 2006,WA,256489.0
BITRE-Road-Vehicles-Australia-January-2022-Re-Issue.xlsx,2022,Table 6,Passenger vehicles,2002 - 2006,TAS,62988.0
BITRE-Road-Vehicles-Australia-January-2022-Re-Issue.xlsx,2022,Table 6,Passenger vehicles,2002 - 2006,NT,12687.0
BITRE-Road-Vehicles-Australia-January-2022-Re-Issue.xlsx,2022,Table 6,Passenger vehicles,2002 - 2006,ACT,32190.0
BITRE-Road-Vehicles-Australia-January-2022-Re-Issue.xlsx,2022,Table 6,Passenger vehicles,2002 - 2006,AUS,2171176.0
BITRE-Road-Vehicles-Australia-January-2022-Re-Issue.xlsx,2022,Table 6,Passenger vehicles,To 2001a,NSW,348248.0
BITRE-Road-Vehicles-Australia-January-2022-Re-Issue.xlsx,2022,Table 6,Passenger vehicles,To 2001a,VIC,363314.0
BITRE-Road-Vehicles-Australia-January-2022-Re-Issue.xlsx,2022,Table 6,Passenger vehicles,To 2001a,QLD,291588.0
BITRE-Road-Vehicles-Australia-January-2022-Re-Issue.xlsx,2022,Table 6,Passenger vehicles,To 2001a,SA,157754.0
BITRE-Road-Vehicles-Australia-January-2022-Re-Issue.xlsx,2022,Table 6,Passenger vehicles,To 2001a,WA,164516.0
BITRE-Road-Vehicles-Australia-January-2022-Re-Issue.xlsx,2022,Table 6,Passenger vehicles,To 2001a,TAS,53721.0
BITRE-Road-Vehicles-Australia-January-2022-Re-Issue.xlsx,2022,Table 6,Passenger vehicles,To 2001a,NT,7865.0
BITRE-Road-Vehicles-Australia-January-2022-Re-Issue.xlsx,2022,Table 6,Passenger vehicles,To 2001a,ACT,18093.0
BITRE-Road-Vehicles-Australia-January-2022-Re-Issue.xlsx,2022,Table 6,Passenger vehicles,To 2001a,AUS,1405099.0
BITRE-Road-Vehicles-Australia-January-2022-Re-Issue.xlsx,2022,Table 6,Campervans,2017 - 2022,NSW,4086.0
BITRE-Road-Vehicles-Australia-January-2022-Re-Issue.xlsx,2022,Table 6,Campervans,2017 - 2022,VIC,3765.0
BITRE-Road-Vehicles-Australia-January-2022-Re-Issue.xlsx,2022,Table 6,Campervans,2017 - 2022,QLD,3686.0
BITRE-Road-Vehicles-Australia-January-2022-Re-Issue.xlsx,2022,Table 6,Campervans,2017 - 2022,SA,403.0
BITRE-Road-Vehicles-Australia-January-2022-Re-Issue.xlsx,2022,Table 6,Campervans,2017 - 2022,WA,23.0
BITRE-Road-Vehicles-Australia-January-2022-Re-Issue.xlsx,2022,Table 6,Campervans,2017 - 2022,TAS,533.0
BITRE-Road-Vehicles-Australia-January-2022-Re-Issue.xlsx,2022,Table 6,Campervans,2017 - 2022,NT,9.0
BITRE-Road-Vehicles-Australia-January-2022-Re-Issue.xlsx,2022,Table 6,Campervans,2017 - 2022,ACT,77.0
BITRE-Road-Vehicles-Australia-January-2022-Re-Issue.xlsx,2022,Table 6,Campervans,2017 - 2022,AUS,12582.0
BITRE-Road-Vehicles-Australia-January-2022-Re-Issue.xlsx,2022,Table 6,Campervans,2012 - 2016,NSW,4177.0
BITRE-Road-Vehicles-Australia-January-2022-Re-Issue.xlsx,2022,Table 6,Campervans,2012 - 2016,VIC,2458.0
BITRE-Road-Vehicles-Australia-January-2022-Re-Issue.xlsx,2022,Table 6,Campervans,2012 - 2016,QLD,3055.0
BITRE-Road-Vehicles-Australia-January-2022-Re-Issue.xlsx,2022,Table 6,Campervans,2012 - 2016,SA,454.0
BITRE-Road-Vehicles-Australia-January-2022-Re-Issue.xlsx,2022,Table 6,Campervans,2012 - 2016,WA,86.0
BITRE-Road-Vehicles-Australia-January-2022-Re-Issue.xlsx,2022,Table 6,Campervans,2012 - 2016,TAS,502.0
BITRE-Road-Vehicles-Australia-January-2022-Re-Issue.xlsx,2022,Table 6,Campervans,2012 - 2016,NT,8.0
BITRE-Road-Vehicles-Australia-January-2022-Re-Issue.xlsx,2022,Table 6,Campervans,2012 - 2016,ACT,110.0
BITRE-Road-Vehicles-Australia-January-2022-Re-Issue.xlsx,2022,Table 6,Campervans,2012 - 2016,AUS,10850.0
BITRE-Road-Vehicles-Australia-January-2022-Re-Issue.xlsx,2022,Table 6,Campervans,2007 - 2011,NSW,6438.0
BITRE-Road-Vehicles-Australia-January-2022-Re-Issue.xlsx,2022,Table 6,Campervans,2007 - 2011,VIC,3926.0
BITRE-Road-Vehicles-Australia-January-2022-Re-Issue.xlsx,2022,Table 6,Campervans,2007 - 2011,QLD,4068.0
BITRE-Road-Vehicles-Australia-January-2022-Re-Issue.xlsx,2022,Table 6,Campervans,2007 - 2011,SA,519.0
BITRE-Road-Vehicles-Australia-January-2022-Re-Issue.xlsx,2022,Table 6,Campervans,2007 - 2011,WA,262.0
BITRE-Road-Vehicles-Australia-January-2022-Re-Issue.xlsx,2022,Table 6,Campervans,2007 - 2011,TAS,794.0
BITRE-Road-Vehicles-Australia-January-2022-Re-Issue.xlsx,2022,Table 6,Campervans,2007 - 2011,NT,15.0
BITRE-Road-Vehicles-Australia-January-2022-Re-Issue.xlsx,2022,Table 6,Campervans,2007 - 2011,ACT,165.0
BITRE-Road-Vehicles-Australia-January-2022-Re-Issue.xlsx,2022,Table 6,Campervans,2007 - 2011,AUS,16187.0
BITRE-Road-Vehicles-Australia-January-2022-Re-Issue.xlsx,2022,Table 6,Campervans,2002 - 2006,NSW,8719.0
BITRE-Road-Vehicles-Australia-January-2022-Re-Issue.xlsx,2022,Table 6,Campervans,2002 - 2006,VIC,7054.0
BITRE-Road-Vehicles-Australia-January-2022-Re-Issue.xlsx,2022,Table 6,Campervans,2002 - 2006,QLD,6670.0
BITRE-Road-Vehicles-Australia-January-2022-Re-Issue.xlsx,2022,Table 6,Campervans,2002 - 2006,SA,1143.0
BITRE-Road-Vehicles-Australia-January-2022-Re-Issue.xlsx,2022,Table 6,Campervans,2002 - 2006,WA,771.0
BITRE-Road-Vehicles-Australia-January-2022-Re-Issue.xlsx,2022,Table 6,Campervans,2002 - 2006,TAS,952.0
BITRE-Road-Vehicles-Australia-January-2022-Re-Issue.xlsx,2022,Table 6,Campervans,2002 - 2006,NT,43.0
BITRE-Road-Vehicles-Australia-January-2022-Re-Issue.xlsx,2022,Table 6,Campervans,2002 - 2006,ACT,217.0
BITRE-Road-Vehicles-Australia-January-2022-Re-Issue.xlsx,2022,Table 6,Campervans,2002 - 2006,AUS,25569.0
BITRE-Road-Vehicles-Australia-January-2022-Re-Issue.xlsx,2022,Table 6,Campervans,To 2001a,NSW,6644.0
BITRE-Road-Vehicles-Australia-January-2022-Re-Issue.xlsx,2022,Table 6,Campervans,To 2001a,VIC,5576.0
BITRE-Road-Vehicles-Australia-January-2022-Re-Issue.xlsx,2022,Table 6,Campervans,To 2001a,QLD,8266.0
BITRE-Road-Vehicles-Australia-January-2022-Re-Issue.xlsx,2022,Table 6,Campervans,To 2001a,SA,937.0
BITRE-Road-Vehicles-Australia-January-2022-Re-Issue.xlsx,2022,Table 6,Campervans,To 2001a,WA,783.0
BITRE-Road-Vehicles-Australia-January-2022-Re-Issue.xlsx,2022,Table 6,Campervans,To 2001a,TAS,2948.0
BITRE-Road-Vehicles-Australia-January-2022-Re-Issue.xlsx,2022,Table 6,Campervans,To 2001a,NT,21.0
BITRE-Road-Vehicles-Australia-January-2022-Re-Issue.xlsx,2022,Table 6,Campervans,To 2001a,ACT,210.0
BITRE-Road-Vehicles-Australia-January-2022-Re-Issue.xlsx,2022,Table 6,Campervans,To 2001a,AUS,25385.0
BITRE-Road-Vehicles-Australia-January-2022-Re-Issue.xlsx,2022,Table 6,Light commercial vehicles,2017 - 2022,NSW,328186.0
BITRE-Road-Vehicles-Australia-January-2022-Re-Issue.xlsx,2022,Table 6,Light commercial vehicles,2017 - 2022,VIC,252251.0
BITRE-Road-Vehicles-Australia-January-2022-Re-Issue.xlsx,2022,Table 6,Light commercial vehicles,2017 - 2022,QLD,277132.0
BITRE-Road-Vehicles-Australia-January-2022-Re-Issue.xlsx,2022,Table 6,Light commercial vehicles,2017 - 2022,SA,69555.0
BITRE-Road-Vehicles-Australia-January-2022-Re-Issue.xlsx,2022,Table 6,Light commercial vehicles,2017 - 2022,WA,117967.0
BITRE-Road-Vehicles-Australia-January-2022-Re-Issue.xlsx,2022,Table 6,Light commercial vehicles,2017 - 2022,TAS,27684.0
BITRE-Road-Vehicles-Australia-January-2022-Re-Issue.xlsx,2022,Table 6,Light commercial vehicles,2017 - 2022,NT,14712.0
BITRE-Road-Vehicles-Australia-January-2022-Re-Issue.xlsx,2022,Table 6,Light commercial vehicles,2017 - 2022,ACT,12858.0
BITRE-Road-Vehicles-Australia-January-2022-Re-Issue.xlsx,2022,Table 6,Light commercial vehicles,2017 - 2022,AUS,1100345.0
BITRE-Road-Vehicles-Australia-January-2022-Re-Issue.xlsx,2022,Table 6,Light commercial vehicles,2012 - 2016,NSW,272192.0
BITRE-Road-Vehicles-Australia-January-2022-Re-Issue.xlsx,2022,Table 6,Light commercial vehicles,2012 - 2016,VIC,210026.0
BITRE-Road-Vehicles-Australia-January-2022-Re-Issue.xlsx,2022,Table 6,Light commercial vehicles,2012 - 2016,QLD,249374.0
BITRE-Road-Vehicles-Australia-January-2022-Re-Issue.xlsx,2022,Table 6,Light commercial vehicles,2012 - 2016,SA,60348.0
BITRE-Road-Vehicles-Australia-January-2022-Re-Issue.xlsx,2022,Table 6,Light commercial vehicles,2012 - 2016,WA,113810.0
BITRE-Road-Vehicles-Australia-January-2022-Re-Issue.xlsx,2022,Table 6,Light commercial vehicles,2012 - 2016,TAS,26559.0
BITRE-Road-Vehicles-Australia-January-2022-Re-Issue.xlsx,2022,Table 6,Light commercial vehicles,2012 - 2016,NT,13821.0
BITRE-Road-Vehicles-Australia-January-2022-Re-Issue.xlsx,2022,Table 6,Light commercial vehicles,2012 - 2016,ACT,10536.0
BITRE-Road-Vehicles-Australia-January-2022-Re-Issue.xlsx,2022,Table 6,Light commercial vehicles,2012 - 2016,AUS,956666.0
BITRE-Road-Vehicles-Australia-January-2022-Re-Issue.xlsx,2022,Table 6,Light commercial vehicles,2007 - 2011,NSW,187717.0
BITRE-Road-Vehicles-Australia-January-2022-Re-Issue.xlsx,2022,Table 6,Light commercial vehicles,2007 - 2011,VIC,157379.0
BITRE-Road-Vehicles-Australia-January-2022-Re-Issue.xlsx,2022,Table 6,Light commercial vehicles,2007 - 2011,QLD,196068.0
BITRE-Road-Vehicles-Australia-January-2022-Re-Issue.xlsx,2022,Table 6,Light commercial vehicles,2007 - 2011,SA,49563.0
BITRE-Road-Vehicles-Australia-January-2022-Re-Issue.xlsx,2022,Table 6,Light commercial vehicles,2007 - 2011,WA,94318.0
BITRE-Road-Vehicles-Australia-January-2022-Re-Issue.xlsx,2022,Table 6,Light commercial vehicles,2007 - 2011,TAS,23971.0
BITRE-Road-Vehicles-Australia-January-2022-Re-Issue.xlsx,2022,Table 6,Light commercial vehicles,2007 - 2011,NT,9802.0
BITRE-Road-Vehicles-Australia-January-2022-Re-Issue.xlsx,2022,Table 6,Light commercial vehicles,2007 - 2011,ACT,6860.0
BITRE-Road-Vehicles-Australia-January-2022-Re-Issue.xlsx,2022,Table 6,Light commercial vehicles,2007 - 2011,AUS,725678.0
BITRE-Road-Vehicles-Australia-January-2022-Re-Issue.xlsx,2022,Table 6,Light commercial vehicles,2002 - 2006,NSW,125886.0
BITRE-Road-Vehicles-Australia-January-2022-Re-Issue.xlsx,2022,Table 6,Light commercial vehicles,2002 - 2006,VIC,112659.0
BITRE-Road-Vehicles-Australia-January-2022-Re-Issue.xlsx,2022,Table 6,Light commercial vehicles,2002 - 2006,QLD,137098.0
BITRE-Road-Vehicles-Australia-January-2022-Re-Issue.xlsx,2022,Table 6,Light commercial vehicles,2002 - 2006,SA,36200.0
BITRE-Road-Vehicles-Australia-January-2022-Re-Issue.xlsx,2022,Table 6,Light commercial vehicles,2002 - 2006,WA,64257.0
BITRE-Road-Vehicles-Australia-January-2022-Re-Issue.xlsx,2022,Table 6,Light commercial vehicles,2002 - 2006,TAS,20477.0
BITRE-Road-Vehicles-Australia-January-2022-Re-Issue.xlsx,2022,Table 6,Light commercial vehicles,2002 - 2006,NT,6252.0
BITRE-Road-Vehicles-Australia-January-2022-Re-Issue.xlsx,2022,Table 6,Light commercial vehicles,2002 - 2006,ACT,4306.0
BITRE-Road-Vehicles-Australia-January-2022-Re-Issue.xlsx,2022,Table 6,Light commercial vehicles,2002 - 2006,AUS,507135.0
BITRE-Road-Vehicles-Australia-January-2022-Re-Issue.xlsx,2022,Table 6,Light commercial vehicles,To 2001a,NSW,115033.0
BITRE-Road-Vehicles-Australia-January-2022-Re-Issue.xlsx,2022,Table 6,Light commercial vehicles,To 2001a,VIC,110343.0
BITRE-Road-Vehicles-Australia-January-2022-Re-Issue.xlsx,2022,Table 6,Light commercial vehicles,To 2001a,QLD,129106.0
BITRE-Road-Vehicles-Australia-January-2022-Re-Issue.xlsx,2022,Table 6,Light commercial vehicles,To 2001a,SA,39555.0
BITRE-Road-Vehicles-Australia-January-2022-Re-Issue.xlsx,2022,Table 6,Light commercial vehicles,To 2001a,WA,64786.0
BITRE-Road-Vehicles-Australia-January-2022-Re-Issue.xlsx,2022,Table 6,Light commercial vehicles,To 2001a,TAS,28075.0
BITRE-Road-Vehicles-Australia-January-2022-Re-Issue.xlsx,2022,Table 6,Light commercial vehicles,To 2001a,NT,4849.0
BITRE-Road-Vehicles-Australia-January-2022-Re-Issue.xlsx,2022,Table 6,Light commercial vehicles,To 2001a,ACT,3381.0
BITRE-Road-Vehicles-Australia-January-2022-Re-Issue.xlsx,2022,Table 6,Light commercial vehicles,To 2001a,AUS,495128.0
BITRE-Road-Vehicles-Australia-January-2022-Re-Issue.xlsx,2022,Table 6,Light rigid trucks,2017 - 2022,NSW,21460.0
BITRE-Road-Vehicles-Australia-January-2022-Re-Issue.xlsx,2022,Table 6,Light rigid trucks,2017 - 2022,VIC,16052.0
BITRE-Road-Vehicles-Australia-January-2022-Re-Issue.xlsx,2022,Table 6,Light rigid trucks,2017 - 2022,QLD,12451.0
BITRE-Road-Vehicles-Australia-January-2022-Re-Issue.xlsx,2022,Table 6,Light rigid trucks,2017 - 2022,SA,3228.0
BITRE-Road-Vehicles-Australia-January-2022-Re-Issue.xlsx,2022,Table 6,Light rigid trucks,2017 - 2022,WA,4653.0
BITRE-Road-Vehicles-Australia-January-2022-Re-Issue.xlsx,2022,Table 6,Light rigid trucks,2017 - 2022,TAS,1068.0
BITRE-Road-Vehicles-Australia-January-2022-Re-Issue.xlsx,2022,Table 6,Light rigid trucks,2017 - 2022,NT,414.0
BITRE-Road-Vehicles-Australia-January-2022-Re-Issue.xlsx,2022,Table 6,Light rigid trucks,2017 - 2022,ACT,715.0
BITRE-Road-Vehicles-Australia-January-2022-Re-Issue.xlsx,2022,Table 6,Light rigid trucks,2017 - 2022,AUS,60041.0
BITRE-Road-Vehicles-Australia-January-2022-Re-Issue.xlsx,2022,Table 6,Light rigid trucks,2012 - 2016,NSW,14690.0
BITRE-Road-Vehicles-Australia-January-2022-Re-Issue.xlsx,2022,Table 6,Light rigid trucks,2012 - 2016,VIC,10884.0
BITRE-Road-Vehicles-Australia-January-2022-Re-Issue.xlsx,2022,Table 6,Light rigid trucks,2012 - 2016,QLD,8394.0
BITRE-Road-Vehicles-Australia-January-2022-Re-Issue.xlsx,2022,Table 6,Light rigid trucks,2012 - 2016,SA,2227.0
BITRE-Road-Vehicles-Australia-January-2022-Re-Issue.xlsx,2022,Table 6,Light rigid trucks,2012 - 2016,WA,4066.0
BITRE-Road-Vehicles-Australia-January-2022-Re-Issue.xlsx,2022,Table 6,Light rigid trucks,2012 - 2016,TAS,777.0
BITRE-Road-Vehicles-Australia-January-2022-Re-Issue.xlsx,2022,Table 6,Light rigid trucks,2012 - 2016,NT,359.0
BITRE-Road-Vehicles-Australia-January-2022-Re-Issue.xlsx,2022,Table 6,Light rigid trucks,2012 - 2016,ACT,390.0
BITRE-Road-Vehicles-Australia-January-2022-Re-Issue.xlsx,2022,Table 6,Light rigid trucks,2012 - 2016,AUS,41787.0
BITRE-Road-Vehicles-Australia-January-2022-Re-Issue.xlsx,2022,Table 6,Light rigid trucks,2007 - 2011,NSW,10531.0
BITRE-Road-Vehicles-Australia-January-2022-Re-Issue.xlsx,2022,Table 6,Light rigid trucks,2007 - 2011,VIC,8214.0
BITRE-Road-Vehicles-Australia-January-2022-Re-Issue.xlsx,2022,Table 6,Light rigid trucks,2007 - 2011,QLD,7505.0
BITRE-Road-Vehicles-Australia-January-2022-Re-Issue.xlsx,2022,Table 6,Light rigid trucks,2007 - 2011,SA,1922.0
BITRE-Road-Vehicles-Australia-January-2022-Re-Issue.xlsx,2022,Table 6,Light rigid trucks,2007 - 2011,WA,3482.0
BITRE-Road-Vehicles-Australia-January-2022-Re-Issue.xlsx,2022,Table 6,Light rigid trucks,2007 - 2011,TAS,713.0
BITRE-Road-Vehicles-Australia-January-2022-Re-Issue.xlsx,2022,Table 6,Light rigid trucks,2007 - 2011,NT,340.0
BITRE-Road-Vehicles-Australia-January-2022-Re-Issue.xlsx,2022,Table 6,Light rigid trucks,2007 - 2011,ACT,254.0
BITRE-Road-Vehicles-Australia-January-2022-Re-Issue.xlsx,2022,Table 6,Light rigid trucks,2007 - 2011,AUS,32961.0
BITRE-Road-Vehicles-Australia-January-2022-Re-Issue.xlsx,2022,Table 6,Light rigid trucks,2002 - 2006,NSW,8048.0
BITRE-Road-Vehicles-Australia-January-2022-Re-Issue.xlsx,2022,Table 6,Light rigid trucks,2002 - 2006,VIC,6035.0
BITRE-Road-Vehicles-Australia-January-2022-Re-Issue.xlsx,2022,Table 6,Light rigid trucks,2002 - 2006,QLD,7098.0
BITRE-Road-Vehicles-Australia-January-2022-Re-Issue.xlsx,2022,Table 6,Light rigid trucks,2002 - 2006,SA,1600.0
BITRE-Road-Vehicles-Australia-January-2022-Re-Issue.xlsx,2022,Table 6,Light rigid trucks,2002 - 2006,WA,3332.0
BITRE-Road-Vehicles-Australia-January-2022-Re-Issue.xlsx,2022,Table 6,Light rigid trucks,2002 - 2006,TAS,745.0
BITRE-Road-Vehicles-Australia-January-2022-Re-Issue.xlsx,2022,Table 6,Light rigid trucks,2002 - 2006,NT,319.0
BITRE-Road-Vehicles-Australia-January-2022-Re-Issue.xlsx,2022,Table 6,Light rigid trucks,2002 - 2006,ACT,162.0
BITRE-Road-Vehicles-Australia-January-2022-Re-Issue.xlsx,2022,Table 6,Light rigid trucks,2002 - 2006,AUS,27339.0
BITRE-Road-Vehicles-Australia-January-2022-Re-Issue.xlsx,2022,Table 6,Light rigid trucks,To 2001a,NSW,7659.0
BITRE-Road-Vehicles-Australia-January-2022-Re-Issue.xlsx,2022,Table 6,Light rigid trucks,To 2001a,VIC,4294.0
BITRE-Road-Vehicles-Australia-January-2022-Re-Issue.xlsx,2022,Table 6,Light rigid trucks,To 2001a,QLD,6623.0
BITRE-Road-Vehicles-Australia-January-2022-Re-Issue.xlsx,2022,Table 6,Light rigid trucks,To 2001a,SA,1235.0
BITRE-Road-Vehicles-Australia-January-2022-Re-Issue.xlsx,2022,Table 6,Light rigid trucks,To 2001a,WA,2134.0
BITRE-Road-Vehicles-Australia-January-2022-Re-Issue.xlsx,2022,Table 6,Light rigid trucks,To 2001a,TAS,945.0
BITRE-Road-Vehicles-Australia-January-2022-Re-Issue.xlsx,2022,Table 6,Light rigid trucks,To 2001a,NT,312.0
BITRE-Road-Vehicles-Australia-January-2022-Re-Issue.xlsx,2022,Table 6,Light rigid trucks,To 2001a,ACT,147.0
BITRE-Road-Vehicles-Australia-January-2022-Re-Issue.xlsx,2022,Table 6,Light rigid trucks,To 2001a,AUS,23349.0
BITRE-Road-Vehicles-Australia-January-2022-Re-Issue.xlsx,2022,Table 6,Heavy rigid trucks,2017 - 2022,NSW,22474.0
BITRE-Road-Vehicles-Australia-January-2022-Re-Issue.xlsx,2022,Table 6,Heavy rigid trucks,2017 - 2022,VIC,17938.0
BITRE-Road-Vehicles-Australia-January-2022-Re-Issue.xlsx,2022,Table 6,Heavy rigid trucks,2017 - 2022,QLD,16399.0
BITRE-Road-Vehicles-Australia-January-2022-Re-Issue.xlsx,2022,Table 6,Heavy rigid trucks,2017 - 2022,SA,4738.0
BITRE-Road-Vehicles-Australia-January-2022-Re-Issue.xlsx,2022,Table 6,Heavy rigid trucks,2017 - 2022,WA,8275.0
BITRE-Road-Vehicles-Australia-January-2022-Re-Issue.xlsx,2022,Table 6,Heavy rigid trucks,2017 - 2022,TAS,1690.0
BITRE-Road-Vehicles-Australia-January-2022-Re-Issue.xlsx,2022,Table 6,Heavy rigid trucks,2017 - 2022,NT,815.0
BITRE-Road-Vehicles-Australia-January-2022-Re-Issue.xlsx,2022,Table 6,Heavy rigid trucks,2017 - 2022,ACT,472.0
BITRE-Road-Vehicles-Australia-January-2022-Re-Issue.xlsx,2022,Table 6,Heavy rigid trucks,2017 - 2022,AUS,72801.0
BITRE-Road-Vehicles-Australia-January-2022-Re-Issue.xlsx,2022,Table 6,Heavy rigid trucks,2012 - 2016,NSW,19049.0
BITRE-Road-Vehicles-Australia-January-2022-Re-Issue.xlsx,2022,Table 6,Heavy rigid trucks,2012 - 2016,VIC,14967.0
BITRE-Road-Vehicles-Australia-January-2022-Re-Issue.xlsx,2022,Table 6,Heavy rigid trucks,2012 - 2016,QLD,13806.0
BITRE-Road-Vehicles-Australia-January-2022-Re-Issue.xlsx,2022,Table 6,Heavy rigid trucks,2012 - 2016,SA,3790.0
BITRE-Road-Vehicles-Australia-January-2022-Re-Issue.xlsx,2022,Table 6,Heavy rigid trucks,2012 - 2016,WA,9007.0
BITRE-Road-Vehicles-Australia-January-2022-Re-Issue.xlsx,2022,Table 6,Heavy rigid trucks,2012 - 2016,TAS,1386.0
BITRE-Road-Vehicles-Australia-January-2022-Re-Issue.xlsx,2022,Table 6,Heavy rigid trucks,2012 - 2016,NT,907.0
BITRE-Road-Vehicles-Australia-January-2022-Re-Issue.xlsx,2022,Table 6,Heavy rigid trucks,2012 - 2016,ACT,398.0
BITRE-Road-Vehicles-Australia-January-2022-Re-Issue.xlsx,2022,Table 6,Heavy rigid trucks,2012 - 2016,AUS,63310.0
BITRE-Road-Vehicles-Australia-January-2022-Re-Issue.xlsx,2022,Table 6,Heavy rigid trucks,2007 - 2011,NSW,19894.0
BITRE-Road-Vehicles-Australia-January-2022-Re-Issue.xlsx,2022,Table 6,Heavy rigid trucks,2007 - 2011,VIC,16093.0
BITRE-Road-Vehicles-Australia-January-2022-Re-Issue.xlsx,2022,Table 6,Heavy rigid trucks,2007 - 2011,QLD,14989.0
BITRE-Road-Vehicles-Australia-January-2022-Re-Issue.xlsx,2022,Table 6,Heavy rigid trucks,2007 - 2011,SA,4324.0
BITRE-Road-Vehicles-Australia-January-2022-Re-Issue.xlsx,2022,Table 6,Heavy rigid trucks,2007 - 2011,WA,11260.0
BITRE-Road-Vehicles-Australia-January-2022-Re-Issue.xlsx,2022,Table 6,Heavy rigid trucks,2007 - 2011,TAS,1685.0
BITRE-Road-Vehicles-Australia-January-2022-Re-Issue.xlsx,2022,Table 6,Heavy rigid trucks,2007 - 2011,NT,1127.0
BITRE-Road-Vehicles-Australia-January-2022-Re-Issue.xlsx,2022,Table 6,Heavy rigid trucks,2007 - 2011,ACT,382.0
BITRE-Road-Vehicles-Australia-January-2022-Re-Issue.xlsx,2022,Table 6,Heavy rigid trucks,2007 - 2011,AUS,69754.0
BITRE-Road-Vehicles-Australia-January-2022-Re-Issue.xlsx,2022,Table 6,Heavy rigid trucks,2002 - 2006,NSW,17388.0
BITRE-Road-Vehicles-Australia-January-2022-Re-Issue.xlsx,2022,Table 6,Heavy rigid trucks,2002 - 2006,VIC,13981.0
BITRE-Road-Vehicles-Australia-January-2022-Re-Issue.xlsx,2022,Table 6,Heavy rigid trucks,2002 - 2006,QLD,12626.0
BITRE-Road-Vehicles-Australia-January-2022-Re-Issue.xlsx,2022,Table 6,Heavy rigid trucks,2002 - 2006,SA,3649.0
BITRE-Road-Vehicles-Australia-January-2022-Re-Issue.xlsx,2022,Table 6,Heavy rigid trucks,2002 - 2006,WA,8123.0
BITRE-Road-Vehicles-Australia-January-2022-Re-Issue.xlsx,2022,Table 6,Heavy rigid trucks,2002 - 2006,TAS,1578.0
BITRE-Road-Vehicles-Australia-January-2022-Re-Issue.xlsx,2022,Table 6,Heavy rigid trucks,2002 - 2006,NT,798.0
BITRE-Road-Vehicles-Australia-January-2022-Re-Issue.xlsx,2022,Table 6,Heavy rigid trucks,2002 - 2006,ACT,260.0
BITRE-Road-Vehicles-Australia-January-2022-Re-Issue.xlsx,2022,Table 6,Heavy rigid trucks,2002 - 2006,AUS,58403.0
BITRE-Road-Vehicles-Australia-January-2022-Re-Issue.xlsx,2022,Table 6,Heavy rigid trucks,To 2001a,NSW,27338.0
BITRE-Road-Vehicles-Australia-January-2022-Re-Issue.xlsx,2022,Table 6,Heavy rigid trucks,To 2001a,VIC,27904.0
BITRE-Road-Vehicles-Australia-January-2022-Re-Issue.xlsx,2022,Table 6,Heavy rigid trucks,To 2001a,QLD,21682.0
BITRE-Road-Vehicles-Australia-January-2022-Re-Issue.xlsx,2022,Table 6,Heavy rigid trucks,To 2001a,SA,9333.0
BITRE-Road-Vehicles-Australia-January-2022-Re-Issue.xlsx,2022,Table 6,Heavy rigid trucks,To 2001a,WA,21048.0
BITRE-Road-Vehicles-Australia-January-2022-Re-Issue.xlsx,2022,Table 6,Heavy rigid trucks,To 2001a,TAS,4017.0
BITRE-Road-Vehicles-Australia-January-2022-Re-Issue.xlsx,2022,Table 6,Heavy rigid trucks,To 2001a,NT,1200.0
BITRE-Road-Vehicles-Australia-January-2022-Re-Issue.xlsx,2022,Table 6,Heavy rigid trucks,To 2001a,ACT,244.0
BITRE-Road-Vehicles-Australia-January-2022-Re-Issue.xlsx,2022,Table 6,Heavy rigid trucks,To 2001a,AUS,112766.0
BITRE-Road-Vehicles-Australia-January-2022-Re-Issue.xlsx,2022,Table 6,Articulated trucks,2017 - 2022,NSW,7488.0
BITRE-Road-Vehicles-Australia-January-2022-Re-Issue.xlsx,2022,Table 6,Articulated trucks,2017 - 2022,VIC,9678.0
BITRE-Road-Vehicles-Australia-January-2022-Re-Issue.xlsx,2022,Table 6,Articulated trucks,2017 - 2022,QLD,7270.0
BITRE-Road-Vehicles-Australia-January-2022-Re-Issue.xlsx,2022,Table 6,Articulated trucks,2017 - 2022,SA,2479.0
BITRE-Road-Vehicles-Australia-January-2022-Re-Issue.xlsx,2022,Table 6,Articulated trucks,2017 - 2022,WA,3756.0
BITRE-Road-Vehicles-Australia-January-2022-Re-Issue.xlsx,2022,Table 6,Articulated trucks,2017 - 2022,TAS,607.0
BITRE-Road-Vehicles-Australia-January-2022-Re-Issue.xlsx,2022,Table 6,Articulated trucks,2017 - 2022,NT,254.0
BITRE-Road-Vehicles-Australia-January-2022-Re-Issue.xlsx,2022,Table 6,Articulated trucks,2017 - 2022,ACT,37.0
BITRE-Road-Vehicles-Australia-January-2022-Re-Issue.xlsx,2022,Table 6,Articulated trucks,2017 - 2022,AUS,31569.0
BITRE-Road-Vehicles-Australia-January-2022-Re-Issue.xlsx,2022,Table 6,Articulated trucks,2012 - 2016,NSW,6135.0
BITRE-Road-Vehicles-Australia-January-2022-Re-Issue.xlsx,2022,Table 6,Articulated trucks,2012 - 2016,VIC,7026.0
BITRE-Road-Vehicles-Australia-January-2022-Re-Issue.xlsx,2022,Table 6,Articulated trucks,2012 - 2016,QLD,5568.0
BITRE-Road-Vehicles-Australia-January-2022-Re-Issue.xlsx,2022,Table 6,Articulated trucks,2012 - 2016,SA,2146.0
BITRE-Road-Vehicles-Australia-January-2022-Re-Issue.xlsx,2022,Table 6,Articulated trucks,2012 - 2016,WA,3847.0
BITRE-Road-Vehicles-Australia-January-2022-Re-Issue.xlsx,2022,Table 6,Articulated trucks,2012 - 2016,TAS,523.0
BITRE-Road-Vehicles-Australia-January-2022-Re-Issue.xlsx,2022,Table 6,Articulated trucks,2012 - 2016,NT,285.0
BITRE-Road-Vehicles-Australia-January-2022-Re-Issue.xlsx,2022,Table 6,Articulated trucks,2012 - 2016,ACT,55.0
BITRE-Road-Vehicles-Australia-January-2022-Re-Issue.xlsx,2022,Table 6,Articulated trucks,2012 - 2016,AUS,25585.0
BITRE-Road-Vehicles-Australia-January-2022-Re-Issue.xlsx,2022,Table 6,Articulated trucks,2007 - 2011,NSW,4854.0
BITRE-Road-Vehicles-Australia-January-2022-Re-Issue.xlsx,2022,Table 6,Articulated trucks,2007 - 2011,VIC,5369.0
BITRE-Road-Vehicles-Australia-January-2022-Re-Issue.xlsx,2022,Table 6,Articulated trucks,2007 - 2011,QLD,4494.0
BITRE-Road-Vehicles-Australia-January-2022-Re-Issue.xlsx,2022,Table 6,Articulated trucks,2007 - 2011,SA,1874.0
BITRE-Road-Vehicles-Australia-January-2022-Re-Issue.xlsx,2022,Table 6,Articulated trucks,2007 - 2011,WA,3634.0
BITRE-Road-Vehicles-Australia-January-2022-Re-Issue.xlsx,2022,Table 6,Articulated trucks,2007 - 2011,TAS,382.0
BITRE-Road-Vehicles-Australia-January-2022-Re-Issue.xlsx,2022,Table 6,Articulated trucks,2007 - 2011,NT,288.0
BITRE-Road-Vehicles-Australia-January-2022-Re-Issue.xlsx,2022,Table 6,Articulated trucks,2007 - 2011,ACT,40.0
BITRE-Road-Vehicles-Australia-January-2022-Re-Issue.xlsx,2022,Table 6,Articulated trucks,2007 - 2011,AUS,20935.0
BITRE-Road-Vehicles-Australia-January-2022-Re-Issue.xlsx,2022,Table 6,Articulated trucks,2002 - 2006,NSW,3810.0
BITRE-Road-Vehicles-Australia-January-2022-Re-Issue.xlsx,2022,Table 6,Articulated trucks,2002 - 2006,VIC,4239.0
BITRE-Road-Vehicles-Australia-January-2022-Re-Issue.xlsx,2022,Table 6,Articulated trucks,2002 - 2006,QLD,3488.0
BITRE-Road-Vehicles-Australia-January-2022-Re-Issue.xlsx,2022,Table 6,Articulated trucks,2002 - 2006,SA,1420.0
BITRE-Road-Vehicles-Australia-January-2022-Re-Issue.xlsx,2022,Table 6,Articulated trucks,2002 - 2006,WA,2995.0
BITRE-Road-Vehicles-Australia-January-2022-Re-Issue.xlsx,2022,Table 6,Articulated trucks,2002 - 2006,TAS,350.0
BITRE-Road-Vehicles-Australia-January-2022-Re-Issue.xlsx,2022,Table 6,Articulated trucks,2002 - 2006,NT,214.0
BITRE-Road-Vehicles-Australia-January-2022-Re-Issue.xlsx,2022,Table 6,Articulated trucks,2002 - 2006,ACT,38.0
BITRE-Road-Vehicles-Australia-January-2022-Re-Issue.xlsx,2022,Table 6,Articulated trucks,2002 - 2006,AUS,16554.0
BITRE-Road-Vehicles-Australia-January-2022-Re-Issue.xlsx,2022,Table 6,Articulated trucks,To 2001a,NSW,4507.0
BITRE-Road-Vehicles-Australia-January-2022-Re-Issue.xlsx,2022,Table 6,Articulated trucks,To 2001a,VIC,6323.0
BITRE-Road-Vehicles-Australia-January-2022-Re-Issue.xlsx,2022,Table 6,Articulated trucks,To 2001a,QLD,4247.0
BITRE-Road-Vehicles-Australia-January-2022-Re-Issue.xlsx,2022,Table 6,Articulated trucks,To 2001a,SA,1898.0
BITRE-Road-Vehicles-Australia-January-2022-Re-Issue.xlsx,2022,Table 6,Articulated trucks,To 2001a,WA,3426.0
BITRE-Road-Vehicles-Australia-January-2022-Re-Issue.xlsx,2022,Table 6,Articulated trucks,To 2001a,TAS,343.0
BITRE-Road-Vehicles-Australia-January-2022-Re-Issue.xlsx,2022,Table 6,Articulated trucks,To 2001a,NT,244.0
BITRE-Road-Vehicles-Australia-January-2022-Re-Issue.xlsx,2022,Table 6,Articulated trucks,To 2001a,ACT,19.0
BITRE-Road-Vehicles-Australia-January-2022-Re-Issue.xlsx,2022,Table 6,Articulated trucks,To 2001a,AUS,21007.0
BITRE-Road-Vehicles-Australia-January-2022-Re-Issue.xlsx,2022,Table 6,Non-freight-carrying vehicles,2017 - 2022,NSW,1971.0
BITRE-Road-Vehicles-Australia-January-2022-Re-Issue.xlsx,2022,Table 6,Non-freight-carrying vehicles,2017 - 2022,VIC,2444.0
BITRE-Road-Vehicles-Australia-January-2022-Re-Issue.xlsx,2022,Table 6,Non-freight-carrying vehicles,2017 - 2022,QLD,1445.0
BITRE-Road-Vehicles-Australia-January-2022-Re-Issue.xlsx,2022,Table 6,Non-freight-carrying vehicles,2017 - 2022,SA,1221.0
BITRE-Road-Vehicles-Australia-January-2022-Re-Issue.xlsx,2022,Table 6,Non-freight-carrying vehicles,2017 - 2022,WA,1464.0
BITRE-Road-Vehicles-Australia-January-2022-Re-Issue.xlsx,2022,Table 6,Non-freight-carrying vehicles,2017 - 2022,TAS,216.0
BITRE-Road-Vehicles-Australia-January-2022-Re-Issue.xlsx,2022,Table 6,Non-freight-carrying vehicles,2017 - 2022,NT,88.0
BITRE-Road-Vehicles-Australia-January-2022-Re-Issue.xlsx,2022,Table 6,Non-freight-carrying vehicles,2017 - 2022,ACT,43.0
BITRE-Road-Vehicles-Australia-January-2022-Re-Issue.xlsx,2022,Table 6,Non-freight-carrying vehicles,2017 - 2022,AUS,8892.0
BITRE-Road-Vehicles-Australia-January-2022-Re-Issue.xlsx,2022,Table 6,Non-freight-carrying vehicles,2012 - 2016,NSW,1355.0
BITRE-Road-Vehicles-Australia-January-2022-Re-Issue.xlsx,2022,Table 6,Non-freight-carrying vehicles,2012 - 2016,VIC,2440.0
BITRE-Road-Vehicles-Australia-January-2022-Re-Issue.xlsx,2022,Table 6,Non-freight-carrying vehicles,2012 - 2016,QLD,1538.0
BITRE-Road-Vehicles-Australia-January-2022-Re-Issue.xlsx,2022,Table 6,Non-freight-carrying vehicles,2012 - 2016,SA,779.0
BITRE-Road-Vehicles-Australia-January-2022-Re-Issue.xlsx,2022,Table 6,Non-freight-carrying vehicles,2012 - 2016,WA,1563.0
BITRE-Road-Vehicles-Australia-January-2022-Re-Issue.xlsx,2022,Table 6,Non-freight-carrying vehicles,2012 - 2016,TAS,152.0
BITRE-Road-Vehicles-Australia-January-2022-Re-Issue.xlsx,2022,Table 6,Non-freight-carrying vehicles,2012 - 2016,NT,71.0
BITRE-Road-Vehicles-Australia-January-2022-Re-Issue.xlsx,2022,Table 6,Non-freight-carrying vehicles,2012 - 2016,ACT,37.0
BITRE-Road-Vehicles-Australia-January-2022-Re-Issue.xlsx,2022,Table 6,Non-freight-carrying vehicles,2012 - 2016,AUS,7935.0
BITRE-Road-Vehicles-Australia-January-2022-Re-Issue.xlsx,2022,Table 6,Non-freight-carrying vehicles,2007 - 2011,NSW,1261.0
BITRE-Road-Vehicles-Australia-January-2022-Re-Issue.xlsx,2022,Table 6,Non-freight-carrying vehicles,2007 - 2011,VIC,1920.0
BITRE-Road-Vehicles-Australia-January-2022-Re-Issue.xlsx,2022,Table 6,Non-freight-carrying vehicles,2007 - 2011,QLD,1396.0
BITRE-Road-Vehicles-Australia-January-2022-Re-Issue.xlsx,2022,Table 6,Non-freight-carrying vehicles,2007 - 2011,SA,610.0
BITRE-Road-Vehicles-Australia-January-2022-Re-Issue.xlsx,2022,Table 6,Non-freight-carrying vehicles,2007 - 2011,WA,1521.0
BITRE-Road-Vehicles-Australia-January-2022-Re-Issue.xlsx,2022,Table 6,Non-freight-carrying vehicles,2007 - 2011,TAS,185.0
BITRE-Road-Vehicles-Australia-January-2022-Re-Issue.xlsx,2022,Table 6,Non-freight-carrying vehicles,2007 - 2011,NT,89.0
BITRE-Road-Vehicles-Australia-January-2022-Re-Issue.xlsx,2022,Table 6,Non-freight-carrying vehicles,2007 - 2011,ACT,49.0
BITRE-Road-Vehicles-Australia-January-2022-Re-Issue.xlsx,2022,Table 6,Non-freight-carrying vehicles,2007 - 2011,AUS,7031.0
BITRE-Road-Vehicles-Australia-January-2022-Re-Issue.xlsx,2022,Table 6,Non-freight-carrying vehicles,2002 - 2006,NSW,953.0
BITRE-Road-Vehicles-Australia-January-2022-Re-Issue.xlsx,2022,Table 6,Non-freight-carrying vehicles,2002 - 2006,VIC,1401.0
BITRE-Road-Vehicles-Australia-January-2022-Re-Issue.xlsx,2022,Table 6,Non-freight-carrying vehicles,2002 - 2006,QLD,871.0
BITRE-Road-Vehicles-Australia-January-2022-Re-Issue.xlsx,2022,Table 6,Non-freight-carrying vehicles,2002 - 2006,SA,443.0
BITRE-Road-Vehicles-Australia-January-2022-Re-Issue.xlsx,2022,Table 6,Non-freight-carrying vehicles,2002 - 2006,WA,867.0
BITRE-Road-Vehicles-Australia-January-2022-Re-Issue.xlsx,2022,Table 6,Non-freight-carrying vehicles,2002 - 2006,TAS,178.0
BITRE-Road-Vehicles-Australia-January-2022-Re-Issue.xlsx,2022,Table 6,Non-freight-carrying vehicles,2002 - 2006,NT,48.0
BITRE-Road-Vehicles-Australia-January-2022-Re-Issue.xlsx,2022,Table 6,Non-freight-carrying vehicles,2002 - 2006,ACT,25.0
BITRE-Road-Vehicles-Australia-January-2022-Re-Issue.xlsx,2022,Table 6,Non-freight-carrying vehicles,2002 - 2006,AUS,4786.0
BITRE-Road-Vehicles-Australia-January-2022-Re-Issue.xlsx,2022,Table 6,Non-freight-carrying vehicles,To 2001a,NSW,1174.0
BITRE-Road-Vehicles-Australia-January-2022-Re-Issue.xlsx,2022,Table 6,Non-freight-carrying vehicles,To 2001a,VIC,2711.0
BITRE-Road-Vehicles-Australia-January-2022-Re-Issue.xlsx,2022,Table 6,Non-freight-carrying vehicles,To 2001a,QLD,1139.0
BITRE-Road-Vehicles-Australia-January-2022-Re-Issue.xlsx,2022,Table 6,Non-freight-carrying vehicles,To 2001a,SA,727.0
BITRE-Road-Vehicles-Australia-January-2022-Re-Issue.xlsx,2022,Table 6,Non-freight-carrying vehicles,To 2001a,WA,1654.0
BITRE-Road-Vehicles-Australia-January-2022-Re-Issue.xlsx,2022,Table 6,Non-freight-carrying vehicles,To 2001a,TAS,302.0
BITRE-Road-Vehicles-Australia-January-2022-Re-Issue.xlsx,2022,Table 6,Non-freight-carrying vehicles,To 2001a,NT,95.0
BITRE-Road-Vehicles-Australia-January-2022-Re-Issue.xlsx,2022,Table 6,Non-freight-carrying vehicles,To 2001a,ACT,13.0
BITRE-Road-Vehicles-Australia-January-2022-Re-Issue.xlsx,2022,Table 6,Non-freight-carrying vehicles,To 2001a,AUS,7815.0
BITRE-Road-Vehicles-Australia-January-2022-Re-Issue.xlsx,2022,Table 6,Buses,2017 - 2022,NSW,5947.0
BITRE-Road-Vehicles-Australia-January-2022-Re-Issue.xlsx,2022,Table 6,Buses,2017 - 2022,VIC,4489.0
BITRE-Road-Vehicles-Australia-January-2022-Re-Issue.xlsx,2022,Table 6,Buses,2017 - 2022,QLD,4650.0
BITRE-Road-Vehicles-Australia-January-2022-Re-Issue.xlsx,2022,Table 6,Buses,2017 - 2022,SA,1310.0
BITRE-Road-Vehicles-Australia-January-2022-Re-Issue.xlsx,2022,Table 6,Buses,2017 - 2022,WA,3869.0
BITRE-Road-Vehicles-Australia-January-2022-Re-Issue.xlsx,2022,Table 6,Buses,2017 - 2022,TAS,556.0
BITRE-Road-Vehicles-Australia-January-2022-Re-Issue.xlsx,2022,Table 6,Buses,2017 - 2022,NT,759.0
BITRE-Road-Vehicles-Australia-January-2022-Re-Issue.xlsx,2022,Table 6,Buses,2017 - 2022,ACT,307.0
BITRE-Road-Vehicles-Australia-January-2022-Re-Issue.xlsx,2022,Table 6,Buses,2017 - 2022,AUS,21887.0
BITRE-Road-Vehicles-Australia-January-2022-Re-Issue.xlsx,2022,Table 6,Buses,2012 - 2016,NSW,6050.0
BITRE-Road-Vehicles-Australia-January-2022-Re-Issue.xlsx,2022,Table 6,Buses,2012 - 2016,VIC,4542.0
BITRE-Road-Vehicles-Australia-January-2022-Re-Issue.xlsx,2022,Table 6,Buses,2012 - 2016,QLD,4973.0
BITRE-Road-Vehicles-Australia-January-2022-Re-Issue.xlsx,2022,Table 6,Buses,2012 - 2016,SA,1409.0
BITRE-Road-Vehicles-Australia-January-2022-Re-Issue.xlsx,2022,Table 6,Buses,2012 - 2016,WA,3668.0
BITRE-Road-Vehicles-Australia-January-2022-Re-Issue.xlsx,2022,Table 6,Buses,2012 - 2016,TAS,525.0
BITRE-Road-Vehicles-Australia-January-2022-Re-Issue.xlsx,2022,Table 6,Buses,2012 - 2016,NT,680.0
BITRE-Road-Vehicles-Australia-January-2022-Re-Issue.xlsx,2022,Table 6,Buses,2012 - 2016,ACT,253.0
BITRE-Road-Vehicles-Australia-January-2022-Re-Issue.xlsx,2022,Table 6,Buses,2012 - 2016,AUS,22100.0
BITRE-Road-Vehicles-Australia-January-2022-Re-Issue.xlsx,2022,Table 6,Buses,2007 - 2011,NSW,7274.0
BITRE-Road-Vehicles-Australia-January-2022-Re-Issue.xlsx,2022,Table 6,Buses,2007 - 2011,VIC,4684.0
BITRE-Road-Vehicles-Australia-January-2022-Re-Issue.xlsx,2022,Table 6,Buses,2007 - 2011,QLD,5706.0
BITRE-Road-Vehicles-Australia-January-2022-Re-Issue.xlsx,2022,Table 6,Buses,2007 - 2011,SA,1386.0
BITRE-Road-Vehicles-Australia-January-2022-Re-Issue.xlsx,2022,Table 6,Buses,2007 - 2011,WA,3535.0
BITRE-Road-Vehicles-Australia-January-2022-Re-Issue.xlsx,2022,Table 6,Buses,2007 - 2011,TAS,639.0
BITRE-Road-Vehicles-Australia-January-2022-Re-Issue.xlsx,2022,Table 6,Buses,2007 - 2011,NT,634.0
BITRE-Road-Vehicles-Australia-January-2022-Re-Issue.xlsx,2022,Table 6,Buses,2007 - 2011,ACT,248.0
BITRE-Road-Vehicles-Australia-January-2022-Re-Issue.xlsx,2022,Table 6,Buses,2007 - 2011,AUS,24106.0
BITRE-Road-Vehicles-Australia-January-2022-Re-Issue.xlsx,2022,Table 6,Buses,2002 - 2006,NSW,3371.0
BITRE-Road-Vehicles-Australia-January-2022-Re-Issue.xlsx,2022,Table 6,Buses,2002 - 2006,VIC,2905.0
BITRE-Road-Vehicles-Australia-January-2022-Re-Issue.xlsx,2022,Table 6,Buses,2002 - 2006,QLD,2900.0
BITRE-Road-Vehicles-Australia-January-2022-Re-Issue.xlsx,2022,Table 6,Buses,2002 - 2006,SA,920.0
BITRE-Road-Vehicles-Australia-January-2022-Re-Issue.xlsx,2022,Table 6,Buses,2002 - 2006,WA,1657.0
BITRE-Road-Vehicles-Australia-January-2022-Re-Issue.xlsx,2022,Table 6,Buses,2002 - 2006,TAS,411.0
BITRE-Road-Vehicles-Australia-January-2022-Re-Issue.xlsx,2022,Table 6,Buses,2002 - 2006,NT,295.0
BITRE-Road-Vehicles-Australia-January-2022-Re-Issue.xlsx,2022,Table 6,Buses,2002 - 2006,ACT,133.0
BITRE-Road-Vehicles-Australia-January-2022-Re-Issue.xlsx,2022,Table 6,Buses,2002 - 2006,AUS,12592.0
BITRE-Road-Vehicles-Australia-January-2022-Re-Issue.xlsx,2022,Table 6,Buses,To 2001a,NSW,3614.0
BITRE-Road-Vehicles-Australia-January-2022-Re-Issue.xlsx,2022,Table 6,Buses,To 2001a,VIC,3525.0
BITRE-Road-Vehicles-Australia-January-2022-Re-Issue.xlsx,2022,Table 6,Buses,To 2001a,QLD,2960.0
BITRE-Road-Vehicles-Australia-January-2022-Re-Issue.xlsx,2022,Table 6,Buses,To 2001a,SA,1173.0
BITRE-Road-Vehicles-Australia-January-2022-Re-Issue.xlsx,2022,Table 6,Buses,To 2001a,WA,2314.0
BITRE-Road-Vehicles-Australia-January-2022-Re-Issue.xlsx,2022,Table 6,Buses,To 2001a,TAS,831.0
BITRE-Road-Vehicles-Australia-January-2022-Re-Issue.xlsx,2022,Table 6,Buses,To 2001a,NT,235.0
BITRE-Road-Vehicles-Australia-January-2022-Re-Issue.xlsx,2022,Table 6,Buses,To 2001a,ACT,130.0
BITRE-Road-Vehicles-Australia-January-2022-Re-Issue.xlsx,2022,Table 6,Buses,To 2001a,AUS,14782.0
BITRE-Road-Vehicles-Australia-January-2022-Re-Issue.xlsx,2022,Table 6,Motorcycles,2017 - 2022,NSW,88028.0
BITRE-Road-Vehicles-Australia-January-2022-Re-Issue.xlsx,2022,Table 6,Motorcycles,2017 - 2022,VIC,50996.0
BITRE-Road-Vehicles-Australia-January-2022-Re-Issue.xlsx,2022,Table 6,Motorcycles,2017 - 2022,QLD,56696.0
BITRE-Road-Vehicles-Australia-January-2022-Re-Issue.xlsx,2022,Table 6,Motorcycles,2017 - 2022,SA,14667.0
BITRE-Road-Vehicles-Australia-January-2022-Re-Issue.xlsx,2022,Table 6,Motorcycles,2017 - 2022,WA,21581.0
BITRE-Road-Vehicles-Australia-January-2022-Re-Issue.xlsx,2022,Table 6,Motorcycles,2017 - 2022,TAS,3995.0
BITRE-Road-Vehicles-Australia-January-2022-Re-Issue.xlsx,2022,Table 6,Motorcycles,2017 - 2022,NT,1973.0
BITRE-Road-Vehicles-Australia-January-2022-Re-Issue.xlsx,2022,Table 6,Motorcycles,2017 - 2022,ACT,3833.0
BITRE-Road-Vehicles-Australia-January-2022-Re-Issue.xlsx,2022,Table 6,Motorcycles,2017 - 2022,AUS,241769.0
BITRE-Road-Vehicles-Australia-January-2022-Re-Issue.xlsx,2022,Table 6,Motorcycles,2012 - 2016,NSW,76219.0
BITRE-Road-Vehicles-Australia-January-2022-Re-Issue.xlsx,2022,Table 6,Motorcycles,2012 - 2016,VIC,47547.0
BITRE-Road-Vehicles-Australia-January-2022-Re-Issue.xlsx,2022,Table 6,Motorcycles,2012 - 2016,QLD,58500.0
BITRE-Road-Vehicles-Australia-January-2022-Re-Issue.xlsx,2022,Table 6,Motorcycles,2012 - 2016,SA,14395.0
BITRE-Road-Vehicles-Australia-January-2022-Re-Issue.xlsx,2022,Table 6,Motorcycles,2012 - 2016,WA,31305.0
BITRE-Road-Vehicles-Australia-January-2022-Re-Issue.xlsx,2022,Table 6,Motorcycles,2012 - 2016,TAS,5105.0
BITRE-Road-Vehicles-Australia-January-2022-Re-Issue.xlsx,2022,Table 6,Motorcycles,2012 - 2016,NT,1756.0
BITRE-Road-Vehicles-Australia-January-2022-Re-Issue.xlsx,2022,Table 6,Motorcycles,2012 - 2016,ACT,3665.0
BITRE-Road-Vehicles-Australia-January-2022-Re-Issue.xlsx,2022,Table 6,Motorcycles,2012 - 2016,AUS,238492.0
BITRE-Road-Vehicles-Australia-January-2022-Re-Issue.xlsx,2022,Table 6,Motorcycles,2007 - 2011,NSW,55942.0
BITRE-Road-Vehicles-Australia-January-2022-Re-Issue.xlsx,2022,Table 6,Motorcycles,2007 - 2011,VIC,42077.0
BITRE-Road-Vehicles-Australia-January-2022-Re-Issue.xlsx,2022,Table 6,Motorcycles,2007 - 2011,QLD,47782.0
BITRE-Road-Vehicles-Australia-January-2022-Re-Issue.xlsx,2022,Table 6,Motorcycles,2007 - 2011,SA,13282.0
BITRE-Road-Vehicles-Australia-January-2022-Re-Issue.xlsx,2022,Table 6,Motorcycles,2007 - 2011,WA,30780.0
BITRE-Road-Vehicles-Australia-January-2022-Re-Issue.xlsx,2022,Table 6,Motorcycles,2007 - 2011,TAS,4962.0
BITRE-Road-Vehicles-Australia-January-2022-Re-Issue.xlsx,2022,Table 6,Motorcycles,2007 - 2011,NT,1134.0
BITRE-Road-Vehicles-Australia-January-2022-Re-Issue.xlsx,2022,Table 6,Motorcycles,2007 - 2011,ACT,2877.0
BITRE-Road-Vehicles-Australia-January-2022-Re-Issue.xlsx,2022,Table 6,Motorcycles,2007 - 2011,AUS,198836.0
BITRE-Road-Vehicles-Australia-January-2022-Re-Issue.xlsx,2022,Table 6,Motorcycles,2002 - 2006,NSW,31218.0
BITRE-Road-Vehicles-Australia-January-2022-Re-Issue.xlsx,2022,Table 6,Motorcycles,2002 - 2006,VIC,26084.0
BITRE-Road-Vehicles-Australia-January-2022-Re-Issue.xlsx,2022,Table 6,Motorcycles,2002 - 2006,QLD,30709.0
BITRE-Road-Vehicles-Australia-January-2022-Re-Issue.xlsx,2022,Table 6,Motorcycles,2002 - 2006,SA,7915.0
BITRE-Road-Vehicles-Australia-January-2022-Re-Issue.xlsx,2022,Table 6,Motorcycles,2002 - 2006,WA,16608.0
BITRE-Road-Vehicles-Australia-January-2022-Re-Issue.xlsx,2022,Table 6,Motorcycles,2002 - 2006,TAS,3060.0
BITRE-Road-Vehicles-Australia-January-2022-Re-Issue.xlsx,2022,Table 6,Motorcycles,2002 - 2006,NT,518.0
BITRE-Road-Vehicles-Australia-January-2022-Re-Issue.xlsx,2022,Table 6,Motorcycles,2002 - 2006,ACT,1580.0
BITRE-Road-Vehicles-Australia-January-2022-Re-Issue.xlsx,2022,Table 6,Motorcycles,2002 - 2006,AUS,117692.0
BITRE-Road-Vehicles-Australia-January-2022-Re-Issue.xlsx,2022,Table 6,Motorcycles,To 2001a,NSW,30168.0
BITRE-Road-Vehicles-Australia-January-2022-Re-Issue.xlsx,2022,Table 6,Motorcycles,To 2001a,VIC,35797.0
BITRE-Road-Vehicles-Australia-January-2022-Re-Issue.xlsx,2022,Table 6,Motorcycles,To 2001a,QLD,35183.0
BITRE-Road-Vehicles-Australia-January-2022-Re-Issue.xlsx,2022,Table 6,Motorcycles,To 2001a,SA,11613.0
BITRE-Road-Vehicles-Australia-January-2022-Re-Issue.xlsx,2022,Table 6,Motorcycles,To 2001a,WA,25179.0
BITRE-Road-Vehicles-Australia-January-2022-Re-Issue.xlsx,2022,Table 6,Motorcycles,To 2001a,TAS,3374.0
BITRE-Road-Vehicles-Australia-January-2022-Re-Issue.xlsx,2022,Table 6,Motorcycles,To 2001a,NT,543.0
BITRE-Road-Vehicles-Australia-January-2022-Re-Issue.xlsx,2022,Table 6,Motorcycles,To 2001a,ACT,1810.0
BITRE-Road-Vehicles-Australia-January-2022-Re-Issue.xlsx,2022,Table 6,Motorcycles,To 2001a,AUS,143667.0
BITRE-Road-Vehicles-Australia-January-2022-Re-Issue.xlsx,2022,Table 6,Total motor vehicles,2017 - 2022,NSW,1742715.0
BITRE-Road-Vehicles-Australia-January-2022-Re-Issue.xlsx,2022,Table 6,Total motor vehicles,2017 - 2022,VIC,1384872.0
BITRE-Road-Vehicles-Australia-January-2022-Re-Issue.xlsx,2022,Table 6,Total motor vehicles,2017 - 2022,QLD,1166319.0
BITRE-Road-Vehicles-Australia-January-2022-Re-Issue.xlsx,2022,Table 6,Total motor vehicles,2017 - 2022,SA,351529.0
BITRE-Road-Vehicles-Australia-January-2022-Re-Issue.xlsx,2022,Table 6,Total motor vehicles,2017 - 2022,WA,543840.0
BITRE-Road-Vehicles-Australia-January-2022-Re-Issue.xlsx,2022,Table 6,Total motor vehicles,2017 - 2022,TAS,108752.0
BITRE-Road-Vehicles-Australia-January-2022-Re-Issue.xlsx,2022,Table 6,Total motor vehicles,2017 - 2022,NT,46916.0
BITRE-Road-Vehicles-Australia-January-2022-Re-Issue.xlsx,2022,Table 6,Total motor vehicles,2017 - 2022,ACT,95319.0
BITRE-Road-Vehicles-Australia-January-2022-Re-Issue.xlsx,2022,Table 6,Total motor vehicles,2017 - 2022,AUS,5440262.0
BITRE-Road-Vehicles-Australia-January-2022-Re-Issue.xlsx,2022,Table 6,Total motor vehicles,2012 - 2016,NSW,1722053.0
BITRE-Road-Vehicles-Australia-January-2022-Re-Issue.xlsx,2022,Table 6,Total motor vehicles,2012 - 2016,VIC,1456316.0
BITRE-Road-Vehicles-Australia-January-2022-Re-Issue.xlsx,2022,Table 6,Total motor vehicles,2012 - 2016,QLD,1199930.0
BITRE-Road-Vehicles-Australia-January-2022-Re-Issue.xlsx,2022,Table 6,Total motor vehicles,2012 - 2016,SA,375608.0
BITRE-Road-Vehicles-Australia-January-2022-Re-Issue.xlsx,2022,Table 6,Total motor vehicles,2012 - 2016,WA,633486.0
BITRE-Road-Vehicles-Australia-January-2022-Re-Issue.xlsx,2022,Table 6,Total motor vehicles,2012 - 2016,TAS,118199.0
BITRE-Road-Vehicles-Australia-January-2022-Re-Issue.xlsx,2022,Table 6,Total motor vehicles,2012 - 2016,NT,46163.0
BITRE-Road-Vehicles-Australia-January-2022-Re-Issue.xlsx,2022,Table 6,Total motor vehicles,2012 - 2016,ACT,97430.0
BITRE-Road-Vehicles-Australia-January-2022-Re-Issue.xlsx,2022,Table 6,Total motor vehicles,2012 - 2016,AUS,5649185.0
BITRE-Road-Vehicles-Australia-January-2022-Re-Issue.xlsx,2022,Table 6,Total motor vehicles,2007 - 2011,NSW,1237873.0
BITRE-Road-Vehicles-Australia-January-2022-Re-Issue.xlsx,2022,Table 6,Total motor vehicles,2007 - 2011,VIC,1121959.0
BITRE-Road-Vehicles-Australia-January-2022-Re-Issue.xlsx,2022,Table 6,Total motor vehicles,2007 - 2011,QLD,951746.0
BITRE-Road-Vehicles-Australia-January-2022-Re-Issue.xlsx,2022,Table 6,Total motor vehicles,2007 - 2011,SA,322782.0
BITRE-Road-Vehicles-Australia-January-2022-Re-Issue.xlsx,2022,Table 6,Total motor vehicles,2007 - 2011,WA,550965.0
BITRE-Road-Vehicles-Australia-January-2022-Re-Issue.xlsx,2022,Table 6,Total motor vehicles,2007 - 2011,TAS,108187.0
BITRE-Road-Vehicles-Australia-January-2022-Re-Issue.xlsx,2022,Table 6,Total motor vehicles,2007 - 2011,NT,34923.0
BITRE-Road-Vehicles-Australia-January-2022-Re-Issue.xlsx,2022,Table 6,Total motor vehicles,2007 - 2011,ACT,68470.0
BITRE-Road-Vehicles-Australia-January-2022-Re-Issue.xlsx,2022,Table 6,Total motor vehicles,2007 - 2011,AUS,4396905.0
BITRE-Road-Vehicles-Australia-January-2022-Re-Issue.xlsx,2022,Table 6,Total motor vehicles,2002 - 2006,NSW,801262.0
BITRE-Road-Vehicles-Australia-January-2022-Re-Issue.xlsx,2022,Table 6,Total motor vehicles,2002 - 2006,VIC,745200.0
BITRE-Road-Vehicles-Australia-January-2022-Re-Issue.xlsx,2022,Table 6,Total motor vehicles,2002 - 2006,QLD,643238.0
BITRE-Road-Vehicles-Australia-January-2022-Re-Issue.xlsx,2022,Table 6,Total motor vehicles,2002 - 2006,SA,245623.0
BITRE-Road-Vehicles-Australia-January-2022-Re-Issue.xlsx,2022,Table 6,Total motor vehicles,2002 - 2006,WA,355099.0
BITRE-Road-Vehicles-Australia-January-2022-Re-Issue.xlsx,2022,Table 6,Total motor vehicles,2002 - 2006,TAS,90739.0
BITRE-Road-Vehicles-Australia-January-2022-Re-Issue.xlsx,2022,Table 6,Total motor vehicles,2002 - 2006,NT,21174.0
BITRE-Road-Vehicles-Australia-January-2022-Re-Issue.xlsx,2022,Table 6,Total motor vehicles,2002 - 2006,ACT,38911.0
BITRE-Road-Vehicles-Australia-January-2022-Re-Issue.xlsx,2022,Table 6,Total motor vehicles,2002 - 2006,AUS,2941246.0
BITRE-Road-Vehicles-Australia-January-2022-Re-Issue.xlsx,2022,Table 6,Total motor vehicles,To 2001a,NSW,544385.0
BITRE-Road-Vehicles-Australia-January-2022-Re-Issue.xlsx,2022,Table 6,Total motor vehicles,To 2001a,VIC,559787.0
BITRE-Road-Vehicles-Australia-January-2022-Re-Issue.xlsx,2022,Table 6,Total motor vehicles,To 2001a,QLD,500794.0
BITRE-Road-Vehicles-Australia-January-2022-Re-Issue.xlsx,2022,Table 6,Total motor vehicles,To 2001a,SA,224225.0
BITRE-Road-Vehicles-Australia-January-2022-Re-Issue.xlsx,2022,Table 6,Total motor vehicles,To 2001a,WA,285840.0
BITRE-Road-Vehicles-Australia-January-2022-Re-Issue.xlsx,2022,Table 6,Total motor vehicles,To 2001a,TAS,94556.0
BITRE-Road-Vehicles-Australia-January-2022-Re-Issue.xlsx,2022,Table 6,Total motor vehicles,To 2001a,NT,15364.0
BITRE-Road-Vehicles-Australia-January-2022-Re-Issue.xlsx,2022,Table 6,Total motor vehicles,To 2001a,ACT,24047.0
BITRE-Road-Vehicles-Australia-January-2022-Re-Issue.xlsx,2022,Table 6,Total motor vehicles,To 2001a,AUS,2248998.0
BITRE-Road-Vehicles-Australia-January-2023-Re-Issue.xlsx,2023,Table 6,Passenger vehicles,2018 - 2023,NSW,1203692.0
BITRE-Road-Vehicles-Australia-January-2023-Re-Issue.xlsx,2023,Table 6,Passenger vehicles,2018 - 2023,VIC,980586.0
BITRE-Road-Vehicles-Australia-January-2023-Re-Issue.xlsx,2023,Table 6,Passenger vehicles,2018 - 2023,QLD,775499.0
BITRE-Road-Vehicles-Australia-January-2023-Re-Issue.xlsx,2023,Table 6,Passenger vehicles,2018 - 2023,SA,243852.0
BITRE-Road-Vehicles-Australia-January-2023-Re-Issue.xlsx,2023,Table 6,Passenger vehicles,2018 - 2023,WA,378541.0
BITRE-Road-Vehicles-Australia-January-2023-Re-Issue.xlsx,2023,Table 6,Passenger vehicles,2018 - 2023,TAS,70806.0
BITRE-Road-Vehicles-Australia-January-2023-Re-Issue.xlsx,2023,Table 6,Passenger vehicles,2018 - 2023,NT,27685.0
BITRE-Road-Vehicles-Australia-January-2023-Re-Issue.xlsx,2023,Table 6,Passenger vehicles,2018 - 2023,ACT,72410.0
BITRE-Road-Vehicles-Australia-January-2023-Re-Issue.xlsx,2023,Table 6,Passenger vehicles,2018 - 2023,AUS,3753071.0
BITRE-Road-Vehicles-Australia-January-2023-Re-Issue.xlsx,2023,Table 6,Passenger vehicles,2013 - 2017,NSW,1345812.0
BITRE-Road-Vehicles-Australia-January-2023-Re-Issue.xlsx,2023,Table 6,Passenger vehicles,2013 - 2017,VIC,1179637.0
BITRE-Road-Vehicles-Australia-January-2023-Re-Issue.xlsx,2023,Table 6,Passenger vehicles,2013 - 2017,QLD,862836.0
BITRE-Road-Vehicles-Australia-January-2023-Re-Issue.xlsx,2023,Table 6,Passenger vehicles,2013 - 2017,SA,293552.0
BITRE-Road-Vehicles-Australia-January-2023-Re-Issue.xlsx,2023,Table 6,Passenger vehicles,2013 - 2017,WA,452747.0
BITRE-Road-Vehicles-Australia-January-2023-Re-Issue.xlsx,2023,Table 6,Passenger vehicles,2013 - 2017,TAS,83157.0
BITRE-Road-Vehicles-Australia-January-2023-Re-Issue.xlsx,2023,Table 6,Passenger vehicles,2013 - 2017,NT,27451.0
BITRE-Road-Vehicles-Australia-January-2023-Re-Issue.xlsx,2023,Table 6,Passenger vehicles,2013 - 2017,ACT,83409.0
BITRE-Road-Vehicles-Australia-January-2023-Re-Issue.xlsx,2023,Table 6,Passenger vehicles,2013 - 2017,AUS,4328601.0
BITRE-Road-Vehicles-Australia-January-2023-Re-Issue.xlsx,2023,Table 6,Passenger vehicles,2008 - 2012,NSW,964621.0
BITRE-Road-Vehicles-Australia-January-2023-Re-Issue.xlsx,2023,Table 6,Passenger vehicles,2008 - 2012,VIC,908056.0
BITRE-Road-Vehicles-Australia-January-2023-Re-Issue.xlsx,2023,Table 6,Passenger vehicles,2008 - 2012,QLD,682984.0
BITRE-Road-Vehicles-Australia-January-2023-Re-Issue.xlsx,2023,Table 6,Passenger vehicles,2008 - 2012,SA,254758.0
BITRE-Road-Vehicles-Australia-January-2023-Re-Issue.xlsx,2023,Table 6,Passenger vehicles,2008 - 2012,WA,411751.0
BITRE-Road-Vehicles-Australia-January-2023-Re-Issue.xlsx,2023,Table 6,Passenger vehicles,2008 - 2012,TAS,74734.0
BITRE-Road-Vehicles-Australia-January-2023-Re-Issue.xlsx,2023,Table 6,Passenger vehicles,2008 - 2012,NT,21610.0
BITRE-Road-Vehicles-Australia-January-2023-Re-Issue.xlsx,2023,Table 6,Passenger vehicles,2008 - 2012,ACT,60970.0
BITRE-Road-Vehicles-Australia-January-2023-Re-Issue.xlsx,2023,Table 6,Passenger vehicles,2008 - 2012,AUS,3379484.0
BITRE-Road-Vehicles-Australia-January-2023-Re-Issue.xlsx,2023,Table 6,Passenger vehicles,2003 - 2007,NSW,640719.0
BITRE-Road-Vehicles-Australia-January-2023-Re-Issue.xlsx,2023,Table 6,Passenger vehicles,2003 - 2007,VIC,606577.0
BITRE-Road-Vehicles-Australia-January-2023-Re-Issue.xlsx,2023,Table 6,Passenger vehicles,2003 - 2007,QLD,480630.0
BITRE-Road-Vehicles-Australia-January-2023-Re-Issue.xlsx,2023,Table 6,Passenger vehicles,2003 - 2007,SA,200917.0
BITRE-Road-Vehicles-Australia-January-2023-Re-Issue.xlsx,2023,Table 6,Passenger vehicles,2003 - 2007,WA,285363.0
BITRE-Road-Vehicles-Australia-January-2023-Re-Issue.xlsx,2023,Table 6,Passenger vehicles,2003 - 2007,TAS,65857.0
BITRE-Road-Vehicles-Australia-January-2023-Re-Issue.xlsx,2023,Table 6,Passenger vehicles,2003 - 2007,NT,13587.0
BITRE-Road-Vehicles-Australia-January-2023-Re-Issue.xlsx,2023,Table 6,Passenger vehicles,2003 - 2007,ACT,35562.0
BITRE-Road-Vehicles-Australia-January-2023-Re-Issue.xlsx,2023,Table 6,Passenger vehicles,2003 - 2007,AUS,2329212.0
BITRE-Road-Vehicles-Australia-January-2023-Re-Issue.xlsx,2023,Table 6,Passenger vehicles,To 2002,NSW,382356.0
BITRE-Road-Vehicles-Australia-January-2023-Re-Issue.xlsx,2023,Table 6,Passenger vehicles,To 2002,VIC,393930.0
BITRE-Road-Vehicles-Australia-January-2023-Re-Issue.xlsx,2023,Table 6,Passenger vehicles,To 2002,QLD,318034.0
BITRE-Road-Vehicles-Australia-January-2023-Re-Issue.xlsx,2023,Table 6,Passenger vehicles,To 2002,SA,171760.0
BITRE-Road-Vehicles-Australia-January-2023-Re-Issue.xlsx,2023,Table 6,Passenger vehicles,To 2002,WA,179550.0
BITRE-Road-Vehicles-Australia-January-2023-Re-Issue.xlsx,2023,Table 6,Passenger vehicles,To 2002,TAS,57521.0
BITRE-Road-Vehicles-Australia-January-2023-Re-Issue.xlsx,2023,Table 6,Passenger vehicles,To 2002,NT,8210.0
BITRE-Road-Vehicles-Australia-January-2023-Re-Issue.xlsx,2023,Table 6,Passenger vehicles,To 2002,ACT,19834.0
BITRE-Road-Vehicles-Australia-January-2023-Re-Issue.xlsx,2023,Table 6,Passenger vehicles,To 2002,AUS,1531195.0
BITRE-Road-Vehicles-Australia-January-2023-Re-Issue.xlsx,2023,Table 6,Campervans,2018 - 2023,NSW,4494.0
BITRE-Road-Vehicles-Australia-January-2023-Re-Issue.xlsx,2023,Table 6,Campervans,2018 - 2023,VIC,3836.0
BITRE-Road-Vehicles-Australia-January-2023-Re-Issue.xlsx,2023,Table 6,Campervans,2018 - 2023,QLD,3770.0
BITRE-Road-Vehicles-Australia-January-2023-Re-Issue.xlsx,2023,Table 6,Campervans,2018 - 2023,SA,382.0
BITRE-Road-Vehicles-Australia-January-2023-Re-Issue.xlsx,2023,Table 6,Campervans,2018 - 2023,WA,18.0
BITRE-Road-Vehicles-Australia-January-2023-Re-Issue.xlsx,2023,Table 6,Campervans,2018 - 2023,TAS,518.0
BITRE-Road-Vehicles-Australia-January-2023-Re-Issue.xlsx,2023,Table 6,Campervans,2018 - 2023,NT,12.0
BITRE-Road-Vehicles-Australia-January-2023-Re-Issue.xlsx,2023,Table 6,Campervans,2018 - 2023,ACT,82.0
BITRE-Road-Vehicles-Australia-January-2023-Re-Issue.xlsx,2023,Table 6,Campervans,2018 - 2023,AUS,13112.0
BITRE-Road-Vehicles-Australia-January-2023-Re-Issue.xlsx,2023,Table 6,Campervans,2013 - 2017,NSW,4318.0
BITRE-Road-Vehicles-Australia-January-2023-Re-Issue.xlsx,2023,Table 6,Campervans,2013 - 2017,VIC,2973.0
BITRE-Road-Vehicles-Australia-January-2023-Re-Issue.xlsx,2023,Table 6,Campervans,2013 - 2017,QLD,3409.0
BITRE-Road-Vehicles-Australia-January-2023-Re-Issue.xlsx,2023,Table 6,Campervans,2013 - 2017,SA,516.0
BITRE-Road-Vehicles-Australia-January-2023-Re-Issue.xlsx,2023,Table 6,Campervans,2013 - 2017,WA,88.0
BITRE-Road-Vehicles-Australia-January-2023-Re-Issue.xlsx,2023,Table 6,Campervans,2013 - 2017,TAS,546.0
BITRE-Road-Vehicles-Australia-January-2023-Re-Issue.xlsx,2023,Table 6,Campervans,2013 - 2017,NT,17.0
BITRE-Road-Vehicles-Australia-January-2023-Re-Issue.xlsx,2023,Table 6,Campervans,2013 - 2017,ACT,117.0
BITRE-Road-Vehicles-Australia-January-2023-Re-Issue.xlsx,2023,Table 6,Campervans,2013 - 2017,AUS,11984.0
BITRE-Road-Vehicles-Australia-January-2023-Re-Issue.xlsx,2023,Table 6,Campervans,2008 - 2012,NSW,5885.0
BITRE-Road-Vehicles-Australia-January-2023-Re-Issue.xlsx,2023,Table 6,Campervans,2008 - 2012,VIC,3872.0
BITRE-Road-Vehicles-Australia-January-2023-Re-Issue.xlsx,2023,Table 6,Campervans,2008 - 2012,QLD,3769.0
BITRE-Road-Vehicles-Australia-January-2023-Re-Issue.xlsx,2023,Table 6,Campervans,2008 - 2012,SA,496.0
BITRE-Road-Vehicles-Australia-January-2023-Re-Issue.xlsx,2023,Table 6,Campervans,2008 - 2012,WA,198.0
BITRE-Road-Vehicles-Australia-January-2023-Re-Issue.xlsx,2023,Table 6,Campervans,2008 - 2012,TAS,712.0
BITRE-Road-Vehicles-Australia-January-2023-Re-Issue.xlsx,2023,Table 6,Campervans,2008 - 2012,NT,15.0
BITRE-Road-Vehicles-Australia-January-2023-Re-Issue.xlsx,2023,Table 6,Campervans,2008 - 2012,ACT,155.0
BITRE-Road-Vehicles-Australia-January-2023-Re-Issue.xlsx,2023,Table 6,Campervans,2008 - 2012,AUS,15102.0
BITRE-Road-Vehicles-Australia-January-2023-Re-Issue.xlsx,2023,Table 6,Campervans,2003 - 2007,NSW,9071.0
BITRE-Road-Vehicles-Australia-January-2023-Re-Issue.xlsx,2023,Table 6,Campervans,2003 - 2007,VIC,7253.0
BITRE-Road-Vehicles-Australia-January-2023-Re-Issue.xlsx,2023,Table 6,Campervans,2003 - 2007,QLD,6682.0
BITRE-Road-Vehicles-Australia-January-2023-Re-Issue.xlsx,2023,Table 6,Campervans,2003 - 2007,SA,1125.0
BITRE-Road-Vehicles-Australia-January-2023-Re-Issue.xlsx,2023,Table 6,Campervans,2003 - 2007,WA,796.0
BITRE-Road-Vehicles-Australia-January-2023-Re-Issue.xlsx,2023,Table 6,Campervans,2003 - 2007,TAS,1031.0
BITRE-Road-Vehicles-Australia-January-2023-Re-Issue.xlsx,2023,Table 6,Campervans,2003 - 2007,NT,42.0
BITRE-Road-Vehicles-Australia-January-2023-Re-Issue.xlsx,2023,Table 6,Campervans,2003 - 2007,ACT,246.0
BITRE-Road-Vehicles-Australia-January-2023-Re-Issue.xlsx,2023,Table 6,Campervans,2003 - 2007,AUS,26246.0
BITRE-Road-Vehicles-Australia-January-2023-Re-Issue.xlsx,2023,Table 6,Campervans,To 2002,NSW,7529.0
BITRE-Road-Vehicles-Australia-January-2023-Re-Issue.xlsx,2023,Table 6,Campervans,To 2002,VIC,6259.0
BITRE-Road-Vehicles-Australia-January-2023-Re-Issue.xlsx,2023,Table 6,Campervans,To 2002,QLD,9216.0
BITRE-Road-Vehicles-Australia-January-2023-Re-Issue.xlsx,2023,Table 6,Campervans,To 2002,SA,1147.0
BITRE-Road-Vehicles-Australia-January-2023-Re-Issue.xlsx,2023,Table 6,Campervans,To 2002,WA,856.0
BITRE-Road-Vehicles-Australia-January-2023-Re-Issue.xlsx,2023,Table 6,Campervans,To 2002,TAS,3035.0
BITRE-Road-Vehicles-Australia-January-2023-Re-Issue.xlsx,2023,Table 6,Campervans,To 2002,NT,24.0
BITRE-Road-Vehicles-Australia-January-2023-Re-Issue.xlsx,2023,Table 6,Campervans,To 2002,ACT,246.0
BITRE-Road-Vehicles-Australia-January-2023-Re-Issue.xlsx,2023,Table 6,Campervans,To 2002,AUS,28312.0
BITRE-Road-Vehicles-Australia-January-2023-Re-Issue.xlsx,2023,Table 6,Light commercial vehicles,2018 - 2023,NSW,324227.0
BITRE-Road-Vehicles-Australia-January-2023-Re-Issue.xlsx,2023,Table 6,Light commercial vehicles,2018 - 2023,VIC,254013.0
BITRE-Road-Vehicles-Australia-January-2023-Re-Issue.xlsx,2023,Table 6,Light commercial vehicles,2018 - 2023,QLD,282698.0
BITRE-Road-Vehicles-Australia-January-2023-Re-Issue.xlsx,2023,Table 6,Light commercial vehicles,2018 - 2023,SA,70893.0
BITRE-Road-Vehicles-Australia-January-2023-Re-Issue.xlsx,2023,Table 6,Light commercial vehicles,2018 - 2023,WA,126260.0
BITRE-Road-Vehicles-Australia-January-2023-Re-Issue.xlsx,2023,Table 6,Light commercial vehicles,2018 - 2023,TAS,28228.0
BITRE-Road-Vehicles-Australia-January-2023-Re-Issue.xlsx,2023,Table 6,Light commercial vehicles,2018 - 2023,NT,14914.0
BITRE-Road-Vehicles-Australia-January-2023-Re-Issue.xlsx,2023,Table 6,Light commercial vehicles,2018 - 2023,ACT,12557.0
BITRE-Road-Vehicles-Australia-January-2023-Re-Issue.xlsx,2023,Table 6,Light commercial vehicles,2018 - 2023,AUS,1113790.0
BITRE-Road-Vehicles-Australia-January-2023-Re-Issue.xlsx,2023,Table 6,Light commercial vehicles,2013 - 2017,NSW,285664.0
BITRE-Road-Vehicles-Australia-January-2023-Re-Issue.xlsx,2023,Table 6,Light commercial vehicles,2013 - 2017,VIC,219357.0
BITRE-Road-Vehicles-Australia-January-2023-Re-Issue.xlsx,2023,Table 6,Light commercial vehicles,2013 - 2017,QLD,253063.0
BITRE-Road-Vehicles-Australia-January-2023-Re-Issue.xlsx,2023,Table 6,Light commercial vehicles,2013 - 2017,SA,62505.0
BITRE-Road-Vehicles-Australia-January-2023-Re-Issue.xlsx,2023,Table 6,Light commercial vehicles,2013 - 2017,WA,111328.0
BITRE-Road-Vehicles-Australia-January-2023-Re-Issue.xlsx,2023,Table 6,Light commercial vehicles,2013 - 2017,TAS,27561.0
BITRE-Road-Vehicles-Australia-January-2023-Re-Issue.xlsx,2023,Table 6,Light commercial vehicles,2013 - 2017,NT,13656.0
BITRE-Road-Vehicles-Australia-January-2023-Re-Issue.xlsx,2023,Table 6,Light commercial vehicles,2013 - 2017,ACT,11172.0
BITRE-Road-Vehicles-Australia-January-2023-Re-Issue.xlsx,2023,Table 6,Light commercial vehicles,2013 - 2017,AUS,984306.0
BITRE-Road-Vehicles-Australia-January-2023-Re-Issue.xlsx,2023,Table 6,Light commercial vehicles,2008 - 2012,NSW,198756.0
BITRE-Road-Vehicles-Australia-January-2023-Re-Issue.xlsx,2023,Table 6,Light commercial vehicles,2008 - 2012,VIC,164343.0
BITRE-Road-Vehicles-Australia-January-2023-Re-Issue.xlsx,2023,Table 6,Light commercial vehicles,2008 - 2012,QLD,205844.0
BITRE-Road-Vehicles-Australia-January-2023-Re-Issue.xlsx,2023,Table 6,Light commercial vehicles,2008 - 2012,SA,51603.0
BITRE-Road-Vehicles-Australia-January-2023-Re-Issue.xlsx,2023,Table 6,Light commercial vehicles,2008 - 2012,WA,99788.0
BITRE-Road-Vehicles-Australia-January-2023-Re-Issue.xlsx,2023,Table 6,Light commercial vehicles,2008 - 2012,TAS,24405.0
BITRE-Road-Vehicles-Australia-January-2023-Re-Issue.xlsx,2023,Table 6,Light commercial vehicles,2008 - 2012,NT,10042.0
BITRE-Road-Vehicles-Australia-January-2023-Re-Issue.xlsx,2023,Table 6,Light commercial vehicles,2008 - 2012,ACT,7320.0
BITRE-Road-Vehicles-Australia-January-2023-Re-Issue.xlsx,2023,Table 6,Light commercial vehicles,2008 - 2012,AUS,762101.0
BITRE-Road-Vehicles-Australia-January-2023-Re-Issue.xlsx,2023,Table 6,Light commercial vehicles,2003 - 2007,NSW,131587.0
BITRE-Road-Vehicles-Australia-January-2023-Re-Issue.xlsx,2023,Table 6,Light commercial vehicles,2003 - 2007,VIC,116502.0
BITRE-Road-Vehicles-Australia-January-2023-Re-Issue.xlsx,2023,Table 6,Light commercial vehicles,2003 - 2007,QLD,150344.0
BITRE-Road-Vehicles-Australia-January-2023-Re-Issue.xlsx,2023,Table 6,Light commercial vehicles,2003 - 2007,SA,37402.0
BITRE-Road-Vehicles-Australia-January-2023-Re-Issue.xlsx,2023,Table 6,Light commercial vehicles,2003 - 2007,WA,70871.0
BITRE-Road-Vehicles-Australia-January-2023-Re-Issue.xlsx,2023,Table 6,Light commercial vehicles,2003 - 2007,TAS,21218.0
BITRE-Road-Vehicles-Australia-January-2023-Re-Issue.xlsx,2023,Table 6,Light commercial vehicles,2003 - 2007,NT,6595.0
BITRE-Road-Vehicles-Australia-January-2023-Re-Issue.xlsx,2023,Table 6,Light commercial vehicles,2003 - 2007,ACT,4554.0
BITRE-Road-Vehicles-Australia-January-2023-Re-Issue.xlsx,2023,Table 6,Light commercial vehicles,2003 - 2007,AUS,539073.0
BITRE-Road-Vehicles-Australia-January-2023-Re-Issue.xlsx,2023,Table 6,Light commercial vehicles,To 2002,NSW,123555.0
BITRE-Road-Vehicles-Australia-January-2023-Re-Issue.xlsx,2023,Table 6,Light commercial vehicles,To 2002,VIC,118096.0
BITRE-Road-Vehicles-Australia-January-2023-Re-Issue.xlsx,2023,Table 6,Light commercial vehicles,To 2002,QLD,138975.0
BITRE-Road-Vehicles-Australia-January-2023-Re-Issue.xlsx,2023,Table 6,Light commercial vehicles,To 2002,SA,42687.0
BITRE-Road-Vehicles-Australia-January-2023-Re-Issue.xlsx,2023,Table 6,Light commercial vehicles,To 2002,WA,69037.0
BITRE-Road-Vehicles-Australia-January-2023-Re-Issue.xlsx,2023,Table 6,Light commercial vehicles,To 2002,TAS,29654.0
BITRE-Road-Vehicles-Australia-January-2023-Re-Issue.xlsx,2023,Table 6,Light commercial vehicles,To 2002,NT,5101.0
BITRE-Road-Vehicles-Australia-January-2023-Re-Issue.xlsx,2023,Table 6,Light commercial vehicles,To 2002,ACT,3668.0
BITRE-Road-Vehicles-Australia-January-2023-Re-Issue.xlsx,2023,Table 6,Light commercial vehicles,To 2002,AUS,530773.0
BITRE-Road-Vehicles-Australia-January-2023-Re-Issue.xlsx,2023,Table 6,Light rigid trucks,2018 - 2023,NSW,24136.0
BITRE-Road-Vehicles-Australia-January-2023-Re-Issue.xlsx,2023,Table 6,Light rigid trucks,2018 - 2023,VIC,18602.0
BITRE-Road-Vehicles-Australia-January-2023-Re-Issue.xlsx,2023,Table 6,Light rigid trucks,2018 - 2023,QLD,15903.0
BITRE-Road-Vehicles-Australia-January-2023-Re-Issue.xlsx,2023,Table 6,Light rigid trucks,2018 - 2023,SA,3923.0
BITRE-Road-Vehicles-Australia-January-2023-Re-Issue.xlsx,2023,Table 6,Light rigid trucks,2018 - 2023,WA,6226.0
BITRE-Road-Vehicles-Australia-January-2023-Re-Issue.xlsx,2023,Table 6,Light rigid trucks,2018 - 2023,TAS,1289.0
BITRE-Road-Vehicles-Australia-January-2023-Re-Issue.xlsx,2023,Table 6,Light rigid trucks,2018 - 2023,NT,579.0
BITRE-Road-Vehicles-Australia-January-2023-Re-Issue.xlsx,2023,Table 6,Light rigid trucks,2018 - 2023,ACT,807.0
BITRE-Road-Vehicles-Australia-January-2023-Re-Issue.xlsx,2023,Table 6,Light rigid trucks,2018 - 2023,AUS,71465.0
BITRE-Road-Vehicles-Australia-January-2023-Re-Issue.xlsx,2023,Table 6,Light rigid trucks,2013 - 2017,NSW,16631.0
BITRE-Road-Vehicles-Australia-January-2023-Re-Issue.xlsx,2023,Table 6,Light rigid trucks,2013 - 2017,VIC,12315.0
BITRE-Road-Vehicles-Australia-January-2023-Re-Issue.xlsx,2023,Table 6,Light rigid trucks,2013 - 2017,QLD,9437.0
BITRE-Road-Vehicles-Australia-January-2023-Re-Issue.xlsx,2023,Table 6,Light rigid trucks,2013 - 2017,SA,2504.0
BITRE-Road-Vehicles-Australia-January-2023-Re-Issue.xlsx,2023,Table 6,Light rigid trucks,2013 - 2017,WA,4256.0
BITRE-Road-Vehicles-Australia-January-2023-Re-Issue.xlsx,2023,Table 6,Light rigid trucks,2013 - 2017,TAS,868.0
BITRE-Road-Vehicles-Australia-January-2023-Re-Issue.xlsx,2023,Table 6,Light rigid trucks,2013 - 2017,NT,341.0
BITRE-Road-Vehicles-Australia-January-2023-Re-Issue.xlsx,2023,Table 6,Light rigid trucks,2013 - 2017,ACT,455.0
BITRE-Road-Vehicles-Australia-January-2023-Re-Issue.xlsx,2023,Table 6,Light rigid trucks,2013 - 2017,AUS,46807.0
BITRE-Road-Vehicles-Australia-January-2023-Re-Issue.xlsx,2023,Table 6,Light rigid trucks,2008 - 2012,NSW,10005.0
BITRE-Road-Vehicles-Australia-January-2023-Re-Issue.xlsx,2023,Table 6,Light rigid trucks,2008 - 2012,VIC,7827.0
BITRE-Road-Vehicles-Australia-January-2023-Re-Issue.xlsx,2023,Table 6,Light rigid trucks,2008 - 2012,QLD,6839.0
BITRE-Road-Vehicles-Australia-January-2023-Re-Issue.xlsx,2023,Table 6,Light rigid trucks,2008 - 2012,SA,1831.0
BITRE-Road-Vehicles-Australia-January-2023-Re-Issue.xlsx,2023,Table 6,Light rigid trucks,2008 - 2012,WA,3511.0
BITRE-Road-Vehicles-Australia-January-2023-Re-Issue.xlsx,2023,Table 6,Light rigid trucks,2008 - 2012,TAS,666.0
BITRE-Road-Vehicles-Australia-January-2023-Re-Issue.xlsx,2023,Table 6,Light rigid trucks,2008 - 2012,NT,331.0
BITRE-Road-Vehicles-Australia-January-2023-Re-Issue.xlsx,2023,Table 6,Light rigid trucks,2008 - 2012,ACT,235.0
BITRE-Road-Vehicles-Australia-January-2023-Re-Issue.xlsx,2023,Table 6,Light rigid trucks,2008 - 2012,AUS,31245.0
BITRE-Road-Vehicles-Australia-January-2023-Re-Issue.xlsx,2023,Table 6,Light rigid trucks,2003 - 2007,NSW,8260.0
BITRE-Road-Vehicles-Australia-January-2023-Re-Issue.xlsx,2023,Table 6,Light rigid trucks,2003 - 2007,VIC,6313.0
BITRE-Road-Vehicles-Australia-January-2023-Re-Issue.xlsx,2023,Table 6,Light rigid trucks,2003 - 2007,QLD,7407.0
BITRE-Road-Vehicles-Australia-January-2023-Re-Issue.xlsx,2023,Table 6,Light rigid trucks,2003 - 2007,SA,1674.0
BITRE-Road-Vehicles-Australia-January-2023-Re-Issue.xlsx,2023,Table 6,Light rigid trucks,2003 - 2007,WA,3398.0
BITRE-Road-Vehicles-Australia-January-2023-Re-Issue.xlsx,2023,Table 6,Light rigid trucks,2003 - 2007,TAS,709.0
BITRE-Road-Vehicles-Australia-January-2023-Re-Issue.xlsx,2023,Table 6,Light rigid trucks,2003 - 2007,NT,320.0
BITRE-Road-Vehicles-Australia-January-2023-Re-Issue.xlsx,2023,Table 6,Light rigid trucks,2003 - 2007,ACT,194.0
BITRE-Road-Vehicles-Australia-January-2023-Re-Issue.xlsx,2023,Table 6,Light rigid trucks,2003 - 2007,AUS,28275.0
BITRE-Road-Vehicles-Australia-January-2023-Re-Issue.xlsx,2023,Table 6,Light rigid trucks,To 2002,NSW,8786.0
BITRE-Road-Vehicles-Australia-January-2023-Re-Issue.xlsx,2023,Table 6,Light rigid trucks,To 2002,VIC,5056.0
BITRE-Road-Vehicles-Australia-January-2023-Re-Issue.xlsx,2023,Table 6,Light rigid trucks,To 2002,QLD,7631.0
BITRE-Road-Vehicles-Australia-January-2023-Re-Issue.xlsx,2023,Table 6,Light rigid trucks,To 2002,SA,1413.0
BITRE-Road-Vehicles-Australia-January-2023-Re-Issue.xlsx,2023,Table 6,Light rigid trucks,To 2002,WA,2645.0
BITRE-Road-Vehicles-Australia-January-2023-Re-Issue.xlsx,2023,Table 6,Light rigid trucks,To 2002,TAS,1072.0
BITRE-Road-Vehicles-Australia-January-2023-Re-Issue.xlsx,2023,Table 6,Light rigid trucks,To 2002,NT,363.0
BITRE-Road-Vehicles-Australia-January-2023-Re-Issue.xlsx,2023,Table 6,Light rigid trucks,To 2002,ACT,180.0
BITRE-Road-Vehicles-Australia-January-2023-Re-Issue.xlsx,2023,Table 6,Light rigid trucks,To 2002,AUS,27146.0
BITRE-Road-Vehicles-Australia-January-2023-Re-Issue.xlsx,2023,Table 6,Heavy rigid trucks,2018 - 2023,NSW,22611.0
BITRE-Road-Vehicles-Australia-January-2023-Re-Issue.xlsx,2023,Table 6,Heavy rigid trucks,2018 - 2023,VIC,18680.0
BITRE-Road-Vehicles-Australia-January-2023-Re-Issue.xlsx,2023,Table 6,Heavy rigid trucks,2018 - 2023,QLD,17505.0
BITRE-Road-Vehicles-Australia-January-2023-Re-Issue.xlsx,2023,Table 6,Heavy rigid trucks,2018 - 2023,SA,5005.0
BITRE-Road-Vehicles-Australia-January-2023-Re-Issue.xlsx,2023,Table 6,Heavy rigid trucks,2018 - 2023,WA,9543.0
BITRE-Road-Vehicles-Australia-January-2023-Re-Issue.xlsx,2023,Table 6,Heavy rigid trucks,2018 - 2023,TAS,1681.0
BITRE-Road-Vehicles-Australia-January-2023-Re-Issue.xlsx,2023,Table 6,Heavy rigid trucks,2018 - 2023,NT,859.0
BITRE-Road-Vehicles-Australia-January-2023-Re-Issue.xlsx,2023,Table 6,Heavy rigid trucks,2018 - 2023,ACT,477.0
BITRE-Road-Vehicles-Australia-January-2023-Re-Issue.xlsx,2023,Table 6,Heavy rigid trucks,2018 - 2023,AUS,76361.0
BITRE-Road-Vehicles-Australia-January-2023-Re-Issue.xlsx,2023,Table 6,Heavy rigid trucks,2013 - 2017,NSW,20333.0
BITRE-Road-Vehicles-Australia-January-2023-Re-Issue.xlsx,2023,Table 6,Heavy rigid trucks,2013 - 2017,VIC,15722.0
BITRE-Road-Vehicles-Australia-January-2023-Re-Issue.xlsx,2023,Table 6,Heavy rigid trucks,2013 - 2017,QLD,14166.0
BITRE-Road-Vehicles-Australia-January-2023-Re-Issue.xlsx,2023,Table 6,Heavy rigid trucks,2013 - 2017,SA,3926.0
BITRE-Road-Vehicles-Australia-January-2023-Re-Issue.xlsx,2023,Table 6,Heavy rigid trucks,2013 - 2017,WA,7857.0
BITRE-Road-Vehicles-Australia-January-2023-Re-Issue.xlsx,2023,Table 6,Heavy rigid trucks,2013 - 2017,TAS,1505.0
BITRE-Road-Vehicles-Australia-January-2023-Re-Issue.xlsx,2023,Table 6,Heavy rigid trucks,2013 - 2017,NT,853.0
BITRE-Road-Vehicles-Australia-January-2023-Re-Issue.xlsx,2023,Table 6,Heavy rigid trucks,2013 - 2017,ACT,406.0
BITRE-Road-Vehicles-Australia-January-2023-Re-Issue.xlsx,2023,Table 6,Heavy rigid trucks,2013 - 2017,AUS,64768.0
BITRE-Road-Vehicles-Australia-January-2023-Re-Issue.xlsx,2023,Table 6,Heavy rigid trucks,2008 - 2012,NSW,17540.0
BITRE-Road-Vehicles-Australia-January-2023-Re-Issue.xlsx,2023,Table 6,Heavy rigid trucks,2008 - 2012,VIC,14421.0
BITRE-Road-Vehicles-Australia-January-2023-Re-Issue.xlsx,2023,Table 6,Heavy rigid trucks,2008 - 2012,QLD,13192.0
BITRE-Road-Vehicles-Australia-January-2023-Re-Issue.xlsx,2023,Table 6,Heavy rigid trucks,2008 - 2012,SA,3809.0
BITRE-Road-Vehicles-Australia-January-2023-Re-Issue.xlsx,2023,Table 6,Heavy rigid trucks,2008 - 2012,WA,11180.0
BITRE-Road-Vehicles-Australia-January-2023-Re-Issue.xlsx,2023,Table 6,Heavy rigid trucks,2008 - 2012,TAS,1443.0
BITRE-Road-Vehicles-Australia-January-2023-Re-Issue.xlsx,2023,Table 6,Heavy rigid trucks,2008 - 2012,NT,1014.0
BITRE-Road-Vehicles-Australia-January-2023-Re-Issue.xlsx,2023,Table 6,Heavy rigid trucks,2008 - 2012,ACT,314.0
BITRE-Road-Vehicles-Australia-January-2023-Re-Issue.xlsx,2023,Table 6,Heavy rigid trucks,2008 - 2012,AUS,62913.0
BITRE-Road-Vehicles-Australia-January-2023-Re-Issue.xlsx,2023,Table 6,Heavy rigid trucks,2003 - 2007,NSW,19532.0
BITRE-Road-Vehicles-Australia-January-2023-Re-Issue.xlsx,2023,Table 6,Heavy rigid trucks,2003 - 2007,VIC,15597.0
BITRE-Road-Vehicles-Australia-January-2023-Re-Issue.xlsx,2023,Table 6,Heavy rigid trucks,2003 - 2007,QLD,14966.0
BITRE-Road-Vehicles-Australia-January-2023-Re-Issue.xlsx,2023,Table 6,Heavy rigid trucks,2003 - 2007,SA,4119.0
BITRE-Road-Vehicles-Australia-January-2023-Re-Issue.xlsx,2023,Table 6,Heavy rigid trucks,2003 - 2007,WA,9956.0
BITRE-Road-Vehicles-Australia-January-2023-Re-Issue.xlsx,2023,Table 6,Heavy rigid trucks,2003 - 2007,TAS,1791.0
BITRE-Road-Vehicles-Australia-January-2023-Re-Issue.xlsx,2023,Table 6,Heavy rigid trucks,2003 - 2007,NT,940.0
BITRE-Road-Vehicles-Australia-January-2023-Re-Issue.xlsx,2023,Table 6,Heavy rigid trucks,2003 - 2007,ACT,311.0
BITRE-Road-Vehicles-Australia-January-2023-Re-Issue.xlsx,2023,Table 6,Heavy rigid trucks,2003 - 2007,AUS,67212.0
BITRE-Road-Vehicles-Australia-January-2023-Re-Issue.xlsx,2023,Table 6,Heavy rigid trucks,To 2002,NSW,28157.0
BITRE-Road-Vehicles-Australia-January-2023-Re-Issue.xlsx,2023,Table 6,Heavy rigid trucks,To 2002,VIC,28305.0
BITRE-Road-Vehicles-Australia-January-2023-Re-Issue.xlsx,2023,Table 6,Heavy rigid trucks,To 2002,QLD,22600.0
BITRE-Road-Vehicles-Australia-January-2023-Re-Issue.xlsx,2023,Table 6,Heavy rigid trucks,To 2002,SA,9352.0
BITRE-Road-Vehicles-Australia-January-2023-Re-Issue.xlsx,2023,Table 6,Heavy rigid trucks,To 2002,WA,21672.0
BITRE-Road-Vehicles-Australia-January-2023-Re-Issue.xlsx,2023,Table 6,Heavy rigid trucks,To 2002,TAS,4175.0
BITRE-Road-Vehicles-Australia-January-2023-Re-Issue.xlsx,2023,Table 6,Heavy rigid trucks,To 2002,NT,1225.0
BITRE-Road-Vehicles-Australia-January-2023-Re-Issue.xlsx,2023,Table 6,Heavy rigid trucks,To 2002,ACT,272.0
BITRE-Road-Vehicles-Australia-January-2023-Re-Issue.xlsx,2023,Table 6,Heavy rigid trucks,To 2002,AUS,115758.0
BITRE-Road-Vehicles-Australia-January-2023-Re-Issue.xlsx,2023,Table 6,Articulated trucks,2018 - 2023,NSW,7778.0
BITRE-Road-Vehicles-Australia-January-2023-Re-Issue.xlsx,2023,Table 6,Articulated trucks,2018 - 2023,VIC,10103.0
BITRE-Road-Vehicles-Australia-January-2023-Re-Issue.xlsx,2023,Table 6,Articulated trucks,2018 - 2023,QLD,7572.0
BITRE-Road-Vehicles-Australia-January-2023-Re-Issue.xlsx,2023,Table 6,Articulated trucks,2018 - 2023,SA,2664.0
BITRE-Road-Vehicles-Australia-January-2023-Re-Issue.xlsx,2023,Table 6,Articulated trucks,2018 - 2023,WA,4092.0
BITRE-Road-Vehicles-Australia-January-2023-Re-Issue.xlsx,2023,Table 6,Articulated trucks,2018 - 2023,TAS,584.0
BITRE-Road-Vehicles-Australia-January-2023-Re-Issue.xlsx,2023,Table 6,Articulated trucks,2018 - 2023,NT,257.0
BITRE-Road-Vehicles-Australia-January-2023-Re-Issue.xlsx,2023,Table 6,Articulated trucks,2018 - 2023,ACT,33.0
BITRE-Road-Vehicles-Australia-January-2023-Re-Issue.xlsx,2023,Table 6,Articulated trucks,2018 - 2023,AUS,33083.0
BITRE-Road-Vehicles-Australia-January-2023-Re-Issue.xlsx,2023,Table 6,Articulated trucks,2013 - 2017,NSW,6338.0
BITRE-Road-Vehicles-Australia-January-2023-Re-Issue.xlsx,2023,Table 6,Articulated trucks,2013 - 2017,VIC,7302.0
BITRE-Road-Vehicles-Australia-January-2023-Re-Issue.xlsx,2023,Table 6,Articulated trucks,2013 - 2017,QLD,5684.0
BITRE-Road-Vehicles-Australia-January-2023-Re-Issue.xlsx,2023,Table 6,Articulated trucks,2013 - 2017,SA,2121.0
BITRE-Road-Vehicles-Australia-January-2023-Re-Issue.xlsx,2023,Table 6,Articulated trucks,2013 - 2017,WA,3757.0
BITRE-Road-Vehicles-Australia-January-2023-Re-Issue.xlsx,2023,Table 6,Articulated trucks,2013 - 2017,TAS,564.0
BITRE-Road-Vehicles-Australia-January-2023-Re-Issue.xlsx,2023,Table 6,Articulated trucks,2013 - 2017,NT,286.0
BITRE-Road-Vehicles-Australia-January-2023-Re-Issue.xlsx,2023,Table 6,Articulated trucks,2013 - 2017,ACT,48.0
BITRE-Road-Vehicles-Australia-January-2023-Re-Issue.xlsx,2023,Table 6,Articulated trucks,2013 - 2017,AUS,26100.0
BITRE-Road-Vehicles-Australia-January-2023-Re-Issue.xlsx,2023,Table 6,Articulated trucks,2008 - 2012,NSW,4413.0
BITRE-Road-Vehicles-Australia-January-2023-Re-Issue.xlsx,2023,Table 6,Articulated trucks,2008 - 2012,VIC,4571.0
BITRE-Road-Vehicles-Australia-January-2023-Re-Issue.xlsx,2023,Table 6,Articulated trucks,2008 - 2012,QLD,4033.0
BITRE-Road-Vehicles-Australia-January-2023-Re-Issue.xlsx,2023,Table 6,Articulated trucks,2008 - 2012,SA,1670.0
BITRE-Road-Vehicles-Australia-January-2023-Re-Issue.xlsx,2023,Table 6,Articulated trucks,2008 - 2012,WA,3509.0
BITRE-Road-Vehicles-Australia-January-2023-Re-Issue.xlsx,2023,Table 6,Articulated trucks,2008 - 2012,TAS,297.0
BITRE-Road-Vehicles-Australia-January-2023-Re-Issue.xlsx,2023,Table 6,Articulated trucks,2008 - 2012,NT,259.0
BITRE-Road-Vehicles-Australia-January-2023-Re-Issue.xlsx,2023,Table 6,Articulated trucks,2008 - 2012,ACT,35.0
BITRE-Road-Vehicles-Australia-January-2023-Re-Issue.xlsx,2023,Table 6,Articulated trucks,2008 - 2012,AUS,18787.0
BITRE-Road-Vehicles-Australia-January-2023-Re-Issue.xlsx,2023,Table 6,Articulated trucks,2003 - 2007,NSW,4618.0
BITRE-Road-Vehicles-Australia-January-2023-Re-Issue.xlsx,2023,Table 6,Articulated trucks,2003 - 2007,VIC,5216.0
BITRE-Road-Vehicles-Australia-January-2023-Re-Issue.xlsx,2023,Table 6,Articulated trucks,2003 - 2007,QLD,4270.0
BITRE-Road-Vehicles-Australia-January-2023-Re-Issue.xlsx,2023,Table 6,Articulated trucks,2003 - 2007,SA,1814.0
BITRE-Road-Vehicles-Australia-January-2023-Re-Issue.xlsx,2023,Table 6,Articulated trucks,2003 - 2007,WA,3701.0
BITRE-Road-Vehicles-Australia-January-2023-Re-Issue.xlsx,2023,Table 6,Articulated trucks,2003 - 2007,TAS,447.0
BITRE-Road-Vehicles-Australia-January-2023-Re-Issue.xlsx,2023,Table 6,Articulated trucks,2003 - 2007,NT,269.0
BITRE-Road-Vehicles-Australia-January-2023-Re-Issue.xlsx,2023,Table 6,Articulated trucks,2003 - 2007,ACT,51.0
BITRE-Road-Vehicles-Australia-January-2023-Re-Issue.xlsx,2023,Table 6,Articulated trucks,2003 - 2007,AUS,20386.0
BITRE-Road-Vehicles-Australia-January-2023-Re-Issue.xlsx,2023,Table 6,Articulated trucks,To 2002,NSW,4478.0
BITRE-Road-Vehicles-Australia-January-2023-Re-Issue.xlsx,2023,Table 6,Articulated trucks,To 2002,VIC,6560.0
BITRE-Road-Vehicles-Australia-January-2023-Re-Issue.xlsx,2023,Table 6,Articulated trucks,To 2002,QLD,4487.0
BITRE-Road-Vehicles-Australia-January-2023-Re-Issue.xlsx,2023,Table 6,Articulated trucks,To 2002,SA,2043.0
BITRE-Road-Vehicles-Australia-January-2023-Re-Issue.xlsx,2023,Table 6,Articulated trucks,To 2002,WA,3709.0
BITRE-Road-Vehicles-Australia-January-2023-Re-Issue.xlsx,2023,Table 6,Articulated trucks,To 2002,TAS,376.0
BITRE-Road-Vehicles-Australia-January-2023-Re-Issue.xlsx,2023,Table 6,Articulated trucks,To 2002,NT,249.0
BITRE-Road-Vehicles-Australia-January-2023-Re-Issue.xlsx,2023,Table 6,Articulated trucks,To 2002,ACT,24.0
BITRE-Road-Vehicles-Australia-January-2023-Re-Issue.xlsx,2023,Table 6,Articulated trucks,To 2002,AUS,21926.0
BITRE-Road-Vehicles-Australia-January-2023-Re-Issue.xlsx,2023,Table 6,Non-freight-carrying vehicles,2018 - 2023,NSW,1794.0
BITRE-Road-Vehicles-Australia-January-2023-Re-Issue.xlsx,2023,Table 6,Non-freight-carrying vehicles,2018 - 2023,VIC,2717.0
BITRE-Road-Vehicles-Australia-January-2023-Re-Issue.xlsx,2023,Table 6,Non-freight-carrying vehicles,2018 - 2023,QLD,1391.0
BITRE-Road-Vehicles-Australia-January-2023-Re-Issue.xlsx,2023,Table 6,Non-freight-carrying vehicles,2018 - 2023,SA,1249.0
BITRE-Road-Vehicles-Australia-January-2023-Re-Issue.xlsx,2023,Table 6,Non-freight-carrying vehicles,2018 - 2023,WA,1710.0
BITRE-Road-Vehicles-Australia-January-2023-Re-Issue.xlsx,2023,Table 6,Non-freight-carrying vehicles,2018 - 2023,TAS,261.0
BITRE-Road-Vehicles-Australia-January-2023-Re-Issue.xlsx,2023,Table 6,Non-freight-carrying vehicles,2018 - 2023,NT,84.0
BITRE-Road-Vehicles-Australia-January-2023-Re-Issue.xlsx,2023,Table 6,Non-freight-carrying vehicles,2018 - 2023,ACT,46.0
BITRE-Road-Vehicles-Australia-January-2023-Re-Issue.xlsx,2023,Table 6,Non-freight-carrying vehicles,2018 - 2023,AUS,9252.0
BITRE-Road-Vehicles-Australia-January-2023-Re-Issue.xlsx,2023,Table 6,Non-freight-carrying vehicles,2013 - 2017,NSW,1575.0
BITRE-Road-Vehicles-Australia-January-2023-Re-Issue.xlsx,2023,Table 6,Non-freight-carrying vehicles,2013 - 2017,VIC,2327.0
BITRE-Road-Vehicles-Australia-January-2023-Re-Issue.xlsx,2023,Table 6,Non-freight-carrying vehicles,2013 - 2017,QLD,1545.0
BITRE-Road-Vehicles-Australia-January-2023-Re-Issue.xlsx,2023,Table 6,Non-freight-carrying vehicles,2013 - 2017,SA,821.0
BITRE-Road-Vehicles-Australia-January-2023-Re-Issue.xlsx,2023,Table 6,Non-freight-carrying vehicles,2013 - 2017,WA,1407.0
BITRE-Road-Vehicles-Australia-January-2023-Re-Issue.xlsx,2023,Table 6,Non-freight-carrying vehicles,2013 - 2017,TAS,138.0
BITRE-Road-Vehicles-Australia-January-2023-Re-Issue.xlsx,2023,Table 6,Non-freight-carrying vehicles,2013 - 2017,NT,71.0
BITRE-Road-Vehicles-Australia-January-2023-Re-Issue.xlsx,2023,Table 6,Non-freight-carrying vehicles,2013 - 2017,ACT,33.0
BITRE-Road-Vehicles-Australia-January-2023-Re-Issue.xlsx,2023,Table 6,Non-freight-carrying vehicles,2013 - 2017,AUS,7917.0
BITRE-Road-Vehicles-Australia-January-2023-Re-Issue.xlsx,2023,Table 6,Non-freight-carrying vehicles,2008 - 2012,NSW,1193.0
BITRE-Road-Vehicles-Australia-January-2023-Re-Issue.xlsx,2023,Table 6,Non-freight-carrying vehicles,2008 - 2012,VIC,1889.0
BITRE-Road-Vehicles-Australia-January-2023-Re-Issue.xlsx,2023,Table 6,Non-freight-carrying vehicles,2008 - 2012,QLD,1312.0
BITRE-Road-Vehicles-Australia-January-2023-Re-Issue.xlsx,2023,Table 6,Non-freight-carrying vehicles,2008 - 2012,SA,582.0
BITRE-Road-Vehicles-Australia-January-2023-Re-Issue.xlsx,2023,Table 6,Non-freight-carrying vehicles,2008 - 2012,WA,1630.0
BITRE-Road-Vehicles-Australia-January-2023-Re-Issue.xlsx,2023,Table 6,Non-freight-carrying vehicles,2008 - 2012,TAS,177.0
BITRE-Road-Vehicles-Australia-January-2023-Re-Issue.xlsx,2023,Table 6,Non-freight-carrying vehicles,2008 - 2012,NT,82.0
BITRE-Road-Vehicles-Australia-January-2023-Re-Issue.xlsx,2023,Table 6,Non-freight-carrying vehicles,2008 - 2012,ACT,51.0
BITRE-Road-Vehicles-Australia-January-2023-Re-Issue.xlsx,2023,Table 6,Non-freight-carrying vehicles,2008 - 2012,AUS,6916.0
BITRE-Road-Vehicles-Australia-January-2023-Re-Issue.xlsx,2023,Table 6,Non-freight-carrying vehicles,2003 - 2007,NSW,1061.0
BITRE-Road-Vehicles-Australia-January-2023-Re-Issue.xlsx,2023,Table 6,Non-freight-carrying vehicles,2003 - 2007,VIC,1589.0
BITRE-Road-Vehicles-Australia-January-2023-Re-Issue.xlsx,2023,Table 6,Non-freight-carrying vehicles,2003 - 2007,QLD,1055.0
BITRE-Road-Vehicles-Australia-January-2023-Re-Issue.xlsx,2023,Table 6,Non-freight-carrying vehicles,2003 - 2007,SA,500.0
BITRE-Road-Vehicles-Australia-January-2023-Re-Issue.xlsx,2023,Table 6,Non-freight-carrying vehicles,2003 - 2007,WA,1012.0
BITRE-Road-Vehicles-Australia-January-2023-Re-Issue.xlsx,2023,Table 6,Non-freight-carrying vehicles,2003 - 2007,TAS,192.0
BITRE-Road-Vehicles-Australia-January-2023-Re-Issue.xlsx,2023,Table 6,Non-freight-carrying vehicles,2003 - 2007,NT,59.0
BITRE-Road-Vehicles-Australia-January-2023-Re-Issue.xlsx,2023,Table 6,Non-freight-carrying vehicles,2003 - 2007,ACT,28.0
BITRE-Road-Vehicles-Australia-January-2023-Re-Issue.xlsx,2023,Table 6,Non-freight-carrying vehicles,2003 - 2007,AUS,5496.0
BITRE-Road-Vehicles-Australia-January-2023-Re-Issue.xlsx,2023,Table 6,Non-freight-carrying vehicles,To 2002,NSW,1227.0
BITRE-Road-Vehicles-Australia-January-2023-Re-Issue.xlsx,2023,Table 6,Non-freight-carrying vehicles,To 2002,VIC,2707.0
BITRE-Road-Vehicles-Australia-January-2023-Re-Issue.xlsx,2023,Table 6,Non-freight-carrying vehicles,To 2002,QLD,1155.0
BITRE-Road-Vehicles-Australia-January-2023-Re-Issue.xlsx,2023,Table 6,Non-freight-carrying vehicles,To 2002,SA,736.0
BITRE-Road-Vehicles-Australia-January-2023-Re-Issue.xlsx,2023,Table 6,Non-freight-carrying vehicles,To 2002,WA,1714.0
BITRE-Road-Vehicles-Australia-January-2023-Re-Issue.xlsx,2023,Table 6,Non-freight-carrying vehicles,To 2002,TAS,320.0
BITRE-Road-Vehicles-Australia-January-2023-Re-Issue.xlsx,2023,Table 6,Non-freight-carrying vehicles,To 2002,NT,93.0
BITRE-Road-Vehicles-Australia-January-2023-Re-Issue.xlsx,2023,Table 6,Non-freight-carrying vehicles,To 2002,ACT,14.0
BITRE-Road-Vehicles-Australia-January-2023-Re-Issue.xlsx,2023,Table 6,Non-freight-carrying vehicles,To 2002,AUS,7966.0
BITRE-Road-Vehicles-Australia-January-2023-Re-Issue.xlsx,2023,Table 6,Buses,2018 - 2023,NSW,5585.0
BITRE-Road-Vehicles-Australia-January-2023-Re-Issue.xlsx,2023,Table 6,Buses,2018 - 2023,VIC,4365.0
BITRE-Road-Vehicles-Australia-January-2023-Re-Issue.xlsx,2023,Table 6,Buses,2018 - 2023,QLD,4868.0
BITRE-Road-Vehicles-Australia-January-2023-Re-Issue.xlsx,2023,Table 6,Buses,2018 - 2023,SA,1362.0
BITRE-Road-Vehicles-Australia-January-2023-Re-Issue.xlsx,2023,Table 6,Buses,2018 - 2023,WA,4289.0
BITRE-Road-Vehicles-Australia-January-2023-Re-Issue.xlsx,2023,Table 6,Buses,2018 - 2023,TAS,577.0
BITRE-Road-Vehicles-Australia-January-2023-Re-Issue.xlsx,2023,Table 6,Buses,2018 - 2023,NT,816.0
BITRE-Road-Vehicles-Australia-January-2023-Re-Issue.xlsx,2023,Table 6,Buses,2018 - 2023,ACT,259.0
BITRE-Road-Vehicles-Australia-January-2023-Re-Issue.xlsx,2023,Table 6,Buses,2018 - 2023,AUS,22121.0
BITRE-Road-Vehicles-Australia-January-2023-Re-Issue.xlsx,2023,Table 6,Buses,2013 - 2017,NSW,6310.0
BITRE-Road-Vehicles-Australia-January-2023-Re-Issue.xlsx,2023,Table 6,Buses,2013 - 2017,VIC,4682.0
BITRE-Road-Vehicles-Australia-January-2023-Re-Issue.xlsx,2023,Table 6,Buses,2013 - 2017,QLD,4826.0
BITRE-Road-Vehicles-Australia-January-2023-Re-Issue.xlsx,2023,Table 6,Buses,2013 - 2017,SA,1343.0
BITRE-Road-Vehicles-Australia-January-2023-Re-Issue.xlsx,2023,Table 6,Buses,2013 - 2017,WA,3216.0
BITRE-Road-Vehicles-Australia-January-2023-Re-Issue.xlsx,2023,Table 6,Buses,2013 - 2017,TAS,501.0
BITRE-Road-Vehicles-Australia-January-2023-Re-Issue.xlsx,2023,Table 6,Buses,2013 - 2017,NT,628.0
BITRE-Road-Vehicles-Australia-January-2023-Re-Issue.xlsx,2023,Table 6,Buses,2013 - 2017,ACT,266.0
BITRE-Road-Vehicles-Australia-January-2023-Re-Issue.xlsx,2023,Table 6,Buses,2013 - 2017,AUS,21772.0
BITRE-Road-Vehicles-Australia-January-2023-Re-Issue.xlsx,2023,Table 6,Buses,2008 - 2012,NSW,7172.0
BITRE-Road-Vehicles-Australia-January-2023-Re-Issue.xlsx,2023,Table 6,Buses,2008 - 2012,VIC,4635.0
BITRE-Road-Vehicles-Australia-January-2023-Re-Issue.xlsx,2023,Table 6,Buses,2008 - 2012,QLD,5701.0
BITRE-Road-Vehicles-Australia-January-2023-Re-Issue.xlsx,2023,Table 6,Buses,2008 - 2012,SA,1500.0
BITRE-Road-Vehicles-Australia-January-2023-Re-Issue.xlsx,2023,Table 6,Buses,2008 - 2012,WA,4018.0
BITRE-Road-Vehicles-Australia-January-2023-Re-Issue.xlsx,2023,Table 6,Buses,2008 - 2012,TAS,672.0
BITRE-Road-Vehicles-Australia-January-2023-Re-Issue.xlsx,2023,Table 6,Buses,2008 - 2012,NT,628.0
BITRE-Road-Vehicles-Australia-January-2023-Re-Issue.xlsx,2023,Table 6,Buses,2008 - 2012,ACT,263.0
BITRE-Road-Vehicles-Australia-January-2023-Re-Issue.xlsx,2023,Table 6,Buses,2008 - 2012,AUS,24589.0
BITRE-Road-Vehicles-Australia-January-2023-Re-Issue.xlsx,2023,Table 6,Buses,2003 - 2007,NSW,4080.0
BITRE-Road-Vehicles-Australia-January-2023-Re-Issue.xlsx,2023,Table 6,Buses,2003 - 2007,VIC,3163.0
BITRE-Road-Vehicles-Australia-January-2023-Re-Issue.xlsx,2023,Table 6,Buses,2003 - 2007,QLD,3508.0
BITRE-Road-Vehicles-Australia-January-2023-Re-Issue.xlsx,2023,Table 6,Buses,2003 - 2007,SA,919.0
BITRE-Road-Vehicles-Australia-January-2023-Re-Issue.xlsx,2023,Table 6,Buses,2003 - 2007,WA,1776.0
BITRE-Road-Vehicles-Australia-January-2023-Re-Issue.xlsx,2023,Table 6,Buses,2003 - 2007,TAS,474.0
BITRE-Road-Vehicles-Australia-January-2023-Re-Issue.xlsx,2023,Table 6,Buses,2003 - 2007,NT,367.0
BITRE-Road-Vehicles-Australia-January-2023-Re-Issue.xlsx,2023,Table 6,Buses,2003 - 2007,ACT,125.0
BITRE-Road-Vehicles-Australia-January-2023-Re-Issue.xlsx,2023,Table 6,Buses,2003 - 2007,AUS,14412.0
BITRE-Road-Vehicles-Australia-January-2023-Re-Issue.xlsx,2023,Table 6,Buses,To 2002,NSW,3719.0
BITRE-Road-Vehicles-Australia-January-2023-Re-Issue.xlsx,2023,Table 6,Buses,To 2002,VIC,3632.0
BITRE-Road-Vehicles-Australia-January-2023-Re-Issue.xlsx,2023,Table 6,Buses,To 2002,QLD,3044.0
BITRE-Road-Vehicles-Australia-January-2023-Re-Issue.xlsx,2023,Table 6,Buses,To 2002,SA,1259.0
BITRE-Road-Vehicles-Australia-January-2023-Re-Issue.xlsx,2023,Table 6,Buses,To 2002,WA,2398.0
BITRE-Road-Vehicles-Australia-January-2023-Re-Issue.xlsx,2023,Table 6,Buses,To 2002,TAS,832.0
BITRE-Road-Vehicles-Australia-January-2023-Re-Issue.xlsx,2023,Table 6,Buses,To 2002,NT,262.0
BITRE-Road-Vehicles-Australia-January-2023-Re-Issue.xlsx,2023,Table 6,Buses,To 2002,ACT,131.0
BITRE-Road-Vehicles-Australia-January-2023-Re-Issue.xlsx,2023,Table 6,Buses,To 2002,AUS,15277.0
BITRE-Road-Vehicles-Australia-January-2023-Re-Issue.xlsx,2023,Table 6,Motorcycles,2018 - 2023,NSW,86896.0
BITRE-Road-Vehicles-Australia-January-2023-Re-Issue.xlsx,2023,Table 6,Motorcycles,2018 - 2023,VIC,51548.0
BITRE-Road-Vehicles-Australia-January-2023-Re-Issue.xlsx,2023,Table 6,Motorcycles,2018 - 2023,QLD,57014.0
BITRE-Road-Vehicles-Australia-January-2023-Re-Issue.xlsx,2023,Table 6,Motorcycles,2018 - 2023,SA,14666.0
BITRE-Road-Vehicles-Australia-January-2023-Re-Issue.xlsx,2023,Table 6,Motorcycles,2018 - 2023,WA,22835.0
BITRE-Road-Vehicles-Australia-January-2023-Re-Issue.xlsx,2023,Table 6,Motorcycles,2018 - 2023,TAS,4083.0
BITRE-Road-Vehicles-Australia-January-2023-Re-Issue.xlsx,2023,Table 6,Motorcycles,2018 - 2023,NT,2040.0
BITRE-Road-Vehicles-Australia-January-2023-Re-Issue.xlsx,2023,Table 6,Motorcycles,2018 - 2023,ACT,3799.0
BITRE-Road-Vehicles-Australia-January-2023-Re-Issue.xlsx,2023,Table 6,Motorcycles,2018 - 2023,AUS,242881.0
BITRE-Road-Vehicles-Australia-January-2023-Re-Issue.xlsx,2023,Table 6,Motorcycles,2013 - 2017,NSW,76070.0
BITRE-Road-Vehicles-Australia-January-2023-Re-Issue.xlsx,2023,Table 6,Motorcycles,2013 - 2017,VIC,48023.0
BITRE-Road-Vehicles-Australia-January-2023-Re-Issue.xlsx,2023,Table 6,Motorcycles,2013 - 2017,QLD,57555.0
BITRE-Road-Vehicles-Australia-January-2023-Re-Issue.xlsx,2023,Table 6,Motorcycles,2013 - 2017,SA,14369.0
BITRE-Road-Vehicles-Australia-January-2023-Re-Issue.xlsx,2023,Table 6,Motorcycles,2013 - 2017,WA,28002.0
BITRE-Road-Vehicles-Australia-January-2023-Re-Issue.xlsx,2023,Table 6,Motorcycles,2013 - 2017,TAS,4997.0
BITRE-Road-Vehicles-Australia-January-2023-Re-Issue.xlsx,2023,Table 6,Motorcycles,2013 - 2017,NT,1545.0
BITRE-Road-Vehicles-Australia-January-2023-Re-Issue.xlsx,2023,Table 6,Motorcycles,2013 - 2017,ACT,3647.0
BITRE-Road-Vehicles-Australia-January-2023-Re-Issue.xlsx,2023,Table 6,Motorcycles,2013 - 2017,AUS,234208.0
BITRE-Road-Vehicles-Australia-January-2023-Re-Issue.xlsx,2023,Table 6,Motorcycles,2008 - 2012,NSW,54194.0
BITRE-Road-Vehicles-Australia-January-2023-Re-Issue.xlsx,2023,Table 6,Motorcycles,2008 - 2012,VIC,39241.0
BITRE-Road-Vehicles-Australia-January-2023-Re-Issue.xlsx,2023,Table 6,Motorcycles,2008 - 2012,QLD,46172.0
BITRE-Road-Vehicles-Australia-January-2023-Re-Issue.xlsx,2023,Table 6,Motorcycles,2008 - 2012,SA,12412.0
BITRE-Road-Vehicles-Australia-January-2023-Re-Issue.xlsx,2023,Table 6,Motorcycles,2008 - 2012,WA,29767.0
BITRE-Road-Vehicles-Australia-January-2023-Re-Issue.xlsx,2023,Table 6,Motorcycles,2008 - 2012,TAS,4601.0
BITRE-Road-Vehicles-Australia-January-2023-Re-Issue.xlsx,2023,Table 6,Motorcycles,2008 - 2012,NT,1052.0
BITRE-Road-Vehicles-Australia-January-2023-Re-Issue.xlsx,2023,Table 6,Motorcycles,2008 - 2012,ACT,2768.0
BITRE-Road-Vehicles-Australia-January-2023-Re-Issue.xlsx,2023,Table 6,Motorcycles,2008 - 2012,AUS,190207.0
BITRE-Road-Vehicles-Australia-January-2023-Re-Issue.xlsx,2023,Table 6,Motorcycles,2003 - 2007,NSW,35902.0
BITRE-Road-Vehicles-Australia-January-2023-Re-Issue.xlsx,2023,Table 6,Motorcycles,2003 - 2007,VIC,30098.0
BITRE-Road-Vehicles-Australia-January-2023-Re-Issue.xlsx,2023,Table 6,Motorcycles,2003 - 2007,QLD,35958.0
BITRE-Road-Vehicles-Australia-January-2023-Re-Issue.xlsx,2023,Table 6,Motorcycles,2003 - 2007,SA,9297.0
BITRE-Road-Vehicles-Australia-January-2023-Re-Issue.xlsx,2023,Table 6,Motorcycles,2003 - 2007,WA,20753.0
BITRE-Road-Vehicles-Australia-January-2023-Re-Issue.xlsx,2023,Table 6,Motorcycles,2003 - 2007,TAS,3647.0
BITRE-Road-Vehicles-Australia-January-2023-Re-Issue.xlsx,2023,Table 6,Motorcycles,2003 - 2007,NT,600.0
BITRE-Road-Vehicles-Australia-January-2023-Re-Issue.xlsx,2023,Table 6,Motorcycles,2003 - 2007,ACT,1830.0
BITRE-Road-Vehicles-Australia-January-2023-Re-Issue.xlsx,2023,Table 6,Motorcycles,2003 - 2007,AUS,138085.0
BITRE-Road-Vehicles-Australia-January-2023-Re-Issue.xlsx,2023,Table 6,Motorcycles,To 2002,NSW,31925.0
BITRE-Road-Vehicles-Australia-January-2023-Re-Issue.xlsx,2023,Table 6,Motorcycles,To 2002,VIC,29405.0
BITRE-Road-Vehicles-Australia-January-2023-Re-Issue.xlsx,2023,Table 6,Motorcycles,To 2002,QLD,37551.0
BITRE-Road-Vehicles-Australia-January-2023-Re-Issue.xlsx,2023,Table 6,Motorcycles,To 2002,SA,11102.0
BITRE-Road-Vehicles-Australia-January-2023-Re-Issue.xlsx,2023,Table 6,Motorcycles,To 2002,WA,26406.0
BITRE-Road-Vehicles-Australia-January-2023-Re-Issue.xlsx,2023,Table 6,Motorcycles,To 2002,TAS,3572.0
BITRE-Road-Vehicles-Australia-January-2023-Re-Issue.xlsx,2023,Table 6,Motorcycles,To 2002,NT,576.0
BITRE-Road-Vehicles-Australia-January-2023-Re-Issue.xlsx,2023,Table 6,Motorcycles,To 2002,ACT,1942.0
BITRE-Road-Vehicles-Australia-January-2023-Re-Issue.xlsx,2023,Table 6,Motorcycles,To 2002,AUS,142479.0
BITRE-Road-Vehicles-Australia-January-2023-Re-Issue.xlsx,2023,Table 6,Total motor vehicles,2018 - 2023,NSW,1681213.0
BITRE-Road-Vehicles-Australia-January-2023-Re-Issue.xlsx,2023,Table 6,Total motor vehicles,2018 - 2023,VIC,1344450.0
BITRE-Road-Vehicles-Australia-January-2023-Re-Issue.xlsx,2023,Table 6,Total motor vehicles,2018 - 2023,QLD,1166220.0
BITRE-Road-Vehicles-Australia-January-2023-Re-Issue.xlsx,2023,Table 6,Total motor vehicles,2018 - 2023,SA,343996.0
BITRE-Road-Vehicles-Australia-January-2023-Re-Issue.xlsx,2023,Table 6,Total motor vehicles,2018 - 2023,WA,553514.0
BITRE-Road-Vehicles-Australia-January-2023-Re-Issue.xlsx,2023,Table 6,Total motor vehicles,2018 - 2023,TAS,108027.0
BITRE-Road-Vehicles-Australia-January-2023-Re-Issue.xlsx,2023,Table 6,Total motor vehicles,2018 - 2023,NT,47246.0
BITRE-Road-Vehicles-Australia-January-2023-Re-Issue.xlsx,2023,Table 6,Total motor vehicles,2018 - 2023,ACT,90470.0
BITRE-Road-Vehicles-Australia-January-2023-Re-Issue.xlsx,2023,Table 6,Total motor vehicles,2018 - 2023,AUS,5335136.0
BITRE-Road-Vehicles-Australia-January-2023-Re-Issue.xlsx,2023,Table 6,Total motor vehicles,2013 - 2017,NSW,1763051.0
BITRE-Road-Vehicles-Australia-January-2023-Re-Issue.xlsx,2023,Table 6,Total motor vehicles,2013 - 2017,VIC,1492338.0
BITRE-Road-Vehicles-Australia-January-2023-Re-Issue.xlsx,2023,Table 6,Total motor vehicles,2013 - 2017,QLD,1212521.0
BITRE-Road-Vehicles-Australia-January-2023-Re-Issue.xlsx,2023,Table 6,Total motor vehicles,2013 - 2017,SA,381657.0
BITRE-Road-Vehicles-Australia-January-2023-Re-Issue.xlsx,2023,Table 6,Total motor vehicles,2013 - 2017,WA,612658.0
BITRE-Road-Vehicles-Australia-January-2023-Re-Issue.xlsx,2023,Table 6,Total motor vehicles,2013 - 2017,TAS,119837.0
BITRE-Road-Vehicles-Australia-January-2023-Re-Issue.xlsx,2023,Table 6,Total motor vehicles,2013 - 2017,NT,44848.0
BITRE-Road-Vehicles-Australia-January-2023-Re-Issue.xlsx,2023,Table 6,Total motor vehicles,2013 - 2017,ACT,99553.0
BITRE-Road-Vehicles-Australia-January-2023-Re-Issue.xlsx,2023,Table 6,Total motor vehicles,2013 - 2017,AUS,5726463.0
BITRE-Road-Vehicles-Australia-January-2023-Re-Issue.xlsx,2023,Table 6,Total motor vehicles,2008 - 2012,NSW,1263779.0
BITRE-Road-Vehicles-Australia-January-2023-Re-Issue.xlsx,2023,Table 6,Total motor vehicles,2008 - 2012,VIC,1148855.0
BITRE-Road-Vehicles-Australia-January-2023-Re-Issue.xlsx,2023,Table 6,Total motor vehicles,2008 - 2012,QLD,969846.0
BITRE-Road-Vehicles-Australia-January-2023-Re-Issue.xlsx,2023,Table 6,Total motor vehicles,2008 - 2012,SA,328661.0
BITRE-Road-Vehicles-Australia-January-2023-Re-Issue.xlsx,2023,Table 6,Total motor vehicles,2008 - 2012,WA,565352.0
BITRE-Road-Vehicles-Australia-January-2023-Re-Issue.xlsx,2023,Table 6,Total motor vehicles,2008 - 2012,TAS,107707.0
BITRE-Road-Vehicles-Australia-January-2023-Re-Issue.xlsx,2023,Table 6,Total motor vehicles,2008 - 2012,NT,35033.0
BITRE-Road-Vehicles-Australia-January-2023-Re-Issue.xlsx,2023,Table 6,Total motor vehicles,2008 - 2012,ACT,72111.0
BITRE-Road-Vehicles-Australia-January-2023-Re-Issue.xlsx,2023,Table 6,Total motor vehicles,2008 - 2012,AUS,4491344.0
BITRE-Road-Vehicles-Australia-January-2023-Re-Issue.xlsx,2023,Table 6,Total motor vehicles,2003 - 2007,NSW,854830.0
BITRE-Road-Vehicles-Australia-January-2023-Re-Issue.xlsx,2023,Table 6,Total motor vehicles,2003 - 2007,VIC,792308.0
BITRE-Road-Vehicles-Australia-January-2023-Re-Issue.xlsx,2023,Table 6,Total motor vehicles,2003 - 2007,QLD,704820.0
BITRE-Road-Vehicles-Australia-January-2023-Re-Issue.xlsx,2023,Table 6,Total motor vehicles,2003 - 2007,SA,257767.0
BITRE-Road-Vehicles-Australia-January-2023-Re-Issue.xlsx,2023,Table 6,Total motor vehicles,2003 - 2007,WA,397626.0
BITRE-Road-Vehicles-Australia-January-2023-Re-Issue.xlsx,2023,Table 6,Total motor vehicles,2003 - 2007,TAS,95366.0
BITRE-Road-Vehicles-Australia-January-2023-Re-Issue.xlsx,2023,Table 6,Total motor vehicles,2003 - 2007,NT,22779.0
BITRE-Road-Vehicles-Australia-January-2023-Re-Issue.xlsx,2023,Table 6,Total motor vehicles,2003 - 2007,ACT,42901.0
BITRE-Road-Vehicles-Australia-January-2023-Re-Issue.xlsx,2023,Table 6,Total motor vehicles,2003 - 2007,AUS,3168397.0
BITRE-Road-Vehicles-Australia-January-2023-Re-Issue.xlsx,2023,Table 6,Total motor vehicles,To 2002,NSW,591732.0
BITRE-Road-Vehicles-Australia-January-2023-Re-Issue.xlsx,2023,Table 6,Total motor vehicles,To 2002,VIC,593950.0
BITRE-Road-Vehicles-Australia-January-2023-Re-Issue.xlsx,2023,Table 6,Total motor vehicles,To 2002,QLD,542693.0
BITRE-Road-Vehicles-Australia-January-2023-Re-Issue.xlsx,2023,Table 6,Total motor vehicles,To 2002,SA,241499.0
BITRE-Road-Vehicles-Australia-January-2023-Re-Issue.xlsx,2023,Table 6,Total motor vehicles,To 2002,WA,307987.0
BITRE-Road-Vehicles-Australia-January-2023-Re-Issue.xlsx,2023,Table 6,Total motor vehicles,To 2002,TAS,100557.0
BITRE-Road-Vehicles-Australia-January-2023-Re-Issue.xlsx,2023,Table 6,Total motor vehicles,To 2002,NT,16103.0
BITRE-Road-Vehicles-Australia-January-2023-Re-Issue.xlsx,2023,Table 6,Total motor vehicles,To 2002,ACT,26311.0
BITRE-Road-Vehicles-Australia-January-2023-Re-Issue.xlsx,2023,Table 6,Total motor vehicles,To 2002,AUS,2420832.0
BITRE-Road-Vehicles-Australia-January-2025.xlsx,2025,Table 6,Passenger vehicles,2020 - 2025,NSW,1230792.0
BITRE-Road-Vehicles-Australia-January-2025.xlsx,2025,Table 6,Passenger vehicles,2020 - 2025,VIC,1013716.0
BITRE-Road-Vehicles-Australia-January-2025.xlsx,2025,Table 6,Passenger vehicles,2020 - 2025,QLD,830786.0
BITRE-Road-Vehicles-Australia-January-2025.xlsx,2025,Table 6,Passenger vehicles,2020 - 2025,SA,257326.0
BITRE-Road-Vehicles-Australia-January-2025.xlsx,2025,Table 6,Passenger vehicles,2020 - 2025,WA,418916.0
BITRE-Road-Vehicles-Australia-January-2025.xlsx,2025,Table 6,Passenger vehicles,2020 - 2025,TAS,69577.0
BITRE-Road-Vehicles-Australia-January-2025.xlsx,2025,Table 6,Passenger vehicles,2020 - 2025,NT,28072.0
BITRE-Road-Vehicles-Australia-January-2025.xlsx,2025,Table 6,Passenger vehicles,2020 - 2025,ACT,71424.0
BITRE-Road-Vehicles-Australia-January-2025.xlsx,2025,Table 6,Passenger vehicles,2020 - 2025,AUS,3920609.0
BITRE-Road-Vehicles-Australia-January-2025.xlsx,2025,Table 6,Passenger vehicles,2015 - 2019,NSW,1309034.0
BITRE-Road-Vehicles-Australia-January-2025.xlsx,2025,Table 6,Passenger vehicles,2015 - 2019,VIC,1163555.0
BITRE-Road-Vehicles-Australia-January-2025.xlsx,2025,Table 6,Passenger vehicles,2015 - 2019,QLD,845877.0
BITRE-Road-Vehicles-Australia-January-2025.xlsx,2025,Table 6,Passenger vehicles,2015 - 2019,SA,285668.0
BITRE-Road-Vehicles-Australia-January-2025.xlsx,2025,Table 6,Passenger vehicles,2015 - 2019,WA,432437.0
BITRE-Road-Vehicles-Australia-January-2025.xlsx,2025,Table 6,Passenger vehicles,2015 - 2019,TAS,80464.0
BITRE-Road-Vehicles-Australia-January-2025.xlsx,2025,Table 6,Passenger vehicles,2015 - 2019,NT,25691.0
BITRE-Road-Vehicles-Australia-January-2025.xlsx,2025,Table 6,Passenger vehicles,2015 - 2019,ACT,82405.0
BITRE-Road-Vehicles-Australia-January-2025.xlsx,2025,Table 6,Passenger vehicles,2015 - 2019,AUS,4225131.0
BITRE-Road-Vehicles-Australia-January-2025.xlsx,2025,Table 6,Passenger vehicles,2010 - 2014,NSW,1038438.0
BITRE-Road-Vehicles-Australia-January-2025.xlsx,2025,Table 6,Passenger vehicles,2010 - 2014,VIC,985699.0
BITRE-Road-Vehicles-Australia-January-2025.xlsx,2025,Table 6,Passenger vehicles,2010 - 2014,QLD,736801.0
BITRE-Road-Vehicles-Australia-January-2025.xlsx,2025,Table 6,Passenger vehicles,2010 - 2014,SA,267667.0
BITRE-Road-Vehicles-Australia-January-2025.xlsx,2025,Table 6,Passenger vehicles,2010 - 2014,WA,438424.0
BITRE-Road-Vehicles-Australia-January-2025.xlsx,2025,Table 6,Passenger vehicles,2010 - 2014,TAS,77459.0
BITRE-Road-Vehicles-Australia-January-2025.xlsx,2025,Table 6,Passenger vehicles,2010 - 2014,NT,22326.0
BITRE-Road-Vehicles-Australia-January-2025.xlsx,2025,Table 6,Passenger vehicles,2010 - 2014,ACT,66530.0
BITRE-Road-Vehicles-Australia-January-2025.xlsx,2025,Table 6,Passenger vehicles,2010 - 2014,AUS,3633344.0
BITRE-Road-Vehicles-Australia-January-2025.xlsx,2025,Table 6,Passenger vehicles,2005 - 2009,NSW,658626.0
BITRE-Road-Vehicles-Australia-January-2025.xlsx,2025,Table 6,Passenger vehicles,2005 - 2009,VIC,641098.0
BITRE-Road-Vehicles-Australia-January-2025.xlsx,2025,Table 6,Passenger vehicles,2005 - 2009,QLD,489767.0
BITRE-Road-Vehicles-Australia-January-2025.xlsx,2025,Table 6,Passenger vehicles,2005 - 2009,SA,201458.0
BITRE-Road-Vehicles-Australia-January-2025.xlsx,2025,Table 6,Passenger vehicles,2005 - 2009,WA,309629.0
BITRE-Road-Vehicles-Australia-January-2025.xlsx,2025,Table 6,Passenger vehicles,2005 - 2009,TAS,65183.0
BITRE-Road-Vehicles-Australia-January-2025.xlsx,2025,Table 6,Passenger vehicles,2005 - 2009,NT,14537.0
BITRE-Road-Vehicles-Australia-January-2025.xlsx,2025,Table 6,Passenger vehicles,2005 - 2009,ACT,38252.0
BITRE-Road-Vehicles-Australia-January-2025.xlsx,2025,Table 6,Passenger vehicles,2005 - 2009,AUS,2418550.0
BITRE-Road-Vehicles-Australia-January-2025.xlsx,2025,Table 6,Passenger vehicles,1900 - 2004,NSW,467791.0
BITRE-Road-Vehicles-Australia-January-2025.xlsx,2025,Table 6,Passenger vehicles,1900 - 2004,VIC,483875.0
BITRE-Road-Vehicles-Australia-January-2025.xlsx,2025,Table 6,Passenger vehicles,1900 - 2004,QLD,393659.0
BITRE-Road-Vehicles-Australia-January-2025.xlsx,2025,Table 6,Passenger vehicles,1900 - 2004,SA,205865.0
BITRE-Road-Vehicles-Australia-January-2025.xlsx,2025,Table 6,Passenger vehicles,1900 - 2004,WA,228183.0
BITRE-Road-Vehicles-Australia-January-2025.xlsx,2025,Table 6,Passenger vehicles,1900 - 2004,TAS,68033.0
BITRE-Road-Vehicles-Australia-January-2025.xlsx,2025,Table 6,Passenger vehicles,1900 - 2004,NT,9790.0
BITRE-Road-Vehicles-Australia-January-2025.xlsx,2025,Table 6,Passenger vehicles,1900 - 2004,ACT,24597.0
BITRE-Road-Vehicles-Australia-January-2025.xlsx,2025,Table 6,Passenger vehicles,1900 - 2004,AUS,1881793.0
BITRE-Road-Vehicles-Australia-January-2025.xlsx,2025,Table 6,Campervans,2020 - 2025,NSW,5335.0
BITRE-Road-Vehicles-Australia-January-2025.xlsx,2025,Table 6,Campervans,2020 - 2025,VIC,4894.0
BITRE-Road-Vehicles-Australia-January-2025.xlsx,2025,Table 6,Campervans,2020 - 2025,QLD,5237.0
BITRE-Road-Vehicles-Australia-January-2025.xlsx,2025,Table 6,Campervans,2020 - 2025,SA,577.0
BITRE-Road-Vehicles-Australia-January-2025.xlsx,2025,Table 6,Campervans,2020 - 2025,WA,23.0
BITRE-Road-Vehicles-Australia-January-2025.xlsx,2025,Table 6,Campervans,2020 - 2025,TAS,571.0
BITRE-Road-Vehicles-Australia-January-2025.xlsx,2025,Table 6,Campervans,2020 - 2025,NT,19.0
BITRE-Road-Vehicles-Australia-January-2025.xlsx,2025,Table 6,Campervans,2020 - 2025,ACT,147.0
BITRE-Road-Vehicles-Australia-January-2025.xlsx,2025,Table 6,Campervans,2020 - 2025,AUS,16803.0
BITRE-Road-Vehicles-Australia-January-2025.xlsx,2025,Table 6,Campervans,2015 - 2019,NSW,5110.0
BITRE-Road-Vehicles-Australia-January-2025.xlsx,2025,Table 6,Campervans,2015 - 2019,VIC,3526.0
BITRE-Road-Vehicles-Australia-January-2025.xlsx,2025,Table 6,Campervans,2015 - 2019,QLD,4428.0
BITRE-Road-Vehicles-Australia-January-2025.xlsx,2025,Table 6,Campervans,2015 - 2019,SA,522.0
BITRE-Road-Vehicles-Australia-January-2025.xlsx,2025,Table 6,Campervans,2015 - 2019,WA,71.0
BITRE-Road-Vehicles-Australia-January-2025.xlsx,2025,Table 6,Campervans,2015 - 2019,TAS,634.0
BITRE-Road-Vehicles-Australia-January-2025.xlsx,2025,Table 6,Campervans,2015 - 2019,NT,26.0
BITRE-Road-Vehicles-Australia-January-2025.xlsx,2025,Table 6,Campervans,2015 - 2019,ACT,125.0
BITRE-Road-Vehicles-Australia-January-2025.xlsx,2025,Table 6,Campervans,2015 - 2019,AUS,14442.0
BITRE-Road-Vehicles-Australia-January-2025.xlsx,2025,Table 6,Campervans,2010 - 2014,NSW,5197.0
BITRE-Road-Vehicles-Australia-January-2025.xlsx,2025,Table 6,Campervans,2010 - 2014,VIC,3213.0
BITRE-Road-Vehicles-Australia-January-2025.xlsx,2025,Table 6,Campervans,2010 - 2014,QLD,3530.0
BITRE-Road-Vehicles-Australia-January-2025.xlsx,2025,Table 6,Campervans,2010 - 2014,SA,481.0
BITRE-Road-Vehicles-Australia-January-2025.xlsx,2025,Table 6,Campervans,2010 - 2014,WA,199.0
BITRE-Road-Vehicles-Australia-January-2025.xlsx,2025,Table 6,Campervans,2010 - 2014,TAS,610.0
BITRE-Road-Vehicles-Australia-January-2025.xlsx,2025,Table 6,Campervans,2010 - 2014,NT,10.0
BITRE-Road-Vehicles-Australia-January-2025.xlsx,2025,Table 6,Campervans,2010 - 2014,ACT,145.0
BITRE-Road-Vehicles-Australia-January-2025.xlsx,2025,Table 6,Campervans,2010 - 2014,AUS,13385.0
BITRE-Road-Vehicles-Australia-January-2025.xlsx,2025,Table 6,Campervans,2005 - 2009,NSW,7713.0
BITRE-Road-Vehicles-Australia-January-2025.xlsx,2025,Table 6,Campervans,2005 - 2009,VIC,5837.0
BITRE-Road-Vehicles-Australia-January-2025.xlsx,2025,Table 6,Campervans,2005 - 2009,QLD,5374.0
BITRE-Road-Vehicles-Australia-January-2025.xlsx,2025,Table 6,Campervans,2005 - 2009,SA,800.0
BITRE-Road-Vehicles-Australia-January-2025.xlsx,2025,Table 6,Campervans,2005 - 2009,WA,632.0
BITRE-Road-Vehicles-Australia-January-2025.xlsx,2025,Table 6,Campervans,2005 - 2009,TAS,967.0
BITRE-Road-Vehicles-Australia-January-2025.xlsx,2025,Table 6,Campervans,2005 - 2009,NT,27.0
BITRE-Road-Vehicles-Australia-January-2025.xlsx,2025,Table 6,Campervans,2005 - 2009,ACT,221.0
BITRE-Road-Vehicles-Australia-January-2025.xlsx,2025,Table 6,Campervans,2005 - 2009,AUS,21571.0
BITRE-Road-Vehicles-Australia-January-2025.xlsx,2025,Table 6,Campervans,1900 - 2004,NSW,9991.0
BITRE-Road-Vehicles-Australia-January-2025.xlsx,2025,Table 6,Campervans,1900 - 2004,VIC,8803.0
BITRE-Road-Vehicles-Australia-January-2025.xlsx,2025,Table 6,Campervans,1900 - 2004,QLD,11376.0
BITRE-Road-Vehicles-Australia-January-2025.xlsx,2025,Table 6,Campervans,1900 - 2004,SA,1688.0
BITRE-Road-Vehicles-Australia-January-2025.xlsx,2025,Table 6,Campervans,1900 - 2004,WA,1767.0
BITRE-Road-Vehicles-Australia-January-2025.xlsx,2025,Table 6,Campervans,1900 - 2004,TAS,3307.0
BITRE-Road-Vehicles-Australia-January-2025.xlsx,2025,Table 6,Campervans,1900 - 2004,NT,49.0
BITRE-Road-Vehicles-Australia-January-2025.xlsx,2025,Table 6,Campervans,1900 - 2004,ACT,299.0
BITRE-Road-Vehicles-Australia-January-2025.xlsx,2025,Table 6,Campervans,1900 - 2004,AUS,37280.0
BITRE-Road-Vehicles-Australia-January-2025.xlsx,2025,Table 6,Light commercial vehicles,2020 - 2025,NSW,326839.0
BITRE-Road-Vehicles-Australia-January-2025.xlsx,2025,Table 6,Light commercial vehicles,2020 - 2025,VIC,258265.0
BITRE-Road-Vehicles-Australia-January-2025.xlsx,2025,Table 6,Light commercial vehicles,2020 - 2025,QLD,297701.0
BITRE-Road-Vehicles-Australia-January-2025.xlsx,2025,Table 6,Light commercial vehicles,2020 - 2025,SA,74272.0
BITRE-Road-Vehicles-Australia-January-2025.xlsx,2025,Table 6,Light commercial vehicles,2020 - 2025,WA,139844.0
BITRE-Road-Vehicles-Australia-January-2025.xlsx,2025,Table 6,Light commercial vehicles,2020 - 2025,TAS,27428.0
BITRE-Road-Vehicles-Australia-January-2025.xlsx,2025,Table 6,Light commercial vehicles,2020 - 2025,NT,15563.0
BITRE-Road-Vehicles-Australia-January-2025.xlsx,2025,Table 6,Light commercial vehicles,2020 - 2025,ACT,11708.0
BITRE-Road-Vehicles-Australia-January-2025.xlsx,2025,Table 6,Light commercial vehicles,2020 - 2025,AUS,1151620.0
BITRE-Road-Vehicles-Australia-January-2025.xlsx,2025,Table 6,Light commercial vehicles,2015 - 2019,NSW,301692.0
BITRE-Road-Vehicles-Australia-January-2025.xlsx,2025,Table 6,Light commercial vehicles,2015 - 2019,VIC,236933.0
BITRE-Road-Vehicles-Australia-January-2025.xlsx,2025,Table 6,Light commercial vehicles,2015 - 2019,QLD,272701.0
BITRE-Road-Vehicles-Australia-January-2025.xlsx,2025,Table 6,Light commercial vehicles,2015 - 2019,SA,67880.0
BITRE-Road-Vehicles-Australia-January-2025.xlsx,2025,Table 6,Light commercial vehicles,2015 - 2019,WA,117033.0
BITRE-Road-Vehicles-Australia-January-2025.xlsx,2025,Table 6,Light commercial vehicles,2015 - 2019,TAS,29771.0
BITRE-Road-Vehicles-Australia-January-2025.xlsx,2025,Table 6,Light commercial vehicles,2015 - 2019,NT,13309.0
BITRE-Road-Vehicles-Australia-January-2025.xlsx,2025,Table 6,Light commercial vehicles,2015 - 2019,ACT,11984.0
BITRE-Road-Vehicles-Australia-January-2025.xlsx,2025,Table 6,Light commercial vehicles,2015 - 2019,AUS,1051303.0
BITRE-Road-Vehicles-Australia-January-2025.xlsx,2025,Table 6,Light commercial vehicles,2010 - 2014,NSW,210045.0
BITRE-Road-Vehicles-Australia-January-2025.xlsx,2025,Table 6,Light commercial vehicles,2010 - 2014,VIC,170099.0
BITRE-Road-Vehicles-Australia-January-2025.xlsx,2025,Table 6,Light commercial vehicles,2010 - 2014,QLD,213589.0
BITRE-Road-Vehicles-Australia-January-2025.xlsx,2025,Table 6,Light commercial vehicles,2010 - 2014,SA,53154.0
BITRE-Road-Vehicles-Australia-January-2025.xlsx,2025,Table 6,Light commercial vehicles,2010 - 2014,WA,103780.0
BITRE-Road-Vehicles-Australia-January-2025.xlsx,2025,Table 6,Light commercial vehicles,2010 - 2014,TAS,24728.0
BITRE-Road-Vehicles-Australia-January-2025.xlsx,2025,Table 6,Light commercial vehicles,2010 - 2014,NT,10556.0
BITRE-Road-Vehicles-Australia-January-2025.xlsx,2025,Table 6,Light commercial vehicles,2010 - 2014,ACT,7738.0
BITRE-Road-Vehicles-Australia-January-2025.xlsx,2025,Table 6,Light commercial vehicles,2010 - 2014,AUS,793689.0
BITRE-Road-Vehicles-Australia-January-2025.xlsx,2025,Table 6,Light commercial vehicles,2005 - 2009,NSW,140042.0
BITRE-Road-Vehicles-Australia-January-2025.xlsx,2025,Table 6,Light commercial vehicles,2005 - 2009,VIC,123085.0
BITRE-Road-Vehicles-Australia-January-2025.xlsx,2025,Table 6,Light commercial vehicles,2005 - 2009,QLD,161616.0
BITRE-Road-Vehicles-Australia-January-2025.xlsx,2025,Table 6,Light commercial vehicles,2005 - 2009,SA,39910.0
BITRE-Road-Vehicles-Australia-January-2025.xlsx,2025,Table 6,Light commercial vehicles,2005 - 2009,WA,77546.0
BITRE-Road-Vehicles-Australia-January-2025.xlsx,2025,Table 6,Light commercial vehicles,2005 - 2009,TAS,21918.0
BITRE-Road-Vehicles-Australia-January-2025.xlsx,2025,Table 6,Light commercial vehicles,2005 - 2009,NT,7307.0
BITRE-Road-Vehicles-Australia-January-2025.xlsx,2025,Table 6,Light commercial vehicles,2005 - 2009,ACT,4828.0
BITRE-Road-Vehicles-Australia-January-2025.xlsx,2025,Table 6,Light commercial vehicles,2005 - 2009,AUS,576252.0
BITRE-Road-Vehicles-Australia-January-2025.xlsx,2025,Table 6,Light commercial vehicles,1900 - 2004,NSW,142165.0
BITRE-Road-Vehicles-Australia-January-2025.xlsx,2025,Table 6,Light commercial vehicles,1900 - 2004,VIC,136848.0
BITRE-Road-Vehicles-Australia-January-2025.xlsx,2025,Table 6,Light commercial vehicles,1900 - 2004,QLD,167533.0
BITRE-Road-Vehicles-Australia-January-2025.xlsx,2025,Table 6,Light commercial vehicles,1900 - 2004,SA,49709.0
BITRE-Road-Vehicles-Australia-January-2025.xlsx,2025,Table 6,Light commercial vehicles,1900 - 2004,WA,81930.0
BITRE-Road-Vehicles-Australia-January-2025.xlsx,2025,Table 6,Light commercial vehicles,1900 - 2004,TAS,34221.0
BITRE-Road-Vehicles-Australia-January-2025.xlsx,2025,Table 6,Light commercial vehicles,1900 - 2004,NT,5767.0
BITRE-Road-Vehicles-Australia-January-2025.xlsx,2025,Table 6,Light commercial vehicles,1900 - 2004,ACT,4535.0
BITRE-Road-Vehicles-Australia-January-2025.xlsx,2025,Table 6,Light commercial vehicles,1900 - 2004,AUS,622708.0
BITRE-Road-Vehicles-Australia-January-2025.xlsx,2025,Table 6,Light rigid trucks,2020 - 2025,NSW,34769.0
BITRE-Road-Vehicles-Australia-January-2025.xlsx,2025,Table 6,Light rigid trucks,2020 - 2025,VIC,26346.0
BITRE-Road-Vehicles-Australia-January-2025.xlsx,2025,Table 6,Light rigid trucks,2020 - 2025,QLD,28424.0
BITRE-Road-Vehicles-Australia-January-2025.xlsx,2025,Table 6,Light rigid trucks,2020 - 2025,SA,6666.0
BITRE-Road-Vehicles-Australia-January-2025.xlsx,2025,Table 6,Light rigid trucks,2020 - 2025,WA,13927.0
BITRE-Road-Vehicles-Australia-January-2025.xlsx,2025,Table 6,Light rigid trucks,2020 - 2025,TAS,2070.0
BITRE-Road-Vehicles-Australia-January-2025.xlsx,2025,Table 6,Light rigid trucks,2020 - 2025,NT,1398.0
BITRE-Road-Vehicles-Australia-January-2025.xlsx,2025,Table 6,Light rigid trucks,2020 - 2025,ACT,950.0
BITRE-Road-Vehicles-Australia-January-2025.xlsx,2025,Table 6,Light rigid trucks,2020 - 2025,AUS,114550.0
BITRE-Road-Vehicles-Australia-January-2025.xlsx,2025,Table 6,Light rigid trucks,2015 - 2019,NSW,19315.0
BITRE-Road-Vehicles-Australia-January-2025.xlsx,2025,Table 6,Light rigid trucks,2015 - 2019,VIC,14326.0
BITRE-Road-Vehicles-Australia-January-2025.xlsx,2025,Table 6,Light rigid trucks,2015 - 2019,QLD,11270.0
BITRE-Road-Vehicles-Australia-January-2025.xlsx,2025,Table 6,Light rigid trucks,2015 - 2019,SA,3110.0
BITRE-Road-Vehicles-Australia-January-2025.xlsx,2025,Table 6,Light rigid trucks,2015 - 2019,WA,4557.0
BITRE-Road-Vehicles-Australia-January-2025.xlsx,2025,Table 6,Light rigid trucks,2015 - 2019,TAS,956.0
BITRE-Road-Vehicles-Australia-January-2025.xlsx,2025,Table 6,Light rigid trucks,2015 - 2019,NT,366.0
BITRE-Road-Vehicles-Australia-January-2025.xlsx,2025,Table 6,Light rigid trucks,2015 - 2019,ACT,585.0
BITRE-Road-Vehicles-Australia-January-2025.xlsx,2025,Table 6,Light rigid trucks,2015 - 2019,AUS,54485.0
BITRE-Road-Vehicles-Australia-January-2025.xlsx,2025,Table 6,Light rigid trucks,2010 - 2014,NSW,10104.0
BITRE-Road-Vehicles-Australia-January-2025.xlsx,2025,Table 6,Light rigid trucks,2010 - 2014,VIC,7623.0
BITRE-Road-Vehicles-Australia-January-2025.xlsx,2025,Table 6,Light rigid trucks,2010 - 2014,QLD,6676.0
BITRE-Road-Vehicles-Australia-January-2025.xlsx,2025,Table 6,Light rigid trucks,2010 - 2014,SA,1868.0
BITRE-Road-Vehicles-Australia-January-2025.xlsx,2025,Table 6,Light rigid trucks,2010 - 2014,WA,3714.0
BITRE-Road-Vehicles-Australia-January-2025.xlsx,2025,Table 6,Light rigid trucks,2010 - 2014,TAS,684.0
BITRE-Road-Vehicles-Australia-January-2025.xlsx,2025,Table 6,Light rigid trucks,2010 - 2014,NT,295.0
BITRE-Road-Vehicles-Australia-January-2025.xlsx,2025,Table 6,Light rigid trucks,2010 - 2014,ACT,247.0
BITRE-Road-Vehicles-Australia-January-2025.xlsx,2025,Table 6,Light rigid trucks,2010 - 2014,AUS,31211.0
BITRE-Road-Vehicles-Australia-January-2025.xlsx,2025,Table 6,Light rigid trucks,2005 - 2009,NSW,8688.0
BITRE-Road-Vehicles-Australia-January-2025.xlsx,2025,Table 6,Light rigid trucks,2005 - 2009,VIC,6908.0
BITRE-Road-Vehicles-Australia-January-2025.xlsx,2025,Table 6,Light rigid trucks,2005 - 2009,QLD,7562.0
BITRE-Road-Vehicles-Australia-January-2025.xlsx,2025,Table 6,Light rigid trucks,2005 - 2009,SA,1846.0
BITRE-Road-Vehicles-Australia-January-2025.xlsx,2025,Table 6,Light rigid trucks,2005 - 2009,WA,3430.0
BITRE-Road-Vehicles-Australia-January-2025.xlsx,2025,Table 6,Light rigid trucks,2005 - 2009,TAS,739.0
BITRE-Road-Vehicles-Australia-January-2025.xlsx,2025,Table 6,Light rigid trucks,2005 - 2009,NT,291.0
BITRE-Road-Vehicles-Australia-January-2025.xlsx,2025,Table 6,Light rigid trucks,2005 - 2009,ACT,206.0
BITRE-Road-Vehicles-Australia-January-2025.xlsx,2025,Table 6,Light rigid trucks,2005 - 2009,AUS,29670.0
BITRE-Road-Vehicles-Australia-January-2025.xlsx,2025,Table 6,Light rigid trucks,1900 - 2004,NSW,10027.0
BITRE-Road-Vehicles-Australia-January-2025.xlsx,2025,Table 6,Light rigid trucks,1900 - 2004,VIC,6510.0
BITRE-Road-Vehicles-Australia-January-2025.xlsx,2025,Table 6,Light rigid trucks,1900 - 2004,QLD,9657.0
BITRE-Road-Vehicles-Australia-January-2025.xlsx,2025,Table 6,Light rigid trucks,1900 - 2004,SA,1984.0
BITRE-Road-Vehicles-Australia-January-2025.xlsx,2025,Table 6,Light rigid trucks,1900 - 2004,WA,3331.0
BITRE-Road-Vehicles-Australia-January-2025.xlsx,2025,Table 6,Light rigid trucks,1900 - 2004,TAS,1301.0
BITRE-Road-Vehicles-Australia-January-2025.xlsx,2025,Table 6,Light rigid trucks,1900 - 2004,NT,339.0
BITRE-Road-Vehicles-Australia-January-2025.xlsx,2025,Table 6,Light rigid trucks,1900 - 2004,ACT,227.0
BITRE-Road-Vehicles-Australia-January-2025.xlsx,2025,Table 6,Light rigid trucks,1900 - 2004,AUS,33376.0
BITRE-Road-Vehicles-Australia-January-2025.xlsx,2025,Table 6,Heavy rigid trucks,2020 - 2025,NSW,23227.0
BITRE-Road-Vehicles-Australia-January-2025.xlsx,2025,Table 6,Heavy rigid trucks,2020 - 2025,VIC,19206.0
BITRE-Road-Vehicles-Australia-January-2025.xlsx,2025,Table 6,Heavy rigid trucks,2020 - 2025,QLD,20241.0
BITRE-Road-Vehicles-Australia-January-2025.xlsx,2025,Table 6,Heavy rigid trucks,2020 - 2025,SA,5455.0
BITRE-Road-Vehicles-Australia-January-2025.xlsx,2025,Table 6,Heavy rigid trucks,2020 - 2025,WA,11805.0
BITRE-Road-Vehicles-Australia-January-2025.xlsx,2025,Table 6,Heavy rigid trucks,2020 - 2025,TAS,1606.0
BITRE-Road-Vehicles-Australia-January-2025.xlsx,2025,Table 6,Heavy rigid trucks,2020 - 2025,NT,941.0
BITRE-Road-Vehicles-Australia-January-2025.xlsx,2025,Table 6,Heavy rigid trucks,2020 - 2025,ACT,466.0
BITRE-Road-Vehicles-Australia-January-2025.xlsx,2025,Table 6,Heavy rigid trucks,2020 - 2025,AUS,82947.0
BITRE-Road-Vehicles-Australia-January-2025.xlsx,2025,Table 6,Heavy rigid trucks,2015 - 2019,NSW,22499.0
BITRE-Road-Vehicles-Australia-January-2025.xlsx,2025,Table 6,Heavy rigid trucks,2015 - 2019,VIC,17842.0
BITRE-Road-Vehicles-Australia-January-2025.xlsx,2025,Table 6,Heavy rigid trucks,2015 - 2019,QLD,15707.0
BITRE-Road-Vehicles-Australia-January-2025.xlsx,2025,Table 6,Heavy rigid trucks,2015 - 2019,SA,4436.0
BITRE-Road-Vehicles-Australia-January-2025.xlsx,2025,Table 6,Heavy rigid trucks,2015 - 2019,WA,8003.0
BITRE-Road-Vehicles-Australia-January-2025.xlsx,2025,Table 6,Heavy rigid trucks,2015 - 2019,TAS,1671.0
BITRE-Road-Vehicles-Australia-January-2025.xlsx,2025,Table 6,Heavy rigid trucks,2015 - 2019,NT,844.0
BITRE-Road-Vehicles-Australia-January-2025.xlsx,2025,Table 6,Heavy rigid trucks,2015 - 2019,ACT,445.0
BITRE-Road-Vehicles-Australia-January-2025.xlsx,2025,Table 6,Heavy rigid trucks,2015 - 2019,AUS,71447.0
BITRE-Road-Vehicles-Australia-January-2025.xlsx,2025,Table 6,Heavy rigid trucks,2010 - 2014,NSW,16806.0
BITRE-Road-Vehicles-Australia-January-2025.xlsx,2025,Table 6,Heavy rigid trucks,2010 - 2014,VIC,13421.0
BITRE-Road-Vehicles-Australia-January-2025.xlsx,2025,Table 6,Heavy rigid trucks,2010 - 2014,QLD,12756.0
BITRE-Road-Vehicles-Australia-January-2025.xlsx,2025,Table 6,Heavy rigid trucks,2010 - 2014,SA,3461.0
BITRE-Road-Vehicles-Australia-January-2025.xlsx,2025,Table 6,Heavy rigid trucks,2010 - 2014,WA,10623.0
BITRE-Road-Vehicles-Australia-January-2025.xlsx,2025,Table 6,Heavy rigid trucks,2010 - 2014,TAS,1318.0
BITRE-Road-Vehicles-Australia-January-2025.xlsx,2025,Table 6,Heavy rigid trucks,2010 - 2014,NT,907.0
BITRE-Road-Vehicles-Australia-January-2025.xlsx,2025,Table 6,Heavy rigid trucks,2010 - 2014,ACT,290.0
BITRE-Road-Vehicles-Australia-January-2025.xlsx,2025,Table 6,Heavy rigid trucks,2010 - 2014,AUS,59582.0
BITRE-Road-Vehicles-Australia-January-2025.xlsx,2025,Table 6,Heavy rigid trucks,2005 - 2009,NSW,19058.0
BITRE-Road-Vehicles-Australia-January-2025.xlsx,2025,Table 6,Heavy rigid trucks,2005 - 2009,VIC,15620.0
BITRE-Road-Vehicles-Australia-January-2025.xlsx,2025,Table 6,Heavy rigid trucks,2005 - 2009,QLD,15073.0
BITRE-Road-Vehicles-Australia-January-2025.xlsx,2025,Table 6,Heavy rigid trucks,2005 - 2009,SA,4144.0
BITRE-Road-Vehicles-Australia-January-2025.xlsx,2025,Table 6,Heavy rigid trucks,2005 - 2009,WA,11125.0
BITRE-Road-Vehicles-Australia-January-2025.xlsx,2025,Table 6,Heavy rigid trucks,2005 - 2009,TAS,1850.0
BITRE-Road-Vehicles-Australia-January-2025.xlsx,2025,Table 6,Heavy rigid trucks,2005 - 2009,NT,1064.0
BITRE-Road-Vehicles-Australia-January-2025.xlsx,2025,Table 6,Heavy rigid trucks,2005 - 2009,ACT,285.0
BITRE-Road-Vehicles-Australia-January-2025.xlsx,2025,Table 6,Heavy rigid trucks,2005 - 2009,AUS,68219.0
BITRE-Road-Vehicles-Australia-January-2025.xlsx,2025,Table 6,Heavy rigid trucks,1900 - 2004,NSW,30062.0
BITRE-Road-Vehicles-Australia-January-2025.xlsx,2025,Table 6,Heavy rigid trucks,1900 - 2004,VIC,29350.0
BITRE-Road-Vehicles-Australia-January-2025.xlsx,2025,Table 6,Heavy rigid trucks,1900 - 2004,QLD,23974.0
BITRE-Road-Vehicles-Australia-January-2025.xlsx,2025,Table 6,Heavy rigid trucks,1900 - 2004,SA,9482.0
BITRE-Road-Vehicles-Australia-January-2025.xlsx,2025,Table 6,Heavy rigid trucks,1900 - 2004,WA,22689.0
BITRE-Road-Vehicles-Australia-January-2025.xlsx,2025,Table 6,Heavy rigid trucks,1900 - 2004,TAS,4555.0
BITRE-Road-Vehicles-Australia-January-2025.xlsx,2025,Table 6,Heavy rigid trucks,1900 - 2004,NT,1300.0
BITRE-Road-Vehicles-Australia-January-2025.xlsx,2025,Table 6,Heavy rigid trucks,1900 - 2004,ACT,286.0
BITRE-Road-Vehicles-Australia-January-2025.xlsx,2025,Table 6,Heavy rigid trucks,1900 - 2004,AUS,121698.0
BITRE-Road-Vehicles-Australia-January-2025.xlsx,2025,Table 6,Articulated trucks,2020 - 2025,NSW,8254.0
BITRE-Road-Vehicles-Australia-January-2025.xlsx,2025,Table 6,Articulated trucks,2020 - 2025,VIC,10903.0
BITRE-Road-Vehicles-Australia-January-2025.xlsx,2025,Table 6,Articulated trucks,2020 - 2025,QLD,8667.0
BITRE-Road-Vehicles-Australia-January-2025.xlsx,2025,Table 6,Articulated trucks,2020 - 2025,SA,3098.0
BITRE-Road-Vehicles-Australia-January-2025.xlsx,2025,Table 6,Articulated trucks,2020 - 2025,WA,5097.0
BITRE-Road-Vehicles-Australia-January-2025.xlsx,2025,Table 6,Articulated trucks,2020 - 2025,TAS,558.0
BITRE-Road-Vehicles-Australia-January-2025.xlsx,2025,Table 6,Articulated trucks,2020 - 2025,NT,320.0
BITRE-Road-Vehicles-Australia-January-2025.xlsx,2025,Table 6,Articulated trucks,2020 - 2025,ACT,52.0
BITRE-Road-Vehicles-Australia-January-2025.xlsx,2025,Table 6,Articulated trucks,2020 - 2025,AUS,36949.0
BITRE-Road-Vehicles-Australia-January-2025.xlsx,2025,Table 6,Articulated trucks,2015 - 2019,NSW,6406.0
BITRE-Road-Vehicles-Australia-January-2025.xlsx,2025,Table 6,Articulated trucks,2015 - 2019,VIC,7643.0
BITRE-Road-Vehicles-Australia-January-2025.xlsx,2025,Table 6,Articulated trucks,2015 - 2019,QLD,5717.0
BITRE-Road-Vehicles-Australia-January-2025.xlsx,2025,Table 6,Articulated trucks,2015 - 2019,SA,2000.0
BITRE-Road-Vehicles-Australia-January-2025.xlsx,2025,Table 6,Articulated trucks,2015 - 2019,WA,3739.0
BITRE-Road-Vehicles-Australia-January-2025.xlsx,2025,Table 6,Articulated trucks,2015 - 2019,TAS,638.0
BITRE-Road-Vehicles-Australia-January-2025.xlsx,2025,Table 6,Articulated trucks,2015 - 2019,NT,223.0
BITRE-Road-Vehicles-Australia-January-2025.xlsx,2025,Table 6,Articulated trucks,2015 - 2019,ACT,39.0
BITRE-Road-Vehicles-Australia-January-2025.xlsx,2025,Table 6,Articulated trucks,2015 - 2019,AUS,26405.0
BITRE-Road-Vehicles-Australia-January-2025.xlsx,2025,Table 6,Articulated trucks,2010 - 2014,NSW,4969.0
BITRE-Road-Vehicles-Australia-January-2025.xlsx,2025,Table 6,Articulated trucks,2010 - 2014,VIC,5272.0
BITRE-Road-Vehicles-Australia-January-2025.xlsx,2025,Table 6,Articulated trucks,2010 - 2014,QLD,4542.0
BITRE-Road-Vehicles-Australia-January-2025.xlsx,2025,Table 6,Articulated trucks,2010 - 2014,SA,1888.0
BITRE-Road-Vehicles-Australia-January-2025.xlsx,2025,Table 6,Articulated trucks,2010 - 2014,WA,4132.0
BITRE-Road-Vehicles-Australia-January-2025.xlsx,2025,Table 6,Articulated trucks,2010 - 2014,TAS,384.0
BITRE-Road-Vehicles-Australia-January-2025.xlsx,2025,Table 6,Articulated trucks,2010 - 2014,NT,329.0
BITRE-Road-Vehicles-Australia-January-2025.xlsx,2025,Table 6,Articulated trucks,2010 - 2014,ACT,43.0
BITRE-Road-Vehicles-Australia-January-2025.xlsx,2025,Table 6,Articulated trucks,2010 - 2014,AUS,21559.0
BITRE-Road-Vehicles-Australia-January-2025.xlsx,2025,Table 6,Articulated trucks,2005 - 2009,NSW,3954.0
BITRE-Road-Vehicles-Australia-January-2025.xlsx,2025,Table 6,Articulated trucks,2005 - 2009,VIC,4602.0
BITRE-Road-Vehicles-Australia-January-2025.xlsx,2025,Table 6,Articulated trucks,2005 - 2009,QLD,3760.0
BITRE-Road-Vehicles-Australia-January-2025.xlsx,2025,Table 6,Articulated trucks,2005 - 2009,SA,1584.0
BITRE-Road-Vehicles-Australia-January-2025.xlsx,2025,Table 6,Articulated trucks,2005 - 2009,WA,3594.0
BITRE-Road-Vehicles-Australia-January-2025.xlsx,2025,Table 6,Articulated trucks,2005 - 2009,TAS,370.0
BITRE-Road-Vehicles-Australia-January-2025.xlsx,2025,Table 6,Articulated trucks,2005 - 2009,NT,269.0
BITRE-Road-Vehicles-Australia-January-2025.xlsx,2025,Table 6,Articulated trucks,2005 - 2009,ACT,42.0
BITRE-Road-Vehicles-Australia-January-2025.xlsx,2025,Table 6,Articulated trucks,2005 - 2009,AUS,18175.0
BITRE-Road-Vehicles-Australia-January-2025.xlsx,2025,Table 6,Articulated trucks,1900 - 2004,NSW,5089.0
BITRE-Road-Vehicles-Australia-January-2025.xlsx,2025,Table 6,Articulated trucks,1900 - 2004,VIC,7474.0
BITRE-Road-Vehicles-Australia-January-2025.xlsx,2025,Table 6,Articulated trucks,1900 - 2004,QLD,5194.0
BITRE-Road-Vehicles-Australia-January-2025.xlsx,2025,Table 6,Articulated trucks,1900 - 2004,SA,2272.0
BITRE-Road-Vehicles-Australia-January-2025.xlsx,2025,Table 6,Articulated trucks,1900 - 2004,WA,4500.0
BITRE-Road-Vehicles-Australia-January-2025.xlsx,2025,Table 6,Articulated trucks,1900 - 2004,TAS,474.0
BITRE-Road-Vehicles-Australia-January-2025.xlsx,2025,Table 6,Articulated trucks,1900 - 2004,NT,261.0
BITRE-Road-Vehicles-Australia-January-2025.xlsx,2025,Table 6,Articulated trucks,1900 - 2004,ACT,28.0
BITRE-Road-Vehicles-Australia-January-2025.xlsx,2025,Table 6,Articulated trucks,1900 - 2004,AUS,25292.0
BITRE-Road-Vehicles-Australia-January-2025.xlsx,2025,Table 6,Non-freight-carrying vehicles,2020 - 2025,NSW,1876.0
BITRE-Road-Vehicles-Australia-January-2025.xlsx,2025,Table 6,Non-freight-carrying vehicles,2020 - 2025,VIC,2927.0
BITRE-Road-Vehicles-Australia-January-2025.xlsx,2025,Table 6,Non-freight-carrying vehicles,2020 - 2025,QLD,2353.0
BITRE-Road-Vehicles-Australia-January-2025.xlsx,2025,Table 6,Non-freight-carrying vehicles,2020 - 2025,SA,648.0
BITRE-Road-Vehicles-Australia-January-2025.xlsx,2025,Table 6,Non-freight-carrying vehicles,2020 - 2025,WA,1998.0
BITRE-Road-Vehicles-Australia-January-2025.xlsx,2025,Table 6,Non-freight-carrying vehicles,2020 - 2025,TAS,254.0
BITRE-Road-Vehicles-Australia-January-2025.xlsx,2025,Table 6,Non-freight-carrying vehicles,2020 - 2025,NT,91.0
BITRE-Road-Vehicles-Australia-January-2025.xlsx,2025,Table 6,Non-freight-carrying vehicles,2020 - 2025,ACT,38.0
BITRE-Road-Vehicles-Australia-January-2025.xlsx,2025,Table 6,Non-freight-carrying vehicles,2020 - 2025,AUS,10185.0
BITRE-Road-Vehicles-Australia-January-2025.xlsx,2025,Table 6,Non-freight-carrying vehicles,2015 - 2019,NSW,1755.0
BITRE-Road-Vehicles-Australia-January-2025.xlsx,2025,Table 6,Non-freight-carrying vehicles,2015 - 2019,VIC,2722.0
BITRE-Road-Vehicles-Australia-January-2025.xlsx,2025,Table 6,Non-freight-carrying vehicles,2015 - 2019,QLD,1875.0
BITRE-Road-Vehicles-Australia-January-2025.xlsx,2025,Table 6,Non-freight-carrying vehicles,2015 - 2019,SA,617.0
BITRE-Road-Vehicles-Australia-January-2025.xlsx,2025,Table 6,Non-freight-carrying vehicles,2015 - 2019,WA,1437.0
BITRE-Road-Vehicles-Australia-January-2025.xlsx,2025,Table 6,Non-freight-carrying vehicles,2015 - 2019,TAS,160.0
BITRE-Road-Vehicles-Australia-January-2025.xlsx,2025,Table 6,Non-freight-carrying vehicles,2015 - 2019,NT,97.0
BITRE-Road-Vehicles-Australia-January-2025.xlsx,2025,Table 6,Non-freight-carrying vehicles,2015 - 2019,ACT,46.0
BITRE-Road-Vehicles-Australia-January-2025.xlsx,2025,Table 6,Non-freight-carrying vehicles,2015 - 2019,AUS,8709.0
BITRE-Road-Vehicles-Australia-January-2025.xlsx,2025,Table 6,Non-freight-carrying vehicles,2010 - 2014,NSW,1406.0
BITRE-Road-Vehicles-Australia-January-2025.xlsx,2025,Table 6,Non-freight-carrying vehicles,2010 - 2014,VIC,2206.0
BITRE-Road-Vehicles-Australia-January-2025.xlsx,2025,Table 6,Non-freight-carrying vehicles,2010 - 2014,QLD,1896.0
BITRE-Road-Vehicles-Australia-January-2025.xlsx,2025,Table 6,Non-freight-carrying vehicles,2010 - 2014,SA,600.0
BITRE-Road-Vehicles-Australia-January-2025.xlsx,2025,Table 6,Non-freight-carrying vehicles,2010 - 2014,WA,1646.0
BITRE-Road-Vehicles-Australia-January-2025.xlsx,2025,Table 6,Non-freight-carrying vehicles,2010 - 2014,TAS,172.0
BITRE-Road-Vehicles-Australia-January-2025.xlsx,2025,Table 6,Non-freight-carrying vehicles,2010 - 2014,NT,101.0
BITRE-Road-Vehicles-Australia-January-2025.xlsx,2025,Table 6,Non-freight-carrying vehicles,2010 - 2014,ACT,48.0
BITRE-Road-Vehicles-Australia-January-2025.xlsx,2025,Table 6,Non-freight-carrying vehicles,2010 - 2014,AUS,8075.0
BITRE-Road-Vehicles-Australia-January-2025.xlsx,2025,Table 6,Non-freight-carrying vehicles,2005 - 2009,NSW,1414.0
BITRE-Road-Vehicles-Australia-January-2025.xlsx,2025,Table 6,Non-freight-carrying vehicles,2005 - 2009,VIC,1964.0
BITRE-Road-Vehicles-Australia-January-2025.xlsx,2025,Table 6,Non-freight-carrying vehicles,2005 - 2009,QLD,1648.0
BITRE-Road-Vehicles-Australia-January-2025.xlsx,2025,Table 6,Non-freight-carrying vehicles,2005 - 2009,SA,590.0
BITRE-Road-Vehicles-Australia-January-2025.xlsx,2025,Table 6,Non-freight-carrying vehicles,2005 - 2009,WA,1288.0
BITRE-Road-Vehicles-Australia-January-2025.xlsx,2025,Table 6,Non-freight-carrying vehicles,2005 - 2009,TAS,235.0
BITRE-Road-Vehicles-Australia-January-2025.xlsx,2025,Table 6,Non-freight-carrying vehicles,2005 - 2009,NT,97.0
BITRE-Road-Vehicles-Australia-January-2025.xlsx,2025,Table 6,Non-freight-carrying vehicles,2005 - 2009,ACT,44.0
BITRE-Road-Vehicles-Australia-January-2025.xlsx,2025,Table 6,Non-freight-carrying vehicles,2005 - 2009,AUS,7280.0
BITRE-Road-Vehicles-Australia-January-2025.xlsx,2025,Table 6,Non-freight-carrying vehicles,1900 - 2004,NSW,1583.0
BITRE-Road-Vehicles-Australia-January-2025.xlsx,2025,Table 6,Non-freight-carrying vehicles,1900 - 2004,VIC,3325.0
BITRE-Road-Vehicles-Australia-January-2025.xlsx,2025,Table 6,Non-freight-carrying vehicles,1900 - 2004,QLD,1543.0
BITRE-Road-Vehicles-Australia-January-2025.xlsx,2025,Table 6,Non-freight-carrying vehicles,1900 - 2004,SA,729.0
BITRE-Road-Vehicles-Australia-January-2025.xlsx,2025,Table 6,Non-freight-carrying vehicles,1900 - 2004,WA,1670.0
BITRE-Road-Vehicles-Australia-January-2025.xlsx,2025,Table 6,Non-freight-carrying vehicles,1900 - 2004,TAS,395.0
BITRE-Road-Vehicles-Australia-January-2025.xlsx,2025,Table 6,Non-freight-carrying vehicles,1900 - 2004,NT,112.0
BITRE-Road-Vehicles-Australia-January-2025.xlsx,2025,Table 6,Non-freight-carrying vehicles,1900 - 2004,ACT,25.0
BITRE-Road-Vehicles-Australia-January-2025.xlsx,2025,Table 6,Non-freight-carrying vehicles,1900 - 2004,AUS,9382.0
BITRE-Road-Vehicles-Australia-January-2025.xlsx,2025,Table 6,Light buses,2020 - 2025,NSW,3162.0
BITRE-Road-Vehicles-Australia-January-2025.xlsx,2025,Table 6,Light buses,2020 - 2025,VIC,1899.0
BITRE-Road-Vehicles-Australia-January-2025.xlsx,2025,Table 6,Light buses,2020 - 2025,QLD,3576.0
BITRE-Road-Vehicles-Australia-January-2025.xlsx,2025,Table 6,Light buses,2020 - 2025,SA,959.0
BITRE-Road-Vehicles-Australia-January-2025.xlsx,2025,Table 6,Light buses,2020 - 2025,WA,2695.0
BITRE-Road-Vehicles-Australia-January-2025.xlsx,2025,Table 6,Light buses,2020 - 2025,TAS,272.0
BITRE-Road-Vehicles-Australia-January-2025.xlsx,2025,Table 6,Light buses,2020 - 2025,NT,669.0
BITRE-Road-Vehicles-Australia-January-2025.xlsx,2025,Table 6,Light buses,2020 - 2025,ACT,94.0
BITRE-Road-Vehicles-Australia-January-2025.xlsx,2025,Table 6,Light buses,2020 - 2025,AUS,13326.0
BITRE-Road-Vehicles-Australia-January-2025.xlsx,2025,Table 6,Light buses,2015 - 2019,NSW,3471.0
BITRE-Road-Vehicles-Australia-January-2025.xlsx,2025,Table 6,Light buses,2015 - 2019,VIC,2955.0
BITRE-Road-Vehicles-Australia-January-2025.xlsx,2025,Table 6,Light buses,2015 - 2019,QLD,2832.0
BITRE-Road-Vehicles-Australia-January-2025.xlsx,2025,Table 6,Light buses,2015 - 2019,SA,777.0
BITRE-Road-Vehicles-Australia-January-2025.xlsx,2025,Table 6,Light buses,2015 - 2019,WA,1915.0
BITRE-Road-Vehicles-Australia-January-2025.xlsx,2025,Table 6,Light buses,2015 - 2019,TAS,321.0
BITRE-Road-Vehicles-Australia-January-2025.xlsx,2025,Table 6,Light buses,2015 - 2019,NT,463.0
BITRE-Road-Vehicles-Australia-January-2025.xlsx,2025,Table 6,Light buses,2015 - 2019,ACT,121.0
BITRE-Road-Vehicles-Australia-January-2025.xlsx,2025,Table 6,Light buses,2015 - 2019,AUS,12855.0
BITRE-Road-Vehicles-Australia-January-2025.xlsx,2025,Table 6,Light buses,2010 - 2014,NSW,3197.0
BITRE-Road-Vehicles-Australia-January-2025.xlsx,2025,Table 6,Light buses,2010 - 2014,VIC,2462.0
BITRE-Road-Vehicles-Australia-January-2025.xlsx,2025,Table 6,Light buses,2010 - 2014,QLD,2655.0
BITRE-Road-Vehicles-Australia-January-2025.xlsx,2025,Table 6,Light buses,2010 - 2014,SA,611.0
BITRE-Road-Vehicles-Australia-January-2025.xlsx,2025,Table 6,Light buses,2010 - 2014,WA,2123.0
BITRE-Road-Vehicles-Australia-January-2025.xlsx,2025,Table 6,Light buses,2010 - 2014,TAS,275.0
BITRE-Road-Vehicles-Australia-January-2025.xlsx,2025,Table 6,Light buses,2010 - 2014,NT,442.0
BITRE-Road-Vehicles-Australia-January-2025.xlsx,2025,Table 6,Light buses,2010 - 2014,ACT,76.0
BITRE-Road-Vehicles-Australia-January-2025.xlsx,2025,Table 6,Light buses,2010 - 2014,AUS,11841.0
BITRE-Road-Vehicles-Australia-January-2025.xlsx,2025,Table 6,Light buses,2005 - 2009,NSW,2674.0
BITRE-Road-Vehicles-Australia-January-2025.xlsx,2025,Table 6,Light buses,2005 - 2009,VIC,2068.0
BITRE-Road-Vehicles-Australia-January-2025.xlsx,2025,Table 6,Light buses,2005 - 2009,QLD,2293.0
BITRE-Road-Vehicles-Australia-January-2025.xlsx,2025,Table 6,Light buses,2005 - 2009,SA,579.0
BITRE-Road-Vehicles-Australia-January-2025.xlsx,2025,Table 6,Light buses,2005 - 2009,WA,1464.0
BITRE-Road-Vehicles-Australia-January-2025.xlsx,2025,Table 6,Light buses,2005 - 2009,TAS,264.0
BITRE-Road-Vehicles-Australia-January-2025.xlsx,2025,Table 6,Light buses,2005 - 2009,NT,288.0
BITRE-Road-Vehicles-Australia-January-2025.xlsx,2025,Table 6,Light buses,2005 - 2009,ACT,70.0
BITRE-Road-Vehicles-Australia-January-2025.xlsx,2025,Table 6,Light buses,2005 - 2009,AUS,9700.0
BITRE-Road-Vehicles-Australia-January-2025.xlsx,2025,Table 6,Light buses,1900 - 2004,NSW,1303.0
BITRE-Road-Vehicles-Australia-January-2025.xlsx,2025,Table 6,Light buses,1900 - 2004,VIC,2039.0
BITRE-Road-Vehicles-Australia-January-2025.xlsx,2025,Table 6,Light buses,1900 - 2004,QLD,1908.0
BITRE-Road-Vehicles-Australia-January-2025.xlsx,2025,Table 6,Light buses,1900 - 2004,SA,635.0
BITRE-Road-Vehicles-Australia-January-2025.xlsx,2025,Table 6,Light buses,1900 - 2004,WA,1535.0
BITRE-Road-Vehicles-Australia-January-2025.xlsx,2025,Table 6,Light buses,1900 - 2004,TAS,411.0
BITRE-Road-Vehicles-Australia-January-2025.xlsx,2025,Table 6,Light buses,1900 - 2004,NT,100.0
BITRE-Road-Vehicles-Australia-January-2025.xlsx,2025,Table 6,Light buses,1900 - 2004,ACT,63.0
BITRE-Road-Vehicles-Australia-January-2025.xlsx,2025,Table 6,Light buses,1900 - 2004,AUS,7994.0
BITRE-Road-Vehicles-Australia-January-2025.xlsx,2025,Table 6,Heavy buses,2020 - 2025,NSW,2290.0
BITRE-Road-Vehicles-Australia-January-2025.xlsx,2025,Table 6,Heavy buses,2020 - 2025,VIC,2148.0
BITRE-Road-Vehicles-Australia-January-2025.xlsx,2025,Table 6,Heavy buses,2020 - 2025,QLD,2011.0
BITRE-Road-Vehicles-Australia-January-2025.xlsx,2025,Table 6,Heavy buses,2020 - 2025,SA,568.0
BITRE-Road-Vehicles-Australia-January-2025.xlsx,2025,Table 6,Heavy buses,2020 - 2025,WA,2043.0
BITRE-Road-Vehicles-Australia-January-2025.xlsx,2025,Table 6,Heavy buses,2020 - 2025,TAS,233.0
BITRE-Road-Vehicles-Australia-January-2025.xlsx,2025,Table 6,Heavy buses,2020 - 2025,NT,188.0
BITRE-Road-Vehicles-Australia-January-2025.xlsx,2025,Table 6,Heavy buses,2020 - 2025,ACT,112.0
BITRE-Road-Vehicles-Australia-January-2025.xlsx,2025,Table 6,Heavy buses,2020 - 2025,AUS,9593.0
BITRE-Road-Vehicles-Australia-January-2025.xlsx,2025,Table 6,Heavy buses,2015 - 2019,NSW,3252.0
BITRE-Road-Vehicles-Australia-January-2025.xlsx,2025,Table 6,Heavy buses,2015 - 2019,VIC,2369.0
BITRE-Road-Vehicles-Australia-January-2025.xlsx,2025,Table 6,Heavy buses,2015 - 2019,QLD,1821.0
BITRE-Road-Vehicles-Australia-January-2025.xlsx,2025,Table 6,Heavy buses,2015 - 2019,SA,537.0
BITRE-Road-Vehicles-Australia-January-2025.xlsx,2025,Table 6,Heavy buses,2015 - 2019,WA,1584.0
BITRE-Road-Vehicles-Australia-January-2025.xlsx,2025,Table 6,Heavy buses,2015 - 2019,TAS,232.0
BITRE-Road-Vehicles-Australia-January-2025.xlsx,2025,Table 6,Heavy buses,2015 - 2019,NT,206.0
BITRE-Road-Vehicles-Australia-January-2025.xlsx,2025,Table 6,Heavy buses,2015 - 2019,ACT,189.0
BITRE-Road-Vehicles-Australia-January-2025.xlsx,2025,Table 6,Heavy buses,2015 - 2019,AUS,10190.0
BITRE-Road-Vehicles-Australia-January-2025.xlsx,2025,Table 6,Heavy buses,2010 - 2014,NSW,3301.0
BITRE-Road-Vehicles-Australia-January-2025.xlsx,2025,Table 6,Heavy buses,2010 - 2014,VIC,2145.0
BITRE-Road-Vehicles-Australia-January-2025.xlsx,2025,Table 6,Heavy buses,2010 - 2014,QLD,2561.0
BITRE-Road-Vehicles-Australia-January-2025.xlsx,2025,Table 6,Heavy buses,2010 - 2014,SA,877.0
BITRE-Road-Vehicles-Australia-January-2025.xlsx,2025,Table 6,Heavy buses,2010 - 2014,WA,1601.0
BITRE-Road-Vehicles-Australia-January-2025.xlsx,2025,Table 6,Heavy buses,2010 - 2014,TAS,365.0
BITRE-Road-Vehicles-Australia-January-2025.xlsx,2025,Table 6,Heavy buses,2010 - 2014,NT,268.0
BITRE-Road-Vehicles-Australia-January-2025.xlsx,2025,Table 6,Heavy buses,2010 - 2014,ACT,182.0
BITRE-Road-Vehicles-Australia-January-2025.xlsx,2025,Table 6,Heavy buses,2010 - 2014,AUS,11300.0
BITRE-Road-Vehicles-Australia-January-2025.xlsx,2025,Table 6,Heavy buses,2005 - 2009,NSW,2944.0
BITRE-Road-Vehicles-Australia-January-2025.xlsx,2025,Table 6,Heavy buses,2005 - 2009,VIC,1826.0
BITRE-Road-Vehicles-Australia-January-2025.xlsx,2025,Table 6,Heavy buses,2005 - 2009,QLD,2321.0
BITRE-Road-Vehicles-Australia-January-2025.xlsx,2025,Table 6,Heavy buses,2005 - 2009,SA,532.0
BITRE-Road-Vehicles-Australia-January-2025.xlsx,2025,Table 6,Heavy buses,2005 - 2009,WA,958.0
BITRE-Road-Vehicles-Australia-January-2025.xlsx,2025,Table 6,Heavy buses,2005 - 2009,TAS,340.0
BITRE-Road-Vehicles-Australia-January-2025.xlsx,2025,Table 6,Heavy buses,2005 - 2009,NT,178.0
BITRE-Road-Vehicles-Australia-January-2025.xlsx,2025,Table 6,Heavy buses,2005 - 2009,ACT,79.0
BITRE-Road-Vehicles-Australia-January-2025.xlsx,2025,Table 6,Heavy buses,2005 - 2009,AUS,9178.0
BITRE-Road-Vehicles-Australia-January-2025.xlsx,2025,Table 6,Heavy buses,1900 - 2004,NSW,2720.0
BITRE-Road-Vehicles-Australia-January-2025.xlsx,2025,Table 6,Heavy buses,1900 - 2004,VIC,1857.0
BITRE-Road-Vehicles-Australia-January-2025.xlsx,2025,Table 6,Heavy buses,1900 - 2004,QLD,1427.0
BITRE-Road-Vehicles-Australia-January-2025.xlsx,2025,Table 6,Heavy buses,1900 - 2004,SA,791.0
BITRE-Road-Vehicles-Australia-January-2025.xlsx,2025,Table 6,Heavy buses,1900 - 2004,WA,1119.0
BITRE-Road-Vehicles-Australia-January-2025.xlsx,2025,Table 6,Heavy buses,1900 - 2004,TAS,503.0
BITRE-Road-Vehicles-Australia-January-2025.xlsx,2025,Table 6,Heavy buses,1900 - 2004,NT,171.0
BITRE-Road-Vehicles-Australia-January-2025.xlsx,2025,Table 6,Heavy buses,1900 - 2004,ACT,67.0
BITRE-Road-Vehicles-Australia-January-2025.xlsx,2025,Table 6,Heavy buses,1900 - 2004,AUS,8655.0
BITRE-Road-Vehicles-Australia-January-2025.xlsx,2025,Table 6,Motorcycles,2020 - 2025,NSW,85718.0
BITRE-Road-Vehicles-Australia-January-2025.xlsx,2025,Table 6,Motorcycles,2020 - 2025,VIC,53597.0
BITRE-Road-Vehicles-Australia-January-2025.xlsx,2025,Table 6,Motorcycles,2020 - 2025,QLD,59376.0
BITRE-Road-Vehicles-Australia-January-2025.xlsx,2025,Table 6,Motorcycles,2020 - 2025,SA,14478.0
BITRE-Road-Vehicles-Australia-January-2025.xlsx,2025,Table 6,Motorcycles,2020 - 2025,WA,25591.0
BITRE-Road-Vehicles-Australia-January-2025.xlsx,2025,Table 6,Motorcycles,2020 - 2025,TAS,4372.0
BITRE-Road-Vehicles-Australia-January-2025.xlsx,2025,Table 6,Motorcycles,2020 - 2025,NT,1974.0
BITRE-Road-Vehicles-Australia-January-2025.xlsx,2025,Table 6,Motorcycles,2020 - 2025,ACT,3746.0
BITRE-Road-Vehicles-Australia-January-2025.xlsx,2025,Table 6,Motorcycles,2020 - 2025,AUS,248852.0
BITRE-Road-Vehicles-Australia-January-2025.xlsx,2025,Table 6,Motorcycles,2015 - 2019,NSW,73513.0
BITRE-Road-Vehicles-Australia-January-2025.xlsx,2025,Table 6,Motorcycles,2015 - 2019,VIC,46740.0
BITRE-Road-Vehicles-Australia-January-2025.xlsx,2025,Table 6,Motorcycles,2015 - 2019,QLD,53666.0
BITRE-Road-Vehicles-Australia-January-2025.xlsx,2025,Table 6,Motorcycles,2015 - 2019,SA,12593.0
BITRE-Road-Vehicles-Australia-January-2025.xlsx,2025,Table 6,Motorcycles,2015 - 2019,WA,21645.0
BITRE-Road-Vehicles-Australia-January-2025.xlsx,2025,Table 6,Motorcycles,2015 - 2019,TAS,4350.0
BITRE-Road-Vehicles-Australia-January-2025.xlsx,2025,Table 6,Motorcycles,2015 - 2019,NT,1194.0
BITRE-Road-Vehicles-Australia-January-2025.xlsx,2025,Table 6,Motorcycles,2015 - 2019,ACT,3273.0
BITRE-Road-Vehicles-Australia-January-2025.xlsx,2025,Table 6,Motorcycles,2015 - 2019,AUS,216974.0
BITRE-Road-Vehicles-Australia-January-2025.xlsx,2025,Table 6,Motorcycles,2010 - 2014,NSW,53019.0
BITRE-Road-Vehicles-Australia-January-2025.xlsx,2025,Table 6,Motorcycles,2010 - 2014,VIC,36441.0
BITRE-Road-Vehicles-Australia-January-2025.xlsx,2025,Table 6,Motorcycles,2010 - 2014,QLD,43928.0
BITRE-Road-Vehicles-Australia-January-2025.xlsx,2025,Table 6,Motorcycles,2010 - 2014,SA,10727.0
BITRE-Road-Vehicles-Australia-January-2025.xlsx,2025,Table 6,Motorcycles,2010 - 2014,WA,28075.0
BITRE-Road-Vehicles-Australia-January-2025.xlsx,2025,Table 6,Motorcycles,2010 - 2014,TAS,4161.0
BITRE-Road-Vehicles-Australia-January-2025.xlsx,2025,Table 6,Motorcycles,2010 - 2014,NT,910.0
BITRE-Road-Vehicles-Australia-January-2025.xlsx,2025,Table 6,Motorcycles,2010 - 2014,ACT,2592.0
BITRE-Road-Vehicles-Australia-January-2025.xlsx,2025,Table 6,Motorcycles,2010 - 2014,AUS,179853.0
BITRE-Road-Vehicles-Australia-January-2025.xlsx,2025,Table 6,Motorcycles,2005 - 2009,NSW,41963.0
BITRE-Road-Vehicles-Australia-January-2025.xlsx,2025,Table 6,Motorcycles,2005 - 2009,VIC,38579.0
BITRE-Road-Vehicles-Australia-January-2025.xlsx,2025,Table 6,Motorcycles,2005 - 2009,QLD,40578.0
BITRE-Road-Vehicles-Australia-January-2025.xlsx,2025,Table 6,Motorcycles,2005 - 2009,SA,10902.0
BITRE-Road-Vehicles-Australia-January-2025.xlsx,2025,Table 6,Motorcycles,2005 - 2009,WA,26382.0
BITRE-Road-Vehicles-Australia-January-2025.xlsx,2025,Table 6,Motorcycles,2005 - 2009,TAS,4323.0
BITRE-Road-Vehicles-Australia-January-2025.xlsx,2025,Table 6,Motorcycles,2005 - 2009,NT,656.0
BITRE-Road-Vehicles-Australia-January-2025.xlsx,2025,Table 6,Motorcycles,2005 - 2009,ACT,2207.0
BITRE-Road-Vehicles-Australia-January-2025.xlsx,2025,Table 6,Motorcycles,2005 - 2009,AUS,165590.0
BITRE-Road-Vehicles-Australia-January-2025.xlsx,2025,Table 6,Motorcycles,1900 - 2004,NSW,35158.0
BITRE-Road-Vehicles-Australia-January-2025.xlsx,2025,Table 6,Motorcycles,1900 - 2004,VIC,35288.0
BITRE-Road-Vehicles-Australia-January-2025.xlsx,2025,Table 6,Motorcycles,1900 - 2004,QLD,42347.0
BITRE-Road-Vehicles-Australia-January-2025.xlsx,2025,Table 6,Motorcycles,1900 - 2004,SA,12438.0
BITRE-Road-Vehicles-Australia-January-2025.xlsx,2025,Table 6,Motorcycles,1900 - 2004,WA,29674.0
BITRE-Road-Vehicles-Australia-January-2025.xlsx,2025,Table 6,Motorcycles,1900 - 2004,TAS,4164.0
BITRE-Road-Vehicles-Australia-January-2025.xlsx,2025,Table 6,Motorcycles,1900 - 2004,NT,585.0
BITRE-Road-Vehicles-Australia-January-2025.xlsx,2025,Table 6,Motorcycles,1900 - 2004,ACT,2173.0
BITRE-Road-Vehicles-Australia-January-2025.xlsx,2025,Table 6,Motorcycles,1900 - 2004,AUS,161827.0
BITRE-Road-Vehicles-Australia-January-2025.xlsx,2025,Table 6,Total motor vehicles,2020 - 2025,NSW,1722262.0
BITRE-Road-Vehicles-Australia-January-2025.xlsx,2025,Table 6,Total motor vehicles,2020 - 2025,VIC,1393901.0
BITRE-Road-Vehicles-Australia-January-2025.xlsx,2025,Table 6,Total motor vehicles,2020 - 2025,QLD,1258372.0
BITRE-Road-Vehicles-Australia-January-2025.xlsx,2025,Table 6,Total motor vehicles,2020 - 2025,SA,364047.0
BITRE-Road-Vehicles-Australia-January-2025.xlsx,2025,Table 6,Total motor vehicles,2020 - 2025,WA,621939.0
BITRE-Road-Vehicles-Australia-January-2025.xlsx,2025,Table 6,Total motor vehicles,2020 - 2025,TAS,106941.0
BITRE-Road-Vehicles-Australia-January-2025.xlsx,2025,Table 6,Total motor vehicles,2020 - 2025,NT,49235.0
BITRE-Road-Vehicles-Australia-January-2025.xlsx,2025,Table 6,Total motor vehicles,2020 - 2025,ACT,88737.0
BITRE-Road-Vehicles-Australia-January-2025.xlsx,2025,Table 6,Total motor vehicles,2020 - 2025,AUS,5605434.0
BITRE-Road-Vehicles-Australia-January-2025.xlsx,2025,Table 6,Total motor vehicles,2015 - 2019,NSW,1746047.0
BITRE-Road-Vehicles-Australia-January-2025.xlsx,2025,Table 6,Total motor vehicles,2015 - 2019,VIC,1498611.0
BITRE-Road-Vehicles-Australia-January-2025.xlsx,2025,Table 6,Total motor vehicles,2015 - 2019,QLD,1215894.0
BITRE-Road-Vehicles-Australia-January-2025.xlsx,2025,Table 6,Total motor vehicles,2015 - 2019,SA,378140.0
BITRE-Road-Vehicles-Australia-January-2025.xlsx,2025,Table 6,Total motor vehicles,2015 - 2019,WA,592421.0
BITRE-Road-Vehicles-Australia-January-2025.xlsx,2025,Table 6,Total motor vehicles,2015 - 2019,TAS,119197.0
BITRE-Road-Vehicles-Australia-January-2025.xlsx,2025,Table 6,Total motor vehicles,2015 - 2019,NT,42419.0
BITRE-Road-Vehicles-Australia-January-2025.xlsx,2025,Table 6,Total motor vehicles,2015 - 2019,ACT,99212.0
BITRE-Road-Vehicles-Australia-January-2025.xlsx,2025,Table 6,Total motor vehicles,2015 - 2019,AUS,5691941.0
BITRE-Road-Vehicles-Australia-January-2025.xlsx,2025,Table 6,Total motor vehicles,2010 - 2014,NSW,1346482.0
BITRE-Road-Vehicles-Australia-January-2025.xlsx,2025,Table 6,Total motor vehicles,2010 - 2014,VIC,1228581.0
BITRE-Road-Vehicles-Australia-January-2025.xlsx,2025,Table 6,Total motor vehicles,2010 - 2014,QLD,1028934.0
BITRE-Road-Vehicles-Australia-January-2025.xlsx,2025,Table 6,Total motor vehicles,2010 - 2014,SA,341334.0
BITRE-Road-Vehicles-Australia-January-2025.xlsx,2025,Table 6,Total motor vehicles,2010 - 2014,WA,594317.0
BITRE-Road-Vehicles-Australia-January-2025.xlsx,2025,Table 6,Total motor vehicles,2010 - 2014,TAS,110156.0
BITRE-Road-Vehicles-Australia-January-2025.xlsx,2025,Table 6,Total motor vehicles,2010 - 2014,NT,36144.0
BITRE-Road-Vehicles-Australia-January-2025.xlsx,2025,Table 6,Total motor vehicles,2010 - 2014,ACT,77891.0
BITRE-Road-Vehicles-Australia-January-2025.xlsx,2025,Table 6,Total motor vehicles,2010 - 2014,AUS,4763839.0
BITRE-Road-Vehicles-Australia-January-2025.xlsx,2025,Table 6,Total motor vehicles,2005 - 2009,NSW,887076.0
BITRE-Road-Vehicles-Australia-January-2025.xlsx,2025,Table 6,Total motor vehicles,2005 - 2009,VIC,841587.0
BITRE-Road-Vehicles-Australia-January-2025.xlsx,2025,Table 6,Total motor vehicles,2005 - 2009,QLD,729992.0
BITRE-Road-Vehicles-Australia-January-2025.xlsx,2025,Table 6,Total motor vehicles,2005 - 2009,SA,262345.0
BITRE-Road-Vehicles-Australia-January-2025.xlsx,2025,Table 6,Total motor vehicles,2005 - 2009,WA,436048.0
BITRE-Road-Vehicles-Australia-January-2025.xlsx,2025,Table 6,Total motor vehicles,2005 - 2009,TAS,96189.0
BITRE-Road-Vehicles-Australia-January-2025.xlsx,2025,Table 6,Total motor vehicles,2005 - 2009,NT,24714.0
BITRE-Road-Vehicles-Australia-January-2025.xlsx,2025,Table 6,Total motor vehicles,2005 - 2009,ACT,46234.0
BITRE-Road-Vehicles-Australia-January-2025.xlsx,2025,Table 6,Total motor vehicles,2005 - 2009,AUS,3324185.0
BITRE-Road-Vehicles-Australia-January-2025.xlsx,2025,Table 6,Total motor vehicles,1900 - 2004,NSW,705889.0
BITRE-Road-Vehicles-Australia-January-2025.xlsx,2025,Table 6,Total motor vehicles,1900 - 2004,VIC,715369.0
BITRE-Road-Vehicles-Australia-January-2025.xlsx,2025,Table 6,Total motor vehicles,1900 - 2004,QLD,658618.0
BITRE-Road-Vehicles-Australia-January-2025.xlsx,2025,Table 6,Total motor vehicles,1900 - 2004,SA,285593.0
BITRE-Road-Vehicles-Australia-January-2025.xlsx,2025,Table 6,Total motor vehicles,1900 - 2004,WA,376398.0
BITRE-Road-Vehicles-Australia-January-2025.xlsx,2025,Table 6,Total motor vehicles,1900 - 2004,TAS,117364.0
BITRE-Road-Vehicles-Australia-January-2025.xlsx,2025,Table 6,Total motor vehicles,1900 - 2004,NT,18474.0
BITRE-Road-Vehicles-Australia-January-2025.xlsx,2025,Table 6,Total motor vehicles,1900 - 2004,ACT,32300.0
BITRE-Road-Vehicles-Australia-January-2025.xlsx,2025,Table 6,Total motor vehicles,1900 - 2004,AUS,2910005.0
