source_workbook,release_year,table,vehicle_type,year,jurisdiction,average_age_years
bitre-road-vehicles-australia--january2024.xlsx,2024,Table 3,Passenger vehicles,2022,NSW,10.03
bitre-road-vehicles-australia--january2024.xlsx,2024,Table 3,Passenger vehicles,2022,VIC,10.57
bitre-road-vehicles-australia--january2024.xlsx,2024,Table 3,Passenger vehicles,2022,QLD,10.99
bitre-road-vehicles-australia--january2024.xlsx,2024,Table 3,Passenger vehicles,2022,SA,12.37
bitre-road-vehicles-australia--january2024.xlsx,2024,Table 3,Passenger vehicles,2022,WA,11.41
bitre-road-vehicles-australia--january2024.xlsx,2024,Table 3,Passenger vehicles,2022,TAS,12.43
bitre-road-vehicles-australia--january2024.xlsx,2024,Table 3,Passenger vehicles,2022,NT,10.12
bitre-road-vehicles-australia--january2024.xlsx,2024,Table 3,Passenger vehicles,2022,ACT,9.8
bitre-road-vehicles-australia--january2024.xlsx,2024,Table 3,Passenger vehicles,2022,AUS,10.75
bitre-road-vehicles-australia--january2024.xlsx,2024,Table 3,Passenger vehicles,2023,NSW,10.27
bitre-road-vehicles-australia--january2024.xlsx,2024,Table 3,Passenger vehicles,2023,VIC,10.81
bitre-road-vehicles-australia--january2024.xlsx,2024,Table 3,Passenger vehicles,2023,QLD,11.21
bitre-road-vehicles-australia--january2024.xlsx,2024,Table 3,Passenger vehicles,2023,SA,12.64
bitre-road-vehicles-australia--january2024.xlsx,2024,Table 3,Passenger vehicles,2023,WA,11.7
bitre-road-vehicles-australia--january2024.xlsx,2024,Table 3,Passenger vehicles,2023,TAS,12.7
bitre-road-vehicles-australia--january2024.xlsx,2024,Table 3,Passenger vehicles,2023,NT,10.25
bitre-road-vehicles-australia--january2024.xlsx,2024,Table 3,Passenger vehicles,2023,ACT,10.12
bitre-road-vehicles-australia--january2024.xlsx,2024,Table 3,Passenger vehicles,2023,AUS,11.0
bitre-road-vehicles-australia--january2024.xlsx,2024,Table 3,Passenger vehicles,2024,NSW,10.45
bitre-road-vehicles-australia--january2024.xlsx,2024,Table 3,Passenger vehicles,2024,VIC,10.98
bitre-road-vehicles-australia--january2024.xlsx,2024,Table 3,Passenger vehicles,2024,QLD,11.38
bitre-road-vehicles-australia--january2024.xlsx,2024,Table 3,Passenger vehicles,2024,SA,12.83
bitre-road-vehicles-australia--january2024.xlsx,2024,Table 3,Passenger vehicles,2024,WA,11.89
bitre-road-vehicles-australia--january2024.xlsx,2024,Table 3,Passenger vehicles,2024,TAS,12.96
bitre-road-vehicles-australia--january2024.xlsx,2024,Table 3,Passenger vehicles,2024,NT,10.44
bitre-road-vehicles-australia--january2024.xlsx,2024,Table 3,Passenger vehicles,2024,ACT,10.35
bitre-road-vehicles-australia--january2024.xlsx,2024,Table 3,Passenger vehicles,2024,AUS,11.18
bitre-road-vehicles-australia--january2024.xlsx,2024,Table 3,Campervans,2022,NSW,15.5
bitre-road-vehicles-australia--january2024.xlsx,2024,Table 3,Campervans,2022,VIC,16.41
bitre-road-vehicles-australia--january2024.xlsx,2024,Table 3,Campervans,2022,QLD,17.12
bitre-road-vehicles-australia--january2024.xlsx,2024,Table 3,Campervans,2022,SA,17.35
bitre-road-vehicles-australia--january2024.xlsx,2024,Table 3,Campervans,2022,WA,22.55
bitre-road-vehicles-australia--january2024.xlsx,2024,Table 3,Campervans,2022,TAS,22.54
bitre-road-vehicles-australia--january2024.xlsx,2024,Table 3,Campervans,2022,NT,17.0
bitre-road-vehicles-australia--january2024.xlsx,2024,Table 3,Campervans,2022,ACT,17.52
bitre-road-vehicles-australia--january2024.xlsx,2024,Table 3,Campervans,2022,AUS,16.87
bitre-road-vehicles-australia--january2024.xlsx,2024,Table 3,Campervans,2023,NSW,15.61
bitre-road-vehicles-australia--january2024.xlsx,2024,Table 3,Campervans,2023,VIC,16.38
bitre-road-vehicles-australia--january2024.xlsx,2024,Table 3,Campervans,2023,QLD,17.31
bitre-road-vehicles-australia--january2024.xlsx,2024,Table 3,Campervans,2023,SA,17.73
bitre-road-vehicles-australia--january2024.xlsx,2024,Table 3,Campervans,2023,WA,22.96
bitre-road-vehicles-australia--january2024.xlsx,2024,Table 3,Campervans,2023,TAS,22.75
bitre-road-vehicles-australia--january2024.xlsx,2024,Table 3,Campervans,2023,NT,16.3
bitre-road-vehicles-australia--january2024.xlsx,2024,Table 3,Campervans,2023,ACT,17.92
bitre-road-vehicles-australia--january2024.xlsx,2024,Table 3,Campervans,2023,AUS,16.98
bitre-road-vehicles-australia--january2024.xlsx,2024,Table 3,Campervans,2024,NSW,15.79
bitre-road-vehicles-australia--january2024.xlsx,2024,Table 3,Campervans,2024,VIC,16.44
bitre-road-vehicles-australia--january2024.xlsx,2024,Table 3,Campervans,2024,QLD,17.2
bitre-road-vehicles-australia--january2024.xlsx,2024,Table 3,Campervans,2024,SA,18.18
bitre-road-vehicles-australia--january2024.xlsx,2024,Table 3,Campervans,2024,WA,23.46
bitre-road-vehicles-australia--january2024.xlsx,2024,Table 3,Campervans,2024,TAS,23.05
bitre-road-vehicles-australia--january2024.xlsx,2024,Table 3,Campervans,2024,NT,16.19
bitre-road-vehicles-australia--january2024.xlsx,2024,Table 3,Campervans,2024,ACT,17.43
bitre-road-vehicles-australia--january2024.xlsx,2024,Table 3,Campervans,2024,AUS,17.06
bitre-road-vehicles-australia--january2024.xlsx,2024,Table 3,Light commercial vehicles,2022,NSW,10.3
bitre-road-vehicles-australia--january2024.xlsx,2024,Table 3,Light commercial vehicles,2022,VIC,11.08
bitre-road-vehicles-australia--january2024.xlsx,2024,Table 3,Light commercial vehicles,2022,QLD,11.34
bitre-road-vehicles-australia--january2024.xlsx,2024,Table 3,Light commercial vehicles,2022,SA,11.98
bitre-road-vehicles-australia--january2024.xlsx,2024,Table 3,Light commercial vehicles,2022,WA,11.79
bitre-road-vehicles-australia--january2024.xlsx,2024,Table 3,Light commercial vehicles,2022,TAS,13.53
bitre-road-vehicles-australia--january2024.xlsx,2024,Table 3,Light commercial vehicles,2022,NT,10.23
bitre-road-vehicles-australia--january2024.xlsx,2024,Table 3,Light commercial vehicles,2022,ACT,9.73
bitre-road-vehicles-australia--january2024.xlsx,2024,Table 3,Light commercial vehicles,2022,AUS,11.14
bitre-road-vehicles-australia--january2024.xlsx,2024,Table 3,Light commercial vehicles,2023,NSW,10.46
bitre-road-vehicles-australia--january2024.xlsx,2024,Table 3,Light commercial vehicles,2023,VIC,11.21
bitre-road-vehicles-australia--january2024.xlsx,2024,Table 3,Light commercial vehicles,2023,QLD,11.51
bitre-road-vehicles-australia--january2024.xlsx,2024,Table 3,Light commercial vehicles,2023,SA,12.1
bitre-road-vehicles-australia--january2024.xlsx,2024,Table 3,Light commercial vehicles,2023,WA,11.87
bitre-road-vehicles-australia--january2024.xlsx,2024,Table 3,Light commercial vehicles,2023,TAS,13.71
bitre-road-vehicles-australia--january2024.xlsx,2024,Table 3,Light commercial vehicles,2023,NT,10.33
bitre-road-vehicles-australia--january2024.xlsx,2024,Table 3,Light commercial vehicles,2023,ACT,9.95
bitre-road-vehicles-australia--january2024.xlsx,2024,Table 3,Light commercial vehicles,2023,AUS,11.28
bitre-road-vehicles-australia--january2024.xlsx,2024,Table 3,Light commercial vehicles,2024,NSW,10.59
bitre-road-vehicles-australia--january2024.xlsx,2024,Table 3,Light commercial vehicles,2024,VIC,11.32
bitre-road-vehicles-australia--january2024.xlsx,2024,Table 3,Light commercial vehicles,2024,QLD,11.64
bitre-road-vehicles-australia--january2024.xlsx,2024,Table 3,Light commercial vehicles,2024,SA,12.2
bitre-road-vehicles-australia--january2024.xlsx,2024,Table 3,Light commercial vehicles,2024,WA,11.96
bitre-road-vehicles-australia--january2024.xlsx,2024,Table 3,Light commercial vehicles,2024,TAS,13.92
bitre-road-vehicles-australia--january2024.xlsx,2024,Table 3,Light commercial vehicles,2024,NT,10.46
bitre-road-vehicles-australia--january2024.xlsx,2024,Table 3,Light commercial vehicles,2024,ACT,10.23
bitre-road-vehicles-australia--january2024.xlsx,2024,Table 3,Light commercial vehicles,2024,AUS,11.41
bitre-road-vehicles-australia--january2024.xlsx,2024,Table 3,Light rigid trucks,2022,NSW,10.17
bitre-road-vehicles-australia--january2024.xlsx,2024,Table 3,Light rigid trucks,2022,VIC,9.68
bitre-road-vehicles-australia--january2024.xlsx,2024,Table 3,Light rigid trucks,2022,QLD,11.79
bitre-road-vehicles-australia--january2024.xlsx,2024,Table 3,Light rigid trucks,2022,SA,10.94
bitre-road-vehicles-australia--january2024.xlsx,2024,Table 3,Light rigid trucks,2022,WA,11.41
bitre-road-vehicles-australia--january2024.xlsx,2024,Table 3,Light rigid trucks,2022,TAS,13.97
bitre-road-vehicles-australia--january2024.xlsx,2024,Table 3,Light rigid trucks,2022,NT,12.8
bitre-road-vehicles-australia--january2024.xlsx,2024,Table 3,Light rigid trucks,2022,ACT,8.78
bitre-road-vehicles-australia--january2024.xlsx,2024,Table 3,Light rigid trucks,2022,AUS,10.68
bitre-road-vehicles-australia--january2024.xlsx,2024,Table 3,Light rigid trucks,2023,NSW,9.94
bitre-road-vehicles-australia--january2024.xlsx,2024,Table 3,Light rigid trucks,2023,VIC,9.45
bitre-road-vehicles-australia--january2024.xlsx,2024,Table 3,Light rigid trucks,2023,QLD,11.19
bitre-road-vehicles-australia--january2024.xlsx,2024,Table 3,Light rigid trucks,2023,SA,10.54
bitre-road-vehicles-australia--january2024.xlsx,2024,Table 3,Light rigid trucks,2023,WA,10.91
bitre-road-vehicles-australia--january2024.xlsx,2024,Table 3,Light rigid trucks,2023,TAS,13.54
bitre-road-vehicles-australia--january2024.xlsx,2024,Table 3,Light rigid trucks,2023,NT,12.12
bitre-road-vehicles-australia--january2024.xlsx,2024,Table 3,Light rigid trucks,2023,ACT,8.81
bitre-road-vehicles-australia--january2024.xlsx,2024,Table 3,Light rigid trucks,2023,AUS,10.33
bitre-road-vehicles-australia--january2024.xlsx,2024,Table 3,Light rigid trucks,2024,NSW,9.54
bitre-road-vehicles-australia--january2024.xlsx,2024,Table 3,Light rigid trucks,2024,VIC,9.09
bitre-road-vehicles-australia--january2024.xlsx,2024,Table 3,Light rigid trucks,2024,QLD,10.28
bitre-road-vehicles-australia--january2024.xlsx,2024,Table 3,Light rigid trucks,2024,SA,9.77
bitre-road-vehicles-australia--january2024.xlsx,2024,Table 3,Light rigid trucks,2024,WA,9.8
bitre-road-vehicles-australia--january2024.xlsx,2024,Table 3,Light rigid trucks,2024,TAS,12.8
bitre-road-vehicles-australia--january2024.xlsx,2024,Table 3,Light rigid trucks,2024,NT,10.32
bitre-road-vehicles-australia--january2024.xlsx,2024,Table 3,Light rigid trucks,2024,ACT,8.63
bitre-road-vehicles-australia--january2024.xlsx,2024,Table 3,Light rigid trucks,2024,AUS,9.72
bitre-road-vehicles-australia--january2024.xlsx,2024,Table 3,Heavy rigid trucks,2022,NSW,14.85
bitre-road-vehicles-australia--january2024.xlsx,2024,Table 3,Heavy rigid trucks,2022,VIC,16.58
bitre-road-vehicles-australia--january2024.xlsx,2024,Table 3,Heavy rigid trucks,2022,QLD,15.42
bitre-road-vehicles-australia--january2024.xlsx,2024,Table 3,Heavy rigid trucks,2022,SA,18.79
bitre-road-vehicles-australia--january2024.xlsx,2024,Table 3,Heavy rigid trucks,2022,WA,18.57
bitre-road-vehicles-australia--january2024.xlsx,2024,Table 3,Heavy rigid trucks,2022,TAS,18.39
bitre-road-vehicles-australia--january2024.xlsx,2024,Table 3,Heavy rigid trucks,2022,NT,14.63
bitre-road-vehicles-australia--january2024.xlsx,2024,Table 3,Heavy rigid trucks,2022,ACT,11.65
bitre-road-vehicles-australia--january2024.xlsx,2024,Table 3,Heavy rigid trucks,2022,AUS,16.31
bitre-road-vehicles-australia--january2024.xlsx,2024,Table 3,Heavy rigid trucks,2023,NSW,14.84
bitre-road-vehicles-australia--january2024.xlsx,2024,Table 3,Heavy rigid trucks,2023,VIC,16.51
bitre-road-vehicles-australia--january2024.xlsx,2024,Table 3,Heavy rigid trucks,2023,QLD,15.39
bitre-road-vehicles-australia--january2024.xlsx,2024,Table 3,Heavy rigid trucks,2023,SA,18.63
bitre-road-vehicles-australia--january2024.xlsx,2024,Table 3,Heavy rigid trucks,2023,WA,18.5
bitre-road-vehicles-australia--january2024.xlsx,2024,Table 3,Heavy rigid trucks,2023,TAS,18.62
bitre-road-vehicles-australia--january2024.xlsx,2024,Table 3,Heavy rigid trucks,2023,NT,14.75
bitre-road-vehicles-australia--january2024.xlsx,2024,Table 3,Heavy rigid trucks,2023,ACT,11.92
bitre-road-vehicles-australia--january2024.xlsx,2024,Table 3,Heavy rigid trucks,2023,AUS,16.27
bitre-road-vehicles-australia--january2024.xlsx,2024,Table 3,Heavy rigid trucks,2024,NSW,14.86
bitre-road-vehicles-australia--january2024.xlsx,2024,Table 3,Heavy rigid trucks,2024,VIC,16.51
bitre-road-vehicles-australia--january2024.xlsx,2024,Table 3,Heavy rigid trucks,2024,QLD,15.27
bitre-road-vehicles-australia--january2024.xlsx,2024,Table 3,Heavy rigid trucks,2024,SA,18.42
bitre-road-vehicles-australia--january2024.xlsx,2024,Table 3,Heavy rigid trucks,2024,WA,18.48
bitre-road-vehicles-australia--january2024.xlsx,2024,Table 3,Heavy rigid trucks,2024,TAS,18.93
bitre-road-vehicles-australia--january2024.xlsx,2024,Table 3,Heavy rigid trucks,2024,NT,14.89
bitre-road-vehicles-australia--january2024.xlsx,2024,Table 3,Heavy rigid trucks,2024,ACT,11.99
bitre-road-vehicles-australia--january2024.xlsx,2024,Table 3,Heavy rigid trucks,2024,AUS,16.25
bitre-road-vehicles-australia--january2024.xlsx,2024,Table 3,Articulated trucks,2022,NSW,12.0
bitre-road-vehicles-australia--january2024.xlsx,2024,Table 3,Articulated trucks,2022,VIC,12.52
bitre-road-vehicles-australia--january2024.xlsx,2024,Table 3,Articulated trucks,2022,QLD,12.18
bitre-road-vehicles-australia--january2024.xlsx,2024,Table 3,Articulated trucks,2022,SA,13.03
bitre-road-vehicles-australia--january2024.xlsx,2024,Table 3,Articulated trucks,2022,WA,13.53
bitre-road-vehicles-australia--january2024.xlsx,2024,Table 3,Articulated trucks,2022,TAS,12.05
bitre-road-vehicles-australia--january2024.xlsx,2024,Table 3,Articulated trucks,2022,NT,13.32
bitre-road-vehicles-australia--january2024.xlsx,2024,Table 3,Articulated trucks,2022,ACT,11.74
bitre-road-vehicles-australia--january2024.xlsx,2024,Table 3,Articulated trucks,2022,AUS,12.52
bitre-road-vehicles-australia--january2024.xlsx,2024,Table 3,Articulated trucks,2023,NSW,11.85
bitre-road-vehicles-australia--january2024.xlsx,2024,Table 3,Articulated trucks,2023,VIC,12.52
bitre-road-vehicles-australia--january2024.xlsx,2024,Table 3,Articulated trucks,2023,QLD,12.18
bitre-road-vehicles-australia--january2024.xlsx,2024,Table 3,Articulated trucks,2023,SA,13.15
bitre-road-vehicles-australia--january2024.xlsx,2024,Table 3,Articulated trucks,2023,WA,13.58
bitre-road-vehicles-australia--january2024.xlsx,2024,Table 3,Articulated trucks,2023,TAS,12.4
bitre-road-vehicles-australia--january2024.xlsx,2024,Table 3,Articulated trucks,2023,NT,13.53
bitre-road-vehicles-australia--january2024.xlsx,2024,Table 3,Articulated trucks,2023,ACT,12.44
bitre-road-vehicles-australia--january2024.xlsx,2024,Table 3,Articulated trucks,2023,AUS,12.52
bitre-road-vehicles-australia--january2024.xlsx,2024,Table 3,Articulated trucks,2024,NSW,11.71
bitre-road-vehicles-australia--january2024.xlsx,2024,Table 3,Articulated trucks,2024,VIC,12.5
bitre-road-vehicles-australia--january2024.xlsx,2024,Table 3,Articulated trucks,2024,QLD,12.14
bitre-road-vehicles-australia--january2024.xlsx,2024,Table 3,Articulated trucks,2024,SA,13.11
bitre-road-vehicles-australia--january2024.xlsx,2024,Table 3,Articulated trucks,2024,WA,13.56
bitre-road-vehicles-australia--january2024.xlsx,2024,Table 3,Articulated trucks,2024,TAS,12.44
bitre-road-vehicles-australia--january2024.xlsx,2024,Table 3,Articulated trucks,2024,NT,13.52
bitre-road-vehicles-australia--january2024.xlsx,2024,Table 3,Articulated trucks,2024,ACT,12.33
bitre-road-vehicles-australia--january2024.xlsx,2024,Table 3,Articulated trucks,2024,AUS,12.47
bitre-road-vehicles-australia--january2024.xlsx,2024,Table 3,Non-freight-carrying vehicles,2022,NSW,12.39
bitre-road-vehicles-australia--january2024.xlsx,2024,Table 3,Non-freight-carrying vehicles,2022,VIC,14.21
bitre-road-vehicles-australia--january2024.xlsx,2024,Table 3,Non-freight-carrying vehicles,2022,QLD,13.0
bitre-road-vehicles-australia--january2024.xlsx,2024,Table 3,Non-freight-carrying vehicles,2022,SA,12.52
bitre-road-vehicles-australia--january2024.xlsx,2024,Table 3,Non-freight-carrying vehicles,2022,WA,15.02
bitre-road-vehicles-australia--january2024.xlsx,2024,Table 3,Non-freight-carrying vehicles,2022,TAS,15.71
bitre-road-vehicles-australia--january2024.xlsx,2024,Table 3,Non-freight-carrying vehicles,2022,NT,13.82
bitre-road-vehicles-australia--january2024.xlsx,2024,Table 3,Non-freight-carrying vehicles,2022,ACT,11.36
bitre-road-vehicles-australia--january2024.xlsx,2024,Table 3,Non-freight-carrying vehicles,2022,AUS,13.67
bitre-road-vehicles-australia--january2024.xlsx,2024,Table 3,Non-freight-carrying vehicles,2023,NSW,12.58
bitre-road-vehicles-australia--january2024.xlsx,2024,Table 3,Non-freight-carrying vehicles,2023,VIC,14.13
bitre-road-vehicles-australia--january2024.xlsx,2024,Table 3,Non-freight-carrying vehicles,2023,QLD,13.14
bitre-road-vehicles-australia--january2024.xlsx,2024,Table 3,Non-freight-carrying vehicles,2023,SA,12.48
bitre-road-vehicles-australia--january2024.xlsx,2024,Table 3,Non-freight-carrying vehicles,2023,WA,14.75
bitre-road-vehicles-australia--january2024.xlsx,2024,Table 3,Non-freight-carrying vehicles,2023,TAS,15.62
bitre-road-vehicles-australia--january2024.xlsx,2024,Table 3,Non-freight-carrying vehicles,2023,NT,13.93
bitre-road-vehicles-australia--january2024.xlsx,2024,Table 3,Non-freight-carrying vehicles,2023,ACT,11.47
bitre-road-vehicles-australia--january2024.xlsx,2024,Table 3,Non-freight-carrying vehicles,2023,AUS,13.66
bitre-road-vehicles-australia--january2024.xlsx,2024,Table 3,Non-freight-carrying vehicles,2024,NSW,12.95
bitre-road-vehicles-australia--january2024.xlsx,2024,Table 3,Non-freight-carrying vehicles,2024,VIC,14.11
bitre-road-vehicles-australia--january2024.xlsx,2024,Table 3,Non-freight-carrying vehicles,2024,QLD,13.32
bitre-road-vehicles-australia--january2024.xlsx,2024,Table 3,Non-freight-carrying vehicles,2024,SA,12.36
bitre-road-vehicles-australia--january2024.xlsx,2024,Table 3,Non-freight-carrying vehicles,2024,WA,14.77
bitre-road-vehicles-australia--january2024.xlsx,2024,Table 3,Non-freight-carrying vehicles,2024,TAS,16.21
bitre-road-vehicles-australia--january2024.xlsx,2024,Table 3,Non-freight-carrying vehicles,2024,NT,14.01
bitre-road-vehicles-australia--january2024.xlsx,2024,Table 3,Non-freight-carrying vehicles,2024,ACT,11.41
bitre-road-vehicles-australia--january2024.xlsx,2024,Table 3,Non-freight-carrying vehicles,2024,AUS,13.76
bitre-road-vehicles-australia--january2024.xlsx,2024,Table 3,Light buses,2022,NSW,10.45
bitre-road-vehicles-australia--january2024.xlsx,2024,Table 3,Light buses,2022,VIC,12.0
bitre-road-vehicles-australia--january2024.xlsx,2024,Table 3,Light buses,2022,QLD,11.66
bitre-road-vehicles-australia--january2024.xlsx,2024,Table 3,Light buses,2022,SA,11.82
bitre-road-vehicles-australia--january2024.xlsx,2024,Table 3,Light buses,2022,WA,11.5
bitre-road-vehicles-australia--january2024.xlsx,2024,Table 3,Light buses,2022,TAS,13.58
bitre-road-vehicles-australia--january2024.xlsx,2024,Table 3,Light buses,2022,NT,8.87
bitre-road-vehicles-australia--january2024.xlsx,2024,Table 3,Light buses,2022,ACT,11.01
bitre-road-vehicles-australia--january2024.xlsx,2024,Table 3,Light buses,2022,AUS,11.37
bitre-road-vehicles-australia--january2024.xlsx,2024,Table 3,Light buses,2023,NSW,10.83
bitre-road-vehicles-australia--january2024.xlsx,2024,Table 3,Light buses,2023,VIC,12.33
bitre-road-vehicles-australia--january2024.xlsx,2024,Table 3,Light buses,2023,QLD,11.74
bitre-road-vehicles-australia--january2024.xlsx,2024,Table 3,Light buses,2023,SA,11.91
bitre-road-vehicles-australia--january2024.xlsx,2024,Table 3,Light buses,2023,WA,11.68
bitre-road-vehicles-australia--january2024.xlsx,2024,Table 3,Light buses,2023,TAS,13.83
bitre-road-vehicles-australia--january2024.xlsx,2024,Table 3,Light buses,2023,NT,9.01
bitre-road-vehicles-australia--january2024.xlsx,2024,Table 3,Light buses,2023,ACT,11.16
bitre-road-vehicles-australia--january2024.xlsx,2024,Table 3,Light buses,2023,AUS,11.6
bitre-road-vehicles-australia--january2024.xlsx,2024,Table 3,Light buses,2024,NSW,11.1
bitre-road-vehicles-australia--january2024.xlsx,2024,Table 3,Light buses,2024,VIC,12.8
bitre-road-vehicles-australia--january2024.xlsx,2024,Table 3,Light buses,2024,QLD,11.89
bitre-road-vehicles-australia--january2024.xlsx,2024,Table 3,Light buses,2024,SA,12.02
bitre-road-vehicles-australia--january2024.xlsx,2024,Table 3,Light buses,2024,WA,11.81
bitre-road-vehicles-australia--january2024.xlsx,2024,Table 3,Light buses,2024,TAS,14.57
bitre-road-vehicles-australia--january2024.xlsx,2024,Table 3,Light buses,2024,NT,9.02
bitre-road-vehicles-australia--january2024.xlsx,2024,Table 3,Light buses,2024,ACT,11.55
bitre-road-vehicles-australia--january2024.xlsx,2024,Table 3,Light buses,2024,AUS,11.84
bitre-road-vehicles-australia--january2024.xlsx,2024,Table 3,Heavy buses,2022,NSW,12.41
bitre-road-vehicles-australia--january2024.xlsx,2024,Table 3,Heavy buses,2022,VIC,12.7
bitre-road-vehicles-australia--january2024.xlsx,2024,Table 3,Heavy buses,2022,QLD,12.4
bitre-road-vehicles-australia--january2024.xlsx,2024,Table 3,Heavy buses,2022,SA,14.02
bitre-road-vehicles-australia--january2024.xlsx,2024,Table 3,Heavy buses,2022,WA,12.23
bitre-road-vehicles-australia--january2024.xlsx,2024,Table 3,Heavy buses,2022,TAS,15.54
bitre-road-vehicles-australia--january2024.xlsx,2024,Table 3,Heavy buses,2022,NT,12.45
bitre-road-vehicles-australia--january2024.xlsx,2024,Table 3,Heavy buses,2022,ACT,10.88
bitre-road-vehicles-australia--january2024.xlsx,2024,Table 3,Heavy buses,2022,AUS,12.64
bitre-road-vehicles-australia--january2024.xlsx,2024,Table 3,Heavy buses,2023,NSW,12.77
bitre-road-vehicles-australia--january2024.xlsx,2024,Table 3,Heavy buses,2023,VIC,12.86
bitre-road-vehicles-australia--january2024.xlsx,2024,Table 3,Heavy buses,2023,QLD,12.66
bitre-road-vehicles-australia--january2024.xlsx,2024,Table 3,Heavy buses,2023,SA,14.17
bitre-road-vehicles-australia--january2024.xlsx,2024,Table 3,Heavy buses,2023,WA,12.11
bitre-road-vehicles-australia--january2024.xlsx,2024,Table 3,Heavy buses,2023,TAS,15.73
bitre-road-vehicles-australia--january2024.xlsx,2024,Table 3,Heavy buses,2023,NT,13.09
bitre-road-vehicles-australia--january2024.xlsx,2024,Table 3,Heavy buses,2023,ACT,11.69
bitre-road-vehicles-australia--january2024.xlsx,2024,Table 3,Heavy buses,2023,AUS,12.86
bitre-road-vehicles-australia--january2024.xlsx,2024,Table 3,Heavy buses,2024,NSW,13.01
bitre-road-vehicles-australia--january2024.xlsx,2024,Table 3,Heavy buses,2024,VIC,12.92
bitre-road-vehicles-australia--january2024.xlsx,2024,Table 3,Heavy buses,2024,QLD,12.96
bitre-road-vehicles-australia--january2024.xlsx,2024,Table 3,Heavy buses,2024,SA,14.43
bitre-road-vehicles-australia--january2024.xlsx,2024,Table 3,Heavy buses,2024,WA,12.04
bitre-road-vehicles-australia--january2024.xlsx,2024,Table 3,Heavy buses,2024,TAS,16.0
bitre-road-vehicles-australia--january2024.xlsx,2024,Table 3,Heavy buses,2024,NT,12.99
bitre-road-vehicles-australia--january2024.xlsx,2024,Table 3,Heavy buses,2024,ACT,11.77
bitre-road-vehicles-australia--january2024.xlsx,2024,Table 3,Heavy buses,2024,AUS,13.02
bitre-road-vehicles-australia--january2024.xlsx,2024,Table 3,Motorcycles,2022,NSW,10.27
bitre-road-vehicles-australia--january2024.xlsx,2024,Table 3,Motorcycles,2022,VIC,11.48
bitre-road-vehicles-australia--january2024.xlsx,2024,Table 3,Motorcycles,2022,QLD,12.63
bitre-road-vehicles-australia--january2024.xlsx,2024,Table 3,Motorcycles,2022,SA,13.4
bitre-road-vehicles-australia--january2024.xlsx,2024,Table 3,Motorcycles,2022,WA,14.74
bitre-road-vehicles-australia--january2024.xlsx,2024,Table 3,Motorcycles,2022,TAS,12.74
bitre-road-vehicles-australia--january2024.xlsx,2024,Table 3,Motorcycles,2022,NT,10.05
bitre-road-vehicles-australia--january2024.xlsx,2024,Table 3,Motorcycles,2022,ACT,11.58
bitre-road-vehicles-australia--january2024.xlsx,2024,Table 3,Motorcycles,2022,AUS,11.98
bitre-road-vehicles-australia--january2024.xlsx,2024,Table 3,Motorcycles,2023,NSW,10.5
bitre-road-vehicles-australia--january2024.xlsx,2024,Table 3,Motorcycles,2023,VIC,11.7
bitre-road-vehicles-australia--january2024.xlsx,2024,Table 3,Motorcycles,2023,QLD,12.91
bitre-road-vehicles-australia--january2024.xlsx,2024,Table 3,Motorcycles,2023,SA,13.71
bitre-road-vehicles-australia--january2024.xlsx,2024,Table 3,Motorcycles,2023,WA,15.15
bitre-road-vehicles-australia--january2024.xlsx,2024,Table 3,Motorcycles,2023,TAS,13.07
bitre-road-vehicles-australia--january2024.xlsx,2024,Table 3,Motorcycles,2023,NT,10.27
bitre-road-vehicles-australia--january2024.xlsx,2024,Table 3,Motorcycles,2023,ACT,11.96
bitre-road-vehicles-australia--january2024.xlsx,2024,Table 3,Motorcycles,2023,AUS,12.26
bitre-road-vehicles-australia--january2024.xlsx,2024,Table 3,Motorcycles,2024,NSW,10.69
bitre-road-vehicles-australia--january2024.xlsx,2024,Table 3,Motorcycles,2024,VIC,11.91
bitre-road-vehicles-australia--january2024.xlsx,2024,Table 3,Motorcycles,2024,QLD,13.12
bitre-road-vehicles-australia--january2024.xlsx,2024,Table 3,Motorcycles,2024,SA,14.18
bitre-road-vehicles-australia--january2024.xlsx,2024,Table 3,Motorcycles,2024,WA,15.59
bitre-road-vehicles-australia--january2024.xlsx,2024,Table 3,Motorcycles,2024,TAS,13.49
bitre-road-vehicles-australia--january2024.xlsx,2024,Table 3,Motorcycles,2024,NT,10.4
bitre-road-vehicles-australia--january2024.xlsx,2024,Table 3,Motorcycles,2024,ACT,12.24
bitre-road-vehicles-australia--january2024.xlsx,2024,Table 3,Motorcycles,2024,AUS,12.51
bitre-road-vehicles-australia--january2024.xlsx,2024,Table 3,Total motor vehicles,2022,NSW,10.22
bitre-road-vehicles-australia--january2024.xlsx,2024,Table 3,Total motor vehicles,2022,VIC,10.84
bitre-road-vehicles-australia--january2024.xlsx,2024,Table 3,Total motor vehicles,2022,QLD,11.29
bitre-road-vehicles-australia--january2024.xlsx,2024,Table 3,Total motor vehicles,2022,SA,12.46
bitre-road-vehicles-australia--january2024.xlsx,2024,Table 3,Total motor vehicles,2022,WA,11.87
bitre-road-vehicles-australia--january2024.xlsx,2024,Table 3,Total motor vehicles,2022,TAS,12.97
bitre-road-vehicles-australia--january2024.xlsx,2024,Table 3,Total motor vehicles,2022,NT,10.35
bitre-road-vehicles-australia--january2024.xlsx,2024,Table 3,Total motor vehicles,2022,ACT,9.89
bitre-road-vehicles-australia--january2024.xlsx,2024,Table 3,Total motor vehicles,2022,AUS,11.03
bitre-road-vehicles-australia--january2024.xlsx,2024,Table 3,Total motor vehicles,2023,NSW,10.44
bitre-road-vehicles-australia--january2024.xlsx,2024,Table 3,Total motor vehicles,2023,VIC,11.05
bitre-road-vehicles-australia--january2024.xlsx,2024,Table 3,Total motor vehicles,2023,QLD,11.49
bitre-road-vehicles-australia--january2024.xlsx,2024,Table 3,Total motor vehicles,2023,SA,12.7
bitre-road-vehicles-australia--january2024.xlsx,2024,Table 3,Total motor vehicles,2023,WA,12.11
bitre-road-vehicles-australia--january2024.xlsx,2024,Table 3,Total motor vehicles,2023,TAS,13.21
bitre-road-vehicles-australia--january2024.xlsx,2024,Table 3,Total motor vehicles,2023,NT,10.47
bitre-road-vehicles-australia--january2024.xlsx,2024,Table 3,Total motor vehicles,2023,ACT,10.21
bitre-road-vehicles-australia--january2024.xlsx,2024,Table 3,Total motor vehicles,2023,AUS,11.25
bitre-road-vehicles-australia--january2024.xlsx,2024,Table 3,Total motor vehicles,2024,NSW,10.6
bitre-road-vehicles-australia--january2024.xlsx,2024,Table 3,Total motor vehicles,2024,VIC,11.2
bitre-road-vehicles-australia--january2024.xlsx,2024,Table 3,Total motor vehicles,2024,QLD,11.63
bitre-road-vehicles-australia--january2024.xlsx,2024,Table 3,Total motor vehicles,2024,SA,12.86
bitre-road-vehicles-australia--january2024.xlsx,2024,Table 3,Total motor vehicles,2024,WA,12.27
bitre-road-vehicles-australia--january2024.xlsx,2024,Table 3,Total motor vehicles,2024,TAS,13.47
bitre-road-vehicles-australia--january2024.xlsx,2024,Table 3,Total motor vehicles,2024,NT,10.62
bitre-road-vehicles-australia--january2024.xlsx,2024,Table 3,Total motor vehicles,2024,ACT,10.44
bitre-road-vehicles-australia--january2024.xlsx,2024,Table 3,Total motor vehicles,2024,AUS,11.4
BITRE-Road-Vehicles-Australia-January-2022-Re-Issue.xlsx,2022,Table 3,Passenger vehicles,2021,NSW,9.77
BITRE-Road-Vehicles-Australia-January-2022-Re-Issue.xlsx,2022,Table 3,Passenger vehicles,2021,VIC,10.3
BITRE-Road-Vehicles-Australia-January-2022-Re-Issue.xlsx,2022,Table 3,Passenger vehicles,2021,QLD,10.78
BITRE-Road-Vehicles-Australia-January-2022-Re-Issue.xlsx,2022,Table 3,Passenger vehicles,2021,SA,12.14
BITRE-Road-Vehicles-Australia-January-2022-Re-Issue.xlsx,2022,Table 3,Passenger vehicles,2021,WA,11.19
BITRE-Road-Vehicles-Australia-January-2022-Re-Issue.xlsx,2022,Table 3,Passenger vehicles,2021,TAS,12.25
BITRE-Road-Vehicles-Australia-January-2022-Re-Issue.xlsx,2022,Table 3,Passenger vehicles,2021,NT,9.98
BITRE-Road-Vehicles-Australia-January-2022-Re-Issue.xlsx,2022,Table 3,Passenger vehicles,2021,ACT,9.51
BITRE-Road-Vehicles-Australia-January-2022-Re-Issue.xlsx,2022,Table 3,Passenger vehicles,2021,AUS,10.5
BITRE-Road-Vehicles-Australia-January-2022-Re-Issue.xlsx,2022,Table 3,Passenger vehicles,2022,NSW,10.03
BITRE-Road-Vehicles-Australia-January-2022-Re-Issue.xlsx,2022,Table 3,Passenger vehicles,2022,VIC,10.57
BITRE-Road-Vehicles-Australia-January-2022-Re-Issue.xlsx,2022,Table 3,Passenger vehicles,2022,QLD,10.99
BITRE-Road-Vehicles-Australia-January-2022-Re-Issue.xlsx,2022,Table 3,Passenger vehicles,2022,SA,12.37
BITRE-Road-Vehicles-Australia-January-2022-Re-Issue.xlsx,2022,Table 3,Passenger vehicles,2022,WA,11.41
BITRE-Road-Vehicles-Australia-January-2022-Re-Issue.xlsx,2022,Table 3,Passenger vehicles,2022,TAS,12.43
BITRE-Road-Vehicles-Australia-January-2022-Re-Issue.xlsx,2022,Table 3,Passenger vehicles,2022,NT,10.12
BITRE-Road-Vehicles-Australia-January-2022-Re-Issue.xlsx,2022,Table 3,Passenger vehicles,2022,ACT,9.8
BITRE-Road-Vehicles-Australia-January-2022-Re-Issue.xlsx,2022,Table 3,Passenger vehicles,2022,AUS,10.75
BITRE-Road-Vehicles-Australia-January-2022-Re-Issue.xlsx,2022,Table 3,Campervans,2021,NSW,15.47
BITRE-Road-Vehicles-Australia-January-2022-Re-Issue.xlsx,2022,Table 3,Campervans,2021,VIC,16.33
BITRE-Road-Vehicles-Australia-January-2022-Re-Issue.xlsx,2022,Table 3,Campervans,2021,QLD,16.97
BITRE-Road-Vehicles-Australia-January-2022-Re-Issue.xlsx,2022,Table 3,Campervans,2021,SA,16.99
BITRE-Road-Vehicles-Australia-January-2022-Re-Issue.xlsx,2022,Table 3,Campervans,2021,WA,22.45
BITRE-Road-Vehicles-Australia-January-2022-Re-Issue.xlsx,2022,Table 3,Campervans,2021,TAS,22.48
BITRE-Road-Vehicles-Australia-January-2022-Re-Issue.xlsx,2022,Table 3,Campervans,2021,NT,17.18
BITRE-Road-Vehicles-Australia-January-2022-Re-Issue.xlsx,2022,Table 3,Campervans,2021,ACT,17.53
BITRE-Road-Vehicles-Australia-January-2022-Re-Issue.xlsx,2022,Table 3,Campervans,2021,AUS,16.79
BITRE-Road-Vehicles-Australia-January-2022-Re-Issue.xlsx,2022,Table 3,Campervans,2022,NSW,15.5
BITRE-Road-Vehicles-Australia-January-2022-Re-Issue.xlsx,2022,Table 3,Campervans,2022,VIC,16.41
BITRE-Road-Vehicles-Australia-January-2022-Re-Issue.xlsx,2022,Table 3,Campervans,2022,QLD,17.12
BITRE-Road-Vehicles-Australia-January-2022-Re-Issue.xlsx,2022,Table 3,Campervans,2022,SA,17.35
BITRE-Road-Vehicles-Australia-January-2022-Re-Issue.xlsx,2022,Table 3,Campervans,2022,WA,22.55
BITRE-Road-Vehicles-Australia-January-2022-Re-Issue.xlsx,2022,Table 3,Campervans,2022,TAS,22.54
BITRE-Road-Vehicles-Australia-January-2022-Re-Issue.xlsx,2022,Table 3,Campervans,2022,NT,17.0
BITRE-Road-Vehicles-Australia-January-2022-Re-Issue.xlsx,2022,Table 3,Campervans,2022,ACT,17.52
BITRE-Road-Vehicles-Australia-January-2022-Re-Issue.xlsx,2022,Table 3,Campervans,2022,AUS,16.87
BITRE-Road-Vehicles-Australia-January-2022-Re-Issue.xlsx,2022,Table 3,Light commercial vehicles,2021,NSW,10.17
BITRE-Road-Vehicles-Australia-January-2022-Re-Issue.xlsx,2022,Table 3,Light commercial vehicles,2021,VIC,11.0
BITRE-Road-Vehicles-Australia-January-2022-Re-Issue.xlsx,2022,Table 3,Light commercial vehicles,2021,QLD,11.2
BITRE-Road-Vehicles-Australia-January-2022-Re-Issue.xlsx,2022,Table 3,Light commercial vehicles,2021,SA,11.91
BITRE-Road-Vehicles-Australia-January-2022-Re-Issue.xlsx,2022,Table 3,Light commercial vehicles,2021,WA,11.74
BITRE-Road-Vehicles-Australia-January-2022-Re-Issue.xlsx,2022,Table 3,Light commercial vehicles,2021,TAS,13.46
BITRE-Road-Vehicles-Australia-January-2022-Re-Issue.xlsx,2022,Table 3,Light commercial vehicles,2021,NT,10.1
BITRE-Road-Vehicles-Australia-January-2022-Re-Issue.xlsx,2022,Table 3,Light commercial vehicles,2021,ACT,9.52
BITRE-Road-Vehicles-Australia-January-2022-Re-Issue.xlsx,2022,Table 3,Light commercial vehicles,2021,AUS,11.03
BITRE-Road-Vehicles-Australia-January-2022-Re-Issue.xlsx,2022,Table 3,Light commercial vehicles,2022,NSW,10.3
BITRE-Road-Vehicles-Australia-January-2022-Re-Issue.xlsx,2022,Table 3,Light commercial vehicles,2022,VIC,11.08
BITRE-Road-Vehicles-Australia-January-2022-Re-Issue.xlsx,2022,Table 3,Light commercial vehicles,2022,QLD,11.34
BITRE-Road-Vehicles-Australia-January-2022-Re-Issue.xlsx,2022,Table 3,Light commercial vehicles,2022,SA,11.98
BITRE-Road-Vehicles-Australia-January-2022-Re-Issue.xlsx,2022,Table 3,Light commercial vehicles,2022,WA,11.79
BITRE-Road-Vehicles-Australia-January-2022-Re-Issue.xlsx,2022,Table 3,Light commercial vehicles,2022,TAS,13.53
BITRE-Road-Vehicles-Australia-January-2022-Re-Issue.xlsx,2022,Table 3,Light commercial vehicles,2022,NT,10.23
BITRE-Road-Vehicles-Australia-January-2022-Re-Issue.xlsx,2022,Table 3,Light commercial vehicles,2022,ACT,9.73
BITRE-Road-Vehicles-Australia-January-2022-Re-Issue.xlsx,2022,Table 3,Light commercial vehicles,2022,AUS,11.14
BITRE-Road-Vehicles-Australia-January-2022-Re-Issue.xlsx,2022,Table 3,Light rigid trucks,2021,NSW,10.17
BITRE-Road-Vehicles-Australia-January-2022-Re-Issue.xlsx,2022,Table 3,Light rigid trucks,2021,VIC,9.58
BITRE-Road-Vehicles-Australia-January-2022-Re-Issue.xlsx,2022,Table 3,Light rigid trucks,2021,QLD,11.87
BITRE-Road-Vehicles-Australia-January-2022-Re-Issue.xlsx,2022,Table 3,Light rigid trucks,2021,SA,10.94
BITRE-Road-Vehicles-Australia-January-2022-Re-Issue.xlsx,2022,Table 3,Light rigid trucks,2021,WA,11.32
BITRE-Road-Vehicles-Australia-January-2022-Re-Issue.xlsx,2022,Table 3,Light rigid trucks,2021,TAS,14.02
BITRE-Road-Vehicles-Australia-January-2022-Re-Issue.xlsx,2022,Table 3,Light rigid trucks,2021,NT,12.79
BITRE-Road-Vehicles-Australia-January-2022-Re-Issue.xlsx,2022,Table 3,Light rigid trucks,2021,ACT,8.69
BITRE-Road-Vehicles-Australia-January-2022-Re-Issue.xlsx,2022,Table 3,Light rigid trucks,2021,AUS,10.66
BITRE-Road-Vehicles-Australia-January-2022-Re-Issue.xlsx,2022,Table 3,Light rigid trucks,2022,NSW,10.17
BITRE-Road-Vehicles-Australia-January-2022-Re-Issue.xlsx,2022,Table 3,Light rigid trucks,2022,VIC,9.68
BITRE-Road-Vehicles-Australia-January-2022-Re-Issue.xlsx,2022,Table 3,Light rigid trucks,2022,QLD,11.79
BITRE-Road-Vehicles-Australia-January-2022-Re-Issue.xlsx,2022,Table 3,Light rigid trucks,2022,SA,10.94
BITRE-Road-Vehicles-Australia-January-2022-Re-Issue.xlsx,2022,Table 3,Light rigid trucks,2022,WA,11.41
BITRE-Road-Vehicles-Australia-January-2022-Re-Issue.xlsx,2022,Table 3,Light rigid trucks,2022,TAS,13.97
BITRE-Road-Vehicles-Australia-January-2022-Re-Issue.xlsx,2022,Table 3,Light rigid trucks,2022,NT,12.8
BITRE-Road-Vehicles-Australia-January-2022-Re-Issue.xlsx,2022,Table 3,Light rigid trucks,2022,ACT,8.78
BITRE-Road-Vehicles-Australia-January-2022-Re-Issue.xlsx,2022,Table 3,Light rigid trucks,2022,AUS,10.68
BITRE-Road-Vehicles-Australia-January-2022-Re-Issue.xlsx,2022,Table 3,Heavy rigid trucks,2021,NSW,14.69
BITRE-Road-Vehicles-Australia-January-2022-Re-Issue.xlsx,2022,Table 3,Heavy rigid trucks,2021,VIC,16.6
BITRE-Road-Vehicles-Australia-January-2022-Re-Issue.xlsx,2022,Table 3,Heavy rigid trucks,2021,QLD,15.37
BITRE-Road-Vehicles-Australia-January-2022-Re-Issue.xlsx,2022,Table 3,Heavy rigid trucks,2021,SA,18.95
BITRE-Road-Vehicles-Australia-January-2022-Re-Issue.xlsx,2022,Table 3,Heavy rigid trucks,2021,WA,18.39
BITRE-Road-Vehicles-Australia-January-2022-Re-Issue.xlsx,2022,Table 3,Heavy rigid trucks,2021,TAS,18.23
BITRE-Road-Vehicles-Australia-January-2022-Re-Issue.xlsx,2022,Table 3,Heavy rigid trucks,2021,NT,14.43
BITRE-Road-Vehicles-Australia-January-2022-Re-Issue.xlsx,2022,Table 3,Heavy rigid trucks,2021,ACT,11.69
BITRE-Road-Vehicles-Australia-January-2022-Re-Issue.xlsx,2022,Table 3,Heavy rigid trucks,2021,AUS,16.24
BITRE-Road-Vehicles-Australia-January-2022-Re-Issue.xlsx,2022,Table 3,Heavy rigid trucks,2022,NSW,14.85
BITRE-Road-Vehicles-Australia-January-2022-Re-Issue.xlsx,2022,Table 3,Heavy rigid trucks,2022,VIC,16.58
BITRE-Road-Vehicles-Australia-January-2022-Re-Issue.xlsx,2022,Table 3,Heavy rigid trucks,2022,QLD,15.42
BITRE-Road-Vehicles-Australia-January-2022-Re-Issue.xlsx,2022,Table 3,Heavy rigid trucks,2022,SA,18.79
BITRE-Road-Vehicles-Australia-January-2022-Re-Issue.xlsx,2022,Table 3,Heavy rigid trucks,2022,WA,18.57
BITRE-Road-Vehicles-Australia-January-2022-Re-Issue.xlsx,2022,Table 3,Heavy rigid trucks,2022,TAS,18.39
BITRE-Road-Vehicles-Australia-January-2022-Re-Issue.xlsx,2022,Table 3,Heavy rigid trucks,2022,NT,14.63
BITRE-Road-Vehicles-Australia-January-2022-Re-Issue.xlsx,2022,Table 3,Heavy rigid trucks,2022,ACT,11.65
BITRE-Road-Vehicles-Australia-January-2022-Re-Issue.xlsx,2022,Table 3,Heavy rigid trucks,2022,AUS,16.31
BITRE-Road-Vehicles-Australia-January-2022-Re-Issue.xlsx,2022,Table 3,Articulated trucks,2021,NSW,11.85
BITRE-Road-Vehicles-Australia-January-2022-Re-Issue.xlsx,2022,Table 3,Articulated trucks,2021,VIC,12.46
BITRE-Road-Vehicles-Australia-January-2022-Re-Issue.xlsx,2022,Table 3,Articulated trucks,2021,QLD,12.05
BITRE-Road-Vehicles-Australia-January-2022-Re-Issue.xlsx,2022,Table 3,Articulated trucks,2021,SA,12.82
BITRE-Road-Vehicles-Australia-January-2022-Re-Issue.xlsx,2022,Table 3,Articulated trucks,2021,WA,13.48
BITRE-Road-Vehicles-Australia-January-2022-Re-Issue.xlsx,2022,Table 3,Articulated trucks,2021,TAS,11.73
BITRE-Road-Vehicles-Australia-January-2022-Re-Issue.xlsx,2022,Table 3,Articulated trucks,2021,NT,13.26
BITRE-Road-Vehicles-Australia-January-2022-Re-Issue.xlsx,2022,Table 3,Articulated trucks,2021,ACT,11.31
BITRE-Road-Vehicles-Australia-January-2022-Re-Issue.xlsx,2022,Table 3,Articulated trucks,2021,AUS,12.41
BITRE-Road-Vehicles-Australia-January-2022-Re-Issue.xlsx,2022,Table 3,Articulated trucks,2022,NSW,12.0
BITRE-Road-Vehicles-Australia-January-2022-Re-Issue.xlsx,2022,Table 3,Articulated trucks,2022,VIC,12.52
BITRE-Road-Vehicles-Australia-January-2022-Re-Issue.xlsx,2022,Table 3,Articulated trucks,2022,QLD,12.18
BITRE-Road-Vehicles-Australia-January-2022-Re-Issue.xlsx,2022,Table 3,Articulated trucks,2022,SA,13.03
BITRE-Road-Vehicles-Australia-January-2022-Re-Issue.xlsx,2022,Table 3,Articulated trucks,2022,WA,13.53
BITRE-Road-Vehicles-Australia-January-2022-Re-Issue.xlsx,2022,Table 3,Articulated trucks,2022,TAS,12.05
BITRE-Road-Vehicles-Australia-January-2022-Re-Issue.xlsx,2022,Table 3,Articulated trucks,2022,NT,13.32
BITRE-Road-Vehicles-Australia-January-2022-Re-Issue.xlsx,2022,Table 3,Articulated trucks,2022,ACT,11.74
BITRE-Road-Vehicles-Australia-January-2022-Re-Issue.xlsx,2022,Table 3,Articulated trucks,2022,AUS,12.52
BITRE-Road-Vehicles-Australia-January-2022-Re-Issue.xlsx,2022,Table 3,Non-freight-carrying vehicles,2021,NSW,11.96
BITRE-Road-Vehicles-Australia-January-2022-Re-Issue.xlsx,2022,Table 3,Non-freight-carrying vehicles,2021,VIC,14.05
BITRE-Road-Vehicles-Australia-January-2022-Re-Issue.xlsx,2022,Table 3,Non-freight-carrying vehicles,2021,QLD,12.8
BITRE-Road-Vehicles-Australia-January-2022-Re-Issue.xlsx,2022,Table 3,Non-freight-carrying vehicles,2021,SA,12.95
BITRE-Road-Vehicles-Australia-January-2022-Re-Issue.xlsx,2022,Table 3,Non-freight-carrying vehicles,2021,WA,14.92
BITRE-Road-Vehicles-Australia-January-2022-Re-Issue.xlsx,2022,Table 3,Non-freight-carrying vehicles,2021,TAS,15.67
BITRE-Road-Vehicles-Australia-January-2022-Re-Issue.xlsx,2022,Table 3,Non-freight-carrying vehicles,2021,NT,13.15
BITRE-Road-Vehicles-Australia-January-2022-Re-Issue.xlsx,2022,Table 3,Non-freight-carrying vehicles,2021,ACT,10.66
BITRE-Road-Vehicles-Australia-January-2022-Re-Issue.xlsx,2022,Table 3,Non-freight-carrying vehicles,2021,AUS,13.52
BITRE-Road-Vehicles-Australia-January-2022-Re-Issue.xlsx,2022,Table 3,Non-freight-carrying vehicles,2022,NSW,12.39
BITRE-Road-Vehicles-Australia-January-2022-Re-Issue.xlsx,2022,Table 3,Non-freight-carrying vehicles,2022,VIC,14.21
BITRE-Road-Vehicles-Australia-January-2022-Re-Issue.xlsx,2022,Table 3,Non-freight-carrying vehicles,2022,QLD,13.0
BITRE-Road-Vehicles-Australia-January-2022-Re-Issue.xlsx,2022,Table 3,Non-freight-carrying vehicles,2022,SA,12.52
BITRE-Road-Vehicles-Australia-January-2022-Re-Issue.xlsx,2022,Table 3,Non-freight-carrying vehicles,2022,WA,15.02
BITRE-Road-Vehicles-Australia-January-2022-Re-Issue.xlsx,2022,Table 3,Non-freight-carrying vehicles,2022,TAS,15.71
BITRE-Road-Vehicles-Australia-January-2022-Re-Issue.xlsx,2022,Table 3,Non-freight-carrying vehicles,2022,NT,13.82
BITRE-Road-Vehicles-Australia-January-2022-Re-Issue.xlsx,2022,Table 3,Non-freight-carrying vehicles,2022,ACT,11.36
BITRE-Road-Vehicles-Australia-January-2022-Re-Issue.xlsx,2022,Table 3,Non-freight-carrying vehicles,2022,AUS,13.67
BITRE-Road-Vehicles-Australia-January-2022-Re-Issue.xlsx,2022,Table 3,Buses,2021,NSW,11.26
BITRE-Road-Vehicles-Australia-January-2022-Re-Issue.xlsx,2022,Table 3,Buses,2021,VIC,12.09
BITRE-Road-Vehicles-Australia-January-2022-Re-Issue.xlsx,2022,Table 3,Buses,2021,QLD,11.75
BITRE-Road-Vehicles-Australia-January-2022-Re-Issue.xlsx,2022,Table 3,Buses,2021,SA,12.74
BITRE-Road-Vehicles-Australia-January-2022-Re-Issue.xlsx,2022,Table 3,Buses,2021,WA,11.73
BITRE-Road-Vehicles-Australia-January-2022-Re-Issue.xlsx,2022,Table 3,Buses,2021,TAS,14.57
BITRE-Road-Vehicles-Australia-January-2022-Re-Issue.xlsx,2022,Table 3,Buses,2021,NT,10.01
BITRE-Road-Vehicles-Australia-January-2022-Re-Issue.xlsx,2022,Table 3,Buses,2021,ACT,10.31
BITRE-Road-Vehicles-Australia-January-2022-Re-Issue.xlsx,2022,Table 3,Buses,2021,AUS,11.77
BITRE-Road-Vehicles-Australia-January-2022-Re-Issue.xlsx,2022,Table 3,Buses,2022,NSW,11.52
BITRE-Road-Vehicles-Australia-January-2022-Re-Issue.xlsx,2022,Table 3,Buses,2022,VIC,12.34
BITRE-Road-Vehicles-Australia-January-2022-Re-Issue.xlsx,2022,Table 3,Buses,2022,QLD,11.98
BITRE-Road-Vehicles-Australia-January-2022-Re-Issue.xlsx,2022,Table 3,Buses,2022,SA,12.96
BITRE-Road-Vehicles-Australia-January-2022-Re-Issue.xlsx,2022,Table 3,Buses,2022,WA,11.82
BITRE-Road-Vehicles-Australia-January-2022-Re-Issue.xlsx,2022,Table 3,Buses,2022,TAS,14.63
BITRE-Road-Vehicles-Australia-January-2022-Re-Issue.xlsx,2022,Table 3,Buses,2022,NT,10.03
BITRE-Road-Vehicles-Australia-January-2022-Re-Issue.xlsx,2022,Table 3,Buses,2022,ACT,10.94
BITRE-Road-Vehicles-Australia-January-2022-Re-Issue.xlsx,2022,Table 3,Buses,2022,AUS,11.98
BITRE-Road-Vehicles-Australia-January-2022-Re-Issue.xlsx,2022,Table 3,Motorcycles,2021,NSW,10.12
BITRE-Road-Vehicles-Australia-January-2022-Re-Issue.xlsx,2022,Table 3,Motorcycles,2021,VIC,11.29
BITRE-Road-Vehicles-Australia-January-2022-Re-Issue.xlsx,2022,Table 3,Motorcycles,2021,QLD,12.37
BITRE-Road-Vehicles-Australia-January-2022-Re-Issue.xlsx,2022,Table 3,Motorcycles,2021,SA,13.16
BITRE-Road-Vehicles-Australia-January-2022-Re-Issue.xlsx,2022,Table 3,Motorcycles,2021,WA,14.3
BITRE-Road-Vehicles-Australia-January-2022-Re-Issue.xlsx,2022,Table 3,Motorcycles,2021,TAS,12.48
BITRE-Road-Vehicles-Australia-January-2022-Re-Issue.xlsx,2022,Table 3,Motorcycles,2021,NT,9.86
BITRE-Road-Vehicles-Australia-January-2022-Re-Issue.xlsx,2022,Table 3,Motorcycles,2021,ACT,11.55
BITRE-Road-Vehicles-Australia-January-2022-Re-Issue.xlsx,2022,Table 3,Motorcycles,2021,AUS,11.76
BITRE-Road-Vehicles-Australia-January-2022-Re-Issue.xlsx,2022,Table 3,Motorcycles,2022,NSW,10.27
BITRE-Road-Vehicles-Australia-January-2022-Re-Issue.xlsx,2022,Table 3,Motorcycles,2022,VIC,11.48
BITRE-Road-Vehicles-Australia-January-2022-Re-Issue.xlsx,2022,Table 3,Motorcycles,2022,QLD,12.63
BITRE-Road-Vehicles-Australia-January-2022-Re-Issue.xlsx,2022,Table 3,Motorcycles,2022,SA,13.4
BITRE-Road-Vehicles-Australia-January-2022-Re-Issue.xlsx,2022,Table 3,Motorcycles,2022,WA,14.74
BITRE-Road-Vehicles-Australia-January-2022-Re-Issue.xlsx,2022,Table 3,Motorcycles,2022,TAS,12.74
BITRE-Road-Vehicles-Australia-January-2022-Re-Issue.xlsx,2022,Table 3,Motorcycles,2022,NT,10.05
BITRE-Road-Vehicles-Australia-January-2022-Re-Issue.xlsx,2022,Table 3,Motorcycles,2022,ACT,11.58
BITRE-Road-Vehicles-Australia-January-2022-Re-Issue.xlsx,2022,Table 3,Motorcycles,2022,AUS,11.98
BITRE-Road-Vehicles-Australia-January-2022-Re-Issue.xlsx,2022,Table 3,Total motor vehicles,2021,NSW,9.98
BITRE-Road-Vehicles-Australia-January-2022-Re-Issue.xlsx,2022,Table 3,Total motor vehicles,2021,VIC,10.6
BITRE-Road-Vehicles-Australia-January-2022-Re-Issue.xlsx,2022,Table 3,Total motor vehicles,2021,QLD,11.1
BITRE-Road-Vehicles-Australia-January-2022-Re-Issue.xlsx,2022,Table 3,Total motor vehicles,2021,SA,12.27
BITRE-Road-Vehicles-Australia-January-2022-Re-Issue.xlsx,2022,Table 3,Total motor vehicles,2021,WA,11.68
BITRE-Road-Vehicles-Australia-January-2022-Re-Issue.xlsx,2022,Table 3,Total motor vehicles,2021,TAS,12.81
BITRE-Road-Vehicles-Australia-January-2022-Re-Issue.xlsx,2022,Table 3,Total motor vehicles,2021,NT,10.21
BITRE-Road-Vehicles-Australia-January-2022-Re-Issue.xlsx,2022,Table 3,Total motor vehicles,2021,ACT,9.63
BITRE-Road-Vehicles-Australia-January-2022-Re-Issue.xlsx,2022,Table 3,Total motor vehicles,2021,AUS,10.81
BITRE-Road-Vehicles-Australia-January-2022-Re-Issue.xlsx,2022,Table 3,Total motor vehicles,2022,NSW,10.22
BITRE-Road-Vehicles-Australia-January-2022-Re-Issue.xlsx,2022,Table 3,Total motor vehicles,2022,VIC,10.84
BITRE-Road-Vehicles-Australia-January-2022-Re-Issue.xlsx,2022,Table 3,Total motor vehicles,2022,QLD,11.29
BITRE-Road-Vehicles-Australia-January-2022-Re-Issue.xlsx,2022,Table 3,Total motor vehicles,2022,SA,12.46
BITRE-Road-Vehicles-Australia-January-2022-Re-Issue.xlsx,2022,Table 3,Total motor vehicles,2022,WA,11.87
BITRE-Road-Vehicles-Australia-January-2022-Re-Issue.xlsx,2022,Table 3,Total motor vehicles,2022,TAS,12.97
BITRE-Road-Vehicles-Australia-January-2022-Re-Issue.xlsx,2022,Table 3,Total motor vehicles,2022,NT,10.35
BITRE-Road-Vehicles-Australia-January-2022-Re-Issue.xlsx,2022,Table 3,Total motor vehicles,2022,ACT,9.89
BITRE-Road-Vehicles-Australia-January-2022-Re-Issue.xlsx,2022,Table 3,Total motor vehicles,2022,AUS,11.03
BITRE-Road-Vehicles-Australia-January-2023-Re-Issue.xlsx,2023,Table 3,Passenger vehicles,2021,NSW,9.77
BITRE-Road-Vehicles-Australia-January-2023-Re-Issue.xlsx,2023,Table 3,Passenger vehicles,2021,VIC,10.3
BITRE-Road-Vehicles-Australia-January-2023-Re-Issue.xlsx,2023,Table 3,Passenger vehicles,2021,QLD,10.78
BITRE-Road-Vehicles-Australia-January-2023-Re-Issue.xlsx,2023,Table 3,Passenger vehicles,2021,SA,12.14
BITRE-Road-Vehicles-Australia-January-2023-Re-Issue.xlsx,2023,Table 3,Passenger vehicles,2021,WA,11.19
BITRE-Road-Vehicles-Australia-January-2023-Re-Issue.xlsx,2023,Table 3,Passenger vehicles,2021,TAS,12.25
BITRE-Road-Vehicles-Australia-January-2023-Re-Issue.xlsx,2023,Table 3,Passenger vehicles,2021,NT,9.98
BITRE-Road-Vehicles-Australia-January-2023-Re-Issue.xlsx,2023,Table 3,Passenger vehicles,2021,ACT,9.51
BITRE-Road-Vehicles-Australia-January-2023-Re-Issue.xlsx,2023,Table 3,Passenger vehicles,2021,AUS,10.5
BITRE-Road-Vehicles-Australia-January-2023-Re-Issue.xlsx,2023,Table 3,Passenger vehicles,2022,NSW,10.03
BITRE-Road-Vehicles-Australia-January-2023-Re-Issue.xlsx,2023,Table 3,Passenger vehicles,2022,VIC,10.57
BITRE-Road-Vehicles-Australia-January-2023-Re-Issue.xlsx,2023,Table 3,Passenger vehicles,2022,QLD,10.99
BITRE-Road-Vehicles-Australia-January-2023-Re-Issue.xlsx,2023,Table 3,Passenger vehicles,2022,SA,12.37
BITRE-Road-Vehicles-Australia-January-2023-Re-Issue.xlsx,2023,Table 3,Passenger vehicles,2022,WA,11.41
BITRE-Road-Vehicles-Australia-January-2023-Re-Issue.xlsx,2023,Table 3,Passenger vehicles,2022,TAS,12.43
BITRE-Road-Vehicles-Australia-January-2023-Re-Issue.xlsx,2023,Table 3,Passenger vehicles,2022,NT,10.12
BITRE-Road-Vehicles-Australia-January-2023-Re-Issue.xlsx,2023,Table 3,Passenger vehicles,2022,ACT,9.8
BITRE-Road-Vehicles-Australia-January-2023-Re-Issue.xlsx,2023,Table 3,Passenger vehicles,2022,AUS,10.75
BITRE-Road-Vehicles-Australia-January-2023-Re-Issue.xlsx,2023,Table 3,Passenger vehicles,2023,NSW,10.27
BITRE-Road-Vehicles-Australia-January-2023-Re-Issue.xlsx,2023,Table 3,Passenger vehicles,2023,VIC,10.81
BITRE-Road-Vehicles-Australia-January-2023-Re-Issue.xlsx,2023,Table 3,Passenger vehicles,2023,QLD,11.21
BITRE-Road-Vehicles-Australia-January-2023-Re-Issue.xlsx,2023,Table 3,Passenger vehicles,2023,SA,12.64
BITRE-Road-Vehicles-Australia-January-2023-Re-Issue.xlsx,2023,Table 3,Passenger vehicles,2023,WA,11.7
BITRE-Road-Vehicles-Australia-January-2023-Re-Issue.xlsx,2023,Table 3,Passenger vehicles,2023,TAS,12.7
BITRE-Road-Vehicles-Australia-January-2023-Re-Issue.xlsx,2023,Table 3,Passenger vehicles,2023,NT,10.25
BITRE-Road-Vehicles-Australia-January-2023-Re-Issue.xlsx,2023,Table 3,Passenger vehicles,2023,ACT,10.12
BITRE-Road-Vehicles-Australia-January-2023-Re-Issue.xlsx,2023,Table 3,Passenger vehicles,2023,AUS,11.0
BITRE-Road-Vehicles-Australia-January-2023-Re-Issue.xlsx,2023,Table 3,Campervans,2021,NSW,15.47
BITRE-Road-Vehicles-Australia-January-2023-Re-Issue.xlsx,2023,Table 3,Campervans,2021,VIC,16.33
BITRE-Road-Vehicles-Australia-January-2023-Re-Issue.xlsx,2023,Table 3,Campervans,2021,QLD,16.97
BITRE-Road-Vehicles-Australia-January-2023-Re-Issue.xlsx,2023,Table 3,Campervans,2021,SA,16.99
BITRE-Road-Vehicles-Australia-January-2023-Re-Issue.xlsx,2023,Table 3,Campervans,2021,WA,22.45
BITRE-Road-Vehicles-Australia-January-2023-Re-Issue.xlsx,2023,Table 3,Campervans,2021,TAS,22.48
BITRE-Road-Vehicles-Australia-January-2023-Re-Issue.xlsx,2023,Table 3,Campervans,2021,NT,17.18
BITRE-Road-Vehicles-Australia-January-2023-Re-Issue.xlsx,2023,Table 3,Campervans,2021,ACT,17.53
BITRE-Road-Vehicles-Australia-January-2023-Re-Issue.xlsx,2023,Table 3,Campervans,2021,AUS,16.79
BITRE-Road-Vehicles-Australia-January-2023-Re-Issue.xlsx,2023,Table 3,Campervans,2022,NSW,15.5
BITRE-Road-Vehicles-Australia-January-2023-Re-Issue.xlsx,2023,Table 3,Campervans,2022,VIC,16.41
BITRE-Road-Vehicles-Australia-January-2023-Re-Issue.xlsx,2023,Table 3,Campervans,2022,QLD,17.12
BITRE-Road-Vehicles-Australia-January-2023-Re-Issue.xlsx,2023,Table 3,Campervans,2022,SA,17.35
BITRE-Road-Vehicles-Australia-January-2023-Re-Issue.xlsx,2023,Table 3,Campervans,2022,WA,22.55
BITRE-Road-Vehicles-Australia-January-2023-Re-Issue.xlsx,2023,Table 3,Campervans,2022,TAS,22.54
BITRE-Road-Vehicles-Australia-January-2023-Re-Issue.xlsx,2023,Table 3,Campervans,2022,NT,17.0
BITRE-Road-Vehicles-Australia-January-2023-Re-Issue.xlsx,2023,Table 3,Campervans,2022,ACT,17.52
BITRE-Road-Vehicles-Australia-January-2023-Re-Issue.xlsx,2023,Table 3,Campervans,2022,AUS,16.87
BITRE-Road-Vehicles-Australia-January-2023-Re-Issue.xlsx,2023,Table 3,Campervans,2023,NSW,15.61
BITRE-Road-Vehicles-Australia-January-2023-Re-Issue.xlsx,2023,Table 3,Campervans,2023,VIC,16.38
BITRE-Road-Vehicles-Australia-January-2023-Re-Issue.xlsx,2023,Table 3,Campervans,2023,QLD,17.31
BITRE-Road-Vehicles-Australia-January-2023-Re-Issue.xlsx,2023,Table 3,Campervans,2023,SA,17.73
BITRE-Road-Vehicles-Australia-January-2023-Re-Issue.xlsx,2023,Table 3,Campervans,2023,WA,22.96
BITRE-Road-Vehicles-Australia-January-2023-Re-Issue.xlsx,2023,Table 3,Campervans,2023,TAS,22.75
BITRE-Road-Vehicles-Australia-January-2023-Re-Issue.xlsx,2023,Table 3,Campervans,2023,NT,16.3
BITRE-Road-Vehicles-Australia-January-2023-Re-Issue.xlsx,2023,Table 3,Campervans,2023,ACT,17.92
BITRE-Road-Vehicles-Australia-January-2023-Re-Issue.xlsx,2023,Table 3,Campervans,2023,AUS,16.98
BITRE-Road-Vehicles-Australia-January-2023-Re-Issue.xlsx,2023,Table 3,Light commercial vehicles,2021,NSW,10.17
BITRE-Road-Vehicles-Australia-January-2023-Re-Issue.xlsx,2023,Table 3,Light commercial vehicles,2021,VIC,11.0
BITRE-Road-Vehicles-Australia-January-2023-Re-Issue.xlsx,2023,Table 3,Light commercial vehicles,2021,QLD,11.2
BITRE-Road-Vehicles-Australia-January-2023-Re-Issue.xlsx,2023,Table 3,Light commercial vehicles,2021,SA,11.91
BITRE-Road-Vehicles-Australia-January-2023-Re-Issue.xlsx,2023,Table 3,Light commercial vehicles,2021,WA,11.74
BITRE-Road-Vehicles-Australia-January-2023-Re-Issue.xlsx,2023,Table 3,Light commercial vehicles,2021,TAS,13.46
BITRE-Road-Vehicles-Australia-January-2023-Re-Issue.xlsx,2023,Table 3,Light commercial vehicles,2021,NT,10.1
BITRE-Road-Vehicles-Australia-January-2023-Re-Issue.xlsx,2023,Table 3,Light commercial vehicles,2021,ACT,9.52
BITRE-Road-Vehicles-Australia-January-2023-Re-Issue.xlsx,2023,Table 3,Light commercial vehicles,2021,AUS,11.03
BITRE-Road-Vehicles-Australia-January-2023-Re-Issue.xlsx,2023,Table 3,Light commercial vehicles,2022,NSW,10.3
BITRE-Road-Vehicles-Australia-January-2023-Re-Issue.xlsx,2023,Table 3,Light commercial vehicles,2022,VIC,11.08
BITRE-Road-Vehicles-Australia-January-2023-Re-Issue.xlsx,2023,Table 3,Light commercial vehicles,2022,QLD,11.34
BITRE-Road-Vehicles-Australia-January-2023-Re-Issue.xlsx,2023,Table 3,Light commercial vehicles,2022,SA,11.98
BITRE-Road-Vehicles-Australia-January-2023-Re-Issue.xlsx,2023,Table 3,Light commercial vehicles,2022,WA,11.79
BITRE-Road-Vehicles-Australia-January-2023-Re-Issue.xlsx,2023,Table 3,Light commercial vehicles,2022,TAS,13.53
BITRE-Road-Vehicles-Australia-January-2023-Re-Issue.xlsx,2023,Table 3,Light commercial vehicles,2022,NT,10.23
BITRE-Road-Vehicles-Australia-January-2023-Re-Issue.xlsx,2023,Table 3,Light commercial vehicles,2022,ACT,9.73
BITRE-Road-Vehicles-Australia-January-2023-Re-Issue.xlsx,2023,Table 3,Light commercial vehicles,2022,AUS,11.14
BITRE-Road-Vehicles-Australia-January-2023-Re-Issue.xlsx,2023,Table 3,Light commercial vehicles,2023,NSW,10.46
BITRE-Road-Vehicles-Australia-January-2023-Re-Issue.xlsx,2023,Table 3,Light commercial vehicles,2023,VIC,11.21
BITRE-Road-Vehicles-Australia-January-2023-Re-Issue.xlsx,2023,Table 3,Light commercial vehicles,2023,QLD,11.51
BITRE-Road-Vehicles-Australia-January-2023-Re-Issue.xlsx,2023,Table 3,Light commercial vehicles,2023,SA,12.1
BITRE-Road-Vehicles-Australia-January-2023-Re-Issue.xlsx,2023,Table 3,Light commercial vehicles,2023,WA,11.87
BITRE-Road-Vehicles-Australia-January-2023-Re-Issue.xlsx,2023,Table 3,Light commercial vehicles,2023,TAS,13.71
BITRE-Road-Vehicles-Australia-January-2023-Re-Issue.xlsx,2023,Table 3,Light commercial vehicles,2023,NT,10.33
BITRE-Road-Vehicles-Australia-January-2023-Re-Issue.xlsx,2023,Table 3,Light commercial vehicles,2023,ACT,9.95
BITRE-Road-Vehicles-Australia-January-2023-Re-Issue.xlsx,2023,Table 3,Light commercial vehicles,2023,AUS,11.28
BITRE-Road-Vehicles-Australia-January-2023-Re-Issue.xlsx,2023,Table 3,Light rigid trucks,2021,NSW,10.17
BITRE-Road-Vehicles-Australia-January-2023-Re-Issue.xlsx,2023,Table 3,Light rigid trucks,2021,VIC,9.58
BITRE-Road-Vehicles-Australia-January-2023-Re-Issue.xlsx,2023,Table 3,Light rigid trucks,2021,QLD,11.87
BITRE-Road-Vehicles-Australia-January-2023-Re-Issue.xlsx,2023,Table 3,Light rigid trucks,2021,SA,10.94
BITRE-Road-Vehicles-Australia-January-2023-Re-Issue.xlsx,2023,Table 3,Light rigid trucks,2021,WA,11.32
BITRE-Road-Vehicles-Australia-January-2023-Re-Issue.xlsx,2023,Table 3,Light rigid trucks,2021,TAS,14.02
BITRE-Road-Vehicles-Australia-January-2023-Re-Issue.xlsx,2023,Table 3,Light rigid trucks,2021,NT,12.79
BITRE-Road-Vehicles-Australia-January-2023-Re-Issue.xlsx,2023,Table 3,Light rigid trucks,2021,ACT,8.69
BITRE-Road-Vehicles-Australia-January-2023-Re-Issue.xlsx,2023,Table 3,Light rigid trucks,2021,AUS,10.66
BITRE-Road-Vehicles-Australia-January-2023-Re-Issue.xlsx,2023,Table 3,Light rigid trucks,2022,NSW,10.17
BITRE-Road-Vehicles-Australia-January-2023-Re-Issue.xlsx,2023,Table 3,Light rigid trucks,2022,VIC,9.68
BITRE-Road-Vehicles-Australia-January-2023-Re-Issue.xlsx,2023,Table 3,Light rigid trucks,2022,QLD,11.79
BITRE-Road-Vehicles-Australia-January-2023-Re-Issue.xlsx,2023,Table 3,Light rigid trucks,2022,SA,10.94
BITRE-Road-Vehicles-Australia-January-2023-Re-Issue.xlsx,2023,Table 3,Light rigid trucks,2022,WA,11.41
BITRE-Road-Vehicles-Australia-January-2023-Re-Issue.xlsx,2023,Table 3,Light rigid trucks,2022,TAS,13.97
BITRE-Road-Vehicles-Australia-January-2023-Re-Issue.xlsx,2023,Table 3,Light rigid trucks,2022,NT,12.8
BITRE-Road-Vehicles-Australia-January-2023-Re-Issue.xlsx,2023,Table 3,Light rigid trucks,2022,ACT,8.78
BITRE-Road-Vehicles-Australia-January-2023-Re-Issue.xlsx,2023,Table 3,Light rigid trucks,2022,AUS,10.68
BITRE-Road-Vehicles-Australia-January-2023-Re-Issue.xlsx,2023,Table 3,Light rigid trucks,2023,NSW,9.94
BITRE-Road-Vehicles-Australia-January-2023-Re-Issue.xlsx,2023,Table 3,Light rigid trucks,2023,VIC,9.45
BITRE-Road-Vehicles-Australia-January-2023-Re-Issue.xlsx,2023,Table 3,Light rigid trucks,2023,QLD,11.19
BITRE-Road-Vehicles-Australia-January-2023-Re-Issue.xlsx,2023,Table 3,Light rigid trucks,2023,SA,10.54
BITRE-Road-Vehicles-Australia-January-2023-Re-Issue.xlsx,2023,Table 3,Light rigid trucks,2023,WA,10.91
BITRE-Road-Vehicles-Australia-January-2023-Re-Issue.xlsx,2023,Table 3,Light rigid trucks,2023,TAS,13.54
BITRE-Road-Vehicles-Australia-January-2023-Re-Issue.xlsx,2023,Table 3,Light rigid trucks,2023,NT,12.12
BITRE-Road-Vehicles-Australia-January-2023-Re-Issue.xlsx,2023,Table 3,Light rigid trucks,2023,ACT,8.81
BITRE-Road-Vehicles-Australia-January-2023-Re-Issue.xlsx,2023,Table 3,Light rigid trucks,2023,AUS,10.33
BITRE-Road-Vehicles-Australia-January-2023-Re-Issue.xlsx,2023,Table 3,Heavy rigid trucks,2021,NSW,14.69
BITRE-Road-Vehicles-Australia-January-2023-Re-Issue.xlsx,2023,Table 3,Heavy rigid trucks,2021,VIC,16.6
BITRE-Road-Vehicles-Australia-January-2023-Re-Issue.xlsx,2023,Table 3,Heavy rigid trucks,2021,QLD,15.37
BITRE-Road-Vehicles-Australia-January-2023-Re-Issue.xlsx,2023,Table 3,Heavy rigid trucks,2021,SA,18.95
BITRE-Road-Vehicles-Australia-January-2023-Re-Issue.xlsx,2023,Table 3,Heavy rigid trucks,2021,WA,18.39
BITRE-Road-Vehicles-Australia-January-2023-Re-Issue.xlsx,2023,Table 3,Heavy rigid trucks,2021,TAS,18.23
BITRE-Road-Vehicles-Australia-January-2023-Re-Issue.xlsx,2023,Table 3,Heavy rigid trucks,2021,NT,14.43
BITRE-Road-Vehicles-Australia-January-2023-Re-Issue.xlsx,2023,Table 3,Heavy rigid trucks,2021,ACT,11.69
BITRE-Road-Vehicles-Australia-January-2023-Re-Issue.xlsx,2023,Table 3,Heavy rigid trucks,2021,AUS,16.24
BITRE-Road-Vehicles-Australia-January-2023-Re-Issue.xlsx,2023,Table 3,Heavy rigid trucks,2022,NSW,14.85
BITRE-Road-Vehicles-Australia-January-2023-Re-Issue.xlsx,2023,Table 3,Heavy rigid trucks,2022,VIC,16.58
BITRE-Road-Vehicles-Australia-January-2023-Re-Issue.xlsx,2023,Table 3,Heavy rigid trucks,2022,QLD,15.42
BITRE-Road-Vehicles-Australia-January-2023-Re-Issue.xlsx,2023,Table 3,Heavy rigid trucks,2022,SA,18.79
BITRE-Road-Vehicles-Australia-January-2023-Re-Issue.xlsx,2023,Table 3,Heavy rigid trucks,2022,WA,18.57
BITRE-Road-Vehicles-Australia-January-2023-Re-Issue.xlsx,2023,Table 3,Heavy rigid trucks,2022,TAS,18.39
BITRE-Road-Vehicles-Australia-January-2023-Re-Issue.xlsx,2023,Table 3,Heavy rigid trucks,2022,NT,14.63
BITRE-Road-Vehicles-Australia-January-2023-Re-Issue.xlsx,2023,Table 3,Heavy rigid trucks,2022,ACT,11.65
BITRE-Road-Vehicles-Australia-January-2023-Re-Issue.xlsx,2023,Table 3,Heavy rigid trucks,2022,AUS,16.31
BITRE-Road-Vehicles-Australia-January-2023-Re-Issue.xlsx,2023,Table 3,Heavy rigid trucks,2023,NSW,14.84
BITRE-Road-Vehicles-Australia-January-2023-Re-Issue.xlsx,2023,Table 3,Heavy rigid trucks,2023,VIC,16.51
BITRE-Road-Vehicles-Australia-January-2023-Re-Issue.xlsx,2023,Table 3,Heavy rigid trucks,2023,QLD,15.39
BITRE-Road-Vehicles-Australia-January-2023-Re-Issue.xlsx,2023,Table 3,Heavy rigid trucks,2023,SA,18.63
BITRE-Road-Vehicles-Australia-January-2023-Re-Issue.xlsx,2023,Table 3,Heavy rigid trucks,2023,WA,18.5
BITRE-Road-Vehicles-Australia-January-2023-Re-Issue.xlsx,2023,Table 3,Heavy rigid trucks,2023,TAS,18.62
BITRE-Road-Vehicles-Australia-January-2023-Re-Issue.xlsx,2023,Table 3,Heavy rigid trucks,2023,NT,14.75
BITRE-Road-Vehicles-Australia-January-2023-Re-Issue.xlsx,2023,Table 3,Heavy rigid trucks,2023,ACT,11.92
BITRE-Road-Vehicles-Australia-January-2023-Re-Issue.xlsx,2023,Table 3,Heavy rigid trucks,2023,AUS,16.27
BITRE-Road-Vehicles-Australia-January-2023-Re-Issue.xlsx,2023,Table 3,Articulated trucks,2021,NSW,11.85
BITRE-Road-Vehicles-Australia-January-2023-Re-Issue.xlsx,2023,Table 3,Articulated trucks,2021,VIC,12.46
BITRE-Road-Vehicles-Australia-January-2023-Re-Issue.xlsx,2023,Table 3,Articulated trucks,2021,QLD,12.05
BITRE-Road-Vehicles-Australia-January-2023-Re-Issue.xlsx,2023,Table 3,Articulated trucks,2021,SA,12.82
BITRE-Road-Vehicles-Australia-January-2023-Re-Issue.xlsx,2023,Table 3,Articulated trucks,2021,WA,13.48
BITRE-Road-Vehicles-Australia-January-2023-Re-Issue.xlsx,2023,Table 3,Articulated trucks,2021,TAS,11.73
BITRE-Road-Vehicles-Australia-January-2023-Re-Issue.xlsx,2023,Table 3,Articulated trucks,2021,NT,13.26
BITRE-Road-Vehicles-Australia-January-2023-Re-Issue.xlsx,2023,Table 3,Articulated trucks,2021,ACT,11.31
BITRE-Road-Vehicles-Australia-January-2023-Re-Issue.xlsx,2023,Table 3,Articulated trucks,2021,AUS,12.41
BITRE-Road-Vehicles-Australia-January-2023-Re-Issue.xlsx,2023,Table 3,Articulated trucks,2022,NSW,12.0
BITRE-Road-Vehicles-Australia-January-2023-Re-Issue.xlsx,2023,Table 3,Articulated trucks,2022,VIC,12.52
BITRE-Road-Vehicles-Australia-January-2023-Re-Issue.xlsx,2023,Table 3,Articulated trucks,2022,QLD,12.18
BITRE-Road-Vehicles-Australia-January-2023-Re-Issue.xlsx,2023,Table 3,Articulated trucks,2022,SA,13.03
BITRE-Road-Vehicles-Australia-January-2023-Re-Issue.xlsx,2023,Table 3,Articulated trucks,2022,WA,13.53
BITRE-Road-Vehicles-Australia-January-2023-Re-Issue.xlsx,2023,Table 3,Articulated trucks,2022,TAS,12.05
BITRE-Road-Vehicles-Australia-January-2023-Re-Issue.xlsx,2023,Table 3,Articulated trucks,2022,NT,13.32
BITRE-Road-Vehicles-Australia-January-2023-Re-Issue.xlsx,2023,Table 3,Articulated trucks,2022,ACT,11.74
BITRE-Road-Vehicles-Australia-January-2023-Re-Issue.xlsx,2023,Table 3,Articulated trucks,2022,AUS,12.52
BITRE-Road-Vehicles-Australia-January-2023-Re-Issue.xlsx,2023,Table 3,Articulated trucks,2023,NSW,11.85
BITRE-Road-Vehicles-Australia-January-2023-Re-Issue.xlsx,2023,Table 3,Articulated trucks,2023,VIC,12.52
BITRE-Road-Vehicles-Australia-January-2023-Re-Issue.xlsx,2023,Table 3,Articulated trucks,2023,QLD,12.18
BITRE-Road-Vehicles-Australia-January-2023-Re-Issue.xlsx,2023,Table 3,Articulated trucks,2023,SA,13.15
BITRE-Road-Vehicles-Australia-January-2023-Re-Issue.xlsx,2023,Table 3,Articulated trucks,2023,WA,13.58
BITRE-Road-Vehicles-Australia-January-2023-Re-Issue.xlsx,2023,Table 3,Articulated trucks,2023,TAS,12.4
BITRE-Road-Vehicles-Australia-January-2023-Re-Issue.xlsx,2023,Table 3,Articulated trucks,2023,NT,13.53
BITRE-Road-Vehicles-Australia-January-2023-Re-Issue.xlsx,2023,Table 3,Articulated trucks,2023,ACT,12.44
BITRE-Road-Vehicles-Australia-January-2023-Re-Issue.xlsx,2023,Table 3,Articulated trucks,2023,AUS,12.52
BITRE-Road-Vehicles-Australia-January-2023-Re-Issue.xlsx,2023,Table 3,Non-freight-carrying vehicles,2021,NSW,11.96
BITRE-Road-Vehicles-Australia-January-2023-Re-Issue.xlsx,2023,Table 3,Non-freight-carrying vehicles,2021,VIC,14.05
BITRE-Road-Vehicles-Australia-January-2023-Re-Issue.xlsx,2023,Table 3,Non-freight-carrying vehicles,2021,QLD,12.8
BITRE-Road-Vehicles-Australia-January-2023-Re-Issue.xlsx,2023,Table 3,Non-freight-carrying vehicles,2021,SA,12.95
BITRE-Road-Vehicles-Australia-January-2023-Re-Issue.xlsx,2023,Table 3,Non-freight-carrying vehicles,2021,WA,14.92
BITRE-Road-Vehicles-Australia-January-2023-Re-Issue.xlsx,2023,Table 3,Non-freight-carrying vehicles,2021,TAS,15.67
BITRE-Road-Vehicles-Australia-January-2023-Re-Issue.xlsx,2023,Table 3,Non-freight-carrying vehicles,2021,NT,13.15
BITRE-Road-Vehicles-Australia-January-2023-Re-Issue.xlsx,2023,Table 3,Non-freight-carrying vehicles,2021,ACT,10.66
BITRE-Road-Vehicles-Australia-January-2023-Re-Issue.xlsx,2023,Table 3,Non-freight-carrying vehicles,2021,AUS,13.52
BITRE-Road-Vehicles-Australia-January-2023-Re-Issue.xlsx,2023,Table 3,Non-freight-carrying vehicles,2022,NSW,12.39
BITRE-Road-Vehicles-Australia-January-2023-Re-Issue.xlsx,2023,Table 3,Non-freight-carrying vehicles,2022,VIC,14.21
BITRE-Road-Vehicles-Australia-January-2023-Re-Issue.xlsx,2023,Table 3,Non-freight-carrying vehicles,2022,QLD,13.0
BITRE-Road-Vehicles-Australia-January-2023-Re-Issue.xlsx,2023,Table 3,Non-freight-carrying vehicles,2022,SA,12.52
BITRE-Road-Vehicles-Australia-January-2023-Re-Issue.xlsx,2023,Table 3,Non-freight-carrying vehicles,2022,WA,15.02
BITRE-Road-Vehicles-Australia-January-2023-Re-Issue.xlsx,2023,Table 3,Non-freight-carrying vehicles,2022,TAS,15.71
BITRE-Road-Vehicles-Australia-January-2023-Re-Issue.xlsx,2023,Table 3,Non-freight-carrying vehicles,2022,NT,13.82
BITRE-Road-Vehicles-Australia-January-2023-Re-Issue.xlsx,2023,Table 3,Non-freight-carrying vehicles,2022,ACT,11.36
BITRE-Road-Vehicles-Australia-January-2023-Re-Issue.xlsx,2023,Table 3,Non-freight-carrying vehicles,2022,AUS,13.67
BITRE-Road-Vehicles-Australia-January-2023-Re-Issue.xlsx,2023,Table 3,Non-freight-carrying vehicles,2023,NSW,12.58
BITRE-Road-Vehicles-Australia-January-2023-Re-Issue.xlsx,2023,Table 3,Non-freight-carrying vehicles,2023,VIC,14.13
BITRE-Road-Vehicles-Australia-January-2023-Re-Issue.xlsx,2023,Table 3,Non-freight-carrying vehicles,2023,QLD,13.14
BITRE-Road-Vehicles-Australia-January-2023-Re-Issue.xlsx,2023,Table 3,Non-freight-carrying vehicles,2023,SA,12.48
BITRE-Road-Vehicles-Australia-January-2023-Re-Issue.xlsx,2023,Table 3,Non-freight-carrying vehicles,2023,WA,14.75
BITRE-Road-Vehicles-Australia-January-2023-Re-Issue.xlsx,2023,Table 3,Non-freight-carrying vehicles,2023,TAS,15.62
BITRE-Road-Vehicles-Australia-January-2023-Re-Issue.xlsx,2023,Table 3,Non-freight-carrying vehicles,2023,NT,13.93
BITRE-Road-Vehicles-Australia-January-2023-Re-Issue.xlsx,2023,Table 3,Non-freight-carrying vehicles,2023,ACT,11.47
BITRE-Road-Vehicles-Australia-January-2023-Re-Issue.xlsx,2023,Table 3,Non-freight-carrying vehicles,2023,AUS,13.66
BITRE-Road-Vehicles-Australia-January-2023-Re-Issue.xlsx,2023,Table 3,Buses,2021,NSW,11.26
BITRE-Road-Vehicles-Australia-January-2023-Re-Issue.xlsx,2023,Table 3,Buses,2021,VIC,12.09
BITRE-Road-Vehicles-Australia-January-2023-Re-Issue.xlsx,2023,Table 3,Buses,2021,QLD,11.75
BITRE-Road-Vehicles-Australia-January-2023-Re-Issue.xlsx,2023,Table 3,Buses,2021,SA,12.74
BITRE-Road-Vehicles-Australia-January-2023-Re-Issue.xlsx,2023,Table 3,Buses,2021,WA,11.73
BITRE-Road-Vehicles-Australia-January-2023-Re-Issue.xlsx,2023,Table 3,Buses,2021,TAS,14.57
BITRE-Road-Vehicles-Australia-January-2023-Re-Issue.xlsx,2023,Table 3,Buses,2021,NT,10.01
BITRE-Road-Vehicles-Australia-January-2023-Re-Issue.xlsx,2023,Table 3,Buses,2021,ACT,10.31
BITRE-Road-Vehicles-Australia-January-2023-Re-Issue.xlsx,2023,Table 3,Buses,2021,AUS,11.77
BITRE-Road-Vehicles-Australia-January-2023-Re-Issue.xlsx,2023,Table 3,Buses,2022,NSW,11.52
BITRE-Road-Vehicles-Australia-January-2023-Re-Issue.xlsx,2023,Table 3,Buses,2022,VIC,12.34
BITRE-Road-Vehicles-Australia-January-2023-Re-Issue.xlsx,2023,Table 3,Buses,2022,QLD,11.98
BITRE-Road-Vehicles-Australia-January-2023-Re-Issue.xlsx,2023,Table 3,Buses,2022,SA,12.96
BITRE-Road-Vehicles-Australia-January-2023-Re-Issue.xlsx,2023,Table 3,Buses,2022,WA,11.82
BITRE-Road-Vehicles-Australia-January-2023-Re-Issue.xlsx,2023,Table 3,Buses,2022,TAS,14.63
BITRE-Road-Vehicles-Australia-January-2023-Re-Issue.xlsx,2023,Table 3,Buses,2022,NT,10.03
BITRE-Road-Vehicles-Australia-January-2023-Re-Issue.xlsx,2023,Table 3,Buses,2022,ACT,10.94
BITRE-Road-Vehicles-Australia-January-2023-Re-Issue.xlsx,2023,Table 3,Buses,2022,AUS,11.98
BITRE-Road-Vehicles-Australia-January-2023-Re-Issue.xlsx,2023,Table 3,Buses,2023,NSW,11.88
BITRE-Road-Vehicles-Australia-January-2023-Re-Issue.xlsx,2023,Table 3,Buses,2023,VIC,12.59
BITRE-Road-Vehicles-Australia-January-2023-Re-Issue.xlsx,2023,Table 3,Buses,2023,QLD,12.14
BITRE-Road-Vehicles-Australia-January-2023-Re-Issue.xlsx,2023,Table 3,Buses,2023,SA,13.06
BITRE-Road-Vehicles-Australia-January-2023-Re-Issue.xlsx,2023,Table 3,Buses,2023,WA,11.87
BITRE-Road-Vehicles-Australia-January-2023-Re-Issue.xlsx,2023,Table 3,Buses,2023,TAS,14.84
BITRE-Road-Vehicles-Australia-January-2023-Re-Issue.xlsx,2023,Table 3,Buses,2023,NT,10.37
BITRE-Road-Vehicles-Australia-January-2023-Re-Issue.xlsx,2023,Table 3,Buses,2023,ACT,11.47
BITRE-Road-Vehicles-Australia-January-2023-Re-Issue.xlsx,2023,Table 3,Buses,2023,AUS,12.21
BITRE-Road-Vehicles-Australia-January-2023-Re-Issue.xlsx,2023,Table 3,Motorcycles,2021,NSW,10.12
BITRE-Road-Vehicles-Australia-January-2023-Re-Issue.xlsx,2023,Table 3,Motorcycles,2021,VIC,11.29
BITRE-Road-Vehicles-Australia-January-2023-Re-Issue.xlsx,2023,Table 3,Motorcycles,2021,QLD,12.37
BITRE-Road-Vehicles-Australia-January-2023-Re-Issue.xlsx,2023,Table 3,Motorcycles,2021,SA,13.16
BITRE-Road-Vehicles-Australia-January-2023-Re-Issue.xlsx,2023,Table 3,Motorcycles,2021,WA,14.3
BITRE-Road-Vehicles-Australia-January-2023-Re-Issue.xlsx,2023,Table 3,Motorcycles,2021,TAS,12.48
BITRE-Road-Vehicles-Australia-January-2023-Re-Issue.xlsx,2023,Table 3,Motorcycles,2021,NT,9.86
BITRE-Road-Vehicles-Australia-January-2023-Re-Issue.xlsx,2023,Table 3,Motorcycles,2021,ACT,11.55
BITRE-Road-Vehicles-Australia-January-2023-Re-Issue.xlsx,2023,Table 3,Motorcycles,2021,AUS,11.76
BITRE-Road-Vehicles-Australia-January-2023-Re-Issue.xlsx,2023,Table 3,Motorcycles,2022,NSW,10.27
BITRE-Road-Vehicles-Australia-January-2023-Re-Issue.xlsx,2023,Table 3,Motorcycles,2022,VIC,11.48
BITRE-Road-Vehicles-Australia-January-2023-Re-Issue.xlsx,2023,Table 3,Motorcycles,2022,QLD,12.63
BITRE-Road-Vehicles-Australia-January-2023-Re-Issue.xlsx,2023,Table 3,Motorcycles,2022,SA,13.4
BITRE-Road-Vehicles-Australia-January-2023-Re-Issue.xlsx,2023,Table 3,Motorcycles,2022,WA,14.74
BITRE-Road-Vehicles-Australia-January-2023-Re-Issue.xlsx,2023,Table 3,Motorcycles,2022,TAS,12.74
BITRE-Road-Vehicles-Australia-January-2023-Re-Issue.xlsx,2023,Table 3,Motorcycles,2022,NT,10.05
BITRE-Road-Vehicles-Australia-January-2023-Re-Issue.xlsx,2023,Table 3,Motorcycles,2022,ACT,11.58
BITRE-Road-Vehicles-Australia-January-2023-Re-Issue.xlsx,2023,Table 3,Motorcycles,2022,AUS,11.98
BITRE-Road-Vehicles-Australia-January-2023-Re-Issue.xlsx,2023,Table 3,Motorcycles,2023,NSW,10.5
BITRE-Road-Vehicles-Australia-January-2023-Re-Issue.xlsx,2023,Table 3,Motorcycles,2023,VIC,11.7
BITRE-Road-Vehicles-Australia-January-2023-Re-Issue.xlsx,2023,Table 3,Motorcycles,2023,QLD,12.91
BITRE-Road-Vehicles-Australia-January-2023-Re-Issue.xlsx,2023,Table 3,Motorcycles,2023,SA,13.71
BITRE-Road-Vehicles-Australia-January-2023-Re-Issue.xlsx,2023,Table 3,Motorcycles,2023,WA,15.15
BITRE-Road-Vehicles-Australia-January-2023-Re-Issue.xlsx,2023,Table 3,Motorcycles,2023,TAS,13.07
BITRE-Road-Vehicles-Australia-January-2023-Re-Issue.xlsx,2023,Table 3,Motorcycles,2023,NT,10.27
BITRE-Road-Vehicles-Australia-January-2023-Re-Issue.xlsx,2023,Table 3,Motorcycles,2023,ACT,11.96
BITRE-Road-Vehicles-Australia-January-2023-Re-Issue.xlsx,2023,Table 3,Motorcycles,2023,AUS,12.26
BITRE-Road-Vehicles-Australia-January-2023-Re-Issue.xlsx,2023,Table 3,Total motor vehicles,2021,NSW,9.98
BITRE-Road-Vehicles-Australia-January-2023-Re-Issue.xlsx,2023,Table 3,Total motor vehicles,2021,VIC,10.6
BITRE-Road-Vehicles-Australia-January-2023-Re-Issue.xlsx,2023,Table 3,Total motor vehicles,2021,QLD,11.1
BITRE-Road-Vehicles-Australia-January-2023-Re-Issue.xlsx,2023,Table 3,Total motor vehicles,2021,SA,12.27
BITRE-Road-Vehicles-Australia-January-2023-Re-Issue.xlsx,2023,Table 3,Total motor vehicles,2021,WA,11.68
BITRE-Road-Vehicles-Australia-January-2023-Re-Issue.xlsx,2023,Table 3,Total motor vehicles,2021,TAS,12.81
BITRE-Road-Vehicles-Australia-January-2023-Re-Issue.xlsx,2023,Table 3,Total motor vehicles,2021,NT,10.21
BITRE-Road-Vehicles-Australia-January-2023-Re-Issue.xlsx,2023,Table 3,Total motor vehicles,2021,ACT,9.63
BITRE-Road-Vehicles-Australia-January-2023-Re-Issue.xlsx,2023,Table 3,Total motor vehicles,2021,AUS,10.81
BITRE-Road-Vehicles-Australia-January-2023-Re-Issue.xlsx,2023,Table 3,Total motor vehicles,2022,NSW,10.22
BITRE-Road-Vehicles-Australia-January-2023-Re-Issue.xlsx,2023,Table 3,Total motor vehicles,2022,VIC,10.84
BITRE-Road-Vehicles-Australia-January-2023-Re-Issue.xlsx,2023,Table 3,Total motor vehicles,2022,QLD,11.29
BITRE-Road-Vehicles-Australia-January-2023-Re-Issue.xlsx,2023,Table 3,Total motor vehicles,2022,SA,12.46
BITRE-Road-Vehicles-Australia-January-2023-Re-Issue.xlsx,2023,Table 3,Total motor vehicles,2022,WA,11.87
BITRE-Road-Vehicles-Australia-January-2023-Re-Issue.xlsx,2023,Table 3,Total motor vehicles,2022,TAS,12.97
BITRE-Road-Vehicles-Australia-January-2023-Re-Issue.xlsx,2023,Table 3,Total motor vehicles,2022,NT,10.35
BITRE-Road-Vehicles-Australia-January-2023-Re-Issue.xlsx,2023,Table 3,Total motor vehicles,2022,ACT,9.89
BITRE-Road-Vehicles-Australia-January-2023-Re-Issue.xlsx,2023,Table 3,Total motor vehicles,2022,AUS,11.03
BITRE-Road-Vehicles-Australia-January-2023-Re-Issue.xlsx,2023,Table 3,Total motor vehicles,2023,NSW,10.44
BITRE-Road-Vehicles-Australia-January-2023-Re-Issue.xlsx,2023,Table 3,Total motor vehicles,2023,VIC,11.05
BITRE-Road-Vehicles-Australia-January-2023-Re-Issue.xlsx,2023,Table 3,Total motor vehicles,2023,QLD,11.49
BITRE-Road-Vehicles-Australia-January-2023-Re-Issue.xlsx,2023,Table 3,Total motor vehicles,2023,SA,12.7
BITRE-Road-Vehicles-Australia-January-2023-Re-Issue.xlsx,2023,Table 3,Total motor vehicles,2023,WA,12.11
BITRE-Road-Vehicles-Australia-January-2023-Re-Issue.xlsx,2023,Table 3,Total motor vehicles,2023,TAS,13.21
BITRE-Road-Vehicles-Australia-January-2023-Re-Issue.xlsx,2023,Table 3,Total motor vehicles,2023,NT,10.47
BITRE-Road-Vehicles-Australia-January-2023-Re-Issue.xlsx,2023,Table 3,Total motor vehicles,2023,ACT,10.21
BITRE-Road-Vehicles-Australia-January-2023-Re-Issue.xlsx,2023,Table 3,Total motor vehicles,2023,AUS,11.25
BITRE-Road-Vehicles-Australia-January-2025.xlsx,2025,Table 3,Passenger vehicles,2023,NSW,10.27
BITRE-Road-Vehicles-Australia-January-2025.xlsx,2025,Table 3,Passenger vehicles,2023,VIC,10.81
BITRE-Road-Vehicles-Australia-January-2025.xlsx,2025,Table 3,Passenger vehicles,2023,QLD,11.21
BITRE-Road-Vehicles-Australia-January-2025.xlsx,2025,Table 3,Passenger vehicles,2023,SA,12.64
BITRE-Road-Vehicles-Australia-January-2025.xlsx,2025,Table 3,Passenger vehicles,2023,WA,11.7
BITRE-Road-Vehicles-Australia-January-2025.xlsx,2025,Table 3,Passenger vehicles,2023,TAS,12.7
BITRE-Road-Vehicles-Australia-January-2025.xlsx,2025,Table 3,Passenger vehicles,2023,NT,10.25
BITRE-Road-Vehicles-Australia-January-2025.xlsx,2025,Table 3,Passenger vehicles,2023,ACT,10.12
BITRE-Road-Vehicles-Australia-January-2025.xlsx,2025,Table 3,Passenger vehicles,2023,AUS,11.0
BITRE-Road-Vehicles-Australia-January-2025.xlsx,2025,Table 3,Passenger vehicles,2024,NSW,10.45
BITRE-Road-Vehicles-Australia-January-2025.xlsx,2025,Table 3,Passenger vehicles,2024,VIC,10.98
BITRE-Road-Vehicles-Australia-January-2025.xlsx,2025,Table 3,Passenger vehicles,2024,QLD,11.38
BITRE-Road-Vehicles-Australia-January-2025.xlsx,2025,Table 3,Passenger vehicles,2024,SA,12.83
BITRE-Road-Vehicles-Australia-January-2025.xlsx,2025,Table 3,Passenger vehicles,2024,WA,11.89
BITRE-Road-Vehicles-Australia-January-2025.xlsx,2025,Table 3,Passenger vehicles,2024,TAS,12.96
BITRE-Road-Vehicles-Australia-January-2025.xlsx,2025,Table 3,Passenger vehicles,2024,NT,10.44
BITRE-Road-Vehicles-Australia-January-2025.xlsx,2025,Table 3,Passenger vehicles,2024,ACT,10.35
BITRE-Road-Vehicles-Australia-January-2025.xlsx,2025,Table 3,Passenger vehicles,2024,AUS,11.18
BITRE-Road-Vehicles-Australia-January-2025.xlsx,2025,Table 3,Passenger vehicles,2025,NSW,10.6
BITRE-Road-Vehicles-Australia-January-2025.xlsx,2025,Table 3,Passenger vehicles,2025,VIC,11.13
BITRE-Road-Vehicles-Australia-January-2025.xlsx,2025,Table 3,Passenger vehicles,2025,QLD,11.51
BITRE-Road-Vehicles-Australia-January-2025.xlsx,2025,Table 3,Passenger vehicles,2025,SA,12.99
BITRE-Road-Vehicles-Australia-January-2025.xlsx,2025,Table 3,Passenger vehicles,2025,WA,12.03
BITRE-Road-Vehicles-Australia-January-2025.xlsx,2025,Table 3,Passenger vehicles,2025,TAS,13.16
BITRE-Road-Vehicles-Australia-January-2025.xlsx,2025,Table 3,Passenger vehicles,2025,NT,10.58
BITRE-Road-Vehicles-Australia-January-2025.xlsx,2025,Table 3,Passenger vehicles,2025,ACT,10.56
BITRE-Road-Vehicles-Australia-January-2025.xlsx,2025,Table 3,Passenger vehicles,2025,AUS,11.33
BITRE-Road-Vehicles-Australia-January-2025.xlsx,2025,Table 3,Campervans,2023,NSW,15.66
BITRE-Road-Vehicles-Australia-January-2025.xlsx,2025,Table 3,Campervans,2023,VIC,16.48
BITRE-Road-Vehicles-Australia-January-2025.xlsx,2025,Table 3,Campervans,2023,QLD,17.32
BITRE-Road-Vehicles-Australia-January-2025.xlsx,2025,Table 3,Campervans,2023,SA,17.71
BITRE-Road-Vehicles-Australia-January-2025.xlsx,2025,Table 3,Campervans,2023,WA,23.94
BITRE-Road-Vehicles-Australia-January-2025.xlsx,2025,Table 3,Campervans,2023,TAS,22.74
BITRE-Road-Vehicles-Australia-January-2025.xlsx,2025,Table 3,Campervans,2023,NT,17.41
BITRE-Road-Vehicles-Australia-January-2025.xlsx,2025,Table 3,Campervans,2023,ACT,17.99
BITRE-Road-Vehicles-Australia-January-2025.xlsx,2025,Table 3,Campervans,2023,AUS,17.1
BITRE-Road-Vehicles-Australia-January-2025.xlsx,2025,Table 3,Campervans,2024,NSW,15.84
BITRE-Road-Vehicles-Australia-January-2025.xlsx,2025,Table 3,Campervans,2024,VIC,16.54
BITRE-Road-Vehicles-Australia-January-2025.xlsx,2025,Table 3,Campervans,2024,QLD,17.22
BITRE-Road-Vehicles-Australia-January-2025.xlsx,2025,Table 3,Campervans,2024,SA,18.09
BITRE-Road-Vehicles-Australia-January-2025.xlsx,2025,Table 3,Campervans,2024,WA,24.5
BITRE-Road-Vehicles-Australia-January-2025.xlsx,2025,Table 3,Campervans,2024,TAS,23.05
BITRE-Road-Vehicles-Australia-January-2025.xlsx,2025,Table 3,Campervans,2024,NT,17.44
BITRE-Road-Vehicles-Australia-January-2025.xlsx,2025,Table 3,Campervans,2024,ACT,17.46
BITRE-Road-Vehicles-Australia-January-2025.xlsx,2025,Table 3,Campervans,2024,AUS,17.18
BITRE-Road-Vehicles-Australia-January-2025.xlsx,2025,Table 3,Campervans,2025,NSW,15.76
BITRE-Road-Vehicles-Australia-January-2025.xlsx,2025,Table 3,Campervans,2025,VIC,16.39
BITRE-Road-Vehicles-Australia-January-2025.xlsx,2025,Table 3,Campervans,2025,QLD,16.79
BITRE-Road-Vehicles-Australia-January-2025.xlsx,2025,Table 3,Campervans,2025,SA,17.94
BITRE-Road-Vehicles-Australia-January-2025.xlsx,2025,Table 3,Campervans,2025,WA,25.21
BITRE-Road-Vehicles-Australia-January-2025.xlsx,2025,Table 3,Campervans,2025,TAS,22.9
BITRE-Road-Vehicles-Australia-January-2025.xlsx,2025,Table 3,Campervans,2025,NT,16.11
BITRE-Road-Vehicles-Australia-January-2025.xlsx,2025,Table 3,Campervans,2025,ACT,17.14
BITRE-Road-Vehicles-Australia-January-2025.xlsx,2025,Table 3,Campervans,2025,AUS,16.98
BITRE-Road-Vehicles-Australia-January-2025.xlsx,2025,Table 3,Light commercial vehicles,2023,NSW,10.46
BITRE-Road-Vehicles-Australia-January-2025.xlsx,2025,Table 3,Light commercial vehicles,2023,VIC,11.09
BITRE-Road-Vehicles-Australia-January-2025.xlsx,2025,Table 3,Light commercial vehicles,2023,QLD,11.5
BITRE-Road-Vehicles-Australia-January-2025.xlsx,2025,Table 3,Light commercial vehicles,2023,SA,12.06
BITRE-Road-Vehicles-Australia-January-2025.xlsx,2025,Table 3,Light commercial vehicles,2023,WA,11.86
BITRE-Road-Vehicles-Australia-January-2025.xlsx,2025,Table 3,Light commercial vehicles,2023,TAS,13.71
BITRE-Road-Vehicles-Australia-January-2025.xlsx,2025,Table 3,Light commercial vehicles,2023,NT,10.33
BITRE-Road-Vehicles-Australia-January-2025.xlsx,2025,Table 3,Light commercial vehicles,2023,ACT,9.96
BITRE-Road-Vehicles-Australia-January-2025.xlsx,2025,Table 3,Light commercial vehicles,2023,AUS,11.25
BITRE-Road-Vehicles-Australia-January-2025.xlsx,2025,Table 3,Light commercial vehicles,2024,NSW,10.59
BITRE-Road-Vehicles-Australia-January-2025.xlsx,2025,Table 3,Light commercial vehicles,2024,VIC,11.21
BITRE-Road-Vehicles-Australia-January-2025.xlsx,2025,Table 3,Light commercial vehicles,2024,QLD,11.64
BITRE-Road-Vehicles-Australia-January-2025.xlsx,2025,Table 3,Light commercial vehicles,2024,SA,12.16
BITRE-Road-Vehicles-Australia-January-2025.xlsx,2025,Table 3,Light commercial vehicles,2024,WA,11.95
BITRE-Road-Vehicles-Australia-January-2025.xlsx,2025,Table 3,Light commercial vehicles,2024,TAS,13.92
BITRE-Road-Vehicles-Australia-January-2025.xlsx,2025,Table 3,Light commercial vehicles,2024,NT,10.47
BITRE-Road-Vehicles-Australia-January-2025.xlsx,2025,Table 3,Light commercial vehicles,2024,ACT,10.23
BITRE-Road-Vehicles-Australia-January-2025.xlsx,2025,Table 3,Light commercial vehicles,2024,AUS,11.38
BITRE-Road-Vehicles-Australia-January-2025.xlsx,2025,Table 3,Light commercial vehicles,2025,NSW,10.75
BITRE-Road-Vehicles-Australia-January-2025.xlsx,2025,Table 3,Light commercial vehicles,2025,VIC,11.39
BITRE-Road-Vehicles-Australia-January-2025.xlsx,2025,Table 3,Light commercial vehicles,2025,QLD,11.79
BITRE-Road-Vehicles-Australia-January-2025.xlsx,2025,Table 3,Light commercial vehicles,2025,SA,12.33
BITRE-Road-Vehicles-Australia-January-2025.xlsx,2025,Table 3,Light commercial vehicles,2025,WA,12.06
BITRE-Road-Vehicles-Australia-January-2025.xlsx,2025,Table 3,Light commercial vehicles,2025,TAS,14.14
BITRE-Road-Vehicles-Australia-January-2025.xlsx,2025,Table 3,Light commercial vehicles,2025,NT,10.56
BITRE-Road-Vehicles-Australia-January-2025.xlsx,2025,Table 3,Light commercial vehicles,2025,ACT,10.52
BITRE-Road-Vehicles-Australia-January-2025.xlsx,2025,Table 3,Light commercial vehicles,2025,AUS,11.55
BITRE-Road-Vehicles-Australia-January-2025.xlsx,2025,Table 3,Light rigid trucks,2023,NSW,10.04
BITRE-Road-Vehicles-Australia-January-2025.xlsx,2025,Table 3,Light rigid trucks,2023,VIC,9.65
BITRE-Road-Vehicles-Australia-January-2025.xlsx,2025,Table 3,Light rigid trucks,2023,QLD,11.57
BITRE-Road-Vehicles-Australia-January-2025.xlsx,2025,Table 3,Light rigid trucks,2023,SA,10.96
BITRE-Road-Vehicles-Australia-January-2025.xlsx,2025,Table 3,Light rigid trucks,2023,WA,10.76
BITRE-Road-Vehicles-Australia-January-2025.xlsx,2025,Table 3,Light rigid trucks,2023,TAS,13.94
BITRE-Road-Vehicles-Australia-January-2025.xlsx,2025,Table 3,Light rigid trucks,2023,NT,11.93
BITRE-Road-Vehicles-Australia-January-2025.xlsx,2025,Table 3,Light rigid trucks,2023,ACT,8.85
BITRE-Road-Vehicles-Australia-January-2025.xlsx,2025,Table 3,Light rigid trucks,2023,AUS,10.51
BITRE-Road-Vehicles-Australia-January-2025.xlsx,2025,Table 3,Light rigid trucks,2024,NSW,9.63
BITRE-Road-Vehicles-Australia-January-2025.xlsx,2025,Table 3,Light rigid trucks,2024,VIC,9.27
BITRE-Road-Vehicles-Australia-January-2025.xlsx,2025,Table 3,Light rigid trucks,2024,QLD,10.63
BITRE-Road-Vehicles-Australia-January-2025.xlsx,2025,Table 3,Light rigid trucks,2024,SA,10.19
BITRE-Road-Vehicles-Australia-January-2025.xlsx,2025,Table 3,Light rigid trucks,2024,WA,9.64
BITRE-Road-Vehicles-Australia-January-2025.xlsx,2025,Table 3,Light rigid trucks,2024,TAS,13.16
BITRE-Road-Vehicles-Australia-January-2025.xlsx,2025,Table 3,Light rigid trucks,2024,NT,10.06
BITRE-Road-Vehicles-Australia-January-2025.xlsx,2025,Table 3,Light rigid trucks,2024,ACT,8.69
BITRE-Road-Vehicles-Australia-January-2025.xlsx,2025,Table 3,Light rigid trucks,2024,AUS,9.89
BITRE-Road-Vehicles-Australia-January-2025.xlsx,2025,Table 3,Light rigid trucks,2025,NSW,9.26
BITRE-Road-Vehicles-Australia-January-2025.xlsx,2025,Table 3,Light rigid trucks,2025,VIC,9.02
BITRE-Road-Vehicles-Australia-January-2025.xlsx,2025,Table 3,Light rigid trucks,2025,QLD,9.99
BITRE-Road-Vehicles-Australia-January-2025.xlsx,2025,Table 3,Light rigid trucks,2025,SA,9.73
BITRE-Road-Vehicles-Australia-January-2025.xlsx,2025,Table 3,Light rigid trucks,2025,WA,8.85
BITRE-Road-Vehicles-Australia-January-2025.xlsx,2025,Table 3,Light rigid trucks,2025,TAS,12.67
BITRE-Road-Vehicles-Australia-January-2025.xlsx,2025,Table 3,Light rigid trucks,2025,NT,8.65
BITRE-Road-Vehicles-Australia-January-2025.xlsx,2025,Table 3,Light rigid trucks,2025,ACT,8.8
BITRE-Road-Vehicles-Australia-January-2025.xlsx,2025,Table 3,Light rigid trucks,2025,AUS,9.43
BITRE-Road-Vehicles-Australia-January-2025.xlsx,2025,Table 3,Heavy rigid trucks,2023,NSW,14.83
BITRE-Road-Vehicles-Australia-January-2025.xlsx,2025,Table 3,Heavy rigid trucks,2023,VIC,16.43
BITRE-Road-Vehicles-Australia-January-2025.xlsx,2025,Table 3,Heavy rigid trucks,2023,QLD,15.3
BITRE-Road-Vehicles-Australia-January-2025.xlsx,2025,Table 3,Heavy rigid trucks,2023,SA,18.62
BITRE-Road-Vehicles-Australia-January-2025.xlsx,2025,Table 3,Heavy rigid trucks,2023,WA,18.44
BITRE-Road-Vehicles-Australia-January-2025.xlsx,2025,Table 3,Heavy rigid trucks,2023,TAS,18.56
BITRE-Road-Vehicles-Australia-January-2025.xlsx,2025,Table 3,Heavy rigid trucks,2023,NT,14.78
BITRE-Road-Vehicles-Australia-January-2025.xlsx,2025,Table 3,Heavy rigid trucks,2023,ACT,11.8
BITRE-Road-Vehicles-Australia-January-2025.xlsx,2025,Table 3,Heavy rigid trucks,2023,AUS,16.22
BITRE-Road-Vehicles-Australia-January-2025.xlsx,2025,Table 3,Heavy rigid trucks,2024,NSW,14.82
BITRE-Road-Vehicles-Australia-January-2025.xlsx,2025,Table 3,Heavy rigid trucks,2024,VIC,16.4
BITRE-Road-Vehicles-Australia-January-2025.xlsx,2025,Table 3,Heavy rigid trucks,2024,QLD,15.15
BITRE-Road-Vehicles-Australia-January-2025.xlsx,2025,Table 3,Heavy rigid trucks,2024,SA,18.36
BITRE-Road-Vehicles-Australia-January-2025.xlsx,2025,Table 3,Heavy rigid trucks,2024,WA,18.41
BITRE-Road-Vehicles-Australia-January-2025.xlsx,2025,Table 3,Heavy rigid trucks,2024,TAS,18.81
BITRE-Road-Vehicles-Australia-January-2025.xlsx,2025,Table 3,Heavy rigid trucks,2024,NT,14.9
BITRE-Road-Vehicles-Australia-January-2025.xlsx,2025,Table 3,Heavy rigid trucks,2024,ACT,11.86
BITRE-Road-Vehicles-Australia-January-2025.xlsx,2025,Table 3,Heavy rigid trucks,2024,AUS,16.16
BITRE-Road-Vehicles-Australia-January-2025.xlsx,2025,Table 3,Heavy rigid trucks,2025,NSW,14.87
BITRE-Road-Vehicles-Australia-January-2025.xlsx,2025,Table 3,Heavy rigid trucks,2025,VIC,16.38
BITRE-Road-Vehicles-Australia-January-2025.xlsx,2025,Table 3,Heavy rigid trucks,2025,QLD,15.06
BITRE-Road-Vehicles-Australia-January-2025.xlsx,2025,Table 3,Heavy rigid trucks,2025,SA,18.28
BITRE-Road-Vehicles-Australia-January-2025.xlsx,2025,Table 3,Heavy rigid trucks,2025,WA,18.28
BITRE-Road-Vehicles-Australia-January-2025.xlsx,2025,Table 3,Heavy rigid trucks,2025,TAS,19.06
BITRE-Road-Vehicles-Australia-January-2025.xlsx,2025,Table 3,Heavy rigid trucks,2025,NT,14.96
BITRE-Road-Vehicles-Australia-January-2025.xlsx,2025,Table 3,Heavy rigid trucks,2025,ACT,11.81
BITRE-Road-Vehicles-Australia-January-2025.xlsx,2025,Table 3,Heavy rigid trucks,2025,AUS,16.14
BITRE-Road-Vehicles-Australia-January-2025.xlsx,2025,Table 3,Articulated trucks,2023,NSW,11.85
BITRE-Road-Vehicles-Australia-January-2025.xlsx,2025,Table 3,Articulated trucks,2023,VIC,12.5
BITRE-Road-Vehicles-Australia-January-2025.xlsx,2025,Table 3,Articulated trucks,2023,QLD,12.18
BITRE-Road-Vehicles-Australia-January-2025.xlsx,2025,Table 3,Articulated trucks,2023,SA,13.15
BITRE-Road-Vehicles-Australia-January-2025.xlsx,2025,Table 3,Articulated trucks,2023,WA,13.58
BITRE-Road-Vehicles-Australia-January-2025.xlsx,2025,Table 3,Articulated trucks,2023,TAS,12.43
BITRE-Road-Vehicles-Australia-January-2025.xlsx,2025,Table 3,Articulated trucks,2023,NT,13.53
BITRE-Road-Vehicles-Australia-January-2025.xlsx,2025,Table 3,Articulated trucks,2023,ACT,12.44
BITRE-Road-Vehicles-Australia-January-2025.xlsx,2025,Table 3,Articulated trucks,2023,AUS,12.52
BITRE-Road-Vehicles-Australia-January-2025.xlsx,2025,Table 3,Articulated trucks,2024,NSW,11.71
BITRE-Road-Vehicles-Australia-January-2025.xlsx,2025,Table 3,Articulated trucks,2024,VIC,12.48
BITRE-Road-Vehicles-Australia-January-2025.xlsx,2025,Table 3,Articulated trucks,2024,QLD,12.14
BITRE-Road-Vehicles-Australia-January-2025.xlsx,2025,Table 3,Articulated trucks,2024,SA,13.1
BITRE-Road-Vehicles-Australia-January-2025.xlsx,2025,Table 3,Articulated trucks,2024,WA,13.56
BITRE-Road-Vehicles-Australia-January-2025.xlsx,2025,Table 3,Articulated trucks,2024,TAS,12.47
BITRE-Road-Vehicles-Australia-January-2025.xlsx,2025,Table 3,Articulated trucks,2024,NT,13.52
BITRE-Road-Vehicles-Australia-January-2025.xlsx,2025,Table 3,Articulated trucks,2024,ACT,12.33
BITRE-Road-Vehicles-Australia-January-2025.xlsx,2025,Table 3,Articulated trucks,2024,AUS,12.47
BITRE-Road-Vehicles-Australia-January-2025.xlsx,2025,Table 3,Articulated trucks,2025,NSW,11.87
BITRE-Road-Vehicles-Australia-January-2025.xlsx,2025,Table 3,Articulated trucks,2025,VIC,12.59
BITRE-Road-Vehicles-Australia-January-2025.xlsx,2025,Table 3,Articulated trucks,2025,QLD,12.14
BITRE-Road-Vehicles-Australia-January-2025.xlsx,2025,Table 3,Articulated trucks,2025,SA,13.03
BITRE-Road-Vehicles-Australia-January-2025.xlsx,2025,Table 3,Articulated trucks,2025,WA,13.51
BITRE-Road-Vehicles-Australia-January-2025.xlsx,2025,Table 3,Articulated trucks,2025,TAS,12.73
BITRE-Road-Vehicles-Australia-January-2025.xlsx,2025,Table 3,Articulated trucks,2025,NT,13.24
BITRE-Road-Vehicles-Australia-January-2025.xlsx,2025,Table 3,Articulated trucks,2025,ACT,11.78
BITRE-Road-Vehicles-Australia-January-2025.xlsx,2025,Table 3,Articulated trucks,2025,AUS,12.53
BITRE-Road-Vehicles-Australia-January-2025.xlsx,2025,Table 3,Non-freight-carrying vehicles,2023,NSW,12.69
BITRE-Road-Vehicles-Australia-January-2025.xlsx,2025,Table 3,Non-freight-carrying vehicles,2023,VIC,14.6
BITRE-Road-Vehicles-Australia-January-2025.xlsx,2025,Table 3,Non-freight-carrying vehicles,2023,QLD,12.6
BITRE-Road-Vehicles-Australia-January-2025.xlsx,2025,Table 3,Non-freight-carrying vehicles,2023,SA,14.31
BITRE-Road-Vehicles-Australia-January-2025.xlsx,2025,Table 3,Non-freight-carrying vehicles,2023,WA,14.65
BITRE-Road-Vehicles-Australia-January-2025.xlsx,2025,Table 3,Non-freight-carrying vehicles,2023,TAS,15.79
BITRE-Road-Vehicles-Australia-January-2025.xlsx,2025,Table 3,Non-freight-carrying vehicles,2023,NT,14.44
BITRE-Road-Vehicles-Australia-January-2025.xlsx,2025,Table 3,Non-freight-carrying vehicles,2023,ACT,11.42
BITRE-Road-Vehicles-Australia-January-2025.xlsx,2025,Table 3,Non-freight-carrying vehicles,2023,AUS,13.83
BITRE-Road-Vehicles-Australia-January-2025.xlsx,2025,Table 3,Non-freight-carrying vehicles,2024,NSW,13.07
BITRE-Road-Vehicles-Australia-January-2025.xlsx,2025,Table 3,Non-freight-carrying vehicles,2024,VIC,14.64
BITRE-Road-Vehicles-Australia-January-2025.xlsx,2025,Table 3,Non-freight-carrying vehicles,2024,QLD,12.71
BITRE-Road-Vehicles-Australia-January-2025.xlsx,2025,Table 3,Non-freight-carrying vehicles,2024,SA,14.63
BITRE-Road-Vehicles-Australia-January-2025.xlsx,2025,Table 3,Non-freight-carrying vehicles,2024,WA,14.67
BITRE-Road-Vehicles-Australia-January-2025.xlsx,2025,Table 3,Non-freight-carrying vehicles,2024,TAS,16.4
BITRE-Road-Vehicles-Australia-January-2025.xlsx,2025,Table 3,Non-freight-carrying vehicles,2024,NT,14.32
BITRE-Road-Vehicles-Australia-January-2025.xlsx,2025,Table 3,Non-freight-carrying vehicles,2024,ACT,11.4
BITRE-Road-Vehicles-Australia-January-2025.xlsx,2025,Table 3,Non-freight-carrying vehicles,2024,AUS,13.97
BITRE-Road-Vehicles-Australia-January-2025.xlsx,2025,Table 3,Non-freight-carrying vehicles,2025,NSW,13.18
BITRE-Road-Vehicles-Australia-January-2025.xlsx,2025,Table 3,Non-freight-carrying vehicles,2025,VIC,14.67
BITRE-Road-Vehicles-Australia-January-2025.xlsx,2025,Table 3,Non-freight-carrying vehicles,2025,QLD,12.66
BITRE-Road-Vehicles-Australia-January-2025.xlsx,2025,Table 3,Non-freight-carrying vehicles,2025,SA,14.68
BITRE-Road-Vehicles-Australia-January-2025.xlsx,2025,Table 3,Non-freight-carrying vehicles,2025,WA,14.22
BITRE-Road-Vehicles-Australia-January-2025.xlsx,2025,Table 3,Non-freight-carrying vehicles,2025,TAS,16.7
BITRE-Road-Vehicles-Australia-January-2025.xlsx,2025,Table 3,Non-freight-carrying vehicles,2025,NT,14.36
BITRE-Road-Vehicles-Australia-January-2025.xlsx,2025,Table 3,Non-freight-carrying vehicles,2025,ACT,12.85
BITRE-Road-Vehicles-Australia-January-2025.xlsx,2025,Table 3,Non-freight-carrying vehicles,2025,AUS,13.93
BITRE-Road-Vehicles-Australia-January-2025.xlsx,2025,Table 3,Light buses,2023,NSW,10.81
BITRE-Road-Vehicles-Australia-January-2025.xlsx,2025,Table 3,Light buses,2023,VIC,12.62
BITRE-Road-Vehicles-Australia-January-2025.xlsx,2025,Table 3,Light buses,2023,QLD,11.78
BITRE-Road-Vehicles-Australia-January-2025.xlsx,2025,Table 3,Light buses,2023,SA,11.97
BITRE-Road-Vehicles-Australia-January-2025.xlsx,2025,Table 3,Light buses,2023,WA,11.88
BITRE-Road-Vehicles-Australia-January-2025.xlsx,2025,Table 3,Light buses,2023,TAS,13.76
BITRE-Road-Vehicles-Australia-January-2025.xlsx,2025,Table 3,Light buses,2023,NT,8.98
BITRE-Road-Vehicles-Australia-January-2025.xlsx,2025,Table 3,Light buses,2023,ACT,11.26
BITRE-Road-Vehicles-Australia-January-2025.xlsx,2025,Table 3,Light buses,2023,AUS,11.7
BITRE-Road-Vehicles-Australia-January-2025.xlsx,2025,Table 3,Light buses,2024,NSW,11.09
BITRE-Road-Vehicles-Australia-January-2025.xlsx,2025,Table 3,Light buses,2024,VIC,13.05
BITRE-Road-Vehicles-Australia-January-2025.xlsx,2025,Table 3,Light buses,2024,QLD,11.9
BITRE-Road-Vehicles-Australia-January-2025.xlsx,2025,Table 3,Light buses,2024,SA,12.09
BITRE-Road-Vehicles-Australia-January-2025.xlsx,2025,Table 3,Light buses,2024,WA,11.99
BITRE-Road-Vehicles-Australia-January-2025.xlsx,2025,Table 3,Light buses,2024,TAS,14.46
BITRE-Road-Vehicles-Australia-January-2025.xlsx,2025,Table 3,Light buses,2024,NT,9.03
BITRE-Road-Vehicles-Australia-January-2025.xlsx,2025,Table 3,Light buses,2024,ACT,11.55
BITRE-Road-Vehicles-Australia-January-2025.xlsx,2025,Table 3,Light buses,2024,AUS,11.93
BITRE-Road-Vehicles-Australia-January-2025.xlsx,2025,Table 3,Light buses,2025,NSW,11.16
BITRE-Road-Vehicles-Australia-January-2025.xlsx,2025,Table 3,Light buses,2025,VIC,13.15
BITRE-Road-Vehicles-Australia-January-2025.xlsx,2025,Table 3,Light buses,2025,QLD,11.79
BITRE-Road-Vehicles-Australia-January-2025.xlsx,2025,Table 3,Light buses,2025,SA,12.21
BITRE-Road-Vehicles-Australia-January-2025.xlsx,2025,Table 3,Light buses,2025,WA,12.0
BITRE-Road-Vehicles-Australia-January-2025.xlsx,2025,Table 3,Light buses,2025,TAS,14.77
BITRE-Road-Vehicles-Australia-January-2025.xlsx,2025,Table 3,Light buses,2025,NT,9.41
BITRE-Road-Vehicles-Australia-January-2025.xlsx,2025,Table 3,Light buses,2025,ACT,11.9
BITRE-Road-Vehicles-Australia-January-2025.xlsx,2025,Table 3,Light buses,2025,AUS,11.97
BITRE-Road-Vehicles-Australia-January-2025.xlsx,2025,Table 3,Heavy buses,2023,NSW,12.88
BITRE-Road-Vehicles-Australia-January-2025.xlsx,2025,Table 3,Heavy buses,2023,VIC,12.72
BITRE-Road-Vehicles-Australia-January-2025.xlsx,2025,Table 3,Heavy buses,2023,QLD,12.95
BITRE-Road-Vehicles-Australia-January-2025.xlsx,2025,Table 3,Heavy buses,2023,SA,14.21
BITRE-Road-Vehicles-Australia-January-2025.xlsx,2025,Table 3,Heavy buses,2023,WA,12.19
BITRE-Road-Vehicles-Australia-January-2025.xlsx,2025,Table 3,Heavy buses,2023,TAS,15.79
BITRE-Road-Vehicles-Australia-January-2025.xlsx,2025,Table 3,Heavy buses,2023,NT,13.01
BITRE-Road-Vehicles-Australia-January-2025.xlsx,2025,Table 3,Heavy buses,2023,ACT,11.74
BITRE-Road-Vehicles-Australia-January-2025.xlsx,2025,Table 3,Heavy buses,2023,AUS,12.94
BITRE-Road-Vehicles-Australia-January-2025.xlsx,2025,Table 3,Heavy buses,2024,NSW,13.09
BITRE-Road-Vehicles-Australia-January-2025.xlsx,2025,Table 3,Heavy buses,2024,VIC,12.78
BITRE-Road-Vehicles-Australia-January-2025.xlsx,2025,Table 3,Heavy buses,2024,QLD,13.25
BITRE-Road-Vehicles-Australia-January-2025.xlsx,2025,Table 3,Heavy buses,2024,SA,14.49
BITRE-Road-Vehicles-Australia-January-2025.xlsx,2025,Table 3,Heavy buses,2024,WA,12.13
BITRE-Road-Vehicles-Australia-January-2025.xlsx,2025,Table 3,Heavy buses,2024,TAS,16.08
BITRE-Road-Vehicles-Australia-January-2025.xlsx,2025,Table 3,Heavy buses,2024,NT,12.95
BITRE-Road-Vehicles-Australia-January-2025.xlsx,2025,Table 3,Heavy buses,2024,ACT,11.82
BITRE-Road-Vehicles-Australia-January-2025.xlsx,2025,Table 3,Heavy buses,2024,AUS,13.09
BITRE-Road-Vehicles-Australia-January-2025.xlsx,2025,Table 3,Heavy buses,2025,NSW,13.33
BITRE-Road-Vehicles-Australia-January-2025.xlsx,2025,Table 3,Heavy buses,2025,VIC,12.65
BITRE-Road-Vehicles-Australia-January-2025.xlsx,2025,Table 3,Heavy buses,2025,QLD,13.15
BITRE-Road-Vehicles-Australia-January-2025.xlsx,2025,Table 3,Heavy buses,2025,SA,14.84
BITRE-Road-Vehicles-Australia-January-2025.xlsx,2025,Table 3,Heavy buses,2025,WA,12.02
BITRE-Road-Vehicles-Australia-January-2025.xlsx,2025,Table 3,Heavy buses,2025,TAS,16.33
BITRE-Road-Vehicles-Australia-January-2025.xlsx,2025,Table 3,Heavy buses,2025,NT,13.29
BITRE-Road-Vehicles-Australia-January-2025.xlsx,2025,Table 3,Heavy buses,2025,ACT,11.34
BITRE-Road-Vehicles-Australia-January-2025.xlsx,2025,Table 3,Heavy buses,2025,AUS,13.13
BITRE-Road-Vehicles-Australia-January-2025.xlsx,2025,Table 3,Motorcycles,2023,NSW,10.5
BITRE-Road-Vehicles-Australia-January-2025.xlsx,2025,Table 3,Motorcycles,2023,VIC,11.85
BITRE-Road-Vehicles-Australia-January-2025.xlsx,2025,Table 3,Motorcycles,2023,QLD,12.94
BITRE-Road-Vehicles-Australia-January-2025.xlsx,2025,Table 3,Motorcycles,2023,SA,13.73
BITRE-Road-Vehicles-Australia-January-2025.xlsx,2025,Table 3,Motorcycles,2023,WA,15.16
BITRE-Road-Vehicles-Australia-January-2025.xlsx,2025,Table 3,Motorcycles,2023,TAS,13.07
BITRE-Road-Vehicles-Australia-January-2025.xlsx,2025,Table 3,Motorcycles,2023,NT,10.33
BITRE-Road-Vehicles-Australia-January-2025.xlsx,2025,Table 3,Motorcycles,2023,ACT,11.96
BITRE-Road-Vehicles-Australia-January-2025.xlsx,2025,Table 3,Motorcycles,2023,AUS,12.29
BITRE-Road-Vehicles-Australia-January-2025.xlsx,2025,Table 3,Motorcycles,2024,NSW,10.69
BITRE-Road-Vehicles-Australia-January-2025.xlsx,2025,Table 3,Motorcycles,2024,VIC,12.06
BITRE-Road-Vehicles-Australia-January-2025.xlsx,2025,Table 3,Motorcycles,2024,QLD,13.14
BITRE-Road-Vehicles-Australia-January-2025.xlsx,2025,Table 3,Motorcycles,2024,SA,14.2
BITRE-Road-Vehicles-Australia-January-2025.xlsx,2025,Table 3,Motorcycles,2024,WA,15.6
BITRE-Road-Vehicles-Australia-January-2025.xlsx,2025,Table 3,Motorcycles,2024,TAS,13.5
BITRE-Road-Vehicles-Australia-January-2025.xlsx,2025,Table 3,Motorcycles,2024,NT,10.46
BITRE-Road-Vehicles-Australia-January-2025.xlsx,2025,Table 3,Motorcycles,2024,ACT,12.24
BITRE-Road-Vehicles-Australia-January-2025.xlsx,2025,Table 3,Motorcycles,2024,AUS,12.55
BITRE-Road-Vehicles-Australia-January-2025.xlsx,2025,Table 3,Motorcycles,2025,NSW,10.93
BITRE-Road-Vehicles-Australia-January-2025.xlsx,2025,Table 3,Motorcycles,2025,VIC,12.35
BITRE-Road-Vehicles-Australia-January-2025.xlsx,2025,Table 3,Motorcycles,2025,QLD,13.45
BITRE-Road-Vehicles-Australia-January-2025.xlsx,2025,Table 3,Motorcycles,2025,SA,14.58
BITRE-Road-Vehicles-Australia-January-2025.xlsx,2025,Table 3,Motorcycles,2025,WA,15.99
BITRE-Road-Vehicles-Australia-January-2025.xlsx,2025,Table 3,Motorcycles,2025,TAS,13.87
BITRE-Road-Vehicles-Australia-January-2025.xlsx,2025,Table 3,Motorcycles,2025,NT,10.54
BITRE-Road-Vehicles-Australia-January-2025.xlsx,2025,Table 3,Motorcycles,2025,ACT,12.61
BITRE-Road-Vehicles-Australia-January-2025.xlsx,2025,Table 3,Motorcycles,2025,AUS,12.86
BITRE-Road-Vehicles-Australia-January-2025.xlsx,2025,Table 3,Total motor vehicles,2023,NSW,10.44
BITRE-Road-Vehicles-Australia-January-2025.xlsx,2025,Table 3,Total motor vehicles,2023,VIC,11.03
BITRE-Road-Vehicles-Australia-January-2025.xlsx,2025,Table 3,Total motor vehicles,2023,QLD,11.49
BITRE-Road-Vehicles-Australia-January-2025.xlsx,2025,Table 3,Total motor vehicles,2023,SA,12.69
BITRE-Road-Vehicles-Australia-January-2025.xlsx,2025,Table 3,Total motor vehicles,2023,WA,12.11
BITRE-Road-Vehicles-Australia-January-2025.xlsx,2025,Table 3,Total motor vehicles,2023,TAS,13.22
BITRE-Road-Vehicles-Australia-January-2025.xlsx,2025,Table 3,Total motor vehicles,2023,NT,10.48
BITRE-Road-Vehicles-Australia-January-2025.xlsx,2025,Table 3,Total motor vehicles,2023,ACT,10.21
BITRE-Road-Vehicles-Australia-January-2025.xlsx,2025,Table 3,Total motor vehicles,2023,AUS,11.24
BITRE-Road-Vehicles-Australia-January-2025.xlsx,2025,Table 3,Total motor vehicles,2024,NSW,10.6
BITRE-Road-Vehicles-Australia-January-2025.xlsx,2025,Table 3,Total motor vehicles,2024,VIC,11.18
BITRE-Road-Vehicles-Australia-January-2025.xlsx,2025,Table 3,Total motor vehicles,2024,QLD,11.63
BITRE-Road-Vehicles-Australia-January-2025.xlsx,2025,Table 3,Total motor vehicles,2024,SA,12.86
BITRE-Road-Vehicles-Australia-January-2025.xlsx,2025,Table 3,Total motor vehicles,2024,WA,12.27
BITRE-Road-Vehicles-Australia-January-2025.xlsx,2025,Table 3,Total motor vehicles,2024,TAS,13.47
BITRE-Road-Vehicles-Australia-January-2025.xlsx,2025,Table 3,Total motor vehicles,2024,NT,10.62
BITRE-Road-Vehicles-Australia-January-2025.xlsx,2025,Table 3,Total motor vehicles,2024,ACT,10.44
BITRE-Road-Vehicles-Australia-January-2025.xlsx,2025,Table 3,Total motor vehicles,2024,AUS,11.4
BITRE-Road-Vehicles-Australia-January-2025.xlsx,2025,Table 3,Total motor vehicles,2025,NSW,10.74
BITRE-Road-Vehicles-Australia-January-2025.xlsx,2025,Table 3,Total motor vehicles,2025,VIC,11.33
BITRE-Road-Vehicles-Australia-January-2025.xlsx,2025,Table 3,Total motor vehicles,2025,QLD,11.76
BITRE-Road-Vehicles-Australia-January-2025.xlsx,2025,Table 3,Total motor vehicles,2025,SA,13.01
BITRE-Road-Vehicles-Australia-January-2025.xlsx,2025,Table 3,Total motor vehicles,2025,WA,12.38
BITRE-Road-Vehicles-Australia-January-2025.xlsx,2025,Table 3,Total motor vehicles,2025,TAS,13.67
BITRE-Road-Vehicles-Australia-January-2025.xlsx,2025,Table 3,Total motor vehicles,2025,NT,10.71
BITRE-Road-Vehicles-Australia-January-2025.xlsx,2025,Table 3,Total motor vehicles,2025,ACT,10.66
BITRE-Road-Vehicles-Australia-January-2025.xlsx,2025,Table 3,Total motor vehicles,2025,AUS,11.54
