year,dependence,scenario_family,weight_scheme,threshold_mode,cvar_level,mean_loss,p_tail_loss,cvar_loss
2026,independent,conservative,baseline,lenient,0.9,0.15083563478187192,0.26567533704614194,0.30206144922424366
2026,independent,conservative,baseline,lenient,0.95,0.15083563478187192,0.2976552621776686,0.3237092626061081
2026,independent,conservative,equal,lenient,0.9,0.1533320424343722,0.2839944989252283,0.3213936883194856
2026,independent,conservative,equal,lenient,0.95,0.1533320424343722,0.31696401046871453,0.3426737877570712
2026,independent,conservative,uptake_heavy,lenient,0.9,0.14065159908203687,0.21547889518606428,0.2418867573782587
2026,independent,conservative,uptake_heavy,lenient,0.95,0.14065159908203687,0.23665362777611731,0.2584344003169025
2026,independent,conservative,grid_emissions_heavy,lenient,0.9,0.1462131922010415,0.23882518359087204,0.27365341038605767
2026,independent,conservative,grid_emissions_heavy,lenient,0.95,0.1462131922010415,0.2671000865979501,0.29537992536565777
2026,independent,conservative,fossil_heavy,lenient,0.9,0.1571539948038977,0.2501735715993861,0.28688022024853216
2026,independent,conservative,fossil_heavy,lenient,0.95,0.1571539948038977,0.28012214858613377,0.309918486689033
2026,independent,conservative,baseline,baseline,0.9,0.22714588871949432,0.2950140973307241,0.31706305030666804
2026,independent,conservative,baseline,baseline,0.95,0.22714588871949432,0.3126012879611238,0.3313030081462136
2026,independent,conservative,equal,baseline,0.9,0.22482229974712145,0.2929820130602732,0.31556890204910515
2026,independent,conservative,equal,baseline,0.95,0.22482229974712145,0.311154981836177,0.3297000259700141
2026,independent,conservative,uptake_heavy,baseline,0.9,0.22614601459171482,0.29070831825666016,0.3126357635521962
2026,independent,conservative,uptake_heavy,baseline,0.95,0.22614601459171482,0.30836388924238994,0.3266512393581937
2026,independent,conservative,grid_emissions_heavy,baseline,0.9,0.2322355221149429,0.31413418353624506,0.338710294996487
2026,independent,conservative,grid_emissions_heavy,baseline,0.95,0.2322355221149429,0.33444642176071215,0.35403363972867646
2026,independent,conservative,fossil_heavy,baseline,0.9,0.2580270321228552,0.3419147135616377,0.36868035226836327
2026,independent,conservative,fossil_heavy,baseline,0.95,0.2580270321228552,0.36318530243106817,0.3856060626782368
2026,independent,conservative,baseline,strict,0.9,0.32602884235711826,0.39389705096834804,0.41594600394429193
2026,independent,conservative,baseline,strict,0.95,0.32602884235711826,0.4114842415987477,0.4301859617838375
2026,independent,conservative,equal,strict,0.9,0.32067263080549896,0.3888323441186507,0.4114192331074827
2026,independent,conservative,equal,strict,0.95,0.32067263080549896,0.40700531289455455,0.42555035702839156
2026,independent,conservative,uptake_heavy,strict,0.9,0.3381313311565925,0.40269363482153786,0.42462108011707383
2026,independent,conservative,uptake_heavy,strict,0.95,0.3381313311565925,0.4203492058072676,0.4386365559230713
2026,independent,conservative,grid_emissions_heavy,strict,0.9,0.3409336445865927,0.4228323060078948,0.44740841746813687
2026,independent,conservative,grid_emissions_heavy,strict,0.95,0.3409336445865927,0.443144544232362,0.4627317622003262
2026,independent,conservative,fossil_heavy,strict,0.9,0.35399015168496817,0.43787783312375056,0.46464347183047605
2026,independent,conservative,fossil_heavy,strict,0.95,0.35399015168496817,0.4591484219931811,0.4815691822403496
2027,independent,conservative,baseline,lenient,0.9,0.15129514968607277,0.2640534552810786,0.30212682397294677
2027,independent,conservative,baseline,lenient,0.95,0.15129514968607277,0.2968587594358566,0.32446007807650257
2027,independent,conservative,equal,lenient,0.9,0.15382045244931072,0.28234137902317047,0.32088098106804214
2027,independent,conservative,equal,lenient,0.95,0.15382045244931072,0.31568085451719674,0.3432058868368564
2027,independent,conservative,uptake_heavy,lenient,0.9,0.14093418297637178,0.21523124615182992,0.24229313078290973
2027,independent,conservative,uptake_heavy,lenient,0.95,0.14093418297637178,0.2371432448395439,0.2592108858247434
2027,independent,conservative,grid_emissions_heavy,lenient,0.9,0.14696139810377523,0.23971731472956276,0.2743168421858572
2027,independent,conservative,grid_emissions_heavy,lenient,0.95,0.14696139810377523,0.26700295118976625,0.29644335286048984
2027,independent,conservative,fossil_heavy,lenient,0.9,0.15740868243602854,0.24794967162163128,0.28634022433587414
2027,independent,conservative,fossil_heavy,lenient,0.95,0.15740868243602854,0.2788697374997205,0.3108420225721419
2027,independent,conservative,baseline,baseline,0.9,0.22738550857068912,0.29514956105824935,0.3173077346566646
2027,independent,conservative,baseline,baseline,0.95,0.22738550857068912,0.3128988116995871,0.33129857440565325
2027,independent,conservative,equal,baseline,0.9,0.22503224792638088,0.29348341370507947,0.3159763502142732
2027,independent,conservative,equal,baseline,0.95,0.22503224792638088,0.3111218259751803,0.33046072557948913
2027,independent,conservative,uptake_heavy,baseline,0.9,0.2262652840864012,0.2909156036967392,0.31284122171538686
2027,independent,conservative,uptake_heavy,baseline,0.95,0.2262652840864012,0.3080552566883549,0.32697670669486223
2027,independent,conservative,grid_emissions_heavy,baseline,0.9,0.23282438275206374,0.31514735646083586,0.3390761160742763
2027,independent,conservative,grid_emissions_heavy,baseline,0.95,0.23282438275206374,0.33459022340260886,0.3540560555389008
2027,independent,conservative,fossil_heavy,baseline,0.9,0.2581554260176441,0.3425272928350125,0.368715771977603
2027,independent,conservative,fossil_heavy,baseline,0.95,0.2581554260176441,0.36353460724542663,0.3851336316151914
2027,independent,conservative,baseline,strict,0.9,0.32626846220831074,0.39403251469587103,0.41619068829428624
2027,independent,conservative,baseline,strict,0.95,0.32626846220831074,0.4117817653372087,0.4301815280432749
2027,independent,conservative,equal,strict,0.9,0.3208825789847565,0.38933374476345517,0.4118266812726488
2027,independent,conservative,equal,strict,0.95,0.3208825789847565,0.4069721570335559,0.4263110566378648
2027,independent,conservative,uptake_heavy,strict,0.9,0.33825060065127704,0.402900920261615,0.42482653828026273
2027,independent,conservative,uptake_heavy,strict,0.95,0.33825060065127704,0.4200405732532307,0.4389620232597381
2027,independent,conservative,grid_emissions_heavy,strict,0.9,0.3415225052237124,0.4238454789324846,0.447774238545925
2027,independent,conservative,grid_emissions_heavy,strict,0.95,0.3415225052237124,0.44328834587425764,0.4627541780105495
2027,independent,conservative,fossil_heavy,strict,0.9,0.35411854557975314,0.43849041239712144,0.4646788915397119
2027,independent,conservative,fossil_heavy,strict,0.95,0.35411854557975314,0.4594977268075356,0.48109675117730033
2028,independent,conservative,baseline,lenient,0.9,0.15080267351509258,0.2633623814650944,0.3002912250840195
2028,independent,conservative,baseline,lenient,0.95,0.15080267351509258,0.29419984776637137,0.32208326159755424
2028,independent,conservative,equal,lenient,0.9,0.15320427384672158,0.2813327747199107,0.31936847557490833
2028,independent,conservative,equal,lenient,0.95,0.15320427384672158,0.31349738371747604,0.3414138478042528
2028,independent,conservative,uptake_heavy,lenient,0.9,0.14057236389480357,0.21523117996326996,0.24128765557479376
2028,independent,conservative,uptake_heavy,lenient,0.95,0.14057236389480357,0.23567661421026445,0.2579978614207138
2028,independent,conservative,grid_emissions_heavy,lenient,0.9,0.14640190918826956,0.23842357721462493,0.27219321480729525
2028,independent,conservative,grid_emissions_heavy,lenient,0.95,0.14640190918826956,0.2644221253627246,0.2938102629595746
2028,independent,conservative,fossil_heavy,lenient,0.9,0.1573962674118391,0.2494813014727449,0.28553590172368215
2028,independent,conservative,fossil_heavy,lenient,0.95,0.1573962674118391,0.2774878031576822,0.3088196402499639
2028,independent,conservative,baseline,baseline,0.9,0.22753284989399047,0.2957363274042228,0.3183017906849936
2028,independent,conservative,baseline,baseline,0.95,0.22753284989399047,0.31303306563301714,0.3329905184973461
2028,independent,conservative,equal,baseline,0.9,0.22511767528544768,0.2939133146274877,0.31718230244581275
2028,independent,conservative,equal,baseline,0.95,0.22511767528544768,0.31216349075591704,0.3319270106218195
2028,independent,conservative,uptake_heavy,baseline,0.9,0.22629960621477502,0.29117753180262246,0.31389384836075546
2028,independent,conservative,uptake_heavy,baseline,0.95,0.22629960621477502,0.3089535150195339,0.3283818932981448
2028,independent,conservative,grid_emissions_heavy,baseline,0.9,0.23270111650105318,0.3150027577443298,0.3399707476307095
2028,independent,conservative,grid_emissions_heavy,baseline,0.95,0.23270111650105318,0.33555376054749375,0.3552295805412608
2028,independent,conservative,fossil_heavy,baseline,0.9,0.2586023682068475,0.3433601765472506,0.37005677919958185
2028,independent,conservative,fossil_heavy,baseline,0.95,0.2586023682068475,0.3643126384229316,0.38703309794878715
2028,independent,conservative,baseline,strict,0.9,0.32641580353161376,0.39461928104184607,0.4171847443226169
2028,independent,conservative,baseline,strict,0.95,0.32641580353161376,0.4119160192706404,0.43187347213496935
2028,independent,conservative,equal,strict,0.9,0.3209680063438249,0.38976364568586497,0.41303263350419
2028,independent,conservative,equal,strict,0.95,0.3209680063438249,0.40801382181429424,0.4277773416801967
2028,independent,conservative,uptake_heavy,strict,0.9,0.3382849227796522,0.4031628483674996,0.4258791649256326
2028,independent,conservative,uptake_heavy,strict,0.95,0.3382849227796522,0.42093883158441103,0.440367209863022
2028,independent,conservative,grid_emissions_heavy,strict,0.9,0.3413992389727032,0.4237008802159798,0.44866887010235945
2028,independent,conservative,grid_emissions_heavy,strict,0.95,0.3413992389727032,0.4442518830191437,0.46392770301291075
2028,independent,conservative,fossil_heavy,strict,0.9,0.3545654877689588,0.43932329610936194,0.4660198987616932
2028,independent,conservative,fossil_heavy,strict,0.95,0.3545654877689588,0.4602757579850429,0.48299621751089855
2029,independent,conservative,baseline,lenient,0.9,0.15223133470161002,0.26648767499418907,0.30438118893886995
2029,independent,conservative,baseline,lenient,0.95,0.15223133470161002,0.29929892087354104,0.3266338192292691
2029,independent,conservative,equal,lenient,0.9,0.15484834943152564,0.28490072909626524,0.3231827896364779
2029,independent,conservative,equal,lenient,0.95,0.15484834943152564,0.31768741488431923,0.345468135927866
2029,independent,conservative,uptake_heavy,lenient,0.9,0.14159620150802535,0.21633996494138602,0.24396684188906365
2029,independent,conservative,uptake_heavy,lenient,0.95,0.14159620150802535,0.23857560355899476,0.26136918115821256
2029,independent,conservative,grid_emissions_heavy,lenient,0.9,0.1474063557126271,0.24054530416512748,0.27626056848860336
2029,independent,conservative,grid_emissions_heavy,lenient,0.95,0.1474063557126271,0.26977048585940433,0.29874201526637706
2029,independent,conservative,fossil_heavy,lenient,0.9,0.1584447140885794,0.2514878129613725,0.2887586295328407
2029,independent,conservative,fossil_heavy,lenient,0.95,0.1584447140885794,0.2806818334580086,0.3131852595461919
2029,independent,conservative,baseline,baseline,0.9,0.22770281872490777,0.2957008552967888,0.31860286878517835
2029,independent,conservative,baseline,baseline,0.95,0.22770281872490777,0.3138186043097007,0.3329965774843091
2029,independent,conservative,equal,baseline,0.9,0.2254021068058969,0.29387985507121206,0.31703287947190234
2029,independent,conservative,equal,baseline,0.95,0.2254021068058969,0.31223266358804846,0.331553579429964
2029,independent,conservative,uptake_heavy,baseline,0.9,0.22650591713314772,0.29153263296260795,0.3133343590005521
2029,independent,conservative,uptake_heavy,baseline,0.95,0.22650591713314772,0.30895726879638263,0.32739399022285903
2029,independent,conservative,grid_emissions_heavy,baseline,0.9,0.23285202472677985,0.314911901674095,0.33963744141612223
2029,independent,conservative,grid_emissions_heavy,baseline,0.95,0.23285202472677985,0.3351728683370732,0.3549969762478554
2029,independent,conservative,fossil_heavy,baseline,0.9,0.25876268902057636,0.34359673012764813,0.3708494563674476
2029,independent,conservative,fossil_heavy,baseline,0.95,0.25876268902057636,0.3654859855076476,0.3883389563579949
2029,independent,conservative,baseline,strict,0.9,0.32658577236253217,0.39458380893441314,0.4174858224228028
2029,independent,conservative,baseline,strict,0.95,0.32658577236253217,0.41270155794732516,0.4318795311219336
2029,independent,conservative,equal,strict,0.9,0.3212524378642748,0.38973018612958993,0.41288321053028026
2029,independent,conservative,equal,strict,0.95,0.3212524378642748,0.40808299464642633,0.4274039104883419
2029,independent,conservative,uptake_heavy,strict,0.9,0.33849123369802575,0.403517949527486,0.4253196755654301
2029,independent,conservative,uptake_heavy,strict,0.95,0.33849123369802575,0.4209425853612606,0.43937930678773707
2029,independent,conservative,grid_emissions_heavy,strict,0.9,0.3415501471984303,0.42361002414574545,0.4483355638877726
2029,independent,conservative,grid_emissions_heavy,strict,0.95,0.3415501471984303,0.44387099080872355,0.4636950987195058
2029,independent,conservative,fossil_heavy,strict,0.9,0.3547258085826898,0.4395598496897617,0.46681257592956116
2029,independent,conservative,fossil_heavy,strict,0.95,0.3547258085826898,0.4614491050697611,0.48430207592010843
2030,independent,conservative,baseline,lenient,0.9,0.15214813602388969,0.26534808075593264,0.3036997613889799
2030,independent,conservative,baseline,lenient,0.95,0.15214813602388969,0.29931207686921474,0.32544567475549147
2030,independent,conservative,equal,lenient,0.9,0.15479586854482882,0.28509864775300214,0.32292874956913975
2030,independent,conservative,equal,lenient,0.95,0.15479586854482882,0.31831441239624325,0.34513721345663106
2030,independent,conservative,uptake_heavy,lenient,0.9,0.14143186654209391,0.21707987896821263,0.2437954420019351
2030,independent,conservative,uptake_heavy,lenient,0.95,0.14143186654209391,0.23896884404610508,0.2605736061262104
2030,independent,conservative,grid_emissions_heavy,lenient,0.9,0.14741218676327383,0.24142880331948643,0.27614536882309976
2030,independent,conservative,grid_emissions_heavy,lenient,0.95,0.14741218676327383,0.2697002081077305,0.2978919891478843
2030,independent,conservative,fossil_heavy,lenient,0.9,0.1582261094286028,0.2508102923150382,0.28761496059609853
2030,independent,conservative,fossil_heavy,lenient,0.95,0.1582261094286028,0.2803714447055095,0.31111241476603085
2030,independent,conservative,baseline,baseline,0.9,0.2275856936166496,0.2959545261294066,0.3186863651239345
2030,independent,conservative,baseline,baseline,0.95,0.2275856936166496,0.31445029599251556,0.3330111113852923
2030,independent,conservative,equal,baseline,0.9,0.22526958574239214,0.2943375205474224,0.31758821746916327
2030,independent,conservative,equal,baseline,0.95,0.22526958574239214,0.31251679503228796,0.33233955094223416
2030,independent,conservative,uptake_heavy,baseline,0.9,0.22630343102582373,0.2917831295615404,0.3144900383108845
2030,independent,conservative,uptake_heavy,baseline,0.95,0.22630343102582373,0.31000813587651604,0.32872356794612767
2030,independent,conservative,grid_emissions_heavy,baseline,0.9,0.23288356525718149,0.31635188129013814,0.34046955112722965
2030,independent,conservative,grid_emissions_heavy,baseline,0.95,0.23288356525718149,0.3355735396871315,0.3559912741227904
2030,independent,conservative,fossil_heavy,baseline,0.9,0.2586075773854119,0.3431296166131539,0.36938810083077217
2030,independent,conservative,fossil_heavy,baseline,0.95,0.2586075773854119,0.36385120533210896,0.38624648537066136
2030,independent,conservative,baseline,strict,0.9,0.32646864725427277,0.39483747976702976,0.41756931876155773
2030,independent,conservative,baseline,strict,0.95,0.32646864725427277,0.41333324963013873,0.43189406502291555
2030,independent,conservative,equal,strict,0.9,0.32111991680076907,0.39018785160579933,0.4134385485275402
2030,independent,conservative,equal,strict,0.95,0.32111991680076907,0.40836712609066483,0.428189882000611
2030,independent,conservative,uptake_heavy,strict,0.9,0.33828874759070077,0.4037684461264173,0.4264753548757615
2030,independent,conservative,uptake_heavy,strict,0.95,0.33828874759070077,0.421993452441393,0.44070888451100465
2030,independent,conservative,grid_emissions_heavy,strict,0.9,0.3415816877288313,0.4250500037617879,0.4491676735988794
2030,independent,conservative,grid_emissions_heavy,strict,0.95,0.3415816877288313,0.44427166215878133,0.4646893965944401
2030,independent,conservative,fossil_heavy,strict,0.9,0.35457069694752325,0.43909273617526534,0.46535122039288357
2030,independent,conservative,fossil_heavy,strict,0.95,0.35457069694752325,0.4598143248942204,0.4822096049327729
2026,independent,central,baseline,lenient,0.9,0.10394357214767551,0.24083304416706094,0.2782047005905449
2026,independent,central,baseline,lenient,0.95,0.10394357214767551,0.27143629659438334,0.3012669349886804
2026,independent,central,equal,lenient,0.9,0.10993502011743585,0.26289293650745277,0.30152473129752716
2026,independent,central,equal,lenient,0.95,0.10993502011743585,0.2942389177102871,0.3234656249434594
2026,independent,central,uptake_heavy,lenient,0.9,0.08895630729247467,0.1889876152388079,0.21723332786929414
2026,independent,central,uptake_heavy,lenient,0.95,0.08895630729247467,0.21072451856516347,0.2346869214799392
2026,independent,central,grid_emissions_heavy,lenient,0.9,0.10099450225987493,0.22320321039904262,0.265007614899886
2026,independent,central,grid_emissions_heavy,lenient,0.95,0.10099450225987493,0.25515683098274305,0.2916328786092715
2026,independent,central,fossil_heavy,lenient,0.9,0.09765342511851631,0.20375845292178063,0.2496627890463348
2026,independent,central,fossil_heavy,lenient,0.95,0.09765342511851631,0.2372361403411181,0.2814184818268585
2026,independent,central,baseline,baseline,0.9,0.15771447212864115,0.30070041941424525,0.3478233486818648
2026,independent,central,baseline,baseline,0.95,0.15771447212864115,0.33889202940394614,0.37718998753583494
2026,independent,central,equal,baseline,0.9,0.16314533898487293,0.3222311435043258,0.37048197499823016
2026,independent,central,equal,baseline,0.95,0.16314533898487293,0.36150859257621626,0.40019275811293514
2026,independent,central,uptake_heavy,baseline,0.9,0.1397809632462979,0.2506346329789787,0.28591330139989635
2026,independent,central,uptake_heavy,baseline,0.95,0.1397809632462979,0.2776324593679178,0.3084912772543131
2026,independent,central,grid_emissions_heavy,baseline,0.9,0.1544817558019529,0.2948641351868759,0.34449247271074523
2026,independent,central,grid_emissions_heavy,baseline,0.95,0.1544817558019529,0.33504907436817427,0.37595675803230405
2026,independent,central,fossil_heavy,baseline,0.9,0.16069063224724886,0.29366048129032385,0.3468030646122513
2026,independent,central,fossil_heavy,baseline,0.95,0.16069063224724886,0.33493720120618975,0.3815956544848433
2026,independent,central,baseline,strict,0.9,0.2116593981021986,0.35873371705517015,0.40875815442422936
2026,independent,central,baseline,strict,0.95,0.2116593981021986,0.39803688879535176,0.44087251547163636
2026,independent,central,equal,strict,0.9,0.21498026175920737,0.37396588953159127,0.42786628237744123
2026,independent,central,equal,strict,0.95,0.21498026175920737,0.41760303874770344,0.46128365365690627
2026,independent,central,uptake_heavy,strict,0.9,0.20062903338278412,0.32423248304056623,0.36464350504647347
2026,independent,central,uptake_heavy,strict,0.95,0.20062903338278412,0.35619020243992,0.3900973216125219
2026,independent,central,grid_emissions_heavy,strict,0.9,0.21360775051543643,0.37039837723781793,0.42496530334144256
2026,independent,central,grid_emissions_heavy,strict,0.95,0.21360775051543643,0.4163957997947184,0.45835371494940025
2026,independent,central,fossil_heavy,strict,0.9,0.215222383960804,0.3622358109615693,0.4157440749880756
2026,independent,central,fossil_heavy,strict,0.95,0.215222383960804,0.40407924237878773,0.45074847149671904
2027,independent,central,baseline,lenient,0.9,0.10446169528152277,0.24390812140206872,0.282502518564504
2027,independent,central,baseline,lenient,0.95,0.10446169528152277,0.27540608995363564,0.30670749708877715
2027,independent,central,equal,lenient,0.9,0.11045390231422497,0.26552947492229273,0.30534249105164596
2027,independent,central,equal,lenient,0.95,0.11045390231422497,0.2982893631534847,0.3291202506057844
2027,independent,central,uptake_heavy,lenient,0.9,0.08912692610839945,0.19043059070223645,0.2200932683105619
2027,independent,central,uptake_heavy,lenient,0.95,0.08912692610839945,0.21359834661386556,0.23877225716730938
2027,independent,central,grid_emissions_heavy,lenient,0.9,0.10094098357552454,0.22446032434604618,0.2683882592117373
2027,independent,central,grid_emissions_heavy,lenient,0.95,0.10094098357552454,0.25792460546224927,0.29595869428321486
2027,independent,central,fossil_heavy,lenient,0.9,0.09841406682935887,0.20541602326249195,0.25440667542627315
2027,independent,central,fossil_heavy,lenient,0.95,0.09841406682935887,0.24147260273112037,0.28707898758651595
2027,independent,central,baseline,baseline,0.9,0.15825648870037803,0.30250604833145806,0.35223365820724417
2027,independent,central,baseline,baseline,0.95,0.15825648870037803,0.342594946707104,0.3826325206924604
2027,independent,central,equal,baseline,0.9,0.16375600872255125,0.3250165908768909,0.3740525676852888
2027,independent,central,equal,baseline,0.95,0.16375600872255125,0.36443066311782135,0.4050879964537225
2027,independent,central,uptake_heavy,baseline,0.9,0.13990476440637414,0.25127901159776217,0.2876387330338998
2027,independent,central,uptake_heavy,baseline,0.95,0.13990476440637414,0.28071353177250563,0.31091199552075593
2027,independent,central,grid_emissions_heavy,baseline,0.9,0.1543463947223749,0.29633747063167337,0.34761997433361064
2027,independent,central,grid_emissions_heavy,baseline,0.95,0.1543463947223749,0.33819746587717797,0.38065733278542563
2027,independent,central,fossil_heavy,baseline,0.9,0.16150002235058136,0.2960499336997555,0.3515397303516976
2027,independent,central,fossil_heavy,baseline,0.95,0.16150002235058136,0.34000986162216945,0.3867817139487003
2027,independent,central,baseline,strict,0.9,0.21233105210620712,0.35844552195793045,0.4138630124960176
2027,independent,central,baseline,strict,0.95,0.21233105210620712,0.40347352104883644,0.44831607934965995
2027,independent,central,equal,strict,0.9,0.2157962039362535,0.37526471049447835,0.43231214986111705
2027,independent,central,equal,strict,0.95,0.2157962039362535,0.42044979622476936,0.4683417827790407
2027,independent,central,uptake_heavy,strict,0.9,0.2008263416275442,0.3256268078507367,0.3667806335551552
2027,independent,central,uptake_heavy,strict,0.95,0.2008263416275442,0.3585003986177741,0.39273650567561336
2027,independent,central,grid_emissions_heavy,strict,0.9,0.2135646500851273,0.37177325078083606,0.42846233832169195
2027,independent,central,grid_emissions_heavy,strict,0.95,0.2135646500851273,0.418918039486186,0.46395455110177863
2027,independent,central,fossil_heavy,strict,0.9,0.21614886827882288,0.364041631896662,0.4211633441791946
2027,independent,central,fossil_heavy,strict,0.95,0.21614886827882288,0.4081278185229289,0.45750180882645414
2028,independent,central,baseline,lenient,0.9,0.10406236956685656,0.24274843763782453,0.28107980472077615
2028,independent,central,baseline,lenient,0.95,0.10406236956685656,0.27378095716621137,0.3051075382956351
2028,independent,central,equal,lenient,0.9,0.10999766250036619,0.26504958816703217,0.30456012634565616
2028,independent,central,equal,lenient,0.95,0.10999766250036619,0.2975129676791307,0.328293152253076
2028,independent,central,uptake_heavy,lenient,0.9,0.08899437400665174,0.1901154911116114,0.21977053613124092
2028,independent,central,uptake_heavy,lenient,0.95,0.08899437400665174,0.21310756920272853,0.2384860491826799
2028,independent,central,grid_emissions_heavy,lenient,0.9,0.10074155594497647,0.22563193725159303,0.26850172929338206
2028,independent,central,grid_emissions_heavy,lenient,0.95,0.10074155594497647,0.25954604467943887,0.2957562637168297
2028,independent,central,fossil_heavy,lenient,0.9,0.09801270140060861,0.20564178452384108,0.2523228331768859
2028,independent,central,fossil_heavy,lenient,0.95,0.09801270140060861,0.23969211541593802,0.28384242284716477
2028,independent,central,baseline,baseline,0.9,0.1582127122145425,0.3039564172594872,0.351425102847174
2028,independent,central,baseline,baseline,0.95,0.1582127122145425,0.3415798731675689,0.38109172392300683
2028,independent,central,equal,baseline,0.9,0.1635998392238,0.3250583622702549,0.3737627569918978
2028,independent,central,equal,baseline,0.95,0.1635998392238,0.3649167775045246,0.4043618835828923
2028,independent,central,uptake_heavy,baseline,0.9,0.14017466629268205,0.25308670125234467,0.28806813741719994
2028,independent,central,uptake_heavy,baseline,0.95,0.14017466629268205,0.28086205239232137,0.31079025111969794
2028,independent,central,grid_emissions_heavy,baseline,0.9,0.15438716331739788,0.29690587779304783,0.3477191447973279
2028,independent,central,grid_emissions_heavy,baseline,0.95,0.15438716331739788,0.3387275280768049,0.37928697993558697
2028,independent,central,fossil_heavy,baseline,0.9,0.16147355365443528,0.2956412842536691,0.3506732362691266
2028,independent,central,fossil_heavy,baseline,0.95,0.16147355365443528,0.3395357258007572,0.3859638408276065
2028,independent,central,baseline,strict,0.9,0.21298813738731834,0.36172195275002217,0.4136429706467518
2028,independent,central,baseline,strict,0.95,0.21298813738731834,0.4035755048120227,0.44625773102968835
2028,independent,central,equal,strict,0.9,0.21632682626400293,0.37788894175444837,0.43273066962151713
2028,independent,central,equal,strict,0.95,0.21632682626400293,0.42229066427847495,0.4670646264156599
2028,independent,central,uptake_heavy,strict,0.9,0.20176495022679689,0.32782538211134377,0.3684665274022462
2028,independent,central,uptake_heavy,strict,0.95,0.20176495022679689,0.3596162075471273,0.39405108196138494
2028,independent,central,grid_emissions_heavy,strict,0.9,0.21410053771545864,0.3746185475549334,0.42959467727147493
2028,independent,central,grid_emissions_heavy,strict,0.95,0.21410053771545864,0.4209578906355529,0.4631514769023986
2028,independent,central,fossil_heavy,strict,0.9,0.21669485335383915,0.3638263108715155,0.4199236293963988
2028,independent,central,fossil_heavy,strict,0.95,0.21669485335383915,0.4082691675222497,0.4560295179717824
2029,independent,central,baseline,lenient,0.9,0.10438533649590581,0.24140504750847908,0.27995946098820057
2029,independent,central,baseline,lenient,0.95,0.10438533649590581,0.27355061740093045,0.3039019644040809
2029,independent,central,equal,lenient,0.9,0.11034774949251239,0.2637517464774927,0.30298978534901744
2029,independent,central,equal,lenient,0.95,0.11034774949251239,0.29588331574630516,0.3266105952029536
2029,independent,central,uptake_heavy,lenient,0.9,0.08901792286538143,0.18888138103809177,0.2185147623990642
2029,independent,central,uptake_heavy,lenient,0.95,0.08901792286538143,0.21244365282522423,0.23734997861402116
2029,independent,central,grid_emissions_heavy,lenient,0.9,0.10094116677127692,0.22459077627466384,0.2666942698374322
2029,independent,central,grid_emissions_heavy,lenient,0.95,0.10094116677127692,0.257637906139524,0.29356757148476587
2029,independent,central,fossil_heavy,lenient,0.9,0.09800973065557414,0.20447912577918756,0.25124014102822934
2029,independent,central,fossil_heavy,lenient,0.95,0.09800973065557414,0.23915275492491114,0.28307320620885773
2029,independent,central,baseline,baseline,0.9,0.1580324240477374,0.30284283561968106,0.35076739869592477
2029,independent,central,baseline,baseline,0.95,0.1580324240477374,0.3418014854792062,0.3807944958750163
2029,independent,central,equal,baseline,0.9,0.16343502312523084,0.32319296403001196,0.3726995205174209
2029,independent,central,equal,baseline,0.95,0.16343502312523084,0.36289147658243454,0.4037243908448051
2029,independent,central,uptake_heavy,baseline,0.9,0.13973885339912823,0.25011465864665067,0.2876158062508582
2029,independent,central,uptake_heavy,baseline,0.95,0.13973885339912823,0.2799369405115957,0.31067324195821094
2029,independent,central,grid_emissions_heavy,baseline,0.9,0.15431623613116366,0.2967286258716546,0.3469368334538893
2029,independent,central,grid_emissions_heavy,baseline,0.95,0.15431623613116366,0.33716618804704795,0.3788297776512904
2029,independent,central,fossil_heavy,baseline,0.9,0.1609349994511698,0.2942791641227667,0.3492374074070358
2029,independent,central,fossil_heavy,baseline,0.95,0.1609349994511698,0.3377095266741678,0.38472925266944
2029,independent,central,baseline,strict,0.9,0.21238356783591708,0.3605756057668504,0.41247509046556674
2029,independent,central,baseline,strict,0.95,0.21238356783591708,0.401609412066866,0.4452083187905373
2029,independent,central,equal,strict,0.9,0.21572848757448718,0.37708708151914994,0.43127234479775767
2029,independent,central,equal,strict,0.95,0.21572848757448718,0.419123766579752,0.4660788918582731
2029,independent,central,uptake_heavy,strict,0.9,0.20086829727409988,0.32495427866789106,0.3665560556605801
2029,independent,central,uptake_heavy,strict,0.95,0.20086829727409988,0.3577166612112403,0.39291989168847324
2029,independent,central,grid_emissions_heavy,strict,0.9,0.21374847863152963,0.37268522102693324,0.42748638330442246
2029,independent,central,grid_emissions_heavy,strict,0.95,0.21374847863152963,0.4178884713387091,0.4619278018248717
2029,independent,central,fossil_heavy,strict,0.9,0.215742890036679,0.3626936681062605,0.41841407388023266
2029,independent,central,fossil_heavy,strict,0.95,0.215742890036679,0.40719299391086233,0.45434293707569445
2030,independent,central,baseline,lenient,0.9,0.10497305553047649,0.24352751017171453,0.2830582995983373
2030,independent,central,baseline,lenient,0.95,0.10497305553047649,0.2747391508001116,0.3077056443936338
2030,independent,central,equal,lenient,0.9,0.11110576537299026,0.2670055350350669,0.3062023623442036
2030,independent,central,equal,lenient,0.95,0.11110576537299026,0.2980490930661844,0.33076642619219365
2030,independent,central,uptake_heavy,lenient,0.9,0.08942067312069853,0.19045687902479866,0.220986995281415
2030,independent,central,uptake_heavy,lenient,0.95,0.08942067312069853,0.2144668692458177,0.24028473621959073
2030,independent,central,grid_emissions_heavy,lenient,0.9,0.10138381798165673,0.22654438567912905,0.2696853028799445
2030,independent,central,grid_emissions_heavy,lenient,0.95,0.10138381798165673,0.26020118967174577,0.29711495550499034
2030,independent,central,fossil_heavy,lenient,0.9,0.09874407924510795,0.2067260451736176,0.25523509719788096
2030,independent,central,fossil_heavy,lenient,0.95,0.09874407924510795,0.24247343445085529,0.28796922433873345
2030,independent,central,baseline,baseline,0.9,0.1589711238682523,0.3054903943545416,0.3528153046857138
2030,independent,central,baseline,baseline,0.95,0.1589711238682523,0.3423048748546492,0.38293023492039424
2030,independent,central,equal,baseline,0.9,0.16457822191212731,0.3264998584443208,0.37509694280154726
2030,independent,central,equal,baseline,0.95,0.16457822191212731,0.3649387594920263,0.40608445013049227
2030,independent,central,uptake_heavy,baseline,0.9,0.14038701691405595,0.2525558333270606,0.28919668252429276
2030,independent,central,uptake_heavy,baseline,0.95,0.14038701691405595,0.2807632199208082,0.313168728270566
2030,independent,central,grid_emissions_heavy,baseline,0.9,0.1549119784651462,0.29794428977243886,0.3497780984150778
2030,independent,central,grid_emissions_heavy,baseline,0.95,0.1549119784651462,0.3411410136997238,0.3821236107526774
2030,independent,central,fossil_heavy,baseline,0.9,0.16203421868043882,0.2973258525001354,0.3527482914046022
2030,independent,central,fossil_heavy,baseline,0.95,0.16203421868043882,0.34136066078490795,0.38778432035904764
2030,independent,central,baseline,strict,0.9,0.21304944332950818,0.36173789221643,0.41451602425073525
2030,independent,central,baseline,strict,0.95,0.21304944332950818,0.40357303466770983,0.44752029866786225
2030,independent,central,equal,strict,0.9,0.2166178190228869,0.37852915003021337,0.4339032993733458
2030,independent,central,equal,strict,0.95,0.2166178190228869,0.4220051363593085,0.4687562088362008
2030,independent,central,uptake_heavy,strict,0.9,0.2012393721088627,0.32674468750261,0.3682474484020502
2030,independent,central,uptake_heavy,strict,0.95,0.2012393721088627,0.3579589322929311,0.3953524736834414
2030,independent,central,grid_emissions_heavy,strict,0.9,0.2140497112373102,0.3733234741079572,0.43018501677673654
2030,independent,central,grid_emissions_heavy,strict,0.95,0.2140497112373102,0.4211045265538122,0.46487323558796867
2030,independent,central,fossil_heavy,strict,0.9,0.21668804829682312,0.36363093505858696,0.421705750617611
2030,independent,central,fossil_heavy,strict,0.95,0.21668804829682312,0.40899378397134756,0.4583674384581905
2026,independent,optimistic,baseline,lenient,0.9,0.0,0.0,0.0
2026,independent,optimistic,baseline,lenient,0.95,0.0,0.0,0.0
2026,independent,optimistic,equal,lenient,0.9,0.0,0.0,0.0
2026,independent,optimistic,equal,lenient,0.95,0.0,0.0,0.0
2026,independent,optimistic,uptake_heavy,lenient,0.9,0.0,0.0,0.0
2026,independent,optimistic,uptake_heavy,lenient,0.95,0.0,0.0,0.0
2026,independent,optimistic,grid_emissions_heavy,lenient,0.9,0.0,0.0,0.0
2026,independent,optimistic,grid_emissions_heavy,lenient,0.95,0.0,0.0,0.0
2026,independent,optimistic,fossil_heavy,lenient,0.9,0.0,0.0,0.0
2026,independent,optimistic,fossil_heavy,lenient,0.95,0.0,0.0,0.0
2026,independent,optimistic,baseline,baseline,0.9,0.0,0.0,0.0
2026,independent,optimistic,baseline,baseline,0.95,0.0,0.0,0.0
2026,independent,optimistic,equal,baseline,0.9,0.0,0.0,0.0
2026,independent,optimistic,equal,baseline,0.95,0.0,0.0,0.0
2026,independent,optimistic,uptake_heavy,baseline,0.9,0.0,0.0,0.0
2026,independent,optimistic,uptake_heavy,baseline,0.95,0.0,0.0,0.0
2026,independent,optimistic,grid_emissions_heavy,baseline,0.9,0.0,0.0,0.0
2026,independent,optimistic,grid_emissions_heavy,baseline,0.95,0.0,0.0,0.0
2026,independent,optimistic,fossil_heavy,baseline,0.9,0.0,0.0,0.0
2026,independent,optimistic,fossil_heavy,baseline,0.95,0.0,0.0,0.0
2026,independent,optimistic,baseline,strict,0.9,0.036676794116181716,0.1621630109434382,0.17048980186430973
2026,independent,optimistic,baseline,strict,0.95,0.036676794116181716,0.16773839399916676,0.1761564960810586
2026,independent,optimistic,equal,strict,0.9,0.039946712668091126,0.18022667970692355,0.1884364298883349
2026,independent,optimistic,equal,strict,0.95,0.039946712668091126,0.1862185402829771,0.19376065952986737
2026,independent,optimistic,uptake_heavy,strict,0.9,0.027457008269385547,0.11196751666966087,0.11938878710418709
2026,independent,optimistic,uptake_heavy,strict,0.95,0.027457008269385547,0.11698221871773784,0.12428289906669643
2026,independent,optimistic,grid_emissions_heavy,strict,0.9,0.02975332296556883,0.11811321938480178,0.13008074238324369
2026,independent,optimistic,grid_emissions_heavy,strict,0.95,0.02975332296556883,0.12644059747994593,0.13773349953294928
2026,independent,optimistic,fossil_heavy,strict,0.9,0.02698962558779017,0.10914583192559184,0.11779620897339024
2026,independent,optimistic,fossil_heavy,strict,0.95,0.02698962558779017,0.1153607952588193,0.12397869173316417
2027,independent,optimistic,baseline,lenient,0.9,0.0,0.0,0.0
2027,independent,optimistic,baseline,lenient,0.95,0.0,0.0,0.0
2027,independent,optimistic,equal,lenient,0.9,0.0,0.0,0.0
2027,independent,optimistic,equal,lenient,0.95,0.0,0.0,0.0
2027,independent,optimistic,uptake_heavy,lenient,0.9,0.0,0.0,0.0
2027,independent,optimistic,uptake_heavy,lenient,0.95,0.0,0.0,0.0
2027,independent,optimistic,grid_emissions_heavy,lenient,0.9,0.0,0.0,0.0
2027,independent,optimistic,grid_emissions_heavy,lenient,0.95,0.0,0.0,0.0
2027,independent,optimistic,fossil_heavy,lenient,0.9,0.0,0.0,0.0
2027,independent,optimistic,fossil_heavy,lenient,0.95,0.0,0.0,0.0
2027,independent,optimistic,baseline,baseline,0.9,0.0,0.0,0.0
2027,independent,optimistic,baseline,baseline,0.95,0.0,0.0,0.0
2027,independent,optimistic,equal,baseline,0.9,0.0,0.0,0.0
2027,independent,optimistic,equal,baseline,0.95,0.0,0.0,0.0
2027,independent,optimistic,uptake_heavy,baseline,0.9,0.0,0.0,0.0
2027,independent,optimistic,uptake_heavy,baseline,0.95,0.0,0.0,0.0
2027,independent,optimistic,grid_emissions_heavy,baseline,0.9,0.0,0.0,0.0
2027,independent,optimistic,grid_emissions_heavy,baseline,0.95,0.0,0.0,0.0
2027,independent,optimistic,fossil_heavy,baseline,0.9,0.0,0.0,0.0
2027,independent,optimistic,fossil_heavy,baseline,0.95,0.0,0.0,0.0
2027,independent,optimistic,baseline,strict,0.9,0.03668362531248519,0.1619083730510533,0.17080408452610585
2027,independent,optimistic,baseline,strict,0.95,0.03668362531248519,0.16823954095406446,0.1768697982954082
2027,independent,optimistic,equal,strict,0.9,0.03997582632171085,0.1800200543680245,0.1888642719249913
2027,independent,optimistic,equal,strict,0.95,0.03997582632171085,0.18665716319532802,0.1946261835008637
2027,independent,optimistic,uptake_heavy,strict,0.9,0.027442421705673035,0.11172929187367635,0.11963637552650279
2027,independent,optimistic,uptake_heavy,strict,0.95,0.027442421705673035,0.11736700514774157,0.12483602294882461
2027,independent,optimistic,grid_emissions_heavy,strict,0.9,0.02964175920661571,0.11797499826232534,0.13041751122999573
2027,independent,optimistic,grid_emissions_heavy,strict,0.95,0.02964175920661571,0.12639411808508486,0.13857282382844743
2027,independent,optimistic,fossil_heavy,strict,0.9,0.026974650395861197,0.10895744235509802,0.11818463837864303
2027,independent,optimistic,fossil_heavy,strict,0.95,0.026974650395861197,0.11604121576673553,0.12472603208025422
2028,independent,optimistic,baseline,lenient,0.9,0.0,0.0,0.0
2028,independent,optimistic,baseline,lenient,0.95,0.0,0.0,0.0
2028,independent,optimistic,equal,lenient,0.9,0.0,0.0,0.0
2028,independent,optimistic,equal,lenient,0.95,0.0,0.0,0.0
2028,independent,optimistic,uptake_heavy,lenient,0.9,0.0,0.0,0.0
2028,independent,optimistic,uptake_heavy,lenient,0.95,0.0,0.0,0.0
2028,independent,optimistic,grid_emissions_heavy,lenient,0.9,0.0,0.0,0.0
2028,independent,optimistic,grid_emissions_heavy,lenient,0.95,0.0,0.0,0.0
2028,independent,optimistic,fossil_heavy,lenient,0.9,0.0,0.0,0.0
2028,independent,optimistic,fossil_heavy,lenient,0.95,0.0,0.0,0.0
2028,independent,optimistic,baseline,baseline,0.9,0.0,0.0,0.0
2028,independent,optimistic,baseline,baseline,0.95,0.0,0.0,0.0
2028,independent,optimistic,equal,baseline,0.9,0.0,0.0,0.0
2028,independent,optimistic,equal,baseline,0.95,0.0,0.0,0.0
2028,independent,optimistic,uptake_heavy,baseline,0.9,0.0,0.0,0.0
2028,independent,optimistic,uptake_heavy,baseline,0.95,0.0,0.0,0.0
2028,independent,optimistic,grid_emissions_heavy,baseline,0.9,0.0,0.0,0.0
2028,independent,optimistic,grid_emissions_heavy,baseline,0.95,0.0,0.0,0.0
2028,independent,optimistic,fossil_heavy,baseline,0.9,0.0,0.0,0.0
2028,independent,optimistic,fossil_heavy,baseline,0.95,0.0,0.0,0.0
2028,independent,optimistic,baseline,strict,0.9,0.037119214525695735,0.16204413419379518,0.17075917863484727
2028,independent,optimistic,baseline,strict,0.95,0.037119214525695735,0.168122904813397,0.17677950639179152
2028,independent,optimistic,equal,strict,0.9,0.040434284980493194,0.1800283704535685,0.18868163613187353
2028,independent,optimistic,equal,strict,0.95,0.040434284980493194,0.18654465097448228,0.19430888966008958
2028,independent,optimistic,uptake_heavy,strict,0.9,0.027790416430513467,0.1118389154178612,0.1197081573585313
2028,independent,optimistic,uptake_heavy,strict,0.95,0.027790416430513467,0.11721998687837358,0.1249810557511711
2028,independent,optimistic,grid_emissions_heavy,strict,0.9,0.030097651949200957,0.11828618103721042,0.1304424585748768
2028,independent,optimistic,grid_emissions_heavy,strict,0.95,0.030097651949200957,0.1266713380525164,0.1385015740276068
2028,independent,optimistic,fossil_heavy,strict,0.9,0.02731329295458038,0.10890560505768551,0.11799327369293341
2028,independent,optimistic,fossil_heavy,strict,0.95,0.02731329295458038,0.11576397377218475,0.12447561815754359
2029,independent,optimistic,baseline,lenient,0.9,0.0,0.0,0.0
2029,independent,optimistic,baseline,lenient,0.95,0.0,0.0,0.0
2029,independent,optimistic,equal,lenient,0.9,0.0,0.0,0.0
2029,independent,optimistic,equal,lenient,0.95,0.0,0.0,0.0
2029,independent,optimistic,uptake_heavy,lenient,0.9,0.0,0.0,0.0
2029,independent,optimistic,uptake_heavy,lenient,0.95,0.0,0.0,0.0
2029,independent,optimistic,grid_emissions_heavy,lenient,0.9,0.0,0.0,0.0
2029,independent,optimistic,grid_emissions_heavy,lenient,0.95,0.0,0.0,0.0
2029,independent,optimistic,fossil_heavy,lenient,0.9,0.0,0.0,0.0
2029,independent,optimistic,fossil_heavy,lenient,0.95,0.0,0.0,0.0
2029,independent,optimistic,baseline,baseline,0.9,0.0,0.0,0.0
2029,independent,optimistic,baseline,baseline,0.95,0.0,0.0,0.0
2029,independent,optimistic,equal,baseline,0.9,0.0,0.0,0.0
2029,independent,optimistic,equal,baseline,0.95,0.0,0.0,0.0
2029,independent,optimistic,uptake_heavy,baseline,0.9,0.0,0.0,0.0
2029,independent,optimistic,uptake_heavy,baseline,0.95,0.0,0.0,0.0
2029,independent,optimistic,grid_emissions_heavy,baseline,0.9,0.0,0.0,0.0
2029,independent,optimistic,grid_emissions_heavy,baseline,0.95,0.0,0.0,0.0
2029,independent,optimistic,fossil_heavy,baseline,0.9,0.0,0.0,0.0
2029,independent,optimistic,fossil_heavy,baseline,0.95,0.0,0.0,0.0
2029,independent,optimistic,baseline,strict,0.9,0.03664772303529738,0.16203994493636378,0.17066849575338358
2029,independent,optimistic,baseline,strict,0.95,0.03664772303529738,0.16786999029120092,0.17661449007091073
2029,independent,optimistic,equal,strict,0.9,0.03989185531109041,0.1800980548966093,0.18865141566331423
2029,independent,optimistic,equal,strict,0.95,0.03989185531109041,0.18649364709016625,0.19433438517700477
2029,independent,optimistic,uptake_heavy,strict,0.9,0.027525479217455347,0.11183421248730166,0.11967666390134644
2029,independent,optimistic,uptake_heavy,strict,0.95,0.027525479217455347,0.11715025201263334,0.12492633166885
2029,independent,optimistic,grid_emissions_heavy,strict,0.9,0.029677777335376927,0.11806181555460926,0.13017213798182542
2029,independent,optimistic,grid_emissions_heavy,strict,0.95,0.029677777335376927,0.12634619925517357,0.13811553528655607
2029,independent,optimistic,fossil_heavy,strict,0.9,0.026988707146911303,0.1088771860968713,0.11792701901039682
2029,independent,optimistic,fossil_heavy,strict,0.95,0.026988707146911303,0.11536210571541708,0.12437770681467698
2030,independent,optimistic,baseline,lenient,0.9,0.0,0.0,0.0
2030,independent,optimistic,baseline,lenient,0.95,0.0,0.0,0.0
2030,independent,optimistic,equal,lenient,0.9,0.0,0.0,0.0
2030,independent,optimistic,equal,lenient,0.95,0.0,0.0,0.0
2030,independent,optimistic,uptake_heavy,lenient,0.9,0.0,0.0,0.0
2030,independent,optimistic,uptake_heavy,lenient,0.95,0.0,0.0,0.0
2030,independent,optimistic,grid_emissions_heavy,lenient,0.9,0.0,0.0,0.0
2030,independent,optimistic,grid_emissions_heavy,lenient,0.95,0.0,0.0,0.0
2030,independent,optimistic,fossil_heavy,lenient,0.9,0.0,0.0,0.0
2030,independent,optimistic,fossil_heavy,lenient,0.95,0.0,0.0,0.0
2030,independent,optimistic,baseline,baseline,0.9,0.0,0.0,0.0
2030,independent,optimistic,baseline,baseline,0.95,0.0,0.0,0.0
2030,independent,optimistic,equal,baseline,0.9,0.0,0.0,0.0
2030,independent,optimistic,equal,baseline,0.95,0.0,0.0,0.0
2030,independent,optimistic,uptake_heavy,baseline,0.9,0.0,0.0,0.0
2030,independent,optimistic,uptake_heavy,baseline,0.95,0.0,0.0,0.0
2030,independent,optimistic,grid_emissions_heavy,baseline,0.9,0.0,0.0,0.0
2030,independent,optimistic,grid_emissions_heavy,baseline,0.95,0.0,0.0,0.0
2030,independent,optimistic,fossil_heavy,baseline,0.9,0.0,0.0,0.0
2030,independent,optimistic,fossil_heavy,baseline,0.95,0.0,0.0,0.0
2030,independent,optimistic,baseline,strict,0.9,0.03742533802257169,0.16244152536149323,0.1712940137819958
2030,independent,optimistic,baseline,strict,0.95,0.03742533802257169,0.16842632210556518,0.17754133089605936
2030,independent,optimistic,equal,strict,0.9,0.040760718687299434,0.18035357778541636,0.18916969047058696
2030,independent,optimistic,equal,strict,0.95,0.040760718687299434,0.18696062974209046,0.19496256920554791
2030,independent,optimistic,uptake_heavy,strict,0.9,0.027951647816836622,0.11219496821195173,0.12003892097628371
2030,independent,optimistic,uptake_heavy,strict,0.95,0.027951647816836622,0.1175979926320703,0.12537843633980172
2030,independent,optimistic,grid_emissions_heavy,strict,0.9,0.030318571797149117,0.11875292270509107,0.13131696786850477
2030,independent,optimistic,grid_emissions_heavy,strict,0.95,0.030318571797149117,0.1268954360807823,0.13985131890198318
2030,independent,optimistic,fossil_heavy,strict,0.9,0.027499150773584887,0.10909452930662837,0.11850752879676077
2030,independent,optimistic,fossil_heavy,strict,0.95,0.027499150773584887,0.1161878374799018,0.1252361041526949
2026,independent,stress_tail,baseline,lenient,0.9,0.2597178975043672,0.2979372973567024,0.30974226649790093
2026,independent,stress_tail,baseline,lenient,0.95,0.2597178975043672,0.3077487733766376,0.3169962190601197
2026,independent,stress_tail,equal,lenient,0.9,0.25707042242165684,0.2959881445337239,0.3076680893167203
2026,independent,stress_tail,equal,lenient,0.95,0.25707042242165684,0.30582770329965325,0.3146923893098982
2026,independent,stress_tail,uptake_heavy,lenient,0.9,0.2583285003593759,0.2952470807787714,0.30684193979876023
2026,independent,stress_tail,uptake_heavy,lenient,0.95,0.2583285003593759,0.3048339809976112,0.3139873087203711
2026,independent,stress_tail,grid_emissions_heavy,lenient,0.9,0.26583742658401066,0.31255195908830624,0.3234312251670102
2026,independent,stress_tail,grid_emissions_heavy,lenient,0.95,0.26583742658401066,0.3218361305107985,0.3299157694972964
2026,independent,stress_tail,fossil_heavy,lenient,0.9,0.2949988452274378,0.34219645541931687,0.35540203756187516
2026,independent,stress_tail,fossil_heavy,lenient,0.95,0.2949988452274378,0.35318808712333144,0.363495767913167
2026,independent,stress_tail,baseline,baseline,0.9,0.373334943866741,0.4115543437190763,0.42335931286027473
2026,independent,stress_tail,baseline,baseline,0.95,0.373334943866741,0.42136581973901144,0.43061326542249356
2026,independent,stress_tail,equal,baseline,0.9,0.36955342469661084,0.40847114680867797,0.42015109159167424
2026,independent,stress_tail,equal,baseline,0.95,0.36955342469661084,0.4183107055746073,0.4271753915848521
2026,independent,stress_tail,uptake_heavy,baseline,0.9,0.3713431837944968,0.4082617642138923,0.4198566232338811
2026,independent,stress_tail,uptake_heavy,baseline,0.95,0.3713431837944968,0.41784866443273216,0.427001992155492
2026,independent,stress_tail,grid_emissions_heavy,baseline,0.9,0.38213930411235936,0.42885383661665494,0.43973310269535876
2026,independent,stress_tail,grid_emissions_heavy,baseline,0.95,0.38213930411235936,0.4381380080391472,0.44621764702564515
2026,independent,stress_tail,fossil_heavy,baseline,0.9,0.4240357256653211,0.4712333358572003,0.4844389179997585
2026,independent,stress_tail,fossil_heavy,baseline,0.95,0.4240357256653211,0.4822249675612148,0.4925326483510504
2026,independent,stress_tail,baseline,strict,0.9,0.47221789750436494,0.5104372973567002,0.5222422664978987
2026,independent,stress_tail,baseline,strict,0.95,0.47221789750436494,0.5202487733766353,0.5294962190601175
2026,independent,stress_tail,equal,strict,0.9,0.4654037557549884,0.5043214778670554,0.5160014226500518
2026,independent,stress_tail,equal,strict,0.95,0.4654037557549884,0.5141610366329847,0.5230257226432298
2026,independent,stress_tail,uptake_heavy,strict,0.9,0.48332850035937447,0.52024708077877,0.5318419397987588
2026,independent,stress_tail,uptake_heavy,strict,0.95,0.48332850035937447,0.5298339809976098,0.5389873087203696
2026,independent,stress_tail,grid_emissions_heavy,strict,0.9,0.49083742658400914,0.5375519590883047,0.5484312251670085
2026,independent,stress_tail,grid_emissions_heavy,strict,0.95,0.49083742658400914,0.546836130510797,0.5549157694972948
2026,independent,stress_tail,fossil_heavy,strict,0.9,0.519998845227434,0.5671964554193132,0.5804020375618714
2026,independent,stress_tail,fossil_heavy,strict,0.95,0.519998845227434,0.5781880871233276,0.5884957679131633
2027,independent,stress_tail,baseline,lenient,0.9,0.25965227583158496,0.29808059134259274,0.3091602894634198
2027,independent,stress_tail,baseline,lenient,0.95,0.25965227583158496,0.30721814808417514,0.315972996809885
2027,independent,stress_tail,equal,lenient,0.9,0.2570636946873954,0.29596277655799047,0.30720924478149925
2027,independent,stress_tail,equal,lenient,0.95,0.2570636946873954,0.30531453528155295,0.31406328380643206
2027,independent,stress_tail,uptake_heavy,lenient,0.9,0.25821733666736135,0.2949442219198784,0.30610767678936807
2027,independent,stress_tail,uptake_heavy,lenient,0.95,0.25821733666736135,0.30404764116130567,0.31310659293537124
2027,independent,stress_tail,grid_emissions_heavy,lenient,0.9,0.2658477887321059,0.31236201560635285,0.32289982474703155
2027,independent,stress_tail,grid_emissions_heavy,lenient,0.95,0.2658477887321059,0.32139483955161513,0.32917048028160606
2027,independent,stress_tail,fossil_heavy,lenient,0.9,0.2948910377453698,0.34247787059812906,0.35499800061045583
2027,independent,stress_tail,fossil_heavy,lenient,0.95,0.2948910377453698,0.3528935103626015,0.3625639435661865
2027,independent,stress_tail,baseline,baseline,0.9,0.37326932219396347,0.4116976377049713,0.4227773358257983
2027,independent,stress_tail,baseline,baseline,0.95,0.37326932219396347,0.4208351944465536,0.42959004317226357
2027,independent,stress_tail,equal,baseline,0.9,0.3695466969623533,0.40844577883294836,0.4196922470564572
2027,independent,stress_tail,equal,baseline,0.95,0.3695466969623533,0.41779753755651095,0.42654628608139
2027,independent,stress_tail,uptake_heavy,baseline,0.9,0.3712320201024856,0.4079589053550027,0.41912236022449234
2027,independent,stress_tail,uptake_heavy,baseline,0.95,0.3712320201024856,0.41706232459643,0.42612127637049546
2027,independent,stress_tail,grid_emissions_heavy,baseline,0.9,0.38214966626045754,0.42866389313470443,0.43920170227538324
2027,independent,stress_tail,grid_emissions_heavy,baseline,0.95,0.38214966626045754,0.43769671707996666,0.4454723578099577
2027,independent,stress_tail,fossil_heavy,baseline,0.9,0.42392791818326103,0.4715147510360203,0.4840348810483471
2027,independent,stress_tail,fossil_heavy,baseline,0.95,0.42392791818326103,0.48193039080049277,0.49160082400407773
2027,independent,stress_tail,baseline,strict,0.9,0.47215227583158514,0.5105805913425929,0.52166028946342
2027,independent,stress_tail,baseline,strict,0.95,0.47215227583158514,0.5197181480841753,0.5284729968098852
2027,independent,stress_tail,equal,strict,0.9,0.46539702802072896,0.504296109891324,0.5155425781148327
2027,independent,stress_tail,equal,strict,0.95,0.46539702802072896,0.5136478686148865,0.5223966171397656
2027,independent,stress_tail,uptake_heavy,strict,0.9,0.48321733666736144,0.5199442219198784,0.5311076767893683
2027,independent,stress_tail,uptake_heavy,strict,0.95,0.48321733666736144,0.5290476411613059,0.5381065929353714
2027,independent,stress_tail,grid_emissions_heavy,strict,0.9,0.49084778873210627,0.5373620156063532,0.5478998247470319
2027,independent,stress_tail,grid_emissions_heavy,strict,0.95,0.49084778873210627,0.5463948395516154,0.5541704802816064
2027,independent,stress_tail,fossil_heavy,strict,0.9,0.5198910377453699,0.5674778705981293,0.579998000610456
2027,independent,stress_tail,fossil_heavy,strict,0.95,0.5198910377453699,0.5778935103626018,0.5875639435661867
2028,independent,stress_tail,baseline,lenient,0.9,0.2595729545341308,0.2977814133791902,0.3094099157366529
2028,independent,stress_tail,baseline,lenient,0.95,0.2595729545341308,0.3072931752801124,0.3166004757343633
2028,independent,stress_tail,equal,lenient,0.9,0.25700333989545154,0.2957181809525033,0.3072003107386516
2028,independent,stress_tail,equal,lenient,0.95,0.25700333989545154,0.3048698820384223,0.3142853628018364
2028,independent,stress_tail,uptake_heavy,lenient,0.9,0.2582737728660058,0.2946776002883662,0.30645361563565615
2028,independent,stress_tail,uptake_heavy,lenient,0.95,0.2582737728660058,0.30444259623471787,0.31368758772542243
2028,independent,stress_tail,grid_emissions_heavy,lenient,0.9,0.2654206732560346,0.31222546230103415,0.3230785038344037
2028,independent,stress_tail,grid_emissions_heavy,lenient,0.95,0.2654206732560346,0.3212986563082521,0.3296067154203892
2028,independent,stress_tail,fossil_heavy,lenient,0.9,0.29493771026186993,0.3420003589362845,0.35525540703066033
2028,independent,stress_tail,fossil_heavy,lenient,0.95,0.29493771026186993,0.35311029449672,0.36314527761282617
2028,independent,stress_tail,baseline,baseline,0.9,0.3731900008965079,0.41139845974156725,0.4230269620990299
2028,independent,stress_tail,baseline,baseline,0.95,0.3731900008965079,0.4209102216424895,0.43021752209674036
2028,independent,stress_tail,equal,baseline,0.9,0.36948634217040827,0.4082011832274601,0.41968331301360834
2028,independent,stress_tail,equal,baseline,0.95,0.36948634217040827,0.41735288431337897,0.4267683650767931
2028,independent,stress_tail,uptake_heavy,baseline,0.9,0.371288456301129,0.4076922837234893,0.4194682990707793
2028,independent,stress_tail,uptake_heavy,baseline,0.95,0.371288456301129,0.4174572796698409,0.42670227116054554
2028,independent,stress_tail,grid_emissions_heavy,baseline,0.9,0.3817225507843849,0.42852733982938446,0.4393803813627539
2028,independent,stress_tail,grid_emissions_heavy,baseline,0.95,0.3817225507843849,0.4376005338366024,0.4459085929487395
2028,independent,stress_tail,fossil_heavy,baseline,0.9,0.423974590699759,0.4710372393741735,0.48429228746854935
2028,independent,stress_tail,fossil_heavy,baseline,0.95,0.423974590699759,0.48214717493460907,0.4921821580507152
2028,independent,stress_tail,baseline,strict,0.9,0.4720729545341312,0.5102814133791905,0.5219099157366531
2028,independent,stress_tail,baseline,strict,0.95,0.4720729545341312,0.5197931752801127,0.5291004757343637
2028,independent,stress_tail,equal,strict,0.9,0.4653366732287855,0.5040515142858374,0.5155336440719855
2028,independent,stress_tail,equal,strict,0.95,0.4653366732287855,0.5132032153717562,0.5226186961351703
2028,independent,stress_tail,uptake_heavy,strict,0.9,0.4832737728660062,0.5196776002883665,0.5314536156356564
2028,independent,stress_tail,uptake_heavy,strict,0.95,0.4832737728660062,0.5294425962347182,0.5386875877254227
2028,independent,stress_tail,grid_emissions_heavy,strict,0.9,0.49042067325603494,0.5372254623010345,0.5480785038344039
2028,independent,stress_tail,grid_emissions_heavy,strict,0.95,0.49042067325603494,0.5462986563082524,0.5546067154203895
2028,independent,stress_tail,fossil_heavy,strict,0.9,0.5199377102618703,0.5670003589362849,0.5802554070306607
2028,independent,stress_tail,fossil_heavy,strict,0.95,0.5199377102618703,0.5781102944967204,0.5881452776128264
2029,independent,stress_tail,baseline,lenient,0.9,0.25953020391358606,0.29811162875077135,0.3096186083554887
2029,independent,stress_tail,baseline,lenient,0.95,0.25953020391358606,0.3074384640281823,0.31683656650434294
2029,independent,stress_tail,equal,lenient,0.9,0.25693646585941304,0.2960412099730116,0.3075634940845434
2029,independent,stress_tail,equal,lenient,0.95,0.25693646585941304,0.30541060245620416,0.31460310043303347
2029,independent,stress_tail,uptake_heavy,lenient,0.9,0.25817931364798624,0.2951028379469238,0.30683514603487705
2029,independent,stress_tail,uptake_heavy,lenient,0.95,0.25817931364798624,0.30456344293389515,0.31402818051616715
2029,independent,stress_tail,grid_emissions_heavy,lenient,0.9,0.26557641331479265,0.31231954543411367,0.32312090492241846
2029,independent,stress_tail,grid_emissions_heavy,lenient,0.95,0.26557641331479265,0.3213235505908667,0.32962874504848705
2029,independent,stress_tail,fossil_heavy,lenient,0.9,0.294796908023981,0.3423868839221602,0.35518934336729646
2029,independent,stress_tail,fossil_heavy,lenient,0.95,0.294796908023981,0.3530623761822816,0.3631686377652621
2029,independent,stress_tail,baseline,baseline,0.9,0.3731472502759619,0.41172867511314726,0.4232356547178646
2029,independent,stress_tail,baseline,baseline,0.95,0.3731472502759619,0.42105551039055816,0.43045361286671885
2029,independent,stress_tail,equal,baseline,0.9,0.36941946813436877,0.4085242122479673,0.4200464963594992
2029,independent,stress_tail,equal,baseline,0.95,0.36941946813436877,0.4178936047311599,0.42708610270798913
2029,independent,stress_tail,uptake_heavy,baseline,0.9,0.37119399708310846,0.4081175213820461,0.4198498294699993
2029,independent,stress_tail,uptake_heavy,baseline,0.95,0.37119399708310846,0.4175781263690174,0.4270428639512895
2029,independent,stress_tail,grid_emissions_heavy,baseline,0.9,0.3818782908431421,0.4286214229624632,0.43942278245076793
2029,independent,stress_tail,grid_emissions_heavy,baseline,0.95,0.3818782908431421,0.4376254281192163,0.4459306225768366
2029,independent,stress_tail,fossil_heavy,baseline,0.9,0.42383378846186825,0.47142376436004735,0.4842262238051837
2029,independent,stress_tail,fossil_heavy,baseline,0.95,0.42383378846186825,0.4820992566201687,0.4922055182031493
2029,independent,stress_tail,baseline,strict,0.9,0.4720302039135863,0.5106116287507717,0.5221186083554891
2029,independent,stress_tail,baseline,strict,0.95,0.4720302039135863,0.5199384640281827,0.5293365665043432
2029,independent,stress_tail,equal,strict,0.9,0.46526979919274664,0.5043745433063451,0.5158968274178771
2029,independent,stress_tail,equal,strict,0.95,0.46526979919274664,0.5137439357895377,0.522936433766367
2029,independent,stress_tail,uptake_heavy,strict,0.9,0.4831793136479866,0.5201028379469241,0.5318351460348775
2029,independent,stress_tail,uptake_heavy,strict,0.95,0.4831793136479866,0.5295634429338955,0.5390281805161675
2029,independent,stress_tail,grid_emissions_heavy,strict,0.9,0.4905764133147926,0.5373195454341136,0.5481209049224184
2029,independent,stress_tail,grid_emissions_heavy,strict,0.95,0.4905764133147926,0.5463235505908668,0.5546287450484869
2029,independent,stress_tail,fossil_heavy,strict,0.9,0.5197969080239818,0.567386883922161,0.5801893433672972
2029,independent,stress_tail,fossil_heavy,strict,0.95,0.5197969080239818,0.5780623761822822,0.5881686377652628
2030,independent,stress_tail,baseline,lenient,0.9,0.2597473508166563,0.2981309799763598,0.3094580350437743
2030,independent,stress_tail,baseline,lenient,0.95,0.2597473508166563,0.30725138347294334,0.3165842878823944
2030,independent,stress_tail,equal,lenient,0.9,0.25717568227423815,0.2960518219077704,0.30739675087378376
2030,independent,stress_tail,equal,lenient,0.95,0.25717568227423815,0.30522725510916304,0.3144500911110111
2030,independent,stress_tail,uptake_heavy,lenient,0.9,0.2583281262063304,0.2951593411368756,0.3065030962693939
2030,independent,stress_tail,uptake_heavy,lenient,0.95,0.2583281262063304,0.3045924624705396,0.313519491953342
2030,independent,stress_tail,grid_emissions_heavy,lenient,0.9,0.2660005750711224,0.3125468628252023,0.32316099639907625
2030,independent,stress_tail,grid_emissions_heavy,lenient,0.95,0.2660005750711224,0.32150330987619924,0.3294889282720927
2030,independent,stress_tail,fossil_heavy,lenient,0.9,0.29494002572966893,0.34221786221039907,0.3551330238602616
2030,independent,stress_tail,fossil_heavy,lenient,0.95,0.29494002572966893,0.35282214079157187,0.36305443093369205
2030,independent,stress_tail,baseline,baseline,0.9,0.37336439717903375,0.41174802633873725,0.42307508140615174
2030,independent,stress_tail,baseline,baseline,0.95,0.37336439717903375,0.4208684298353208,0.4302013342447718
2030,independent,stress_tail,equal,baseline,0.9,0.36965868454919504,0.4085348241827273,0.41987975314874065
2030,independent,stress_tail,equal,baseline,0.95,0.36965868454919504,0.41771025738412,0.4269330933859679
2030,independent,stress_tail,uptake_heavy,baseline,0.9,0.3713428096414537,0.40817402457199903,0.4195177797045174
2030,independent,stress_tail,uptake_heavy,baseline,0.95,0.3713428096414537,0.41760714590566306,0.42653417538846544
2030,independent,stress_tail,grid_emissions_heavy,baseline,0.9,0.3823024525994729,0.42884874035355275,0.4394628739274267
2030,independent,stress_tail,grid_emissions_heavy,baseline,0.95,0.3823024525994729,0.4378051874045497,0.4457908058004431
2030,independent,stress_tail,fossil_heavy,baseline,0.9,0.4239769061675588,0.471254742648289,0.48416990429815143
2030,independent,stress_tail,fossil_heavy,baseline,0.95,0.4239769061675588,0.4818590212294617,0.49209131137158196
2030,independent,stress_tail,baseline,strict,0.9,0.4722473508166569,0.5106309799763604,0.5219580350437749
2030,independent,stress_tail,baseline,strict,0.95,0.4722473508166569,0.5197513834729439,0.5290842878823949
2030,independent,stress_tail,equal,strict,0.9,0.4655090156075719,0.504385155241104,0.5157300842071174
2030,independent,stress_tail,equal,strict,0.95,0.4655090156075719,0.5135605884424969,0.5227834244443448
2030,independent,stress_tail,uptake_heavy,strict,0.9,0.48332812620633075,0.5201593411368759,0.5315030962693943
2030,independent,stress_tail,uptake_heavy,strict,0.95,0.48332812620633075,0.52959246247054,0.5385194919533424
2030,independent,stress_tail,grid_emissions_heavy,strict,0.9,0.4910005750711225,0.5375468628252025,0.5481609963990763
2030,independent,stress_tail,grid_emissions_heavy,strict,0.95,0.4910005750711225,0.5465033098761994,0.5544889282720928
2030,independent,stress_tail,fossil_heavy,strict,0.9,0.5199400257296702,0.5672178622104003,0.5801330238602629
2030,independent,stress_tail,fossil_heavy,strict,0.95,0.5199400257296702,0.577822140791573,0.5880544309336934
2026,gaussian,conservative,baseline,lenient,0.9,0.14529039413419004,0.2369296605380718,0.26873139032451543
2026,gaussian,conservative,baseline,lenient,0.95,0.14529039413419004,0.2634514038864105,0.2884796346571925
2026,gaussian,conservative,equal,lenient,0.9,0.14735624118180346,0.2496034745505038,0.28972357598833853
2026,gaussian,conservative,equal,lenient,0.95,0.14735624118180346,0.2843183419871034,0.31321080096681836
2026,gaussian,conservative,uptake_heavy,lenient,0.9,0.13710508587981,0.21035160249551155,0.23334684109579554
2026,gaussian,conservative,uptake_heavy,lenient,0.95,0.13710508587981,0.2289279662870434,0.2477493990785175
2026,gaussian,conservative,grid_emissions_heavy,lenient,0.9,0.14288768504612107,0.2354297371921043,0.2654003095336056
2026,gaussian,conservative,grid_emissions_heavy,lenient,0.95,0.14288768504612107,0.2596602538500308,0.2844926859921591
2026,gaussian,conservative,fossil_heavy,lenient,0.9,0.15226516419593178,0.22983179837284154,0.25603234639172684
2026,gaussian,conservative,fossil_heavy,lenient,0.95,0.15226516419593178,0.250213000815819,0.272799324892558
2026,gaussian,conservative,baseline,baseline,0.9,0.2268926033448468,0.30569378350904736,0.33221904028726357
2026,gaussian,conservative,baseline,baseline,0.95,0.2268926033448468,0.326346620674941,0.3489366382951333
2026,gaussian,conservative,equal,baseline,0.9,0.2245777069450182,0.30445392388472714,0.33093234433891494
2026,gaussian,conservative,equal,baseline,0.95,0.2245777069450182,0.3258820273305034,0.3477400019214362
2026,gaussian,conservative,uptake_heavy,baseline,0.9,0.2256751803267934,0.3070084037173691,0.33435731572372357
2026,gaussian,conservative,uptake_heavy,baseline,0.95,0.2256751803267934,0.329225739350773,0.3512679666159825
2026,gaussian,conservative,grid_emissions_heavy,baseline,0.9,0.23214879771180214,0.32799347720890765,0.3554205174556935
2026,gaussian,conservative,grid_emissions_heavy,baseline,0.95,0.23214879771180214,0.35080276437914304,0.3724009858870211
2026,gaussian,conservative,fossil_heavy,baseline,0.9,0.25778307367260284,0.343860646595524,0.3736203936666659
2026,gaussian,conservative,fossil_heavy,baseline,0.95,0.25778307367260284,0.36724058788716674,0.39267370574590554
2026,gaussian,conservative,baseline,strict,0.9,0.3257755569824707,0.40457673714667125,0.43110199392488746
2026,gaussian,conservative,baseline,strict,0.95,0.3257755569824707,0.4252295743125649,0.44781959193275717
2026,gaussian,conservative,equal,strict,0.9,0.32042803800339564,0.4003042549431046,0.4267826753972925
2026,gaussian,conservative,equal,strict,0.95,0.32042803800339564,0.4217323583888809,0.44359033297981365
2026,gaussian,conservative,uptake_heavy,strict,0.9,0.33766049689167105,0.41899372028224674,0.4463426322886012
2026,gaussian,conservative,uptake_heavy,strict,0.95,0.33766049689167105,0.4412110559156506,0.4632532831808601
2026,gaussian,conservative,grid_emissions_heavy,strict,0.9,0.340846920183452,0.4366915996805575,0.46411863992734326
2026,gaussian,conservative,grid_emissions_heavy,strict,0.95,0.340846920183452,0.4595008868507929,0.4810991083586709
2026,gaussian,conservative,fossil_heavy,strict,0.9,0.3537461932347157,0.43982376615763696,0.46958351322877884
2026,gaussian,conservative,fossil_heavy,strict,0.95,0.3537461932347157,0.4632037074492795,0.48863682530801833
2027,gaussian,conservative,baseline,lenient,0.9,0.14751449282673992,0.24074260213825835,0.27189708130929513
2027,gaussian,conservative,baseline,lenient,0.95,0.14751449282673992,0.26625848806872776,0.29124146147166863
2027,gaussian,conservative,equal,lenient,0.9,0.14985447781052086,0.2552869817943677,0.2936791874641489
2027,gaussian,conservative,equal,lenient,0.95,0.14985447781052086,0.2879720842655972,0.31678118405257194
2027,gaussian,conservative,uptake_heavy,lenient,0.9,0.13875825918154439,0.21242062922541735,0.23448176056998712
2027,gaussian,conservative,uptake_heavy,lenient,0.95,0.13875825918154439,0.2301464497346099,0.24846326018462117
2027,gaussian,conservative,grid_emissions_heavy,lenient,0.9,0.14481869952351847,0.23896121104180337,0.26858125093836915
2027,gaussian,conservative,grid_emissions_heavy,lenient,0.95,0.14481869952351847,0.2627555230223553,0.2872614836527965
2027,gaussian,conservative,fossil_heavy,lenient,0.9,0.15393820884639603,0.2314320268367907,0.2571828227877799
2027,gaussian,conservative,fossil_heavy,lenient,0.95,0.15393820884639603,0.25160488530968134,0.27325445669466003
2027,gaussian,conservative,baseline,baseline,0.9,0.22765714854330626,0.3067535919678356,0.332878940469315
2027,gaussian,conservative,baseline,baseline,0.95,0.22765714854330626,0.3277122176762094,0.3493378070270313
2027,gaussian,conservative,equal,baseline,0.9,0.2254519490752834,0.3061599258091549,0.33159487237001883
2027,gaussian,conservative,equal,baseline,0.95,0.2254519490752834,0.326288472780002,0.34785979263819206
2027,gaussian,conservative,uptake_heavy,baseline,0.9,0.22634662728997673,0.30789349650618586,0.3348518621482113
2027,gaussian,conservative,uptake_heavy,baseline,0.95,0.22634662728997673,0.3299262828456767,0.35147799743282426
2027,gaussian,conservative,grid_emissions_heavy,baseline,0.9,0.23324425210075433,0.3296364519154626,0.3565041823856715
2027,gaussian,conservative,grid_emissions_heavy,baseline,0.95,0.23324425210075433,0.35252235187136965,0.37331961836062244
2027,gaussian,conservative,fossil_heavy,baseline,0.9,0.25846696940274105,0.3450466524297381,0.37420990368893065
2027,gaussian,conservative,fossil_heavy,baseline,0.95,0.25846696940274105,0.3686797197087857,0.3928367684678335
2027,gaussian,conservative,baseline,strict,0.9,0.3265401021809279,0.40563654560545725,0.43176189410693666
2027,gaussian,conservative,baseline,strict,0.95,0.3265401021809279,0.42659517131383096,0.44822076066465305
2027,gaussian,conservative,equal,strict,0.9,0.321302280133659,0.4020102568675305,0.4274452034283944
2027,gaussian,conservative,equal,strict,0.95,0.321302280133659,0.42213880383837765,0.4437101236965677
2027,gaussian,conservative,uptake_heavy,strict,0.9,0.3383319438548526,0.4198788130710617,0.44683717871308715
2027,gaussian,conservative,uptake_heavy,strict,0.95,0.3383319438548526,0.44191159941055264,0.46346331399770013
2027,gaussian,conservative,grid_emissions_heavy,strict,0.9,0.34194237457240306,0.4383345743871114,0.46520230485732006
2027,gaussian,conservative,grid_emissions_heavy,strict,0.95,0.34194237457240306,0.46122047434301844,0.4820177408322711
2027,gaussian,conservative,fossil_heavy,strict,0.9,0.35443008896485,0.4410097719918471,0.47017302325103966
2027,gaussian,conservative,fossil_heavy,strict,0.95,0.35443008896485,0.46464283927089467,0.4887998880299425
2028,gaussian,conservative,baseline,lenient,0.9,0.1466992045177555,0.23977402807113188,0.2714992195115168
2028,gaussian,conservative,baseline,lenient,0.95,0.1466992045177555,0.26546324762566165,0.2913165100211548
2028,gaussian,conservative,equal,lenient,0.9,0.1489732829056946,0.25416845612709593,0.29351827804624636
2028,gaussian,conservative,equal,lenient,0.95,0.1489732829056946,0.287462174697736,0.31727218811134095
2028,gaussian,conservative,uptake_heavy,lenient,0.9,0.1382079251941097,0.21100940440823976,0.23426023722610614
2028,gaussian,conservative,uptake_heavy,lenient,0.95,0.1382079251941097,0.22977427946713014,0.24914083450015814
2028,gaussian,conservative,grid_emissions_heavy,lenient,0.9,0.14398768999215988,0.23837063860840202,0.26874294507976115
2028,gaussian,conservative,grid_emissions_heavy,lenient,0.95,0.14398768999215988,0.26269821527952686,0.28792150635032376
2028,gaussian,conservative,fossil_heavy,lenient,0.9,0.15336164564351157,0.2308415681799553,0.25680504570650314
2028,gaussian,conservative,fossil_heavy,lenient,0.95,0.15336164564351157,0.2512290588213083,0.27352206864439327
2028,gaussian,conservative,baseline,baseline,0.9,0.2271589545097645,0.3067960517289614,0.3329533339782733
2028,gaussian,conservative,baseline,baseline,0.95,0.2271589545097645,0.32768145504095714,0.3493397670929266
2028,gaussian,conservative,equal,baseline,0.9,0.22490426439590502,0.30549579335851546,0.3319747383261443
2028,gaussian,conservative,equal,baseline,0.95,0.22490426439590502,0.32705917516860833,0.34839965977931037
2028,gaussian,conservative,uptake_heavy,baseline,0.9,0.2259534403248695,0.3075954384923734,0.33413544350113844
2028,gaussian,conservative,uptake_heavy,baseline,0.95,0.2259534403248695,0.3286612312728733,0.35085162467430464
2028,gaussian,conservative,grid_emissions_heavy,baseline,0.9,0.2324570196421053,0.3294791128982506,0.35663667133651267
2028,gaussian,conservative,grid_emissions_heavy,baseline,0.95,0.2324570196421053,0.35189900749319175,0.3734446812705721
2028,gaussian,conservative,fossil_heavy,baseline,0.9,0.2580404282216157,0.3446460160401162,0.37417836879175254
2028,gaussian,conservative,fossil_heavy,baseline,0.95,0.2580404282216157,0.36800786718150424,0.392620567424752
2028,gaussian,conservative,baseline,strict,0.9,0.32604190814738776,0.40567900536658474,0.4318362876158966
2028,gaussian,conservative,baseline,strict,0.95,0.32604190814738776,0.4265644086785804,0.4482227207305499
2028,gaussian,conservative,equal,strict,0.9,0.3207545954542822,0.4013461244168926,0.42782506938452164
2028,gaussian,conservative,equal,strict,0.95,0.3207545954542822,0.4229095062269856,0.4442499908376876
2028,gaussian,conservative,uptake_heavy,strict,0.9,0.33793875688974667,0.4195807550572506,0.44612076006601564
2028,gaussian,conservative,uptake_heavy,strict,0.95,0.33793875688974667,0.4406465478377505,0.4628369412391818
2028,gaussian,conservative,grid_emissions_heavy,strict,0.9,0.3411551421137553,0.43817723536990055,0.4653347938081626
2028,gaussian,conservative,grid_emissions_heavy,strict,0.95,0.3411551421137553,0.46059712996484165,0.48214280374222207
2028,gaussian,conservative,fossil_heavy,strict,0.9,0.3540035477837271,0.44060913560222753,0.4701414883538638
2028,gaussian,conservative,fossil_heavy,strict,0.95,0.3540035477837271,0.46397098674361553,0.48858368698686333
2029,gaussian,conservative,baseline,lenient,0.9,0.1460124832376404,0.23905666124358177,0.27126556199581026
2029,gaussian,conservative,baseline,lenient,0.95,0.1460124832376404,0.2661053197365342,0.29106466541113896
2029,gaussian,conservative,equal,lenient,0.9,0.14820537720526758,0.2528816920058701,0.2925675551047441
2029,gaussian,conservative,equal,lenient,0.95,0.14820537720526758,0.28697740254815773,0.3159671030613443
2029,gaussian,conservative,uptake_heavy,lenient,0.9,0.13758424328957286,0.21138042329614026,0.23488650882532716
2029,gaussian,conservative,uptake_heavy,lenient,0.95,0.13758424328957286,0.23008236307140933,0.25008739924005147
2029,gaussian,conservative,grid_emissions_heavy,lenient,0.9,0.14337432511498915,0.237863714048035,0.26761712472152227
2029,gaussian,conservative,grid_emissions_heavy,lenient,0.95,0.14337432511498915,0.26109369931358223,0.28628334722659465
2029,gaussian,conservative,fossil_heavy,lenient,0.9,0.15273925014899023,0.23113453846559956,0.2579299394737406
2029,gaussian,conservative,fossil_heavy,lenient,0.95,0.15273925014899023,0.251638145319139,0.27547239735554613
2029,gaussian,conservative,baseline,baseline,0.9,0.22679220106691,0.30634687830762725,0.3333386328786566
2029,gaussian,conservative,baseline,baseline,0.95,0.22679220106691,0.32741900811736757,0.35044471894939455
2029,gaussian,conservative,equal,baseline,0.9,0.2245016467040287,0.30523842739974005,0.33227276712898646
2029,gaussian,conservative,equal,baseline,0.95,0.2245016467040287,0.3266417424296335,0.3493060015551002
2029,gaussian,conservative,uptake_heavy,baseline,0.9,0.22553980843664823,0.3078357852101673,0.3351132033195408
2029,gaussian,conservative,uptake_heavy,baseline,0.95,0.22553980843664823,0.3296370428069259,0.3521244032717003
2029,gaussian,conservative,grid_emissions_heavy,baseline,0.9,0.2320744540786166,0.3282308479628416,0.35637826506495607
2029,gaussian,conservative,grid_emissions_heavy,baseline,0.95,0.2320744540786166,0.3509775890455752,0.3738982209673046
2029,gaussian,conservative,fossil_heavy,baseline,0.9,0.257666345746888,0.3445322870378986,0.37474063479638864
2029,gaussian,conservative,fossil_heavy,baseline,0.95,0.257666345746888,0.368331140583037,0.3940000920003192
2029,gaussian,conservative,baseline,strict,0.9,0.3256751547045344,0.40522983194525164,0.43222158651628095
2029,gaussian,conservative,baseline,strict,0.95,0.3256751547045344,0.42630196175499196,0.44932767258701894
2029,gaussian,conservative,equal,strict,0.9,0.3203519777624066,0.401088758458118,0.4281230981873643
2029,gaussian,conservative,equal,strict,0.95,0.3203519777624066,0.4224920734880115,0.4451563326134782
2029,gaussian,conservative,uptake_heavy,strict,0.9,0.33752512500152626,0.4198211017750453,0.4470985198844188
2029,gaussian,conservative,uptake_heavy,strict,0.95,0.33752512500152626,0.44162235937180383,0.46410971983657834
2029,gaussian,conservative,grid_emissions_heavy,strict,0.9,0.34077257655026705,0.436928970434492,0.4650763875366066
2029,gaussian,conservative,grid_emissions_heavy,strict,0.95,0.34077257655026705,0.4596757115172257,0.482596343438955
2029,gaussian,conservative,fossil_heavy,strict,0.9,0.3536294653090015,0.44049540660001213,0.4707037543585022
2029,gaussian,conservative,fossil_heavy,strict,0.95,0.3536294653090015,0.4642942601451507,0.4899632115624328
2030,gaussian,conservative,baseline,lenient,0.9,0.14713091992024674,0.24068650793750185,0.27161286271013724
2030,gaussian,conservative,baseline,lenient,0.95,0.14713091992024674,0.2653656586413142,0.29113291176884193
2030,gaussian,conservative,equal,lenient,0.9,0.14944871355206207,0.25497504296462353,0.29320628930055537
2030,gaussian,conservative,equal,lenient,0.95,0.14944871355206207,0.2869411086678847,0.3163885073001425
2030,gaussian,conservative,uptake_heavy,lenient,0.9,0.1386040926542867,0.21312006469588263,0.23537576845511873
2030,gaussian,conservative,uptake_heavy,lenient,0.95,0.1386040926542867,0.23105592449732582,0.24931126548734944
2030,gaussian,conservative,grid_emissions_heavy,lenient,0.9,0.14432308148625264,0.23807931084154688,0.2685174578938852
2030,gaussian,conservative,grid_emissions_heavy,lenient,0.95,0.14432308148625264,0.2633318214288838,0.2873473440682329
2030,gaussian,conservative,fossil_heavy,lenient,0.9,0.15359912724260708,0.23200725008319215,0.25759974979130906
2030,gaussian,conservative,fossil_heavy,lenient,0.95,0.15359912724260708,0.25212928645812854,0.2742855474221863
2030,gaussian,conservative,baseline,baseline,0.9,0.22730751768370533,0.30800306745584766,0.33392174331091756
2030,gaussian,conservative,baseline,baseline,0.95,0.22730751768370533,0.32942465166680945,0.35027302471366717
2030,gaussian,conservative,equal,baseline,0.9,0.22507140907180093,0.3069792211658868,0.33285886047546326
2030,gaussian,conservative,equal,baseline,0.95,0.22507140907180093,0.327997038307853,0.34909439776417184
2030,gaussian,conservative,uptake_heavy,baseline,0.9,0.2261921994820706,0.30918257682118067,0.3361775369648968
2030,gaussian,conservative,uptake_heavy,baseline,0.95,0.2261921994820706,0.3319949469013015,0.3523500901964177
2030,gaussian,conservative,grid_emissions_heavy,baseline,0.9,0.23266343891427832,0.329077077971076,0.35638832574660734
2030,gaussian,conservative,grid_emissions_heavy,baseline,0.95,0.23266343891427832,0.35165708309042754,0.3730629234258934
2030,gaussian,conservative,fossil_heavy,baseline,0.9,0.25808654548213744,0.34569603903430013,0.37515989498991403
2030,gaussian,conservative,fossil_heavy,baseline,0.95,0.25808654548213744,0.36906614780106956,0.3937491056174086
2030,gaussian,conservative,baseline,strict,0.9,0.32619047132132856,0.40688602109347094,0.4328046969485408
2030,gaussian,conservative,baseline,strict,0.95,0.32619047132132856,0.4283076053044327,0.44915597835129034
2030,gaussian,conservative,equal,strict,0.9,0.32092174013017777,0.4028295522242636,0.42870919153384013
2030,gaussian,conservative,equal,strict,0.95,0.32092174013017777,0.4238473693662298,0.4449447288225487
2030,gaussian,conservative,uptake_heavy,strict,0.9,0.3381775160469476,0.42116789338605765,0.4481628535297738
2030,gaussian,conservative,uptake_heavy,strict,0.95,0.3381775160469476,0.44398026346617847,0.46433540676129476
2030,gaussian,conservative,grid_emissions_heavy,strict,0.9,0.34136156138592805,0.4377752004427257,0.465086448218257
2030,gaussian,conservative,grid_emissions_heavy,strict,0.95,0.34136156138592805,0.4603552055620773,0.48176104589754315
2030,gaussian,conservative,fossil_heavy,strict,0.9,0.3540496650442489,0.4416591585964116,0.47112301455202554
2030,gaussian,conservative,fossil_heavy,strict,0.95,0.3540496650442489,0.46502926736318106,0.48971222517952
2026,gaussian,central,baseline,lenient,0.9,0.09734881439613914,0.22548766417374153,0.2641237639494725
2026,gaussian,central,baseline,lenient,0.95,0.09734881439613914,0.25858086854326345,0.28677796881896805
2026,gaussian,central,equal,lenient,0.9,0.10309266076010476,0.24668809967226818,0.2889659927739128
2026,gaussian,central,equal,lenient,0.95,0.10309266076010476,0.2821573838813278,0.3142603159334692
2026,gaussian,central,uptake_heavy,lenient,0.9,0.08647492102248117,0.18776387108371007,0.2173134160161884
2026,gaussian,central,uptake_heavy,lenient,0.95,0.08647492102248117,0.21141501397295212,0.2353096947560073
2026,gaussian,central,grid_emissions_heavy,lenient,0.9,0.09740014233784948,0.22310016921933737,0.2698194978189522
2026,gaussian,central,grid_emissions_heavy,lenient,0.95,0.09740014233784948,0.26236992613455734,0.2986700897963348
2026,gaussian,central,fossil_heavy,lenient,0.9,0.08896365579513636,0.18994867779158484,0.2247633752843571
2026,gaussian,central,fossil_heavy,lenient,0.95,0.08896365579513636,0.21679169321779587,0.24615687603257405
2026,gaussian,central,baseline,baseline,0.9,0.15180530388221342,0.2884526827438351,0.33058269357909276
2026,gaussian,central,baseline,baseline,0.95,0.15180530388221342,0.32365754886695547,0.3564493750601382
2026,gaussian,central,equal,baseline,0.9,0.1565668921803078,0.3052817929250374,0.35338596091413
2026,gaussian,central,equal,baseline,0.95,0.1565668921803078,0.3450528039753771,0.38322957141036923
2026,gaussian,central,uptake_heavy,baseline,0.9,0.1385406762537933,0.2570851346843421,0.29614046526121596
2026,gaussian,central,uptake_heavy,baseline,0.95,0.1385406762537933,0.28846500145072906,0.32101689007351447
2026,gaussian,central,grid_emissions_heavy,baseline,0.9,0.15108259416469733,0.30266575588136324,0.3537893433281894
2026,gaussian,central,grid_emissions_heavy,baseline,0.95,0.15108259416469733,0.34706825917009565,0.38426033297108836
2026,gaussian,central,fossil_heavy,baseline,0.9,0.1538664426679248,0.27691049777353055,0.3219768339678542
2026,gaussian,central,fossil_heavy,baseline,0.95,0.1538664426679248,0.31219481779530245,0.3507743744015677
2026,gaussian,central,baseline,strict,0.9,0.20726314849608998,0.3553615301130668,0.4009519590211152
2026,gaussian,central,baseline,strict,0.95,0.20726314849608998,0.3924866596039432,0.4292089820126597
2026,gaussian,central,equal,strict,0.9,0.20982079305209317,0.3675505736655228,0.41749382098150134
2026,gaussian,central,equal,strict,0.95,0.20982079305209317,0.40716121830008584,0.44906284192065515
2026,gaussian,central,uptake_heavy,strict,0.9,0.20045795402487288,0.3419176050547821,0.39040541563335013
2026,gaussian,central,uptake_heavy,strict,0.95,0.20045795402487288,0.3800316172016009,0.4214604311158068
2026,gaussian,central,grid_emissions_heavy,strict,0.9,0.21100169803036237,0.3873803310924695,0.4402057027529697
2026,gaussian,central,grid_emissions_heavy,strict,0.95,0.21100169803036237,0.43269988242788054,0.47219435473763016
2026,gaussian,central,fossil_heavy,strict,0.9,0.21053111450424686,0.3523373265944102,0.40345608105655073
2026,gaussian,central,fossil_heavy,strict,0.95,0.21053111450424686,0.3938271422966046,0.43600949154649715
2027,gaussian,central,baseline,lenient,0.9,0.09698044719247692,0.22361669529809922,0.26307625914168337
2027,gaussian,central,baseline,lenient,0.95,0.09698044719247692,0.25668960206861086,0.2863567639629718
2027,gaussian,central,equal,lenient,0.9,0.10266344405721743,0.2438607734329044,0.2872782840012934
2027,gaussian,central,equal,lenient,0.95,0.10266344405721743,0.2806993344737841,0.313672228247628
2027,gaussian,central,uptake_heavy,lenient,0.9,0.08651070232697845,0.18683908365564975,0.21757089305588287
2027,gaussian,central,uptake_heavy,lenient,0.95,0.08651070232697845,0.21214588074465446,0.23672421399756663
2027,gaussian,central,grid_emissions_heavy,lenient,0.9,0.09721425459822278,0.22178631824147357,0.2695520962084109
2027,gaussian,central,grid_emissions_heavy,lenient,0.95,0.09721425459822278,0.2617614351345627,0.2982991655971644
2027,gaussian,central,fossil_heavy,lenient,0.9,0.08882846765809008,0.18980771966749874,0.22484945767102482
2027,gaussian,central,fossil_heavy,lenient,0.95,0.08882846765809008,0.2160847383563032,0.24720160180920642
2027,gaussian,central,baseline,baseline,0.9,0.15219512748039277,0.28760429540518817,0.3304147526874437
2027,gaussian,central,baseline,baseline,0.95,0.15219512748039277,0.3237201064951462,0.35633885444438623
2027,gaussian,central,equal,baseline,0.9,0.1569835555066569,0.30435509128337396,0.35276890991340604
2027,gaussian,central,equal,baseline,0.95,0.1569835555066569,0.3440436337542173,0.38269591417838106
2027,gaussian,central,uptake_heavy,baseline,0.9,0.1391279442049101,0.2568005727789202,0.29652721474436233
2027,gaussian,central,uptake_heavy,baseline,0.95,0.1391279442049101,0.28762262288555107,0.32220824196910997
2027,gaussian,central,grid_emissions_heavy,baseline,0.9,0.15146258988032468,0.30324611537413354,0.35447225734871246
2027,gaussian,central,grid_emissions_heavy,baseline,0.95,0.15146258988032468,0.34744506136666425,0.3848005183629723
2027,gaussian,central,fossil_heavy,baseline,0.9,0.15406975655566763,0.2762023402965775,0.3224447584587725
2027,gaussian,central,fossil_heavy,baseline,0.95,0.15406975655566763,0.31138981291749057,0.3528539382379704
2027,gaussian,central,baseline,strict,0.9,0.20755372580966813,0.3545776238298992,0.4002571219814716
2027,gaussian,central,baseline,strict,0.95,0.20755372580966813,0.393015180812297,0.42874071751662235
2027,gaussian,central,equal,strict,0.9,0.21012252176449212,0.364656807620364,0.41650091044910087
2027,gaussian,central,equal,strict,0.95,0.21012252176449212,0.4084905975692285,0.44810587337317054
2027,gaussian,central,uptake_heavy,strict,0.9,0.20103865040800484,0.34214114186623007,0.3908100364234972
2027,gaussian,central,uptake_heavy,strict,0.95,0.20103865040800484,0.3795173786829128,0.42214163165208196
2027,gaussian,central,grid_emissions_heavy,strict,0.9,0.2114393612531856,0.38821816944323256,0.4404866618211524
2027,gaussian,central,grid_emissions_heavy,strict,0.95,0.2114393612531856,0.43305658134903324,0.4716448266525865
2027,gaussian,central,fossil_heavy,strict,0.9,0.21055555590958566,0.35107263207978906,0.4041482736818228
2027,gaussian,central,fossil_heavy,strict,0.95,0.21055555590958566,0.39378010265176877,0.43872458067143977
2028,gaussian,central,baseline,lenient,0.9,0.09641714311325533,0.22409853065434338,0.263129871565186
2028,gaussian,central,baseline,lenient,0.95,0.09641714311325533,0.2578233074444599,0.2864918172885171
2028,gaussian,central,equal,lenient,0.9,0.10219499414754188,0.2436195292134188,0.2881309903705124
2028,gaussian,central,equal,lenient,0.95,0.10219499414754188,0.28201337203287363,0.3145027718640357
2028,gaussian,central,uptake_heavy,lenient,0.9,0.08593856757669248,0.18626971993290298,0.21623381116969226
2028,gaussian,central,uptake_heavy,lenient,0.95,0.08593856757669248,0.21060257748450584,0.23435215352848024
2028,gaussian,central,grid_emissions_heavy,lenient,0.9,0.09668176641086428,0.22154260059530187,0.269278294899888
2028,gaussian,central,grid_emissions_heavy,lenient,0.95,0.09668176641086428,0.26196597627032564,0.29837140370647003
2028,gaussian,central,fossil_heavy,lenient,0.9,0.08816484762774024,0.18812468765792112,0.22328682873232736
2028,gaussian,central,fossil_heavy,lenient,0.95,0.08816484762774024,0.21549444424110933,0.24502161652085716
2028,gaussian,central,baseline,baseline,0.9,0.15177939297932808,0.2879409913919354,0.3295054313395034
2028,gaussian,central,baseline,baseline,0.95,0.15177939297932808,0.321747364276601,0.3554855659793973
2028,gaussian,central,equal,baseline,0.9,0.15668614900001096,0.30436494245953843,0.3528832917667022
2028,gaussian,central,equal,baseline,0.95,0.15668614900001096,0.3439164066850005,0.3831759985130367
2028,gaussian,central,uptake_heavy,baseline,0.9,0.13875434017149477,0.25615682724962174,0.29507204134475956
2028,gaussian,central,uptake_heavy,baseline,0.95,0.13875434017149477,0.28799191827383847,0.31975807739473544
2028,gaussian,central,grid_emissions_heavy,baseline,0.9,0.15104981840892823,0.30437263081505095,0.35376321533012317
2028,gaussian,central,grid_emissions_heavy,baseline,0.95,0.15104981840892823,0.3472541004182778,0.3833902455541045
2028,gaussian,central,fossil_heavy,baseline,0.9,0.15351693412027057,0.27582993383966903,0.32010390931569643
2028,gaussian,central,fossil_heavy,baseline,0.95,0.15351693412027057,0.30950161714116453,0.3491220023815074
2028,gaussian,central,baseline,strict,0.9,0.2073780435596991,0.3544012031986322,0.39771314904225635
2028,gaussian,central,baseline,strict,0.95,0.2073780435596991,0.3882374388009253,0.4255735906297178
2028,gaussian,central,equal,strict,0.9,0.21005862064870062,0.3659415924706409,0.41527487082617864
2028,gaussian,central,equal,strict,0.95,0.21005862064870062,0.4061798601645577,0.44610541758321004
2028,gaussian,central,uptake_heavy,strict,0.9,0.20102371619416534,0.34070619633441607,0.3883130447211769
2028,gaussian,central,uptake_heavy,strict,0.95,0.20102371619416534,0.37776887965509937,0.4188461708731662
2028,gaussian,central,grid_emissions_heavy,strict,0.9,0.21118278162656648,0.38837880640681804,0.43922516521481736
2028,gaussian,central,grid_emissions_heavy,strict,0.95,0.21118278162656648,0.4312667994733438,0.4701080453475272
2028,gaussian,central,fossil_heavy,strict,0.9,0.21024264080882896,0.34996994758901623,0.4004283774817749
2028,gaussian,central,fossil_heavy,strict,0.95,0.21024264080882896,0.3892609241817037,0.4326590436269896
2029,gaussian,central,baseline,lenient,0.9,0.09745100072262894,0.22394458107153506,0.26382142161489774
2029,gaussian,central,baseline,lenient,0.95,0.09745100072262894,0.25826312334892343,0.28689303870342237
2029,gaussian,central,equal,lenient,0.9,0.10313050228943839,0.24368021812996235,0.2885938159896436
2029,gaussian,central,equal,lenient,0.95,0.10313050228943839,0.28244249621394113,0.31492164916893567
2029,gaussian,central,uptake_heavy,lenient,0.9,0.08714654236794366,0.1888128255259425,0.218248520566182
2029,gaussian,central,uptake_heavy,lenient,0.95,0.08714654236794366,0.21246161950893833,0.23646394184113353
2029,gaussian,central,grid_emissions_heavy,lenient,0.9,0.09787836311908936,0.2225039266464064,0.27004291716331236
2029,gaussian,central,grid_emissions_heavy,lenient,0.95,0.09787836311908936,0.2624050518429605,0.2985981680285327
2029,gaussian,central,fossil_heavy,lenient,0.9,0.08920046492402024,0.1903003991198377,0.22470988618582655
2029,gaussian,central,fossil_heavy,lenient,0.95,0.08920046492402024,0.2156764637594635,0.2465786127463098
2029,gaussian,central,baseline,baseline,0.9,0.152931724607708,0.28892980124345274,0.33110805641587054
2029,gaussian,central,baseline,baseline,0.95,0.152931724607708,0.32386008185352516,0.3569781629816667
2029,gaussian,central,equal,baseline,0.9,0.15764593922587944,0.30513726262193747,0.3538360633140296
2029,gaussian,central,equal,baseline,0.95,0.15764593922587944,0.34372026071583134,0.384556652344677
2029,gaussian,central,uptake_heavy,baseline,0.9,0.14018951524898712,0.2601423640228316,0.29840732806556
2029,gaussian,central,uptake_heavy,baseline,0.95,0.14018951524898712,0.29038835689846443,0.32280266021206916
2029,gaussian,central,grid_emissions_heavy,baseline,0.9,0.15242445277686115,0.30546997793868125,0.3554092124520358
2029,gaussian,central,grid_emissions_heavy,baseline,0.95,0.15242445277686115,0.34842904087625637,0.3844694179982659
2029,gaussian,central,fossil_heavy,baseline,0.9,0.1548293336208969,0.27863572476289633,0.32270071022138164
2029,gaussian,central,fossil_heavy,baseline,0.95,0.1548293336208969,0.31223274983290245,0.3515055048919857
2029,gaussian,central,baseline,strict,0.9,0.20903416416922355,0.35570416589311826,0.40066749395382656
2029,gaussian,central,baseline,strict,0.95,0.20903416416922355,0.3933179640646191,0.4284019534168874
2029,gaussian,central,equal,strict,0.9,0.21154341332301693,0.366701410661417,0.41749140425241654
2029,gaussian,central,equal,strict,0.95,0.21154341332301693,0.4087152930761596,0.44910529914357705
2029,gaussian,central,uptake_heavy,strict,0.9,0.20279380539536027,0.34589449620327184,0.3929047000240971
2029,gaussian,central,uptake_heavy,strict,0.95,0.20279380539536027,0.38229444470910623,0.42317892677170416
2029,gaussian,central,grid_emissions_heavy,strict,0.9,0.2129366312774353,0.3892323302147646,0.44150645625122753
2029,gaussian,central,grid_emissions_heavy,strict,0.95,0.2129366312774353,0.4347877392406702,0.47188720248516836
2029,gaussian,central,fossil_heavy,strict,0.9,0.21193753625182535,0.35451725717958715,0.40371338016355934
2029,gaussian,central,fossil_heavy,strict,0.95,0.21193753625182535,0.39123093941568826,0.43557521010951383
2030,gaussian,central,baseline,lenient,0.9,0.09633616304472764,0.224251249761206,0.2622769410417581
2030,gaussian,central,baseline,lenient,0.95,0.09633616304472764,0.25585907788635903,0.28476507858476446
2030,gaussian,central,equal,lenient,0.9,0.10209265480120948,0.2440713194884553,0.2874696974378013
2030,gaussian,central,equal,lenient,0.95,0.10209265480120948,0.2814019766482088,0.3136646782951177
2030,gaussian,central,uptake_heavy,lenient,0.9,0.08596463552451905,0.18723447523962802,0.21651361332464666
2030,gaussian,central,uptake_heavy,lenient,0.95,0.08596463552451905,0.21161576490772574,0.23452573936106363
2030,gaussian,central,grid_emissions_heavy,lenient,0.9,0.09657117807720893,0.22182669393800075,0.268630790688891
2030,gaussian,central,grid_emissions_heavy,lenient,0.95,0.09657117807720893,0.26128247056929577,0.29682710037826665
2030,gaussian,central,fossil_heavy,lenient,0.9,0.08826637912112466,0.18879039518940385,0.22276106799674641
2030,gaussian,central,fossil_heavy,lenient,0.95,0.08826637912112466,0.21538406193476842,0.2438692063448918
2030,gaussian,central,baseline,baseline,0.9,0.15183118600264192,0.28803586985125607,0.3296280864873781
2030,gaussian,central,baseline,baseline,0.95,0.15183118600264192,0.3228323598999078,0.35431363806950117
2030,gaussian,central,equal,baseline,0.9,0.15669725363176068,0.30501300186633584,0.3523899648236273
2030,gaussian,central,equal,baseline,0.95,0.15669725363176068,0.3431005786364323,0.3819306021933773
2030,gaussian,central,uptake_heavy,baseline,0.9,0.1388479784390649,0.2580111432152768,0.29607704788285416
2030,gaussian,central,uptake_heavy,baseline,0.95,0.1388479784390649,0.28924658239766926,0.32015619207340196
2030,gaussian,central,grid_emissions_heavy,baseline,0.9,0.15101136499236892,0.30453261422546934,0.3532960835708689
2030,gaussian,central,grid_emissions_heavy,baseline,0.95,0.15101136499236892,0.34718858245478246,0.38219351431062054
2030,gaussian,central,fossil_heavy,baseline,0.9,0.1538225567568552,0.277443109685076,0.3206525018715433
2030,gaussian,central,fossil_heavy,baseline,0.95,0.1538225567568552,0.31001299062901805,0.34876950438411874
2030,gaussian,central,baseline,strict,0.9,0.20754743569916564,0.35528300478666563,0.40020111960931204
2030,gaussian,central,baseline,strict,0.95,0.20754743569916564,0.39219765066442197,0.4276066688208127
2030,gaussian,central,equal,strict,0.9,0.21019819433925185,0.3670070131890982,0.416816867872665
2030,gaussian,central,equal,strict,0.95,0.21019819433925185,0.4089770180065842,0.4479898175968408
2030,gaussian,central,uptake_heavy,strict,0.9,0.20109778874259887,0.3424768335478323,0.3908550214945865
2030,gaussian,central,uptake_heavy,strict,0.95,0.20109778874259887,0.38261107008515366,0.4216376102579657
2030,gaussian,central,grid_emissions_heavy,strict,0.9,0.21113912874113658,0.3891756686277599,0.44054904200333145
2030,gaussian,central,grid_emissions_heavy,strict,0.95,0.21113912874113658,0.4333384684559964,0.4706233847283142
2030,gaussian,central,fossil_heavy,strict,0.9,0.2106774368373998,0.3534736308928785,0.4025199942290621
2030,gaussian,central,fossil_heavy,strict,0.95,0.2106774368373998,0.3911952402062358,0.4341107826907248
2026,gaussian,optimistic,baseline,lenient,0.9,0.0,0.0,0.0
2026,gaussian,optimistic,baseline,lenient,0.95,0.0,0.0,0.0
2026,gaussian,optimistic,equal,lenient,0.9,0.0,0.0,0.0
2026,gaussian,optimistic,equal,lenient,0.95,0.0,0.0,0.0
2026,gaussian,optimistic,uptake_heavy,lenient,0.9,0.0,0.0,0.0
2026,gaussian,optimistic,uptake_heavy,lenient,0.95,0.0,0.0,0.0
2026,gaussian,optimistic,grid_emissions_heavy,lenient,0.9,0.0,0.0,0.0
2026,gaussian,optimistic,grid_emissions_heavy,lenient,0.95,0.0,0.0,0.0
2026,gaussian,optimistic,fossil_heavy,lenient,0.9,0.0,0.0,0.0
2026,gaussian,optimistic,fossil_heavy,lenient,0.95,0.0,0.0,0.0
2026,gaussian,optimistic,baseline,baseline,0.9,0.0,0.0,0.0
2026,gaussian,optimistic,baseline,baseline,0.95,0.0,0.0,0.0
2026,gaussian,optimistic,equal,baseline,0.9,0.0,0.0,0.0
2026,gaussian,optimistic,equal,baseline,0.95,0.0,0.0,0.0
2026,gaussian,optimistic,uptake_heavy,baseline,0.9,0.0,0.0,0.0
2026,gaussian,optimistic,uptake_heavy,baseline,0.95,0.0,0.0,0.0
2026,gaussian,optimistic,grid_emissions_heavy,baseline,0.9,0.0,0.0,0.0
2026,gaussian,optimistic,grid_emissions_heavy,baseline,0.95,0.0,0.0,0.0
2026,gaussian,optimistic,fossil_heavy,baseline,0.9,0.0,0.0,0.0
2026,gaussian,optimistic,fossil_heavy,baseline,0.95,0.0,0.0,0.0
2026,gaussian,optimistic,baseline,strict,0.9,0.03361926465697434,0.1598150802197864,0.17092934040941649
2026,gaussian,optimistic,baseline,strict,0.95,0.03361926465697434,0.1672165658806346,0.17856592763854234
2026,gaussian,optimistic,equal,strict,0.9,0.03643216124420235,0.1776708564406374,0.18854134712027107
2026,gaussian,optimistic,equal,strict,0.95,0.03643216124420235,0.18523599176109526,0.19570001592699984
2026,gaussian,optimistic,uptake_heavy,strict,0.9,0.026275749102971695,0.10973467556283673,0.11957184607111418
2026,gaussian,optimistic,uptake_heavy,strict,0.95,0.026275749102971695,0.11658070523786096,0.12604977951803184
2026,gaussian,optimistic,grid_emissions_heavy,strict,0.9,0.027935345747956312,0.11521373912738136,0.13159436393915555
2026,gaussian,optimistic,grid_emissions_heavy,strict,0.95,0.027935345747956312,0.12668453113763484,0.14232980064064163
2026,gaussian,optimistic,fossil_heavy,strict,0.9,0.024613609321132667,0.10688238457940004,0.11739942058148647
2026,gaussian,optimistic,fossil_heavy,strict,0.95,0.024613609321132667,0.11397742324590664,0.1251171214790235
2027,gaussian,optimistic,baseline,lenient,0.9,0.0,0.0,0.0
2027,gaussian,optimistic,baseline,lenient,0.95,0.0,0.0,0.0
2027,gaussian,optimistic,equal,lenient,0.9,0.0,0.0,0.0
2027,gaussian,optimistic,equal,lenient,0.95,0.0,0.0,0.0
2027,gaussian,optimistic,uptake_heavy,lenient,0.9,0.0,0.0,0.0
2027,gaussian,optimistic,uptake_heavy,lenient,0.95,0.0,0.0,0.0
2027,gaussian,optimistic,grid_emissions_heavy,lenient,0.9,0.0,0.0,0.0
2027,gaussian,optimistic,grid_emissions_heavy,lenient,0.95,0.0,0.0,0.0
2027,gaussian,optimistic,fossil_heavy,lenient,0.9,0.0,0.0,0.0
2027,gaussian,optimistic,fossil_heavy,lenient,0.95,0.0,0.0,0.0
2027,gaussian,optimistic,baseline,baseline,0.9,0.0,0.0,0.0
2027,gaussian,optimistic,baseline,baseline,0.95,0.0,0.0,0.0
2027,gaussian,optimistic,equal,baseline,0.9,0.0,0.0,0.0
2027,gaussian,optimistic,equal,baseline,0.95,0.0,0.0,0.0
2027,gaussian,optimistic,uptake_heavy,baseline,0.9,0.0,0.0,0.0
2027,gaussian,optimistic,uptake_heavy,baseline,0.95,0.0,0.0,0.0
2027,gaussian,optimistic,grid_emissions_heavy,baseline,0.9,0.0,0.0,0.0
2027,gaussian,optimistic,grid_emissions_heavy,baseline,0.95,0.0,0.0,0.0
2027,gaussian,optimistic,fossil_heavy,baseline,0.9,0.0,0.0,0.0
2027,gaussian,optimistic,fossil_heavy,baseline,0.95,0.0,0.0,0.0
2027,gaussian,optimistic,baseline,strict,0.9,0.033633978427678755,0.15961308769193353,0.1705768141410175
2027,gaussian,optimistic,baseline,strict,0.95,0.033633978427678755,0.16655208605862803,0.17801715388790773
2027,gaussian,optimistic,equal,strict,0.9,0.03644397026131429,0.17744629826157748,0.1881937344348305
2027,gaussian,optimistic,equal,strict,0.95,0.03644397026131429,0.1847755332532429,0.19518998904993776
2027,gaussian,optimistic,uptake_heavy,strict,0.9,0.026273693445597126,0.10950649948803011,0.11941680435197906
2027,gaussian,optimistic,uptake_heavy,strict,0.95,0.026273693445597126,0.11630573735087033,0.1258835330271439
2027,gaussian,optimistic,grid_emissions_heavy,strict,0.9,0.0278436197177498,0.1150081236485545,0.13089335285900033
2027,gaussian,optimistic,grid_emissions_heavy,strict,0.95,0.0278436197177498,0.12596725143104637,0.14132350431564691
2027,gaussian,optimistic,fossil_heavy,strict,0.9,0.02459990644442838,0.10687036906707534,0.11706453169208217
2027,gaussian,optimistic,fossil_heavy,strict,0.95,0.02459990644442838,0.11357694971746646,0.12458822373732947
2028,gaussian,optimistic,baseline,lenient,0.9,0.0,0.0,0.0
2028,gaussian,optimistic,baseline,lenient,0.95,0.0,0.0,0.0
2028,gaussian,optimistic,equal,lenient,0.9,0.0,0.0,0.0
2028,gaussian,optimistic,equal,lenient,0.95,0.0,0.0,0.0
2028,gaussian,optimistic,uptake_heavy,lenient,0.9,0.0,0.0,0.0
2028,gaussian,optimistic,uptake_heavy,lenient,0.95,0.0,0.0,0.0
2028,gaussian,optimistic,grid_emissions_heavy,lenient,0.9,0.0,0.0,0.0
2028,gaussian,optimistic,grid_emissions_heavy,lenient,0.95,0.0,0.0,0.0
2028,gaussian,optimistic,fossil_heavy,lenient,0.9,0.0,0.0,0.0
2028,gaussian,optimistic,fossil_heavy,lenient,0.95,0.0,0.0,0.0
2028,gaussian,optimistic,baseline,baseline,0.9,0.0,0.0,0.0
2028,gaussian,optimistic,baseline,baseline,0.95,0.0,0.0,0.0
2028,gaussian,optimistic,equal,baseline,0.9,0.0,0.0,0.0
2028,gaussian,optimistic,equal,baseline,0.95,0.0,0.0,0.0
2028,gaussian,optimistic,uptake_heavy,baseline,0.9,0.0,0.0,0.0
2028,gaussian,optimistic,uptake_heavy,baseline,0.95,0.0,0.0,0.0
2028,gaussian,optimistic,grid_emissions_heavy,baseline,0.9,0.0,0.0,0.0
2028,gaussian,optimistic,grid_emissions_heavy,baseline,0.95,0.0,0.0,0.0
2028,gaussian,optimistic,fossil_heavy,baseline,0.9,0.0,0.0,0.0
2028,gaussian,optimistic,fossil_heavy,baseline,0.95,0.0,0.0,0.0
2028,gaussian,optimistic,baseline,strict,0.9,0.0341028025299659,0.15935952065531123,0.17048523553215894
2028,gaussian,optimistic,baseline,strict,0.95,0.0341028025299659,0.1665342842245457,0.17789495653134393
2028,gaussian,optimistic,equal,strict,0.9,0.03695738824130924,0.177166477527111,0.18808692198946272
2028,gaussian,optimistic,equal,strict,0.95,0.03695738824130924,0.18497054320192394,0.19497672852293593
2028,gaussian,optimistic,uptake_heavy,strict,0.9,0.02661948884527659,0.10934551245632021,0.11915970617007036
2028,gaussian,optimistic,uptake_heavy,strict,0.95,0.02661948884527659,0.11626514748377727,0.12542353923005659
2028,gaussian,optimistic,grid_emissions_heavy,strict,0.9,0.028250693231645585,0.11466503164573076,0.13089280024503258
2028,gaussian,optimistic,grid_emissions_heavy,strict,0.95,0.028250693231645585,0.1260767837631646,0.14144515764328008
2028,gaussian,optimistic,fossil_heavy,strict,0.9,0.024950970944961143,0.10667839123362531,0.11703001242132807
2028,gaussian,optimistic,fossil_heavy,strict,0.95,0.024950970944961143,0.11336895442477953,0.12455446654170928
2029,gaussian,optimistic,baseline,lenient,0.9,0.0,0.0,0.0
2029,gaussian,optimistic,baseline,lenient,0.95,0.0,0.0,0.0
2029,gaussian,optimistic,equal,lenient,0.9,0.0,0.0,0.0
2029,gaussian,optimistic,equal,lenient,0.95,0.0,0.0,0.0
2029,gaussian,optimistic,uptake_heavy,lenient,0.9,0.0,0.0,0.0
2029,gaussian,optimistic,uptake_heavy,lenient,0.95,0.0,0.0,0.0
2029,gaussian,optimistic,grid_emissions_heavy,lenient,0.9,0.0,0.0,0.0
2029,gaussian,optimistic,grid_emissions_heavy,lenient,0.95,0.0,0.0,0.0
2029,gaussian,optimistic,fossil_heavy,lenient,0.9,0.0,0.0,0.0
2029,gaussian,optimistic,fossil_heavy,lenient,0.95,0.0,0.0,0.0
2029,gaussian,optimistic,baseline,baseline,0.9,0.0,0.0,0.0
2029,gaussian,optimistic,baseline,baseline,0.95,0.0,0.0,0.0
2029,gaussian,optimistic,equal,baseline,0.9,0.0,0.0,0.0
2029,gaussian,optimistic,equal,baseline,0.95,0.0,0.0,0.0
2029,gaussian,optimistic,uptake_heavy,baseline,0.9,0.0,0.0,0.0
2029,gaussian,optimistic,uptake_heavy,baseline,0.95,0.0,0.0,0.0
2029,gaussian,optimistic,grid_emissions_heavy,baseline,0.9,0.0,0.0,0.0
2029,gaussian,optimistic,grid_emissions_heavy,baseline,0.95,0.0,0.0,0.0
2029,gaussian,optimistic,fossil_heavy,baseline,0.9,0.0,0.0,0.0
2029,gaussian,optimistic,fossil_heavy,baseline,0.95,0.0,0.0,0.0
2029,gaussian,optimistic,baseline,strict,0.9,0.032807155870290844,0.15916306644555758,0.1701816688402494
2029,gaussian,optimistic,baseline,strict,0.95,0.032807155870290844,0.1665698963727029,0.17760941539791536
2029,gaussian,optimistic,equal,strict,0.9,0.03555335815786208,0.17690504750029254,0.18784902545195686
2029,gaussian,optimistic,equal,strict,0.95,0.03555335815786208,0.18488086030228965,0.19491037467081218
2029,gaussian,optimistic,uptake_heavy,strict,0.9,0.02564616299941957,0.10914791579161642,0.11907442170202873
2029,gaussian,optimistic,uptake_heavy,strict,0.95,0.02564616299941957,0.11619661890545051,0.1255563265714421
2029,gaussian,optimistic,grid_emissions_heavy,strict,0.9,0.0272223069179631,0.1142106404664115,0.13028927176586244
2029,gaussian,optimistic,grid_emissions_heavy,strict,0.95,0.0272223069179631,0.12546674266168517,0.14077277423745926
2029,gaussian,optimistic,fossil_heavy,strict,0.9,0.024049019034115167,0.10652568126247597,0.116705472470539
2029,gaussian,optimistic,fossil_heavy,strict,0.95,0.024049019034115167,0.11310734460771193,0.12416701473005488
2030,gaussian,optimistic,baseline,lenient,0.9,0.0,0.0,0.0
2030,gaussian,optimistic,baseline,lenient,0.95,0.0,0.0,0.0
2030,gaussian,optimistic,equal,lenient,0.9,0.0,0.0,0.0
2030,gaussian,optimistic,equal,lenient,0.95,0.0,0.0,0.0
2030,gaussian,optimistic,uptake_heavy,lenient,0.9,0.0,0.0,0.0
2030,gaussian,optimistic,uptake_heavy,lenient,0.95,0.0,0.0,0.0
2030,gaussian,optimistic,grid_emissions_heavy,lenient,0.9,0.0,0.0,0.0
2030,gaussian,optimistic,grid_emissions_heavy,lenient,0.95,0.0,0.0,0.0
2030,gaussian,optimistic,fossil_heavy,lenient,0.9,0.0,0.0,0.0
2030,gaussian,optimistic,fossil_heavy,lenient,0.95,0.0,0.0,0.0
2030,gaussian,optimistic,baseline,baseline,0.9,0.0,0.0,0.0
2030,gaussian,optimistic,baseline,baseline,0.95,0.0,0.0,0.0
2030,gaussian,optimistic,equal,baseline,0.9,0.0,0.0,0.0
2030,gaussian,optimistic,equal,baseline,0.95,0.0,0.0,0.0
2030,gaussian,optimistic,uptake_heavy,baseline,0.9,0.0,0.0,0.0
2030,gaussian,optimistic,uptake_heavy,baseline,0.95,0.0,0.0,0.0
2030,gaussian,optimistic,grid_emissions_heavy,baseline,0.9,0.0,0.0,0.0
2030,gaussian,optimistic,grid_emissions_heavy,baseline,0.95,0.0,0.0,0.0
2030,gaussian,optimistic,fossil_heavy,baseline,0.9,0.0,0.0,0.0
2030,gaussian,optimistic,fossil_heavy,baseline,0.95,0.0,0.0,0.0
2030,gaussian,optimistic,baseline,strict,0.9,0.033212411876838495,0.15956955843963883,0.17100625492002286
2030,gaussian,optimistic,baseline,strict,0.95,0.033212411876838495,0.1672213421433661,0.17882200086541156
2030,gaussian,optimistic,equal,strict,0.9,0.03601132264832357,0.17728292559140033,0.18870393639654878
2030,gaussian,optimistic,equal,strict,0.95,0.03601132264832357,0.18509167628839243,0.19611567312723882
2030,gaussian,optimistic,uptake_heavy,strict,0.9,0.02596398339989296,0.109482938166483,0.119689067332942
2030,gaussian,optimistic,uptake_heavy,strict,0.95,0.02596398339989296,0.1165796694558703,0.12638134032292306
2030,gaussian,optimistic,grid_emissions_heavy,strict,0.9,0.02754566366341094,0.11470158822102018,0.1316182543768312
2030,gaussian,optimistic,grid_emissions_heavy,strict,0.95,0.02754566366341094,0.12653040132478235,0.14271979640306057
2030,gaussian,optimistic,fossil_heavy,strict,0.9,0.024308386848035046,0.1067055288683319,0.11745816657665294
2030,gaussian,optimistic,fossil_heavy,strict,0.95,0.024308386848035046,0.11410819896376907,0.12527091158527404
2026,gaussian,stress_tail,baseline,lenient,0.9,0.25951136986684026,0.3054178023871049,0.3172832789398659
2026,gaussian,stress_tail,baseline,lenient,0.95,0.25951136986684026,0.31562956360235195,0.3245501591575771
2026,gaussian,stress_tail,equal,lenient,0.9,0.25683661721841705,0.30316610560331325,0.3150151317223176
2026,gaussian,stress_tail,equal,lenient,0.95,0.25683661721841705,0.31317180193861455,0.3220633093069725
2026,gaussian,stress_tail,uptake_heavy,lenient,0.9,0.25815311302755306,0.30511159464961524,0.31674671556278894
2026,gaussian,stress_tail,uptake_heavy,lenient,0.95,0.25815311302755306,0.31500585373879203,0.32366012823693857
2026,gaussian,stress_tail,grid_emissions_heavy,lenient,0.9,0.2655784874148828,0.31952322071810835,0.33037366132866236
2026,gaussian,stress_tail,grid_emissions_heavy,lenient,0.95,0.2655784874148828,0.3291310531339172,0.3366557209462118
2026,gaussian,stress_tail,fossil_heavy,lenient,0.9,0.2947826559955222,0.34589322166262654,0.36003632411301156
2026,gaussian,stress_tail,fossil_heavy,lenient,0.95,0.2947826559955222,0.3576286521938089,0.3686744676371661
2026,gaussian,stress_tail,baseline,baseline,0.9,0.37312841622921417,0.4190348487494788,0.4309003253022398
2026,gaussian,stress_tail,baseline,baseline,0.95,0.37312841622921417,0.42924660996472574,0.4381672055199509
2026,gaussian,stress_tail,equal,baseline,0.9,0.369319619493371,0.41564910787826725,0.42749813399727155
2026,gaussian,stress_tail,equal,baseline,0.95,0.369319619493371,0.4256548042135685,0.43454631158192647
2026,gaussian,stress_tail,uptake_heavy,baseline,0.9,0.37116779646267395,0.4181262780847361,0.4297613989979098
2026,gaussian,stress_tail,uptake_heavy,baseline,0.95,0.37116779646267395,0.4280205371739129,0.4366748116720595
2026,gaussian,stress_tail,grid_emissions_heavy,baseline,0.9,0.38188036494323147,0.435825098246457,0.446675538857011
2026,gaussian,stress_tail,grid_emissions_heavy,baseline,0.95,0.38188036494323147,0.4454329306622659,0.4529575984745604
2026,gaussian,stress_tail,fossil_heavy,baseline,0.9,0.42381953643340564,0.4749301021005099,0.489073204550895
2026,gaussian,stress_tail,fossil_heavy,baseline,0.95,0.42381953643340564,0.4866655326316922,0.49771134807504946
2026,gaussian,stress_tail,baseline,strict,0.9,0.47201136986683795,0.5179178023871026,0.5297832789398637
2026,gaussian,stress_tail,baseline,strict,0.95,0.47201136986683795,0.5281295636023497,0.5370501591575748
2026,gaussian,stress_tail,equal,strict,0.9,0.4651699505517485,0.5114994389366448,0.523348465055649
2026,gaussian,stress_tail,equal,strict,0.95,0.4651699505517485,0.5215051352719461,0.5303966426403041
2026,gaussian,stress_tail,uptake_heavy,strict,0.9,0.48315311302755165,0.5301115946496139,0.5417467155627876
2026,gaussian,stress_tail,uptake_heavy,strict,0.95,0.48315311302755165,0.5400058537387906,0.5486601282369371
2026,gaussian,stress_tail,grid_emissions_heavy,strict,0.9,0.49057848741488125,0.5445232207181068,0.5553736613286607
2026,gaussian,stress_tail,grid_emissions_heavy,strict,0.95,0.49057848741488125,0.5541310531339158,0.5616557209462103
2026,gaussian,stress_tail,fossil_heavy,strict,0.9,0.5197826559955185,0.5708932216626228,0.5850363241130079
2026,gaussian,stress_tail,fossil_heavy,strict,0.95,0.5197826559955185,0.5826286521938051,0.5936744676371623
2027,gaussian,stress_tail,baseline,lenient,0.9,0.25963667628619713,0.30382865704797823,0.3160671012938397
2027,gaussian,stress_tail,baseline,lenient,0.95,0.25963667628619713,0.31401772063624733,0.32360485493326746
2027,gaussian,stress_tail,equal,lenient,0.9,0.25707941658197214,0.3017378864301838,0.3137604311456862
2027,gaussian,stress_tail,equal,lenient,0.95,0.25707941658197214,0.3118215455025598,0.32112628085951483
2027,gaussian,stress_tail,uptake_heavy,lenient,0.9,0.25831177292782304,0.30399692497955483,0.3157687266198937
2027,gaussian,stress_tail,uptake_heavy,lenient,0.95,0.25831177292782304,0.31374274181987105,0.322930728247253
2027,gaussian,stress_tail,grid_emissions_heavy,lenient,0.9,0.2657983365977054,0.31857361298815284,0.3294187792428271
2027,gaussian,stress_tail,grid_emissions_heavy,lenient,0.95,0.2657983365977054,0.3278772660771607,0.33578946504970697
2027,gaussian,stress_tail,fossil_heavy,lenient,0.9,0.2948084323933942,0.34388061388404223,0.3584558526789404
2027,gaussian,stress_tail,fossil_heavy,lenient,0.95,0.2948084323933942,0.35608477475858286,0.3674253854339074
2027,gaussian,stress_tail,baseline,baseline,0.9,0.3732537226485757,0.41744570341035686,0.42968414765621826
2027,gaussian,stress_tail,baseline,baseline,0.95,0.3732537226485757,0.4276347669986259,0.43722190129564603
2027,gaussian,stress_tail,equal,baseline,0.9,0.3695624188569301,0.41422088870514173,0.42624343342064414
2027,gaussian,stress_tail,equal,baseline,0.95,0.3695624188569301,0.4243045477775177,0.4336092831344728
2027,gaussian,stress_tail,uptake_heavy,baseline,0.9,0.3713264563629473,0.41701160841467916,0.428783410055018
2027,gaussian,stress_tail,uptake_heavy,baseline,0.95,0.3713264563629473,0.4267574252549953,0.4359454116823773
2027,gaussian,stress_tail,grid_emissions_heavy,baseline,0.9,0.38210021412605705,0.4348754905165044,0.4457206567711787
2027,gaussian,stress_tail,grid_emissions_heavy,baseline,0.95,0.38210021412605705,0.4441791436055123,0.45209134257805855
2027,gaussian,stress_tail,fossil_heavy,baseline,0.9,0.4238453128312855,0.4729174943219335,0.4874927331168316
2027,gaussian,stress_tail,fossil_heavy,baseline,0.95,0.4238453128312855,0.48512165519647404,0.49646226587179865
2027,gaussian,stress_tail,baseline,strict,0.9,0.4721366762861973,0.5163286570479785,0.5285671012938399
2027,gaussian,stress_tail,baseline,strict,0.95,0.4721366762861973,0.5265177206362476,0.5361048549332676
2027,gaussian,stress_tail,equal,strict,0.9,0.46541274991530573,0.5100712197635173,0.5220937644790197
2027,gaussian,stress_tail,equal,strict,0.95,0.46541274991530573,0.5201548788358934,0.5294596141928485
2027,gaussian,stress_tail,uptake_heavy,strict,0.9,0.4833117729278231,0.528996924979555,0.5407687266198938
2027,gaussian,stress_tail,uptake_heavy,strict,0.95,0.4833117729278231,0.538742741819871,0.547930728247253
2027,gaussian,stress_tail,grid_emissions_heavy,strict,0.9,0.4907983365977057,0.5435736129881532,0.5544187792428275
2027,gaussian,stress_tail,grid_emissions_heavy,strict,0.95,0.4907983365977057,0.552877266077161,0.5607894650497073
2027,gaussian,stress_tail,fossil_heavy,strict,0.9,0.5198084323933945,0.5688806138840425,0.5834558526789406
2027,gaussian,stress_tail,fossil_heavy,strict,0.95,0.5198084323933945,0.581084774758583,0.5924253854339077
2028,gaussian,stress_tail,baseline,lenient,0.9,0.2599490101638262,0.30491895352667003,0.31715489719380774
2028,gaussian,stress_tail,baseline,lenient,0.95,0.2599490101638262,0.31513486001841096,0.3247413594012071
2028,gaussian,stress_tail,equal,lenient,0.9,0.25729513360424106,0.3028388657905652,0.31485555884036015
2028,gaussian,stress_tail,equal,lenient,0.95,0.25729513360424106,0.3127865608008569,0.32218739172535676
2028,gaussian,stress_tail,uptake_heavy,lenient,0.9,0.2585395809121523,0.30468984374706887,0.31669240438251883
2028,gaussian,stress_tail,uptake_heavy,lenient,0.95,0.2585395809121523,0.31488665954116846,0.3240283135653429
2028,gaussian,stress_tail,grid_emissions_heavy,lenient,0.9,0.2662096702044839,0.3190651626716545,0.3301321576107427
2028,gaussian,stress_tail,grid_emissions_heavy,lenient,0.95,0.2662096702044839,0.3287452324149843,0.33669865011588923
2028,gaussian,stress_tail,fossil_heavy,lenient,0.9,0.2951774802396283,0.3452700585140109,0.35998023478328284
2028,gaussian,stress_tail,fossil_heavy,lenient,0.95,0.2951774802396283,0.3576612282441526,0.36872552645160395
2028,gaussian,stress_tail,baseline,baseline,0.9,0.3735660565262033,0.41853599988904705,0.4307719435561848
2028,gaussian,stress_tail,baseline,baseline,0.95,0.3735660565262033,0.4287519063807881,0.4383584057635842
2028,gaussian,stress_tail,equal,baseline,0.9,0.3697781358791978,0.41532186806552185,0.427338561115317
2028,gaussian,stress_tail,equal,baseline,0.95,0.3697781358791978,0.42526956307581365,0.43467039400031354
2028,gaussian,stress_tail,uptake_heavy,baseline,0.9,0.37155426434727545,0.4177045271821921,0.42970708781764205
2028,gaussian,stress_tail,uptake_heavy,baseline,0.95,0.37155426434727545,0.4279013429762917,0.4370429970004661
2028,gaussian,stress_tail,grid_emissions_heavy,baseline,0.9,0.3825115477328342,0.43536704020000483,0.446434035139093
2028,gaussian,stress_tail,grid_emissions_heavy,baseline,0.95,0.3825115477328342,0.44504710994333463,0.4530005276442395
2028,gaussian,stress_tail,fossil_heavy,baseline,0.9,0.4242143606775173,0.4743069389518999,0.4890171152211718
2028,gaussian,stress_tail,fossil_heavy,baseline,0.95,0.4242143606775173,0.48669810868204155,0.49776240688949297
2028,gaussian,stress_tail,baseline,strict,0.9,0.47244901016382657,0.5174189535266703,0.5296548971938081
2028,gaussian,stress_tail,baseline,strict,0.95,0.47244901016382657,0.5276348600184113,0.5372413594012075
2028,gaussian,stress_tail,equal,strict,0.9,0.46562846693757504,0.5111721991238991,0.5231888921736941
2028,gaussian,stress_tail,equal,strict,0.95,0.46562846693757504,0.5211198941341909,0.5305207250586906
2028,gaussian,stress_tail,uptake_heavy,strict,0.9,0.48353958091215266,0.5296898437470692,0.5416924043825191
2028,gaussian,stress_tail,uptake_heavy,strict,0.95,0.48353958091215266,0.5398866595411688,0.5490283135653433
2028,gaussian,stress_tail,grid_emissions_heavy,strict,0.9,0.49120967020448414,0.5440651626716548,0.555132157610743
2028,gaussian,stress_tail,grid_emissions_heavy,strict,0.95,0.49120967020448414,0.5537452324149846,0.5616986501158895
2028,gaussian,stress_tail,fossil_heavy,strict,0.9,0.5201774802396287,0.5702700585140112,0.5849802347832831
2028,gaussian,stress_tail,fossil_heavy,strict,0.95,0.5201774802396287,0.582661228244153,0.5937255264516043
2029,gaussian,stress_tail,baseline,lenient,0.9,0.25978710413513234,0.30442704473728427,0.3169040745011598
2029,gaussian,stress_tail,baseline,lenient,0.95,0.25978710413513234,0.3149951342468729,0.32452426862374967
2029,gaussian,stress_tail,equal,lenient,0.9,0.2572378335292271,0.302841085938777,0.3146306577730261
2029,gaussian,stress_tail,equal,lenient,0.95,0.2572378335292271,0.31272729073428013,0.3219237289109537
2029,gaussian,stress_tail,uptake_heavy,lenient,0.9,0.258468870174076,0.3043794873185709,0.31661475368458336
2029,gaussian,stress_tail,uptake_heavy,lenient,0.95,0.258468870174076,0.3146637086156468,0.32377269830242156
2029,gaussian,stress_tail,grid_emissions_heavy,lenient,0.9,0.26600810979852585,0.3194793892471846,0.33006102676006827
2029,gaussian,stress_tail,grid_emissions_heavy,lenient,0.95,0.26600810979852585,0.32866876976368803,0.3363997573878895
2029,gaussian,stress_tail,fossil_heavy,lenient,0.9,0.2949373449555025,0.3447208662397292,0.35942556787678737
2029,gaussian,stress_tail,fossil_heavy,lenient,0.95,0.2949373449555025,0.3572085353173247,0.3685155371942089
2029,gaussian,stress_tail,baseline,baseline,0.9,0.37340415049750825,0.41804409109966023,0.4305211208635358
2029,gaussian,stress_tail,baseline,baseline,0.95,0.37340415049750825,0.4286121806092488,0.43814131498612563
2029,gaussian,stress_tail,equal,baseline,0.9,0.36972083580418275,0.4153240882137327,0.42711366004798185
2029,gaussian,stress_tail,equal,baseline,0.95,0.36972083580418275,0.4252102930092358,0.43440673118590944
2029,gaussian,stress_tail,uptake_heavy,baseline,0.9,0.3714835536091982,0.4173941707536932,0.4296294371197057
2029,gaussian,stress_tail,uptake_heavy,baseline,0.95,0.3714835536091982,0.4276783920507691,0.4367873817375438
2029,gaussian,stress_tail,grid_emissions_heavy,baseline,0.9,0.3823099873268754,0.4357812667755341,0.4463629042884178
2029,gaussian,stress_tail,grid_emissions_heavy,baseline,0.95,0.3823099873268754,0.4449706472920376,0.45270163491623905
2029,gaussian,stress_tail,fossil_heavy,baseline,0.9,0.4239742253933897,0.47375774667761633,0.48846244831467456
2029,gaussian,stress_tail,fossil_heavy,baseline,0.95,0.4239742253933897,0.4862454157552119,0.49755241763209607
2029,gaussian,stress_tail,baseline,strict,0.9,0.4722871041351327,0.5169270447372847,0.52940407450116
2029,gaussian,stress_tail,baseline,strict,0.95,0.4722871041351327,0.5274951342468732,0.53702426862375
2029,gaussian,stress_tail,equal,strict,0.9,0.46557116686256067,0.5111744192721106,0.5229639911063598
2029,gaussian,stress_tail,equal,strict,0.95,0.46557116686256067,0.5210606240676138,0.5302570622442874
2029,gaussian,stress_tail,uptake_heavy,strict,0.9,0.48346887017407625,0.5293794873185712,0.5416147536845837
2029,gaussian,stress_tail,uptake_heavy,strict,0.95,0.48346887017407625,0.539663708615647,0.5487726983024218
2029,gaussian,stress_tail,grid_emissions_heavy,strict,0.9,0.49100810979852577,0.5444793892471845,0.5550610267600682
2029,gaussian,stress_tail,grid_emissions_heavy,strict,0.95,0.49100810979852577,0.5536687697636881,0.5613997573878895
2029,gaussian,stress_tail,fossil_heavy,strict,0.9,0.5199373449555033,0.56972086623973,0.584425567876788
2029,gaussian,stress_tail,fossil_heavy,strict,0.95,0.5199373449555033,0.5822085353173254,0.5935155371942096
2030,gaussian,stress_tail,baseline,lenient,0.9,0.25996642493370703,0.3047118752793643,0.31698047653312417
2030,gaussian,stress_tail,baseline,lenient,0.95,0.25996642493370703,0.31498388080468287,0.32449594249965297
2030,gaussian,stress_tail,equal,lenient,0.9,0.25734310467065413,0.30295002507696867,0.31473121807742166
2030,gaussian,stress_tail,equal,lenient,0.95,0.25734310467065413,0.3127245826997973,0.3220165142392174
2030,gaussian,stress_tail,uptake_heavy,lenient,0.9,0.25862146857782475,0.3047310590187958,0.3165521007897199
2030,gaussian,stress_tail,uptake_heavy,lenient,0.95,0.25862146857782475,0.31478113283430004,0.32361418063959874
2030,gaussian,stress_tail,grid_emissions_heavy,lenient,0.9,0.26609414817751254,0.3191703248771098,0.33015977318795103
2030,gaussian,stress_tail,grid_emissions_heavy,lenient,0.95,0.26609414817751254,0.32884924522830955,0.3365204164055871
2030,gaussian,stress_tail,fossil_heavy,lenient,0.9,0.2952388345669642,0.34525047790240077,0.35975899748402707
2030,gaussian,stress_tail,fossil_heavy,lenient,0.95,0.2952388345669642,0.35746325291556336,0.3685203165699344
2030,gaussian,stress_tail,baseline,baseline,0.9,0.3735834712960845,0.4183289216417418,0.4305975228955017
2030,gaussian,stress_tail,baseline,baseline,0.95,0.3735834712960845,0.42860092716706033,0.43811298886203054
2030,gaussian,stress_tail,equal,baseline,0.9,0.36982610694561097,0.41543302735192555,0.4272142203523785
2030,gaussian,stress_tail,equal,baseline,0.95,0.36982610694561097,0.4252075849747541,0.43449951651417423
2030,gaussian,stress_tail,uptake_heavy,baseline,0.9,0.37163615201294814,0.41774574245391927,0.42956678422484335
2030,gaussian,stress_tail,uptake_heavy,baseline,0.95,0.37163615201294814,0.4277958162694234,0.4366288640747222
2030,gaussian,stress_tail,grid_emissions_heavy,baseline,0.9,0.382396025705863,0.43547220240546025,0.44646165071630145
2030,gaussian,stress_tail,grid_emissions_heavy,baseline,0.95,0.382396025705863,0.4451511227566599,0.4528222939339376
2030,gaussian,stress_tail,fossil_heavy,baseline,0.9,0.4242757150048541,0.4742873583402906,0.4887958779219169
2030,gaussian,stress_tail,fossil_heavy,baseline,0.95,0.4242757150048541,0.4865001333534532,0.4975571970078243
2030,gaussian,stress_tail,baseline,strict,0.9,0.4724664249337077,0.517211875279365,0.5294804765331247
2030,gaussian,stress_tail,baseline,strict,0.95,0.4724664249337077,0.5274838808046834,0.5369959424996537
2030,gaussian,stress_tail,equal,strict,0.9,0.46567643800398784,0.5112833584103024,0.5230645514107555
2030,gaussian,stress_tail,equal,strict,0.95,0.46567643800398784,0.521057916033131,0.5303498475725512
2030,gaussian,stress_tail,uptake_heavy,strict,0.9,0.4836214685778252,0.5297310590187961,0.5415521007897203
2030,gaussian,stress_tail,uptake_heavy,strict,0.95,0.4836214685778252,0.5397811328343004,0.548614180639599
2030,gaussian,stress_tail,grid_emissions_heavy,strict,0.9,0.49109414817751273,0.54417032487711,0.5551597731879513
2030,gaussian,stress_tail,grid_emissions_heavy,strict,0.95,0.49109414817751273,0.5538492452283097,0.5615204164055873
2030,gaussian,stress_tail,fossil_heavy,strict,0.9,0.5202388345669655,0.570250477902402,0.5847589974840285
2030,gaussian,stress_tail,fossil_heavy,strict,0.95,0.5202388345669655,0.5824632529155647,0.5935203165699356
2026,student_t,conservative,baseline,lenient,0.9,0.1466301427439293,0.24090005252020555,0.2760611721322864
2026,student_t,conservative,baseline,lenient,0.95,0.1466301427439293,0.2693346228817337,0.29792372185867566
2026,student_t,conservative,equal,lenient,0.9,0.14865461507563904,0.2562061511032112,0.2973789627903189
2026,student_t,conservative,equal,lenient,0.95,0.14865461507563904,0.28991616710149465,0.32293848880337256
2026,student_t,conservative,uptake_heavy,lenient,0.9,0.13843437157462934,0.21382762415137616,0.2392573322533076
2026,student_t,conservative,uptake_heavy,lenient,0.95,0.13843437157462934,0.23394108942506328,0.2557124016069519
2026,student_t,conservative,grid_emissions_heavy,lenient,0.9,0.14391317774304452,0.24000360090830014,0.27434960591625907
2026,student_t,conservative,grid_emissions_heavy,lenient,0.95,0.14391317774304452,0.26727665591356947,0.29655875430682965
2026,student_t,conservative,fossil_heavy,lenient,0.9,0.15366395778857936,0.2323265980621224,0.26187774222269383
2026,student_t,conservative,fossil_heavy,lenient,0.95,0.15366395778857936,0.2549325339167517,0.2809023070881095
2026,student_t,conservative,baseline,baseline,0.9,0.2276188746326775,0.30646342433929513,0.33447344882264735
2026,student_t,conservative,baseline,baseline,0.95,0.2276188746326775,0.32872617206692567,0.35228230173935926
2026,student_t,conservative,equal,baseline,0.9,0.2252357839112632,0.30535418241215395,0.3332769848154155
2026,student_t,conservative,equal,baseline,0.95,0.2252357839112632,0.3269962154999097,0.3511423442189114
2026,student_t,conservative,uptake_heavy,baseline,0.9,0.22653101309410636,0.3077849777294901,0.3363307884465148
2026,student_t,conservative,uptake_heavy,baseline,0.95,0.22653101309410636,0.32964390281096795,0.35448814686848085
2026,student_t,conservative,grid_emissions_heavy,baseline,0.9,0.23283451321323387,0.32778090074660615,0.35834870587990836
2026,student_t,conservative,grid_emissions_heavy,baseline,0.95,0.23283451321323387,0.3527472208090167,0.3772360236736328
2026,student_t,conservative,fossil_heavy,baseline,0.9,0.2585583802172573,0.3442253568713243,0.37624933050105147
2026,student_t,conservative,fossil_heavy,baseline,0.95,0.2585583802172573,0.36882335711336367,0.3972299790776316
2026,student_t,conservative,baseline,strict,0.9,0.3265018282703014,0.405346377976919,0.4333564024602713
2026,student_t,conservative,baseline,strict,0.95,0.3265018282703014,0.4276091257045495,0.45116525537698315
2026,student_t,conservative,equal,strict,0.9,0.32108611496964073,0.40120451347053143,0.429127315873793
2026,student_t,conservative,equal,strict,0.95,0.32108611496964073,0.42284654655828713,0.44699267527728886
2026,student_t,conservative,uptake_heavy,strict,0.9,0.338516329658984,0.41977029429436774,0.44831610501139246
2026,student_t,conservative,uptake_heavy,strict,0.95,0.338516329658984,0.4416292193758456,0.46647346343335844
2026,student_t,conservative,grid_emissions_heavy,strict,0.9,0.3415326356848837,0.43647902321825593,0.4670468283515582
2026,student_t,conservative,grid_emissions_heavy,strict,0.95,0.3415326356848837,0.4614453432806665,0.48593414614528263
2026,student_t,conservative,fossil_heavy,strict,0.9,0.35452149977937014,0.44018847643343717,0.47221245006316426
2026,student_t,conservative,fossil_heavy,strict,0.95,0.35452149977937014,0.4647864766754765,0.4931930986397445
2027,student_t,conservative,baseline,lenient,0.9,0.14673645909022906,0.24073485209421022,0.2755193397216256
2027,student_t,conservative,baseline,lenient,0.95,0.14673645909022906,0.2692641065991159,0.2967053301832942
2027,student_t,conservative,equal,lenient,0.9,0.14878937642409115,0.25499690256784846,0.29631394838722214
2027,student_t,conservative,equal,lenient,0.95,0.14878937642409115,0.2897399071406842,0.3210189271769135
2027,student_t,conservative,uptake_heavy,lenient,0.9,0.13837717522710685,0.2130673335753508,0.2386572185224022
2027,student_t,conservative,uptake_heavy,lenient,0.95,0.13837717522710685,0.2331154515780967,0.25513265830007553
2027,student_t,conservative,grid_emissions_heavy,lenient,0.9,0.14437911456945376,0.23891351605280217,0.27370813739577987
2027,student_t,conservative,grid_emissions_heavy,lenient,0.95,0.14437911456945376,0.26722367043093176,0.29518131909145684
2027,student_t,conservative,fossil_heavy,lenient,0.9,0.1536146588454823,0.23113335120736775,0.2607490036262814
2027,student_t,conservative,fossil_heavy,lenient,0.95,0.1536146588454823,0.2536011760887476,0.2798622330204712
2027,student_t,conservative,baseline,baseline,0.9,0.2277153710622013,0.3051435415104013,0.3339398602241257
2027,student_t,conservative,baseline,baseline,0.95,0.2277153710622013,0.3274111766207382,0.3524405165777326
2027,student_t,conservative,equal,baseline,0.9,0.2253392739027674,0.3043456044875797,0.33275145255536065
2027,student_t,conservative,equal,baseline,0.95,0.2253392739027674,0.32668479165459857,0.3513318658887621
2027,student_t,conservative,uptake_heavy,baseline,0.9,0.2264536320707758,0.3065943391292873,0.33604069394720226
2027,student_t,conservative,uptake_heavy,baseline,0.95,0.2264536320707758,0.3297809715113393,0.354803328770459
2027,student_t,conservative,grid_emissions_heavy,baseline,0.9,0.23341492233519529,0.3273311351490051,0.35814217781944746
2027,student_t,conservative,grid_emissions_heavy,baseline,0.95,0.23341492233519529,0.3519386805866447,0.3771526318891205
2027,student_t,conservative,fossil_heavy,baseline,0.9,0.258463254391941,0.3432804324629965,0.37491863255755237
2027,student_t,conservative,fossil_heavy,baseline,0.95,0.258463254391941,0.3671723112664889,0.3961987194241747
2027,student_t,conservative,baseline,strict,0.9,0.3265983246998229,0.4040264951480229,0.43282281386174737
2027,student_t,conservative,baseline,strict,0.95,0.3265983246998229,0.4262941302583599,0.4513234702153543
2027,student_t,conservative,equal,strict,0.9,0.32118960496114307,0.40019593554595534,0.42860178361373624
2027,student_t,conservative,equal,strict,0.95,0.32118960496114307,0.4225351227129742,0.4471821969471376
2027,student_t,conservative,uptake_heavy,strict,0.9,0.33843894863565166,0.4185796556941632,0.4480260105120781
2027,student_t,conservative,uptake_heavy,strict,0.95,0.33843894863565166,0.44176628807621515,0.4667886453353349
2027,student_t,conservative,grid_emissions_heavy,strict,0.9,0.342113044806844,0.4360292576206538,0.4668403002910962
2027,student_t,conservative,grid_emissions_heavy,strict,0.95,0.342113044806844,0.4606368030582934,0.4858507543607693
2027,student_t,conservative,fossil_heavy,strict,0.9,0.35442637395404997,0.43924355202510545,0.4708817521196613
2027,student_t,conservative,fossil_heavy,strict,0.95,0.35442637395404997,0.4631354308285978,0.4921618389862837
2028,student_t,conservative,baseline,lenient,0.9,0.1466589535362396,0.2424224800784323,0.27789711742148115
2028,student_t,conservative,baseline,lenient,0.95,0.1466589535362396,0.27136433009554317,0.29966558737760457
2028,student_t,conservative,equal,lenient,0.9,0.14894719979393325,0.2580864701122389,0.29987238980683095
2028,student_t,conservative,equal,lenient,0.95,0.14894719979393325,0.29279306297511726,0.3247476268159
2028,student_t,conservative,uptake_heavy,lenient,0.9,0.1382460512053877,0.21338319996591276,0.23971132762343147
2028,student_t,conservative,uptake_heavy,lenient,0.95,0.1382460512053877,0.23442793910127616,0.25634042594605255
2028,student_t,conservative,grid_emissions_heavy,lenient,0.9,0.1438860485164734,0.2397905135141186,0.2744975610283499
2028,student_t,conservative,grid_emissions_heavy,lenient,0.95,0.1438860485164734,0.267024979274559,0.2969427472807068
2028,student_t,conservative,fossil_heavy,lenient,0.9,0.15337124435080854,0.23211236473603006,0.262076912160338
2028,student_t,conservative,fossil_heavy,lenient,0.95,0.15337124435080854,0.2557144146056042,0.2815202579568218
2028,student_t,conservative,baseline,baseline,0.9,0.22711399661639126,0.3036495561776742,0.3331225789647872
2028,student_t,conservative,baseline,baseline,0.95,0.22711399661639126,0.32617629110192375,0.35201616417324
2028,student_t,conservative,equal,baseline,0.9,0.22494442036347514,0.30256478235420314,0.33219373191183243
2028,student_t,conservative,equal,baseline,0.95,0.22494442036347514,0.32529606132203437,0.35102691040597006
2028,student_t,conservative,uptake_heavy,baseline,0.9,0.22593832450622162,0.30558345809752985,0.3352459530403595
2028,student_t,conservative,uptake_heavy,baseline,0.95,0.22593832450622162,0.3291495692469058,0.35422319778522615
2028,student_t,conservative,grid_emissions_heavy,baseline,0.9,0.2324830764942256,0.3263215217698845,0.3575003184713413
2028,student_t,conservative,grid_emissions_heavy,baseline,0.95,0.2324830764942256,0.3526987104651976,0.3769784795386391
2028,student_t,conservative,fossil_heavy,baseline,0.9,0.257894533669913,0.34129295309105573,0.3741902499305231
2028,student_t,conservative,fossil_heavy,baseline,0.95,0.257894533669913,0.3669160978595338,0.39573810107004675
2028,student_t,conservative,baseline,strict,0.9,0.32599695025401454,0.4025325098152974,0.4320055326024105
2028,student_t,conservative,baseline,strict,0.95,0.32599695025401454,0.425059244739547,0.4508991178108633
2028,student_t,conservative,equal,strict,0.9,0.3207947514218524,0.3984151134125803,0.4280440629702097
2028,student_t,conservative,equal,strict,0.95,0.3207947514218524,0.4211463923804115,0.4468772414643473
2028,student_t,conservative,uptake_heavy,strict,0.9,0.3379236410710988,0.41756877466240705,0.44723126960523674
2028,student_t,conservative,uptake_heavy,strict,0.95,0.3379236410710988,0.44113488581178295,0.4662085143501033
2028,student_t,conservative,grid_emissions_heavy,strict,0.9,0.34118119896587557,0.4350196442415345,0.4661984409429913
2028,student_t,conservative,grid_emissions_heavy,strict,0.95,0.34118119896587557,0.4613968329368475,0.4856766020102891
2028,student_t,conservative,fossil_heavy,strict,0.9,0.35385765323202434,0.43725607265316707,0.4701533694926344
2028,student_t,conservative,fossil_heavy,strict,0.95,0.35385765323202434,0.4628792174216451,0.4917012206321581
2029,student_t,conservative,baseline,lenient,0.9,0.14663197921448792,0.2425279546107109,0.2775677653651687
2029,student_t,conservative,baseline,lenient,0.95,0.14663197921448792,0.27187581565641256,0.29967933243770856
2029,student_t,conservative,equal,lenient,0.9,0.1486045751942996,0.2568597146731489,0.2990093132628997
2029,student_t,conservative,equal,lenient,0.95,0.1486045751942996,0.29288328527696084,0.3245325603361589
2029,student_t,conservative,uptake_heavy,lenient,0.9,0.13804498545032515,0.21350812579662976,0.23934821002839868
2029,student_t,conservative,uptake_heavy,lenient,0.95,0.13804498545032515,0.2337755296947883,0.25542029603330896
2029,student_t,conservative,grid_emissions_heavy,lenient,0.9,0.14399558722849007,0.239223648507271,0.27426943404768894
2029,student_t,conservative,grid_emissions_heavy,lenient,0.95,0.14399558722849007,0.26721384340803706,0.29639225620146686
2029,student_t,conservative,fossil_heavy,lenient,0.9,0.15336385114678147,0.23220150380608143,0.2615828360048886
2029,student_t,conservative,fossil_heavy,lenient,0.95,0.15336385114678147,0.2545891528483445,0.2806000906620832
2029,student_t,conservative,baseline,baseline,0.9,0.22714403915836875,0.30421474638202084,0.33308756714824683
2029,student_t,conservative,baseline,baseline,0.95,0.22714403915836875,0.32716764784226654,0.3513821033886704
2029,student_t,conservative,equal,baseline,0.9,0.22460828013361547,0.30316285672964965,0.33179027051344945
2029,student_t,conservative,equal,baseline,0.95,0.22460828013361547,0.3254352734904916,0.35031202981719345
2029,student_t,conservative,uptake_heavy,baseline,0.9,0.22583215254548894,0.30551409159201465,0.3346533206995399
2029,student_t,conservative,uptake_heavy,baseline,0.95,0.22583215254548894,0.3284649583630154,0.3532309988487675
2029,student_t,conservative,grid_emissions_heavy,baseline,0.9,0.2327122361158131,0.326328849621825,0.35682074669952407
2029,student_t,conservative,grid_emissions_heavy,baseline,0.95,0.2327122361158131,0.3510776929065596,0.37560117764946177
2029,student_t,conservative,fossil_heavy,baseline,0.9,0.2579647960951617,0.3420079112936041,0.3746183485947684
2029,student_t,conservative,fossil_heavy,baseline,0.95,0.2579647960951617,0.36695017614167447,0.39573452190647757
2029,student_t,conservative,baseline,strict,0.9,0.3260269927959932,0.4030977000196453,0.43197052078587134
2029,student_t,conservative,baseline,strict,0.95,0.3260269927959932,0.426050601479891,0.4502650570262948
2029,student_t,conservative,equal,strict,0.9,0.32045861119199337,0.3990131877880276,0.4276406015718274
2029,student_t,conservative,equal,strict,0.95,0.32045861119199337,0.42128560454886954,0.4461623608755713
2029,student_t,conservative,uptake_heavy,strict,0.9,0.3378174691103669,0.4174994081568927,0.446638637264418
2029,student_t,conservative,uptake_heavy,strict,0.95,0.3378174691103669,0.44045027492789346,0.46521631541364555
2029,student_t,conservative,grid_emissions_heavy,strict,0.9,0.34141035858746355,0.4350269720934755,0.4655188691711745
2029,student_t,conservative,grid_emissions_heavy,strict,0.95,0.34141035858746355,0.45977581537821005,0.4842993001211122
2029,student_t,conservative,fossil_heavy,strict,0.9,0.35392791565727527,0.4379710308557177,0.47058146815688195
2029,student_t,conservative,fossil_heavy,strict,0.95,0.35392791565727527,0.46291329570378803,0.491697641468591
2030,student_t,conservative,baseline,lenient,0.9,0.1460117659977674,0.23990572030160698,0.27495095988127766
2030,student_t,conservative,baseline,lenient,0.95,0.1460117659977674,0.26899793209916717,0.2966383598027594
2030,student_t,conservative,equal,lenient,0.9,0.14814394467706243,0.253398922762634,0.2961201034571163
2030,student_t,conservative,equal,lenient,0.95,0.14814394467706243,0.28968930562699235,0.3216752814602698
2030,student_t,conservative,uptake_heavy,lenient,0.9,0.13773305049378107,0.21250305794956595,0.23816984911012146
2030,student_t,conservative,uptake_heavy,lenient,0.95,0.13773305049378107,0.23282776753368453,0.2544343052474008
2030,student_t,conservative,grid_emissions_heavy,lenient,0.9,0.1431323684349118,0.2380443981975444,0.2726032061051756
2030,student_t,conservative,grid_emissions_heavy,lenient,0.95,0.1431323684349118,0.2651838657176259,0.294613972212848
2030,student_t,conservative,fossil_heavy,lenient,0.9,0.15299634572315646,0.23093737022583086,0.26075996345245345
2030,student_t,conservative,fossil_heavy,lenient,0.95,0.15299634572315646,0.2532547920759681,0.28039220611436677
2030,student_t,conservative,baseline,baseline,0.9,0.22671984453595267,0.30450567473218676,0.3332032948145437
2030,student_t,conservative,baseline,baseline,0.95,0.22671984453595267,0.32668997013207574,0.35169079456621977
2030,student_t,conservative,equal,baseline,0.9,0.22442502732455183,0.3040405613178843,0.33239838016455187
2030,student_t,conservative,equal,baseline,0.95,0.22442502732455183,0.325942838095803,0.35063336309896853
2030,student_t,conservative,uptake_heavy,baseline,0.9,0.22557052709053738,0.3063108531448762,0.3352714531534596
2030,student_t,conservative,uptake_heavy,baseline,0.95,0.22557052709053738,0.3295818040155299,0.35396435528081965
2030,student_t,conservative,grid_emissions_heavy,baseline,0.9,0.23181134174461931,0.3266534203063408,0.35654607438592983
2030,student_t,conservative,grid_emissions_heavy,baseline,0.95,0.23181134174461931,0.3505427670390222,0.37515094051518433
2030,student_t,conservative,fossil_heavy,baseline,0.9,0.2576509758354394,0.3423191786724864,0.3749595737610539
2030,student_t,conservative,fossil_heavy,baseline,0.95,0.2576509758354394,0.36688386478414664,0.3964764918523832
2030,student_t,conservative,baseline,strict,0.9,0.32560279817357585,0.40338862836980993,0.4320862484521669
2030,student_t,conservative,baseline,strict,0.95,0.32560279817357585,0.4255729237696989,0.450573748203843
2030,student_t,conservative,equal,strict,0.9,0.3202753583829287,0.3998908923762612,0.4282487112229286
2030,student_t,conservative,equal,strict,0.95,0.3202753583829287,0.42179316915417986,0.44648369415734535
2030,student_t,conservative,uptake_heavy,strict,0.9,0.3375558436554144,0.4182961697097532,0.4472567697183366
2030,student_t,conservative,uptake_heavy,strict,0.95,0.3375558436554144,0.441567120580407,0.46594967184569663
2030,student_t,conservative,grid_emissions_heavy,strict,0.9,0.34050946421626915,0.43535154277799054,0.4652441968575796
2030,student_t,conservative,grid_emissions_heavy,strict,0.95,0.34050946421626915,0.45924088951067193,0.4838490629868341
2030,student_t,conservative,fossil_heavy,strict,0.9,0.35361409539755084,0.43828229823459786,0.47092269332316533
2030,student_t,conservative,fossil_heavy,strict,0.95,0.35361409539755084,0.46284698434625815,0.4924396114144947
2026,student_t,central,baseline,lenient,0.9,0.09564778080402182,0.2241327669512481,0.2670319860042391
2026,student_t,central,baseline,lenient,0.95,0.09564778080402182,0.26180489625279624,0.29206313492216496
2026,student_t,central,equal,lenient,0.9,0.10142370968877251,0.2434035490511733,0.29136378326445894
2026,student_t,central,equal,lenient,0.95,0.10142370968877251,0.2852659972313894,0.31940864911988853
2026,student_t,central,uptake_heavy,lenient,0.9,0.08505833361700953,0.18905938345552292,0.22294131687930305
2026,student_t,central,uptake_heavy,lenient,0.95,0.08505833361700953,0.21481502593925839,0.2420847588529843
2026,student_t,central,grid_emissions_heavy,lenient,0.9,0.09568257032679106,0.22245474021386796,0.2738681084132103
2026,student_t,central,grid_emissions_heavy,lenient,0.95,0.09568257032679106,0.26658879567190563,0.3046934925811199
2026,student_t,central,fossil_heavy,lenient,0.9,0.08782453113885265,0.1930332714695002,0.2340317327398749
2026,student_t,central,fossil_heavy,lenient,0.95,0.08782453113885265,0.22436993366838254,0.26034048007725336
2026,student_t,central,baseline,baseline,0.9,0.1511223945319475,0.2892386924450514,0.33646959366291845
2026,student_t,central,baseline,baseline,0.95,0.1511223945319475,0.3272975563971572,0.36567349990982867
2026,student_t,central,equal,baseline,0.9,0.15613425779918017,0.30481757453908803,0.358598169574189
2026,student_t,central,equal,baseline,0.95,0.15613425779918017,0.34922300664567424,0.39171428293701527
2026,student_t,central,uptake_heavy,baseline,0.9,0.13766834502207187,0.260100157488058,0.30250358766228735
2026,student_t,central,uptake_heavy,baseline,0.95,0.13766834502207187,0.29271648377273973,0.3302439348155411
2026,student_t,central,grid_emissions_heavy,baseline,0.9,0.1500292625210031,0.3028922874282997,0.3595186258633482
2026,student_t,central,grid_emissions_heavy,baseline,0.95,0.1500292625210031,0.35234792236334983,0.3931892667087579
2026,student_t,central,fossil_heavy,baseline,0.9,0.153201958414738,0.2809350617958915,0.3326014096351861
2026,student_t,central,fossil_heavy,baseline,0.95,0.153201958414738,0.3198964682553283,0.3664793913743901
2026,student_t,central,baseline,strict,0.9,0.2058104851594253,0.3559253261566444,0.40770526008222585
2026,student_t,central,baseline,strict,0.95,0.2058104851594253,0.3976569826240965,0.4399023995074878
2026,student_t,central,equal,strict,0.9,0.20853633995091186,0.3672596464145576,0.42360559253548835
2026,student_t,central,equal,strict,0.95,0.20853633995091186,0.41182397950087934,0.45984670005301975
2026,student_t,central,uptake_heavy,strict,0.9,0.19907924925753384,0.34438200162362265,0.39582061370810867
2026,student_t,central,uptake_heavy,strict,0.95,0.19907924925753384,0.38363498387908385,0.4288921374330002
2026,student_t,central,grid_emissions_heavy,strict,0.9,0.20934289430645223,0.3875268354428879,0.44644491548391124
2026,student_t,central,grid_emissions_heavy,strict,0.95,0.20934289430645223,0.43875156978397156,0.48216273618054456
2026,student_t,central,fossil_heavy,strict,0.9,0.2094187167848606,0.35481019884071885,0.41273168140377076
2026,student_t,central,fossil_heavy,strict,0.95,0.2094187167848606,0.40037168037903453,0.450181498038926
2027,student_t,central,baseline,lenient,0.9,0.0963750632380206,0.22565293881081877,0.267175899178852
2027,student_t,central,baseline,lenient,0.95,0.0963750632380206,0.2610378181916017,0.2918484538450904
2027,student_t,central,equal,lenient,0.9,0.10217918227360313,0.24426680168404963,0.29126874665196234
2027,student_t,central,equal,lenient,0.95,0.10217918227360313,0.28502058480636544,0.31912318303893417
2027,student_t,central,uptake_heavy,lenient,0.9,0.0857174323742133,0.18995401886341617,0.22320387413726722
2027,student_t,central,uptake_heavy,lenient,0.95,0.0857174323742133,0.21483148064336893,0.24343245397471933
2027,student_t,central,grid_emissions_heavy,lenient,0.9,0.09688399462907253,0.22394704942739585,0.2750931138786937
2027,student_t,central,grid_emissions_heavy,lenient,0.95,0.09688399462907253,0.2678786312201786,0.3051523089588419
2027,student_t,central,fossil_heavy,lenient,0.9,0.08802743318812782,0.19168760948172206,0.233034037396244
2027,student_t,central,fossil_heavy,lenient,0.95,0.08802743318812782,0.22326647830214177,0.25941299972894705
2027,student_t,central,baseline,baseline,0.9,0.15173254406670186,0.29132030696263755,0.33709728330020894
2027,student_t,central,baseline,baseline,0.95,0.15173254406670186,0.32777269091730304,0.365838858557903
2027,student_t,central,equal,baseline,0.9,0.15669692341141395,0.30707002323982574,0.3594885647717238
2027,student_t,central,equal,baseline,0.95,0.15669692341141395,0.34960904545991517,0.3919412324344344
2027,student_t,central,uptake_heavy,baseline,0.9,0.1382719689480881,0.26031074659976083,0.30355888567879097
2027,student_t,central,uptake_heavy,baseline,0.95,0.1382719689480881,0.2959195731070083,0.3310880000961595
2027,student_t,central,grid_emissions_heavy,baseline,0.9,0.15142013414909997,0.30576351459619056,0.361183558736458
2027,student_t,central,grid_emissions_heavy,baseline,0.95,0.15142013414909997,0.35409181815832486,0.3941633628251726
2027,student_t,central,fossil_heavy,baseline,0.9,0.1533200077516513,0.27860574858114634,0.33166371750091356
2027,student_t,central,fossil_heavy,baseline,0.95,0.1533200077516513,0.31839148363310515,0.36559040815384825
2027,student_t,central,baseline,strict,0.9,0.20761835194446568,0.35762819101993076,0.4076282893396002
2027,student_t,central,baseline,strict,0.95,0.20761835194446568,0.39577184059313086,0.43949308012210997
2027,student_t,central,equal,strict,0.9,0.21035449258060013,0.36838664254644116,0.42384546252658845
2027,student_t,central,equal,strict,0.95,0.21035449258060013,0.41212761353073113,0.45898001429327234
2027,student_t,central,uptake_heavy,strict,0.9,0.20048582439258603,0.34401842753917433,0.3963584830816974
2027,student_t,central,uptake_heavy,strict,0.95,0.20048582439258603,0.38547541786473394,0.4302618147709834
2027,student_t,central,grid_emissions_heavy,strict,0.9,0.21186078667052152,0.38877779767024,0.4478478350596762
2027,student_t,central,grid_emissions_heavy,strict,0.95,0.21186078667052152,0.44031545227182933,0.4829911826454304
2027,student_t,central,fossil_heavy,strict,0.9,0.210376412958345,0.35359394992912735,0.4113868649482192
2027,student_t,central,fossil_heavy,strict,0.95,0.210376412958345,0.39840359343425463,0.44922645226023106
2028,student_t,central,baseline,lenient,0.9,0.09660164472402606,0.22615234932099573,0.2681638925402044
2028,student_t,central,baseline,lenient,0.95,0.09660164472402606,0.262664231891517,0.2929351106063217
2028,student_t,central,equal,lenient,0.9,0.10223070655212885,0.24434936103028712,0.2918715820337342
2028,student_t,central,equal,lenient,0.95,0.10223070655212885,0.28532280090274503,0.3202935735355642
2028,student_t,central,uptake_heavy,lenient,0.9,0.0863056325732979,0.19132552354648105,0.2250567102651508
2028,student_t,central,uptake_heavy,lenient,0.95,0.0863056325732979,0.21594833774401598,0.24580272052592306
2028,student_t,central,grid_emissions_heavy,lenient,0.9,0.09705731817176398,0.2258706346279678,0.27615824975150294
2028,student_t,central,grid_emissions_heavy,lenient,0.95,0.09705731817176398,0.2690228028326559,0.30637385714084714
2028,student_t,central,fossil_heavy,lenient,0.9,0.08852967373724333,0.19267238210948073,0.23401755922329393
2028,student_t,central,fossil_heavy,lenient,0.95,0.08852967373724333,0.22401052396602888,0.2606829659770414
2028,student_t,central,baseline,baseline,0.9,0.15214375946565983,0.29142459296306844,0.33745630657933245
2028,student_t,central,baseline,baseline,0.95,0.15214375946565983,0.32797144476053447,0.365828487325559
2028,student_t,central,equal,baseline,0.9,0.15697106322371251,0.3068950666637365,0.3589433153760994
2028,student_t,central,equal,baseline,0.95,0.15697106322371251,0.3493189960615177,0.3912380694302048
2028,student_t,central,uptake_heavy,baseline,0.9,0.139106976079236,0.2610640664566414,0.30493434088220644
2028,student_t,central,uptake_heavy,baseline,0.95,0.139106976079236,0.2960950383052753,0.33295527636665084
2028,student_t,central,grid_emissions_heavy,baseline,0.9,0.15162786265588174,0.30771524372628656,0.3621459324728382
2028,student_t,central,grid_emissions_heavy,baseline,0.95,0.15162786265588174,0.35441599990820566,0.3942874553447262
2028,student_t,central,fossil_heavy,baseline,0.9,0.15390361221330273,0.27933172926285893,0.33155896568199567
2028,student_t,central,fossil_heavy,baseline,0.95,0.15390361221330273,0.3179736705094497,0.3660602186373054
2028,student_t,central,baseline,strict,0.9,0.20829976239124812,0.35956638100742555,0.40876587352526866
2028,student_t,central,baseline,strict,0.95,0.20829976239124812,0.39860885992344836,0.4400515246944789
2028,student_t,central,equal,strict,0.9,0.21094478323480512,0.3703866099456744,0.42440440942602903
2028,student_t,central,equal,strict,0.95,0.21094478323480512,0.41457971556552875,0.45891911457327134
2028,student_t,central,uptake_heavy,strict,0.9,0.20173656073823285,0.3459284136776265,0.3983993109352243
2028,student_t,central,uptake_heavy,strict,0.95,0.20173656073823285,0.38711179823651537,0.4327128911373596
2028,student_t,central,grid_emissions_heavy,strict,0.9,0.2121161087792536,0.39079667310535876,0.44987784316056056
2028,student_t,central,grid_emissions_heavy,strict,0.95,0.2121161087792536,0.4415242351806118,0.4836782570541299
2028,student_t,central,fossil_heavy,strict,0.9,0.21110797904101786,0.35467430421432966,0.411466180068561
2028,student_t,central,fossil_heavy,strict,0.95,0.21110797904101786,0.39773345147680156,0.4490350438475645
2029,student_t,central,baseline,lenient,0.9,0.09664041458892743,0.22536856207560133,0.2672740844547093
2029,student_t,central,baseline,lenient,0.95,0.09664041458892743,0.2613653251668564,0.29267097050152663
2029,student_t,central,equal,lenient,0.9,0.1024274011552322,0.24467862990070613,0.2918139953911446
2029,student_t,central,equal,lenient,0.95,0.1024274011552322,0.285505916494344,0.3206734439025846
2029,student_t,central,uptake_heavy,lenient,0.9,0.08621330117059132,0.1898891993015861,0.22417759270737742
2029,student_t,central,uptake_heavy,lenient,0.95,0.08621330117059132,0.2169971446655959,0.245053596240172
2029,student_t,central,grid_emissions_heavy,lenient,0.9,0.0968802063691397,0.22263648669945788,0.27450068666902744
2029,student_t,central,grid_emissions_heavy,lenient,0.95,0.0968802063691397,0.26787863122018063,0.30567009855835614
2029,student_t,central,fossil_heavy,lenient,0.9,0.08851112570864937,0.19234866178500784,0.23351384666134864
2029,student_t,central,fossil_heavy,lenient,0.95,0.08851112570864937,0.22461303848927447,0.2595459913098101
2029,student_t,central,baseline,baseline,0.9,0.1519125955968555,0.2911976968174621,0.3379748720332567
2029,student_t,central,baseline,baseline,0.95,0.1519125955968555,0.3288260645487608,0.36695940858921927
2029,student_t,central,equal,baseline,0.9,0.15686289006962892,0.3081701792067208,0.36090123125205686
2029,student_t,central,equal,baseline,0.95,0.15686289006962892,0.35100784219764586,0.39418878589987094
2029,student_t,central,uptake_heavy,baseline,0.9,0.13875428057811787,0.26152433972280165,0.30496092352618437
2029,student_t,central,uptake_heavy,baseline,0.95,0.13875428057811787,0.29592525175444606,0.3327777137341018
2029,student_t,central,grid_emissions_heavy,baseline,0.9,0.15120305930633596,0.3056832978742232,0.3616248151812986
2029,student_t,central,grid_emissions_heavy,baseline,0.95,0.15120305930633596,0.3542272704874731,0.3951412672261271
2029,student_t,central,fossil_heavy,baseline,0.9,0.15381985406108903,0.2815096491960571,0.33190984053903844
2029,student_t,central,fossil_heavy,baseline,0.95,0.15381985406108903,0.31977142694113136,0.36528419433192655
2029,student_t,central,baseline,strict,0.9,0.2078672951065888,0.35754033926407536,0.4079872276072822
2029,student_t,central,baseline,strict,0.95,0.2078672951065888,0.3984450760349538,0.44018519174604215
2029,student_t,central,equal,strict,0.9,0.21064854466586722,0.3691840633977806,0.425194143426031
2029,student_t,central,equal,strict,0.95,0.21064854466586722,0.4137048856839972,0.4614075473451055
2029,student_t,central,uptake_heavy,strict,0.9,0.20102044934181798,0.3467173587804121,0.39755913396543757
2029,student_t,central,uptake_heavy,strict,0.95,0.20102044934181798,0.3845784208127876,0.43151550599349625
2029,student_t,central,grid_emissions_heavy,strict,0.9,0.21146550509731019,0.389315297817131,0.44861715397705604
2029,student_t,central,grid_emissions_heavy,strict,0.95,0.21146550509731019,0.44020220590857495,0.48397593189750365
2029,student_t,central,fossil_heavy,strict,0.9,0.21089394576605355,0.3553812776638455,0.41156842998931764
2029,student_t,central,fossil_heavy,strict,0.95,0.21089394576605355,0.3982862025730561,0.448372474704708
2030,student_t,central,baseline,lenient,0.9,0.09623955905305799,0.22731534873760592,0.2677919621181892
2030,student_t,central,baseline,lenient,0.95,0.09623955905305799,0.2622523135051006,0.2921284172482974
2030,student_t,central,equal,lenient,0.9,0.10214300396022621,0.24665004558620107,0.29260046756334157
2030,student_t,central,equal,lenient,0.95,0.10214300396022621,0.28639829810374234,0.3201219719637716
2030,student_t,central,uptake_heavy,lenient,0.9,0.08555312534230343,0.18947225711519317,0.2230481536514114
2030,student_t,central,uptake_heavy,lenient,0.95,0.08555312534230343,0.21481502593925883,0.24211298081746938
2030,student_t,central,grid_emissions_heavy,lenient,0.9,0.09639550063613282,0.22502587201703378,0.2747352030350381
2030,student_t,central,grid_emissions_heavy,lenient,0.95,0.09639550063613282,0.2670086048445857,0.30479601378790433
2030,student_t,central,fossil_heavy,lenient,0.9,0.08768690568516427,0.19179437403928895,0.23196311018781404
2030,student_t,central,fossil_heavy,lenient,0.95,0.08768690568516427,0.22221287605161585,0.25829955517735403
2030,student_t,central,baseline,baseline,0.9,0.151264305274149,0.2907603648708105,0.3376950376906625
2030,student_t,central,baseline,baseline,0.95,0.151264305274149,0.32870206019517517,0.3666634170267864
2030,student_t,central,equal,baseline,0.9,0.15632145289230437,0.30801626673812255,0.36099112527745947
2030,student_t,central,equal,baseline,0.95,0.15632145289230437,0.3506810684720714,0.39388089321404135
2030,student_t,central,uptake_heavy,baseline,0.9,0.13790424842826593,0.2588755850476723,0.3024293536859098
2030,student_t,central,uptake_heavy,baseline,0.95,0.13790424842826593,0.2937751505610444,0.33004364615036513
2030,student_t,central,grid_emissions_heavy,baseline,0.9,0.15047093250743696,0.3046841688442416,0.3607312417059112
2030,student_t,central,grid_emissions_heavy,baseline,0.95,0.15047093250743696,0.3527390141539336,0.3941676059688013
2030,student_t,central,fossil_heavy,baseline,0.9,0.1527222640327747,0.27904690390002773,0.3294501915585102
2030,student_t,central,fossil_heavy,baseline,0.95,0.1527222640327747,0.31536800748354504,0.3632739446243513
2030,student_t,central,baseline,strict,0.9,0.20681408599209553,0.3571308444636031,0.40812423071463455
2030,student_t,central,baseline,strict,0.95,0.20681408599209553,0.3987591645804212,0.44059104127619453
2030,student_t,central,equal,strict,0.9,0.2096001577535359,0.3694759656195819,0.426202407763733
2030,student_t,central,equal,strict,0.95,0.2096001577535359,0.41599583801828643,0.4620339141919841
2030,student_t,central,uptake_heavy,strict,0.9,0.2000570517006199,0.3429936639388053,0.3946707382090764
2030,student_t,central,uptake_heavy,strict,0.95,0.2000570517006199,0.3836349838790855,0.427725094406534
2030,student_t,central,grid_emissions_heavy,strict,0.9,0.21048935614268735,0.3874691844086981,0.4470625099790929
2030,student_t,central,grid_emissions_heavy,strict,0.95,0.21048935614268735,0.4385055305112413,0.48322615064388263
2030,student_t,central,fossil_heavy,strict,0.9,0.2095061073477681,0.3527153859378302,0.40855847234705056
2030,student_t,central,fossil_heavy,strict,0.95,0.2095061073477681,0.3956573358046216,0.4453726361988406
2026,student_t,optimistic,baseline,lenient,0.9,0.0,0.0,0.0
2026,student_t,optimistic,baseline,lenient,0.95,0.0,0.0,0.0
2026,student_t,optimistic,equal,lenient,0.9,0.0,0.0,0.0
2026,student_t,optimistic,equal,lenient,0.95,0.0,0.0,0.0
2026,student_t,optimistic,uptake_heavy,lenient,0.9,0.0,0.0,0.0
2026,student_t,optimistic,uptake_heavy,lenient,0.95,0.0,0.0,0.0
2026,student_t,optimistic,grid_emissions_heavy,lenient,0.9,0.0,0.0,0.0
2026,student_t,optimistic,grid_emissions_heavy,lenient,0.95,0.0,0.0,0.0
2026,student_t,optimistic,fossil_heavy,lenient,0.9,0.0,0.0,0.0
2026,student_t,optimistic,fossil_heavy,lenient,0.95,0.0,0.0,0.0
2026,student_t,optimistic,baseline,baseline,0.9,0.0,0.0,0.0
2026,student_t,optimistic,baseline,baseline,0.95,0.0,0.0,0.0
2026,student_t,optimistic,equal,baseline,0.9,0.0,0.0,0.0
2026,student_t,optimistic,equal,baseline,0.95,0.0,0.0,0.0
2026,student_t,optimistic,uptake_heavy,baseline,0.9,0.0,0.0,0.0
2026,student_t,optimistic,uptake_heavy,baseline,0.95,0.0,0.0,0.0
2026,student_t,optimistic,grid_emissions_heavy,baseline,0.9,0.0,0.0,0.0
2026,student_t,optimistic,grid_emissions_heavy,baseline,0.95,0.0,0.0,0.0
2026,student_t,optimistic,fossil_heavy,baseline,0.9,0.0,0.0,0.0
2026,student_t,optimistic,fossil_heavy,baseline,0.95,0.0,0.0,0.0
2026,student_t,optimistic,baseline,strict,0.9,0.03236215513593639,0.15829500527453716,0.17089251346753284
2026,student_t,optimistic,baseline,strict,0.95,0.03236215513593639,0.16683041647921174,0.17948751692830955
2026,student_t,optimistic,equal,strict,0.9,0.03505085025941977,0.17584891275729683,0.18876061340206085
2026,student_t,optimistic,equal,strict,0.95,0.03505085025941977,0.1849946858113953,0.19717891240872393
2026,student_t,optimistic,uptake_heavy,strict,0.9,0.025425637578427248,0.10821383264357143,0.11945669777400805
2026,student_t,optimistic,uptake_heavy,strict,0.95,0.025425637578427248,0.11605646938014351,0.12680030001942344
2026,student_t,optimistic,grid_emissions_heavy,strict,0.9,0.026969565133761694,0.1128127495984874,0.13130709928411793
2026,student_t,optimistic,grid_emissions_heavy,strict,0.95,0.026969565133761694,0.12575191872133962,0.14346813632242011
2026,student_t,optimistic,fossil_heavy,strict,0.9,0.02377577085305658,0.10584819934442759,0.11748287032643956
2026,student_t,optimistic,fossil_heavy,strict,0.95,0.02377577085305658,0.11374364438838451,0.12597092389822726
2027,student_t,optimistic,baseline,lenient,0.9,0.0,0.0,0.0
2027,student_t,optimistic,baseline,lenient,0.95,0.0,0.0,0.0
2027,student_t,optimistic,equal,lenient,0.9,0.0,0.0,0.0
2027,student_t,optimistic,equal,lenient,0.95,0.0,0.0,0.0
2027,student_t,optimistic,uptake_heavy,lenient,0.9,0.0,0.0,0.0
2027,student_t,optimistic,uptake_heavy,lenient,0.95,0.0,0.0,0.0
2027,student_t,optimistic,grid_emissions_heavy,lenient,0.9,0.0,0.0,0.0
2027,student_t,optimistic,grid_emissions_heavy,lenient,0.95,0.0,0.0,0.0
2027,student_t,optimistic,fossil_heavy,lenient,0.9,0.0,0.0,0.0
2027,student_t,optimistic,fossil_heavy,lenient,0.95,0.0,0.0,0.0
2027,student_t,optimistic,baseline,baseline,0.9,0.0,0.0,0.0
2027,student_t,optimistic,baseline,baseline,0.95,0.0,0.0,0.0
2027,student_t,optimistic,equal,baseline,0.9,0.0,0.0,0.0
2027,student_t,optimistic,equal,baseline,0.95,0.0,0.0,0.0
2027,student_t,optimistic,uptake_heavy,baseline,0.9,0.0,0.0,0.0
2027,student_t,optimistic,uptake_heavy,baseline,0.95,0.0,0.0,0.0
2027,student_t,optimistic,grid_emissions_heavy,baseline,0.9,0.0,0.0,0.0
2027,student_t,optimistic,grid_emissions_heavy,baseline,0.95,0.0,0.0,0.0
2027,student_t,optimistic,fossil_heavy,baseline,0.9,0.0,0.0,0.0
2027,student_t,optimistic,fossil_heavy,baseline,0.95,0.0,0.0,0.0
2027,student_t,optimistic,baseline,strict,0.9,0.03203961051630904,0.15827449972632074,0.1708017758325567
2027,student_t,optimistic,baseline,strict,0.95,0.03203961051630904,0.16663899296001275,0.17929045046195607
2027,student_t,optimistic,equal,strict,0.9,0.03466698823760248,0.17594101179701008,0.18859650064882533
2027,student_t,optimistic,equal,strict,0.95,0.03466698823760248,0.18487870841017248,0.19691341504525153
2027,student_t,optimistic,uptake_heavy,strict,0.9,0.025223114662424738,0.10825701168975206,0.11932367916374363
2027,student_t,optimistic,uptake_heavy,strict,0.95,0.025223114662424738,0.11604705822724336,0.12659021634273163
2027,student_t,optimistic,grid_emissions_heavy,strict,0.9,0.026763342623043276,0.11297358304941842,0.13116929850463319
2027,student_t,optimistic,grid_emissions_heavy,strict,0.95,0.026763342623043276,0.12554871267405493,0.1431933444835827
2027,student_t,optimistic,fossil_heavy,strict,0.9,0.023556484939566746,0.10587777774706793,0.11744202029997791
2027,student_t,optimistic,fossil_heavy,strict,0.95,0.023556484939566746,0.1135966149167859,0.12584155220691426
2028,student_t,optimistic,baseline,lenient,0.9,0.0,0.0,0.0
2028,student_t,optimistic,baseline,lenient,0.95,0.0,0.0,0.0
2028,student_t,optimistic,equal,lenient,0.9,0.0,0.0,0.0
2028,student_t,optimistic,equal,lenient,0.95,0.0,0.0,0.0
2028,student_t,optimistic,uptake_heavy,lenient,0.9,0.0,0.0,0.0
2028,student_t,optimistic,uptake_heavy,lenient,0.95,0.0,0.0,0.0
2028,student_t,optimistic,grid_emissions_heavy,lenient,0.9,0.0,0.0,0.0
2028,student_t,optimistic,grid_emissions_heavy,lenient,0.95,0.0,0.0,0.0
2028,student_t,optimistic,fossil_heavy,lenient,0.9,0.0,0.0,0.0
2028,student_t,optimistic,fossil_heavy,lenient,0.95,0.0,0.0,0.0
2028,student_t,optimistic,baseline,baseline,0.9,0.0,0.0,0.0
2028,student_t,optimistic,baseline,baseline,0.95,0.0,0.0,0.0
2028,student_t,optimistic,equal,baseline,0.9,0.0,0.0,0.0
2028,student_t,optimistic,equal,baseline,0.95,0.0,0.0,0.0
2028,student_t,optimistic,uptake_heavy,baseline,0.9,0.0,0.0,0.0
2028,student_t,optimistic,uptake_heavy,baseline,0.95,0.0,0.0,0.0
2028,student_t,optimistic,grid_emissions_heavy,baseline,0.9,0.0,0.0,0.0
2028,student_t,optimistic,grid_emissions_heavy,baseline,0.95,0.0,0.0,0.0
2028,student_t,optimistic,fossil_heavy,baseline,0.9,0.0,0.0,0.0
2028,student_t,optimistic,fossil_heavy,baseline,0.95,0.0,0.0,0.0
2028,student_t,optimistic,baseline,strict,0.9,0.03277951748118239,0.15858264215227783,0.17061752652969914
2028,student_t,optimistic,baseline,strict,0.95,0.03277951748118239,0.16664514127658894,0.17882259183772958
2028,student_t,optimistic,equal,strict,0.9,0.0354814292637103,0.17618325003576868,0.18833036426610114
2028,student_t,optimistic,equal,strict,0.95,0.0354814292637103,0.18483322572851316,0.1962744965708223
2028,student_t,optimistic,uptake_heavy,strict,0.9,0.02569849006220736,0.10844728839513959,0.11929732890335419
2028,student_t,optimistic,uptake_heavy,strict,0.95,0.02569849006220736,0.11615705075657172,0.12637994005888417
2028,student_t,optimistic,grid_emissions_heavy,strict,0.9,0.027302521972014417,0.1132484025771724,0.1309636562017617
2028,student_t,optimistic,grid_emissions_heavy,strict,0.95,0.027302521972014417,0.12555669769248995,0.142592827393074
2028,student_t,optimistic,fossil_heavy,strict,0.9,0.024066014589566982,0.10595375212972279,0.11716030228322365
2028,student_t,optimistic,fossil_heavy,strict,0.95,0.024066014589566982,0.11357274936962643,0.12527700330194774
2029,student_t,optimistic,baseline,lenient,0.9,0.0,0.0,0.0
2029,student_t,optimistic,baseline,lenient,0.95,0.0,0.0,0.0
2029,student_t,optimistic,equal,lenient,0.9,0.0,0.0,0.0
2029,student_t,optimistic,equal,lenient,0.95,0.0,0.0,0.0
2029,student_t,optimistic,uptake_heavy,lenient,0.9,0.0,0.0,0.0
2029,student_t,optimistic,uptake_heavy,lenient,0.95,0.0,0.0,0.0
2029,student_t,optimistic,grid_emissions_heavy,lenient,0.9,0.0,0.0,0.0
2029,student_t,optimistic,grid_emissions_heavy,lenient,0.95,0.0,0.0,0.0
2029,student_t,optimistic,fossil_heavy,lenient,0.9,0.0,0.0,0.0
2029,student_t,optimistic,fossil_heavy,lenient,0.95,0.0,0.0,0.0
2029,student_t,optimistic,baseline,baseline,0.9,0.0,0.0,0.0
2029,student_t,optimistic,baseline,baseline,0.95,0.0,0.0,0.0
2029,student_t,optimistic,equal,baseline,0.9,0.0,0.0,0.0
2029,student_t,optimistic,equal,baseline,0.95,0.0,0.0,0.0
2029,student_t,optimistic,uptake_heavy,baseline,0.9,0.0,0.0,0.0
2029,student_t,optimistic,uptake_heavy,baseline,0.95,0.0,0.0,0.0
2029,student_t,optimistic,grid_emissions_heavy,baseline,0.9,0.0,0.0,0.0
2029,student_t,optimistic,grid_emissions_heavy,baseline,0.95,0.0,0.0,0.0
2029,student_t,optimistic,fossil_heavy,baseline,0.9,0.0,0.0,0.0
2029,student_t,optimistic,fossil_heavy,baseline,0.95,0.0,0.0,0.0
2029,student_t,optimistic,baseline,strict,0.9,0.032986814345890465,0.158710423363245,0.17107845567162452
2029,student_t,optimistic,baseline,strict,0.95,0.032986814345890465,0.16685263346311086,0.17967623696366616
2029,student_t,optimistic,equal,strict,0.9,0.03571442606522846,0.17642331040635686,0.18886003937664855
2029,student_t,optimistic,equal,strict,0.95,0.03571442606522846,0.18519247382127205,0.19725121314733962
2029,student_t,optimistic,uptake_heavy,strict,0.9,0.025863128677869735,0.10861914023744165,0.1195768842222586
2029,student_t,optimistic,uptake_heavy,strict,0.95,0.025863128677869735,0.11628032034800982,0.1269323695641027
2029,student_t,optimistic,grid_emissions_heavy,strict,0.9,0.027474434253074703,0.11364755786486995,0.13163668118867133
2029,student_t,optimistic,grid_emissions_heavy,strict,0.95,0.027474434253074703,0.1256338658802209,0.14375495709850855
2029,student_t,optimistic,fossil_heavy,strict,0.9,0.02418539984821759,0.10613007129268023,0.11766135641904266
2029,student_t,optimistic,fossil_heavy,strict,0.95,0.02418539984821759,0.11403366092287646,0.12616443871829217
2030,student_t,optimistic,baseline,lenient,0.9,0.0,0.0,0.0
2030,student_t,optimistic,baseline,lenient,0.95,0.0,0.0,0.0
2030,student_t,optimistic,equal,lenient,0.9,0.0,0.0,0.0
2030,student_t,optimistic,equal,lenient,0.95,0.0,0.0,0.0
2030,student_t,optimistic,uptake_heavy,lenient,0.9,0.0,0.0,0.0
2030,student_t,optimistic,uptake_heavy,lenient,0.95,0.0,0.0,0.0
2030,student_t,optimistic,grid_emissions_heavy,lenient,0.9,0.0,0.0,0.0
2030,student_t,optimistic,grid_emissions_heavy,lenient,0.95,0.0,0.0,0.0
2030,student_t,optimistic,fossil_heavy,lenient,0.9,0.0,0.0,0.0
2030,student_t,optimistic,fossil_heavy,lenient,0.95,0.0,0.0,0.0
2030,student_t,optimistic,baseline,baseline,0.9,0.0,0.0,0.0
2030,student_t,optimistic,baseline,baseline,0.95,0.0,0.0,0.0
2030,student_t,optimistic,equal,baseline,0.9,0.0,0.0,0.0
2030,student_t,optimistic,equal,baseline,0.95,0.0,0.0,0.0
2030,student_t,optimistic,uptake_heavy,baseline,0.9,0.0,0.0,0.0
2030,student_t,optimistic,uptake_heavy,baseline,0.95,0.0,0.0,0.0
2030,student_t,optimistic,grid_emissions_heavy,baseline,0.9,0.0,0.0,0.0
2030,student_t,optimistic,grid_emissions_heavy,baseline,0.95,0.0,0.0,0.0
2030,student_t,optimistic,fossil_heavy,baseline,0.9,0.0,0.0,0.0
2030,student_t,optimistic,fossil_heavy,baseline,0.95,0.0,0.0,0.0
2030,student_t,optimistic,baseline,strict,0.9,0.03209165449309028,0.15835602417739703,0.17050670981781044
2030,student_t,optimistic,baseline,strict,0.95,0.03209165449309028,0.16660573448616037,0.17892223098851504
2030,student_t,optimistic,equal,strict,0.9,0.03471464984420276,0.17584401140960168,0.18816332860016444
2030,student_t,optimistic,equal,strict,0.95,0.03471464984420276,0.1845719680460596,0.19629721483450716
2030,student_t,optimistic,uptake_heavy,strict,0.9,0.025261735712580877,0.10820352811432549,0.11919161651420691
2030,student_t,optimistic,uptake_heavy,strict,0.95,0.025261735712580877,0.116026846085267,0.12651130633391353
2030,student_t,optimistic,grid_emissions_heavy,strict,0.9,0.02686852474638822,0.11289127923474922,0.13073725491124819
2030,student_t,optimistic,grid_emissions_heavy,strict,0.95,0.02686852474638822,0.12524485490509654,0.14260812566967185
2030,student_t,optimistic,fossil_heavy,strict,0.9,0.023617703486508566,0.10576709250881444,0.11711196022597083
2030,student_t,optimistic,fossil_heavy,strict,0.95,0.023617703486508566,0.11339702901384445,0.12540211719018426
2026,student_t,stress_tail,baseline,lenient,0.9,0.25952993231011695,0.30351554168467915,0.31608500892595565
2026,student_t,stress_tail,baseline,lenient,0.95,0.25952993231011695,0.3136038985514972,0.32390344724684145
2026,student_t,stress_tail,equal,lenient,0.9,0.25683379521627214,0.3013095277407585,0.3138193831421432
2026,student_t,stress_tail,equal,lenient,0.95,0.25683379521627214,0.3116876606486871,0.32146333150955325
2026,student_t,stress_tail,uptake_heavy,lenient,0.9,0.2582018783739883,0.30348509011256186,0.31573629532987035
2026,student_t,stress_tail,uptake_heavy,lenient,0.95,0.2582018783739883,0.3137177995745968,0.32335268228299724
2026,student_t,stress_tail,grid_emissions_heavy,lenient,0.9,0.2655841537697454,0.31839804844741776,0.32957004973287224
2026,student_t,stress_tail,grid_emissions_heavy,lenient,0.95,0.2655841537697454,0.32814635695823013,0.3362099975413739
2026,student_t,stress_tail,fossil_heavy,lenient,0.9,0.294793054473431,0.3433998684336064,0.35866706722470687
2026,student_t,stress_tail,fossil_heavy,lenient,0.95,0.294793054473431,0.35631978105494716,0.367971187097613
2026,student_t,stress_tail,baseline,baseline,0.9,0.3731469786724908,0.417132588047053,0.4297020552883295
2026,student_t,stress_tail,baseline,baseline,0.95,0.3731469786724908,0.427220944913871,0.4375204936092153
2026,student_t,stress_tail,equal,baseline,0.9,0.36931679749122615,0.41379253001571253,0.4263023854170972
2026,student_t,stress_tail,equal,baseline,0.95,0.36931679749122615,0.4241706629236411,0.43394633378450725
2026,student_t,stress_tail,uptake_heavy,baseline,0.9,0.3712165618091092,0.4164997735476828,0.4287509787649913
2026,student_t,stress_tail,uptake_heavy,baseline,0.95,0.3712165618091092,0.42673248300971767,0.43636736571811807
2026,student_t,stress_tail,grid_emissions_heavy,baseline,0.9,0.38188603129809406,0.43469992597576634,0.4458719272612209
2026,student_t,stress_tail,grid_emissions_heavy,baseline,0.95,0.38188603129809406,0.4444482344865787,0.45251187506972257
2026,student_t,stress_tail,fossil_heavy,baseline,0.9,0.42382993491131427,0.4724367488714898,0.4877039476625903
2026,student_t,stress_tail,fossil_heavy,baseline,0.95,0.42382993491131427,0.48535666149283047,0.4970080675354964
2026,student_t,stress_tail,baseline,strict,0.9,0.4720299323101147,0.5160155416846769,0.5285850089259535
2026,student_t,stress_tail,baseline,strict,0.95,0.4720299323101147,0.526103898551495,0.5364034472468392
2026,student_t,stress_tail,equal,strict,0.9,0.4651671285496036,0.5096428610740901,0.5221527164754748
2026,student_t,stress_tail,equal,strict,0.95,0.4651671285496036,0.5200209939820186,0.5297966648428849
2026,student_t,stress_tail,uptake_heavy,strict,0.9,0.48320187837398687,0.5284850901125604,0.5407362953298689
2026,student_t,stress_tail,uptake_heavy,strict,0.95,0.48320187837398687,0.5387177995745954,0.5483526822829958
2026,student_t,stress_tail,grid_emissions_heavy,strict,0.9,0.4905841537697439,0.5433980484474163,0.5545700497328706
2026,student_t,stress_tail,grid_emissions_heavy,strict,0.95,0.4905841537697439,0.5531463569582286,0.5612099975413724
2026,student_t,stress_tail,fossil_heavy,strict,0.9,0.5197930544734273,0.5683998684336025,0.5836670672247031
2026,student_t,stress_tail,fossil_heavy,strict,0.95,0.5197930544734273,0.5813197810549433,0.5929711870976092
2027,student_t,stress_tail,baseline,lenient,0.9,0.2599439077040419,0.3039377678609403,0.3164557224197813
2027,student_t,stress_tail,baseline,lenient,0.95,0.2599439077040419,0.3141442159622627,0.3241765576259138
2027,student_t,stress_tail,equal,lenient,0.9,0.2573738767826891,0.30181296626146936,0.3141456798335376
2027,student_t,stress_tail,equal,lenient,0.95,0.2573738767826891,0.3119713567322691,0.3216421098751675
2027,student_t,stress_tail,uptake_heavy,lenient,0.9,0.25866570987743115,0.3040074886317234,0.31622180514108156
2027,student_t,stress_tail,uptake_heavy,lenient,0.95,0.25866570987743115,0.3141830532082359,0.3235658146675818
2027,student_t,stress_tail,grid_emissions_heavy,lenient,0.9,0.2660326918954888,0.31829935859145575,0.3296875474220324
2027,student_t,stress_tail,grid_emissions_heavy,lenient,0.95,0.2660326918954888,0.3281914419933007,0.33641844029818285
2027,student_t,stress_tail,fossil_heavy,lenient,0.9,0.2951781881641088,0.3440999826057804,0.3590647656554316
2027,student_t,stress_tail,fossil_heavy,lenient,0.95,0.2951781881641088,0.356700289354247,0.3682407374922911
2027,student_t,stress_tail,baseline,baseline,0.9,0.3735609540664204,0.41755481422331886,0.4300727687821599
2027,student_t,stress_tail,baseline,baseline,0.95,0.3735609540664204,0.4277612623246412,0.4377936039882923
2027,student_t,stress_tail,equal,baseline,0.9,0.36985687905764697,0.41429596853642725,0.42662868210849547
2027,student_t,stress_tail,equal,baseline,0.95,0.36985687905764697,0.424454359007227,0.43412511215012545
2027,student_t,stress_tail,uptake_heavy,baseline,0.9,0.3716803933125554,0.4170221720668477,0.42923648857620583
2027,student_t,stress_tail,uptake_heavy,baseline,0.95,0.3716803933125554,0.4271977366433602,0.4365804981027061
2027,student_t,stress_tail,grid_emissions_heavy,baseline,0.9,0.3823345694238404,0.43460123611980744,0.44598942495038396
2027,student_t,stress_tail,grid_emissions_heavy,baseline,0.95,0.3823345694238404,0.4444933195216524,0.45272031782653455
2027,student_t,stress_tail,fossil_heavy,baseline,0.9,0.4242150686020001,0.47313686304367164,0.48810164609332285
2027,student_t,stress_tail,fossil_heavy,baseline,0.95,0.4242150686020001,0.48573716979213827,0.4972776179301823
2027,student_t,stress_tail,baseline,strict,0.9,0.47244390770404204,0.5164377678609405,0.5289557224197815
2027,student_t,stress_tail,baseline,strict,0.95,0.47244390770404204,0.5266442159622629,0.536676557625914
2027,student_t,stress_tail,equal,strict,0.9,0.46570721011602256,0.510146299594803,0.5224790131668712
2027,student_t,stress_tail,equal,strict,0.95,0.46570721011602256,0.5203046900656026,0.529975443208501
2027,student_t,stress_tail,uptake_heavy,strict,0.9,0.48366570987743124,0.5290074886317236,0.5412218051410818
2027,student_t,stress_tail,uptake_heavy,strict,0.95,0.48366570987743124,0.539183053208236,0.5485658146675819
2027,student_t,stress_tail,grid_emissions_heavy,strict,0.9,0.4910326918954892,0.5432993585914561,0.5546875474220327
2027,student_t,stress_tail,grid_emissions_heavy,strict,0.95,0.4910326918954892,0.553191441993301,0.5614184402981832
2027,student_t,stress_tail,fossil_heavy,strict,0.9,0.520178188164109,0.5690999826057805,0.5840647656554318
2027,student_t,stress_tail,fossil_heavy,strict,0.95,0.520178188164109,0.5817002893542473,0.5932407374922912
2028,student_t,stress_tail,baseline,lenient,0.9,0.25966038335510483,0.3038531531736485,0.3159871808405396
2028,student_t,stress_tail,baseline,lenient,0.95,0.25966038335510483,0.31351587841511963,0.3236158822454243
2028,student_t,stress_tail,equal,lenient,0.9,0.2570008270594976,0.3016838661674007,0.31386182562021103
2028,student_t,stress_tail,equal,lenient,0.95,0.2570008270594976,0.3118269036073131,0.3212537654147461
2028,student_t,stress_tail,uptake_heavy,lenient,0.9,0.2583323275966938,0.30373732250994906,0.3157070492920237
2028,student_t,stress_tail,uptake_heavy,lenient,0.95,0.2583323275966938,0.3135687651627066,0.3231059581975521
2028,student_t,stress_tail,grid_emissions_heavy,lenient,0.9,0.26591901123513123,0.3187752495903293,0.3297477868696792
2028,student_t,stress_tail,grid_emissions_heavy,lenient,0.95,0.26591901123513123,0.3284034783921988,0.33631661999339135
2028,student_t,stress_tail,fossil_heavy,lenient,0.9,0.2947877546110113,0.3435030649986932,0.35820692546147415
2028,student_t,stress_tail,fossil_heavy,lenient,0.95,0.2947877546110113,0.35546411616572965,0.3673535797543631
2028,student_t,stress_tail,baseline,baseline,0.9,0.3732774297174819,0.4174701995360256,0.42960422720291674
2028,student_t,stress_tail,baseline,baseline,0.95,0.3732774297174819,0.4271329247774967,0.4372329286078014
2028,student_t,stress_tail,equal,baseline,0.9,0.3694838293344544,0.4141668684423575,0.42634482789516776
2028,student_t,stress_tail,equal,baseline,0.95,0.3694838293344544,0.42430990588226974,0.4337367676897028
2028,student_t,stress_tail,uptake_heavy,baseline,0.9,0.37134701103181694,0.4167520059450723,0.4287217327271469
2028,student_t,stress_tail,uptake_heavy,baseline,0.95,0.37134701103181694,0.4265834485978297,0.4361206416326753
2028,student_t,stress_tail,grid_emissions_heavy,baseline,0.9,0.38222088876348154,0.43507712711867963,0.44604966439802946
2028,student_t,stress_tail,grid_emissions_heavy,baseline,0.95,0.38222088876348154,0.4447053559205491,0.45261849752174166
2028,student_t,stress_tail,fossil_heavy,baseline,0.9,0.4238246350489004,0.4725399454365823,0.4872438058993631
2028,student_t,stress_tail,fossil_heavy,baseline,0.95,0.4238246350489004,0.4845009966036187,0.4963904601922522
2028,student_t,stress_tail,baseline,strict,0.9,0.47216038335510513,0.5163531531736488,0.5284871808405399
2028,student_t,stress_tail,baseline,strict,0.95,0.47216038335510513,0.52601587841512,0.5361158822454247
2028,student_t,stress_tail,equal,strict,0.9,0.46533416039283165,0.5100171995007347,0.5221951589535451
2028,student_t,stress_tail,equal,strict,0.95,0.46533416039283165,0.5201602369406471,0.5295870987480801
2028,student_t,stress_tail,uptake_heavy,strict,0.9,0.4833323275966941,0.5287373225099495,0.540707049292024
2028,student_t,stress_tail,uptake_heavy,strict,0.95,0.4833323275966941,0.5385687651627069,0.5481059581975525
2028,student_t,stress_tail,grid_emissions_heavy,strict,0.9,0.49091901123513143,0.5437752495903295,0.5547477868696794
2028,student_t,stress_tail,grid_emissions_heavy,strict,0.95,0.49091901123513143,0.553403478392199,0.5613166199933916
2028,student_t,stress_tail,fossil_heavy,strict,0.9,0.5197877546110118,0.5685030649986935,0.5832069254614745
2028,student_t,stress_tail,fossil_heavy,strict,0.95,0.5197877546110118,0.5804641161657299,0.5923535797543635
2029,student_t,stress_tail,baseline,lenient,0.9,0.2599548702366919,0.3035114071695276,0.31596363211184064
2029,student_t,stress_tail,baseline,lenient,0.95,0.2599548702366919,0.31359690154607917,0.3236786414491694
2029,student_t,stress_tail,equal,lenient,0.9,0.257359997170466,0.3017238979270767,0.3138179228024878
2029,student_t,stress_tail,equal,lenient,0.95,0.257359997170466,0.3118351156428679,0.32120247903797916
2029,student_t,stress_tail,uptake_heavy,lenient,0.9,0.25856900196238586,0.30359061428377276,0.3157275679012991
2029,student_t,stress_tail,uptake_heavy,lenient,0.95,0.25856900196238586,0.3138653010510205,0.323088693281697
2029,student_t,stress_tail,grid_emissions_heavy,lenient,0.9,0.2663011813751811,0.31839149422969726,0.32944448058909936
2029,student_t,stress_tail,grid_emissions_heavy,lenient,0.95,0.2663011813751811,0.3280048466484205,0.3359806390090306
2029,student_t,stress_tail,fossil_heavy,lenient,0.9,0.2950973211400694,0.3437202663524075,0.35849823308628964
2029,student_t,stress_tail,fossil_heavy,lenient,0.95,0.2950973211400694,0.35629972963587103,0.3676976556499105
2029,student_t,stress_tail,baseline,baseline,0.9,0.3735719165990678,0.41712845353190353,0.42958067847421655
2029,student_t,stress_tail,baseline,baseline,0.95,0.3735719165990678,0.42721394790845507,0.4372956878115454
2029,student_t,stress_tail,equal,baseline,0.9,0.36984299944542165,0.4142069002020324,0.4263009250774435
2029,student_t,stress_tail,equal,baseline,0.95,0.36984299944542165,0.42431811791782353,0.43368548131293483
2029,student_t,stress_tail,uptake_heavy,baseline,0.9,0.37158368539750813,0.41660529771889504,0.4287422513364214
2029,student_t,stress_tail,uptake_heavy,baseline,0.95,0.37158368539750813,0.42687998448614284,0.4361033767168192
2029,student_t,stress_tail,grid_emissions_heavy,baseline,0.9,0.38260305890353064,0.4346933717580468,0.4457463581174489
2029,student_t,stress_tail,grid_emissions_heavy,baseline,0.95,0.38260305890353064,0.44430672417677,0.45228251653738005
2029,student_t,stress_tail,fossil_heavy,baseline,0.9,0.4241342015779566,0.4727571467902946,0.48753511352417683
2029,student_t,stress_tail,fossil_heavy,baseline,0.95,0.4241342015779566,0.48533661007375817,0.49673453608779766
2029,student_t,stress_tail,baseline,strict,0.9,0.4724548702366922,0.516011407169528,0.528463632111841
2029,student_t,stress_tail,baseline,strict,0.95,0.4724548702366922,0.5260969015460795,0.5361786414491697
2029,student_t,stress_tail,equal,strict,0.9,0.4656933305037996,0.5100572312604102,0.5221512561358214
2029,student_t,stress_tail,equal,strict,0.95,0.4656933305037996,0.5201684489762015,0.5295358123713129
2029,student_t,stress_tail,uptake_heavy,strict,0.9,0.4835690019623861,0.5285906142837731,0.5407275679012994
2029,student_t,stress_tail,uptake_heavy,strict,0.95,0.4835690019623861,0.5388653010510208,0.5480886932816972
2029,student_t,stress_tail,grid_emissions_heavy,strict,0.9,0.49130118137518114,0.5433914942296972,0.5544444805890993
2029,student_t,stress_tail,grid_emissions_heavy,strict,0.95,0.49130118137518114,0.5530048466484205,0.5609806390090305
2029,student_t,stress_tail,fossil_heavy,strict,0.9,0.5200973211400702,0.5687202663524082,0.5834982330862903
2029,student_t,stress_tail,fossil_heavy,strict,0.95,0.5200973211400702,0.5812997296358717,0.5926976556499112
2030,student_t,stress_tail,baseline,lenient,0.9,0.2598778676391106,0.30392070173755514,0.31616201810052885
2030,student_t,stress_tail,baseline,lenient,0.95,0.2598778676391106,0.3137281116898792,0.323805292198741
2030,student_t,stress_tail,equal,lenient,0.9,0.2573180986136677,0.30171638614300766,0.31381767175313346
2030,student_t,stress_tail,equal,lenient,0.95,0.2573180986136677,0.3116420640825877,0.32130230087988937
2030,student_t,stress_tail,uptake_heavy,lenient,0.9,0.25852429471192784,0.3037695252410927,0.31572099799643616
2030,student_t,stress_tail,uptake_heavy,lenient,0.95,0.25852429471192784,0.31370278198774676,0.3231444003918842
2030,student_t,stress_tail,grid_emissions_heavy,lenient,0.9,0.26592692728552525,0.31881476605010356,0.3294516337660355
2030,student_t,stress_tail,grid_emissions_heavy,lenient,0.95,0.26592692728552525,0.32768264967875305,0.3359455720161624
2030,student_t,stress_tail,fossil_heavy,lenient,0.9,0.2951920523640424,0.3440642284326678,0.358918761723469
2030,student_t,stress_tail,fossil_heavy,lenient,0.95,0.2951920523640424,0.3564736017157928,0.36802758377691125
2030,student_t,stress_tail,baseline,baseline,0.9,0.3734949140014881,0.4175377480999327,0.4297790644629063
2030,student_t,stress_tail,baseline,baseline,0.95,0.3734949140014881,0.4273451580522567,0.4374223385611184
2030,student_t,stress_tail,equal,baseline,0.9,0.36980110088862456,0.4141993884179645,0.42630067402809035
2030,student_t,stress_tail,equal,baseline,0.95,0.36980110088862456,0.42412506635754466,0.4337853031548462
2030,student_t,stress_tail,uptake_heavy,baseline,0.9,0.3715389781470512,0.4167842086762162,0.42873568143155955
2030,student_t,stress_tail,uptake_heavy,baseline,0.95,0.3715389781470512,0.4267174654228702,0.43615908382700763
2030,student_t,stress_tail,grid_emissions_heavy,baseline,0.9,0.3822288048138757,0.435116643578454,0.44575351129438595
2030,student_t,stress_tail,grid_emissions_heavy,baseline,0.95,0.3822288048138757,0.4439845272071035,0.4522474495445129
2030,student_t,stress_tail,fossil_heavy,baseline,0.9,0.4242289328019322,0.4731011088705577,0.4879556421613589
2030,student_t,stress_tail,fossil_heavy,baseline,0.95,0.4242289328019322,0.4855104821536827,0.4970644642148011
2030,student_t,stress_tail,baseline,strict,0.9,0.47237786763911116,0.5164207017375558,0.5286620181005294
2030,student_t,stress_tail,baseline,strict,0.95,0.47237786763911116,0.5262281116898798,0.5363052921987417
2030,student_t,stress_tail,equal,strict,0.9,0.4656514319470015,0.5100497194763415,0.5221510050864672
2030,student_t,stress_tail,equal,strict,0.95,0.4656514319470015,0.5199753974159215,0.529635634213223
2030,student_t,stress_tail,uptake_heavy,strict,0.9,0.48352429471192826,0.5287695252410931,0.5407209979964366
2030,student_t,stress_tail,uptake_heavy,strict,0.95,0.48352429471192826,0.5387027819877471,0.5481444003918846
2030,student_t,stress_tail,grid_emissions_heavy,strict,0.9,0.4909269272855254,0.5438147660501037,0.5544516337660357
2030,student_t,stress_tail,grid_emissions_heavy,strict,0.95,0.4909269272855254,0.5526826496787534,0.5609455720161626
2030,student_t,stress_tail,fossil_heavy,strict,0.9,0.5201920523640438,0.5690642284326691,0.5839187617234702
2030,student_t,stress_tail,fossil_heavy,strict,0.95,0.5201920523640438,0.5814736017157941,0.5930275837769124
