source_workbook,sheet,topic,section,period_type,period,variable,variable_slug,measure,value,unit
2. PASSENGERS.xlsx,Table 2.1,national_motorised_passenger_travel_by_mode,Australia,financial_year,1974-75,Passenger cars,passenger_cars,passenger_activity,125.26668261886903,billion passenger-km
2. PASSENGERS.xlsx,Table 2.1,national_motorised_passenger_travel_by_mode,Australia,financial_year,1974-75,Buses,buses,passenger_activity,7.435218755549748,billion passenger-km
2. PASSENGERS.xlsx,Table 2.1,national_motorised_passenger_travel_by_mode,Australia,financial_year,1974-75,Rail,rail,passenger_activity,9.963114443256599,billion passenger-km
2. PASSENGERS.xlsx,Table 2.1,national_motorised_passenger_travel_by_mode,Australia,financial_year,1974-75,Air,air,passenger_activity,8.281665617124496,billion passenger-km
2. PASSENGERS.xlsx,Table 2.1,national_motorised_passenger_travel_by_mode,Australia,financial_year,1974-75,Other,other,passenger_activity,15.892833288467974,billion passenger-km
2. PASSENGERS.xlsx,Table 2.1,national_motorised_passenger_travel_by_mode,Australia,financial_year,1974-75,Total,total,passenger_activity,166.83951472326785,billion passenger-km
2. PASSENGERS.xlsx,Table 2.1,national_motorised_passenger_travel_by_mode,Australia,financial_year,1975-76,Passenger cars,passenger_cars,passenger_activity,130.1350655530138,billion passenger-km
2. PASSENGERS.xlsx,Table 2.1,national_motorised_passenger_travel_by_mode,Australia,financial_year,1975-76,Buses,buses,passenger_activity,7.421346620137292,billion passenger-km
2. PASSENGERS.xlsx,Table 2.1,national_motorised_passenger_travel_by_mode,Australia,financial_year,1975-76,Rail,rail,passenger_activity,8.89505767237122,billion passenger-km
2. PASSENGERS.xlsx,Table 2.1,national_motorised_passenger_travel_by_mode,Australia,financial_year,1975-76,Air,air,passenger_activity,8.294148543327394,billion passenger-km
2. PASSENGERS.xlsx,Table 2.1,national_motorised_passenger_travel_by_mode,Australia,financial_year,1975-76,Other,other,passenger_activity,16.5367444807849,billion passenger-km
2. PASSENGERS.xlsx,Table 2.1,national_motorised_passenger_travel_by_mode,Australia,financial_year,1975-76,Total,total,passenger_activity,171.2823628696346,billion passenger-km
2. PASSENGERS.xlsx,Table 2.1,national_motorised_passenger_travel_by_mode,Australia,financial_year,1976-77,Passenger cars,passenger_cars,passenger_activity,136.0,billion passenger-km
2. PASSENGERS.xlsx,Table 2.1,national_motorised_passenger_travel_by_mode,Australia,financial_year,1976-77,Buses,buses,passenger_activity,7.4982610543110155,billion passenger-km
2. PASSENGERS.xlsx,Table 2.1,national_motorised_passenger_travel_by_mode,Australia,financial_year,1976-77,Rail,rail,passenger_activity,8.595145625104339,billion passenger-km
2. PASSENGERS.xlsx,Table 2.1,national_motorised_passenger_travel_by_mode,Australia,financial_year,1976-77,Air,air,passenger_activity,7.989107641763245,billion passenger-km
2. PASSENGERS.xlsx,Table 2.1,national_motorised_passenger_travel_by_mode,Australia,financial_year,1976-77,Other,other,passenger_activity,18.1,billion passenger-km
2. PASSENGERS.xlsx,Table 2.1,national_motorised_passenger_travel_by_mode,Australia,financial_year,1976-77,Total,total,passenger_activity,178.1825143211786,billion passenger-km
2. PASSENGERS.xlsx,Table 2.1,national_motorised_passenger_travel_by_mode,Australia,financial_year,1977-78,Passenger cars,passenger_cars,passenger_activity,140.5,billion passenger-km
2. PASSENGERS.xlsx,Table 2.1,national_motorised_passenger_travel_by_mode,Australia,financial_year,1977-78,Buses,buses,passenger_activity,7.596370343750046,billion passenger-km
2. PASSENGERS.xlsx,Table 2.1,national_motorised_passenger_travel_by_mode,Australia,financial_year,1977-78,Rail,rail,passenger_activity,8.315100322510895,billion passenger-km
2. PASSENGERS.xlsx,Table 2.1,national_motorised_passenger_travel_by_mode,Australia,financial_year,1977-78,Air,air,passenger_activity,8.89871752272977,billion passenger-km
2. PASSENGERS.xlsx,Table 2.1,national_motorised_passenger_travel_by_mode,Australia,financial_year,1977-78,Other,other,passenger_activity,19.0,billion passenger-km
2. PASSENGERS.xlsx,Table 2.1,national_motorised_passenger_travel_by_mode,Australia,financial_year,1977-78,Total,total,passenger_activity,184.3101881889907,billion passenger-km
2. PASSENGERS.xlsx,Table 2.1,national_motorised_passenger_travel_by_mode,Australia,financial_year,1978-79,Passenger cars,passenger_cars,passenger_activity,144.4,billion passenger-km
2. PASSENGERS.xlsx,Table 2.1,national_motorised_passenger_travel_by_mode,Australia,financial_year,1978-79,Buses,buses,passenger_activity,7.700599976138248,billion passenger-km
2. PASSENGERS.xlsx,Table 2.1,national_motorised_passenger_travel_by_mode,Australia,financial_year,1978-79,Rail,rail,passenger_activity,8.154975106004613,billion passenger-km
2. PASSENGERS.xlsx,Table 2.1,national_motorised_passenger_travel_by_mode,Australia,financial_year,1978-79,Air,air,passenger_activity,9.396494572108038,billion passenger-km
2. PASSENGERS.xlsx,Table 2.1,national_motorised_passenger_travel_by_mode,Australia,financial_year,1978-79,Other,other,passenger_activity,19.4,billion passenger-km
2. PASSENGERS.xlsx,Table 2.1,national_motorised_passenger_travel_by_mode,Australia,financial_year,1978-79,Total,total,passenger_activity,189.0520696542509,billion passenger-km
2. PASSENGERS.xlsx,Table 2.1,national_motorised_passenger_travel_by_mode,Australia,financial_year,1979-80,Passenger cars,passenger_cars,passenger_activity,144.9,billion passenger-km
2. PASSENGERS.xlsx,Table 2.1,national_motorised_passenger_travel_by_mode,Australia,financial_year,1979-80,Buses,buses,passenger_activity,8.155522082941175,billion passenger-km
2. PASSENGERS.xlsx,Table 2.1,national_motorised_passenger_travel_by_mode,Australia,financial_year,1979-80,Rail,rail,passenger_activity,8.457060662505308,billion passenger-km
2. PASSENGERS.xlsx,Table 2.1,national_motorised_passenger_travel_by_mode,Australia,financial_year,1979-80,Air,air,passenger_activity,10.35560880283983,billion passenger-km
2. PASSENGERS.xlsx,Table 2.1,national_motorised_passenger_travel_by_mode,Australia,financial_year,1979-80,Other,other,passenger_activity,19.3,billion passenger-km
2. PASSENGERS.xlsx,Table 2.1,national_motorised_passenger_travel_by_mode,Australia,financial_year,1979-80,Total,total,passenger_activity,191.16819154828636,billion passenger-km
2. PASSENGERS.xlsx,Table 2.1,national_motorised_passenger_travel_by_mode,Australia,financial_year,1980-81,Passenger cars,passenger_cars,passenger_activity,147.1,billion passenger-km
2. PASSENGERS.xlsx,Table 2.1,national_motorised_passenger_travel_by_mode,Australia,financial_year,1980-81,Buses,buses,passenger_activity,8.718061445984995,billion passenger-km
2. PASSENGERS.xlsx,Table 2.1,national_motorised_passenger_travel_by_mode,Australia,financial_year,1980-81,Rail,rail,passenger_activity,8.695311057772189,billion passenger-km
2. PASSENGERS.xlsx,Table 2.1,national_motorised_passenger_travel_by_mode,Australia,financial_year,1980-81,Air,air,passenger_activity,10.704205315463005,billion passenger-km
2. PASSENGERS.xlsx,Table 2.1,national_motorised_passenger_travel_by_mode,Australia,financial_year,1980-81,Other,other,passenger_activity,19.7,billion passenger-km
2. PASSENGERS.xlsx,Table 2.1,national_motorised_passenger_travel_by_mode,Australia,financial_year,1980-81,Total,total,passenger_activity,194.91757781922018,billion passenger-km
2. PASSENGERS.xlsx,Table 2.1,national_motorised_passenger_travel_by_mode,Australia,financial_year,1981-82,Passenger cars,passenger_cars,passenger_activity,154.3,billion passenger-km
2. PASSENGERS.xlsx,Table 2.1,national_motorised_passenger_travel_by_mode,Australia,financial_year,1981-82,Buses,buses,passenger_activity,9.217441430665428,billion passenger-km
2. PASSENGERS.xlsx,Table 2.1,national_motorised_passenger_travel_by_mode,Australia,financial_year,1981-82,Rail,rail,passenger_activity,8.669018960988016,billion passenger-km
2. PASSENGERS.xlsx,Table 2.1,national_motorised_passenger_travel_by_mode,Australia,financial_year,1981-82,Air,air,passenger_activity,11.153397224887717,billion passenger-km
2. PASSENGERS.xlsx,Table 2.1,national_motorised_passenger_travel_by_mode,Australia,financial_year,1981-82,Other,other,passenger_activity,20.1,billion passenger-km
2. PASSENGERS.xlsx,Table 2.1,national_motorised_passenger_travel_by_mode,Australia,financial_year,1981-82,Total,total,passenger_activity,203.43985761654116,billion passenger-km
2. PASSENGERS.xlsx,Table 2.1,national_motorised_passenger_travel_by_mode,Australia,financial_year,1982-83,Passenger cars,passenger_cars,passenger_activity,154.8,billion passenger-km
2. PASSENGERS.xlsx,Table 2.1,national_motorised_passenger_travel_by_mode,Australia,financial_year,1982-83,Buses,buses,passenger_activity,10.458172528585306,billion passenger-km
2. PASSENGERS.xlsx,Table 2.1,national_motorised_passenger_travel_by_mode,Australia,financial_year,1982-83,Rail,rail,passenger_activity,8.521995897392351,billion passenger-km
2. PASSENGERS.xlsx,Table 2.1,national_motorised_passenger_travel_by_mode,Australia,financial_year,1982-83,Air,air,passenger_activity,10.265418906338422,billion passenger-km
2. PASSENGERS.xlsx,Table 2.1,national_motorised_passenger_travel_by_mode,Australia,financial_year,1982-83,Other,other,passenger_activity,19.8,billion passenger-km
2. PASSENGERS.xlsx,Table 2.1,national_motorised_passenger_travel_by_mode,Australia,financial_year,1982-83,Total,total,passenger_activity,203.8455873323161,billion passenger-km
2. PASSENGERS.xlsx,Table 2.1,national_motorised_passenger_travel_by_mode,Australia,financial_year,1983-84,Passenger cars,passenger_cars,passenger_activity,161.8,billion passenger-km
2. PASSENGERS.xlsx,Table 2.1,national_motorised_passenger_travel_by_mode,Australia,financial_year,1983-84,Buses,buses,passenger_activity,11.708402323063364,billion passenger-km
2. PASSENGERS.xlsx,Table 2.1,national_motorised_passenger_travel_by_mode,Australia,financial_year,1983-84,Rail,rail,passenger_activity,8.476791960722025,billion passenger-km
2. PASSENGERS.xlsx,Table 2.1,national_motorised_passenger_travel_by_mode,Australia,financial_year,1983-84,Air,air,passenger_activity,10.635359255474958,billion passenger-km
2. PASSENGERS.xlsx,Table 2.1,national_motorised_passenger_travel_by_mode,Australia,financial_year,1983-84,Other,other,passenger_activity,21.1,billion passenger-km
2. PASSENGERS.xlsx,Table 2.1,national_motorised_passenger_travel_by_mode,Australia,financial_year,1983-84,Total,total,passenger_activity,213.72055353926035,billion passenger-km
2. PASSENGERS.xlsx,Table 2.1,national_motorised_passenger_travel_by_mode,Australia,financial_year,1984-85,Passenger cars,passenger_cars,passenger_activity,167.9,billion passenger-km
2. PASSENGERS.xlsx,Table 2.1,national_motorised_passenger_travel_by_mode,Australia,financial_year,1984-85,Buses,buses,passenger_activity,13.022341534154922,billion passenger-km
2. PASSENGERS.xlsx,Table 2.1,national_motorised_passenger_travel_by_mode,Australia,financial_year,1984-85,Rail,rail,passenger_activity,8.463619019315171,billion passenger-km
2. PASSENGERS.xlsx,Table 2.1,national_motorised_passenger_travel_by_mode,Australia,financial_year,1984-85,Air,air,passenger_activity,11.3367640934,billion passenger-km
2. PASSENGERS.xlsx,Table 2.1,national_motorised_passenger_travel_by_mode,Australia,financial_year,1984-85,Other,other,passenger_activity,22.0,billion passenger-km
2. PASSENGERS.xlsx,Table 2.1,national_motorised_passenger_travel_by_mode,Australia,financial_year,1984-85,Total,total,passenger_activity,222.7227246468701,billion passenger-km
2. PASSENGERS.xlsx,Table 2.1,national_motorised_passenger_travel_by_mode,Australia,financial_year,1985-86,Passenger cars,passenger_cars,passenger_activity,173.1,billion passenger-km
2. PASSENGERS.xlsx,Table 2.1,national_motorised_passenger_travel_by_mode,Australia,financial_year,1985-86,Buses,buses,passenger_activity,14.002930118824494,billion passenger-km
2. PASSENGERS.xlsx,Table 2.1,national_motorised_passenger_travel_by_mode,Australia,financial_year,1985-86,Rail,rail,passenger_activity,9.022548407943603,billion passenger-km
2. PASSENGERS.xlsx,Table 2.1,national_motorised_passenger_travel_by_mode,Australia,financial_year,1985-86,Air,air,passenger_activity,12.342962654706122,billion passenger-km
2. PASSENGERS.xlsx,Table 2.1,national_motorised_passenger_travel_by_mode,Australia,financial_year,1985-86,Other,other,passenger_activity,22.1,billion passenger-km
2. PASSENGERS.xlsx,Table 2.1,national_motorised_passenger_travel_by_mode,Australia,financial_year,1985-86,Total,total,passenger_activity,230.56844118147418,billion passenger-km
2. PASSENGERS.xlsx,Table 2.1,national_motorised_passenger_travel_by_mode,Australia,financial_year,1986-87,Passenger cars,passenger_cars,passenger_activity,176.8,billion passenger-km
2. PASSENGERS.xlsx,Table 2.1,national_motorised_passenger_travel_by_mode,Australia,financial_year,1986-87,Buses,buses,passenger_activity,15.028748130878093,billion passenger-km
2. PASSENGERS.xlsx,Table 2.1,national_motorised_passenger_travel_by_mode,Australia,financial_year,1986-87,Rail,rail,passenger_activity,9.419003485251176,billion passenger-km
2. PASSENGERS.xlsx,Table 2.1,national_motorised_passenger_travel_by_mode,Australia,financial_year,1986-87,Air,air,passenger_activity,13.157598157271936,billion passenger-km
2. PASSENGERS.xlsx,Table 2.1,national_motorised_passenger_travel_by_mode,Australia,financial_year,1986-87,Other,other,passenger_activity,22.2,billion passenger-km
2. PASSENGERS.xlsx,Table 2.1,national_motorised_passenger_travel_by_mode,Australia,financial_year,1986-87,Total,total,passenger_activity,236.6053497734012,billion passenger-km
2. PASSENGERS.xlsx,Table 2.1,national_motorised_passenger_travel_by_mode,Australia,financial_year,1987-88,Passenger cars,passenger_cars,passenger_activity,185.5,billion passenger-km
2. PASSENGERS.xlsx,Table 2.1,national_motorised_passenger_travel_by_mode,Australia,financial_year,1987-88,Buses,buses,passenger_activity,16.0193706755732,billion passenger-km
2. PASSENGERS.xlsx,Table 2.1,national_motorised_passenger_travel_by_mode,Australia,financial_year,1987-88,Rail,rail,passenger_activity,9.84338200864044,billion passenger-km
2. PASSENGERS.xlsx,Table 2.1,national_motorised_passenger_travel_by_mode,Australia,financial_year,1987-88,Air,air,passenger_activity,14.46098272245,billion passenger-km
2. PASSENGERS.xlsx,Table 2.1,national_motorised_passenger_travel_by_mode,Australia,financial_year,1987-88,Other,other,passenger_activity,22.8,billion passenger-km
2. PASSENGERS.xlsx,Table 2.1,national_motorised_passenger_travel_by_mode,Australia,financial_year,1987-88,Total,total,passenger_activity,248.62373540666368,billion passenger-km
2. PASSENGERS.xlsx,Table 2.1,national_motorised_passenger_travel_by_mode,Australia,financial_year,1988-89,Passenger cars,passenger_cars,passenger_activity,194.4,billion passenger-km
2. PASSENGERS.xlsx,Table 2.1,national_motorised_passenger_travel_by_mode,Australia,financial_year,1988-89,Buses,buses,passenger_activity,16.86554978049812,billion passenger-km
2. PASSENGERS.xlsx,Table 2.1,national_motorised_passenger_travel_by_mode,Australia,financial_year,1988-89,Rail,rail,passenger_activity,10.164370522084377,billion passenger-km
2. PASSENGERS.xlsx,Table 2.1,national_motorised_passenger_travel_by_mode,Australia,financial_year,1988-89,Air,air,passenger_activity,15.068935395475686,billion passenger-km
2. PASSENGERS.xlsx,Table 2.1,national_motorised_passenger_travel_by_mode,Australia,financial_year,1988-89,Other,other,passenger_activity,23.8,billion passenger-km
2. PASSENGERS.xlsx,Table 2.1,national_motorised_passenger_travel_by_mode,Australia,financial_year,1988-89,Total,total,passenger_activity,260.29885569805816,billion passenger-km
2. PASSENGERS.xlsx,Table 2.1,national_motorised_passenger_travel_by_mode,Australia,financial_year,1989-90,Passenger cars,passenger_cars,passenger_activity,200.04928457206586,billion passenger-km
2. PASSENGERS.xlsx,Table 2.1,national_motorised_passenger_travel_by_mode,Australia,financial_year,1989-90,Buses,buses,passenger_activity,17.733496091158248,billion passenger-km
2. PASSENGERS.xlsx,Table 2.1,national_motorised_passenger_travel_by_mode,Australia,financial_year,1989-90,Rail,rail,passenger_activity,10.005013960188759,billion passenger-km
2. PASSENGERS.xlsx,Table 2.1,national_motorised_passenger_travel_by_mode,Australia,financial_year,1989-90,Air,air,passenger_activity,11.257508057365879,billion passenger-km
2. PASSENGERS.xlsx,Table 2.1,national_motorised_passenger_travel_by_mode,Australia,financial_year,1989-90,Other,other,passenger_activity,23.2077186614424,billion passenger-km
2. PASSENGERS.xlsx,Table 2.1,national_motorised_passenger_travel_by_mode,Australia,financial_year,1989-90,Total,total,passenger_activity,262.25302134222113,billion passenger-km
2. PASSENGERS.xlsx,Table 2.1,national_motorised_passenger_travel_by_mode,Australia,financial_year,1990-91,Passenger cars,passenger_cars,passenger_activity,200.48618242165205,billion passenger-km
2. PASSENGERS.xlsx,Table 2.1,national_motorised_passenger_travel_by_mode,Australia,financial_year,1990-91,Buses,buses,passenger_activity,17.039042260707735,billion passenger-km
2. PASSENGERS.xlsx,Table 2.1,national_motorised_passenger_travel_by_mode,Australia,financial_year,1990-91,Rail,rail,passenger_activity,9.969918200864951,billion passenger-km
2. PASSENGERS.xlsx,Table 2.1,national_motorised_passenger_travel_by_mode,Australia,financial_year,1990-91,Air,air,passenger_activity,15.97886749473893,billion passenger-km
2. PASSENGERS.xlsx,Table 2.1,national_motorised_passenger_travel_by_mode,Australia,financial_year,1990-91,Other,other,passenger_activity,22.393282221078312,billion passenger-km
2. PASSENGERS.xlsx,Table 2.1,national_motorised_passenger_travel_by_mode,Australia,financial_year,1990-91,Total,total,passenger_activity,265.86729259904195,billion passenger-km
2. PASSENGERS.xlsx,Table 2.1,national_motorised_passenger_travel_by_mode,Australia,financial_year,1991-92,Passenger cars,passenger_cars,passenger_activity,204.5057026277961,billion passenger-km
2. PASSENGERS.xlsx,Table 2.1,national_motorised_passenger_travel_by_mode,Australia,financial_year,1991-92,Buses,buses,passenger_activity,16.56838757010478,billion passenger-km
2. PASSENGERS.xlsx,Table 2.1,national_motorised_passenger_travel_by_mode,Australia,financial_year,1991-92,Rail,rail,passenger_activity,9.7901881542996,billion passenger-km
2. PASSENGERS.xlsx,Table 2.1,national_motorised_passenger_travel_by_mode,Australia,financial_year,1991-92,Air,air,passenger_activity,20.72451574138221,billion passenger-km
2. PASSENGERS.xlsx,Table 2.1,national_motorised_passenger_travel_by_mode,Australia,financial_year,1991-92,Other,other,passenger_activity,22.53988514653988,billion passenger-km
2. PASSENGERS.xlsx,Table 2.1,national_motorised_passenger_travel_by_mode,Australia,financial_year,1991-92,Total,total,passenger_activity,274.12867924012255,billion passenger-km
2. PASSENGERS.xlsx,Table 2.1,national_motorised_passenger_travel_by_mode,Australia,financial_year,1992-93,Passenger cars,passenger_cars,passenger_activity,210.80957208533835,billion passenger-km
2. PASSENGERS.xlsx,Table 2.1,national_motorised_passenger_travel_by_mode,Australia,financial_year,1992-93,Buses,buses,passenger_activity,16.505676679832856,billion passenger-km
2. PASSENGERS.xlsx,Table 2.1,national_motorised_passenger_travel_by_mode,Australia,financial_year,1992-93,Rail,rail,passenger_activity,9.482338829960847,billion passenger-km
2. PASSENGERS.xlsx,Table 2.1,national_motorised_passenger_travel_by_mode,Australia,financial_year,1992-93,Air,air,passenger_activity,20.994003749135288,billion passenger-km
2. PASSENGERS.xlsx,Table 2.1,national_motorised_passenger_travel_by_mode,Australia,financial_year,1992-93,Other,other,passenger_activity,22.955916671562196,billion passenger-km
2. PASSENGERS.xlsx,Table 2.1,national_motorised_passenger_travel_by_mode,Australia,financial_year,1992-93,Total,total,passenger_activity,280.7475080158295,billion passenger-km
2. PASSENGERS.xlsx,Table 2.1,national_motorised_passenger_travel_by_mode,Australia,financial_year,1993-94,Passenger cars,passenger_cars,passenger_activity,216.14695748937763,billion passenger-km
2. PASSENGERS.xlsx,Table 2.1,national_motorised_passenger_travel_by_mode,Australia,financial_year,1993-94,Buses,buses,passenger_activity,16.306504769069406,billion passenger-km
2. PASSENGERS.xlsx,Table 2.1,national_motorised_passenger_travel_by_mode,Australia,financial_year,1993-94,Rail,rail,passenger_activity,9.762797887144451,billion passenger-km
2. PASSENGERS.xlsx,Table 2.1,national_motorised_passenger_travel_by_mode,Australia,financial_year,1993-94,Air,air,passenger_activity,24.428390787936756,billion passenger-km
2. PASSENGERS.xlsx,Table 2.1,national_motorised_passenger_travel_by_mode,Australia,financial_year,1993-94,Other,other,passenger_activity,23.623538276568798,billion passenger-km
2. PASSENGERS.xlsx,Table 2.1,national_motorised_passenger_travel_by_mode,Australia,financial_year,1993-94,Total,total,passenger_activity,290.26818921009703,billion passenger-km
2. PASSENGERS.xlsx,Table 2.1,national_motorised_passenger_travel_by_mode,Australia,financial_year,1994-95,Passenger cars,passenger_cars,passenger_activity,222.86625784025392,billion passenger-km
2. PASSENGERS.xlsx,Table 2.1,national_motorised_passenger_travel_by_mode,Australia,financial_year,1994-95,Buses,buses,passenger_activity,16.097266573720162,billion passenger-km
2. PASSENGERS.xlsx,Table 2.1,national_motorised_passenger_travel_by_mode,Australia,financial_year,1994-95,Rail,rail,passenger_activity,10.133597615515184,billion passenger-km
2. PASSENGERS.xlsx,Table 2.1,national_motorised_passenger_travel_by_mode,Australia,financial_year,1994-95,Air,air,passenger_activity,26.97606791586929,billion passenger-km
2. PASSENGERS.xlsx,Table 2.1,national_motorised_passenger_travel_by_mode,Australia,financial_year,1994-95,Other,other,passenger_activity,24.909274714010788,billion passenger-km
2. PASSENGERS.xlsx,Table 2.1,national_motorised_passenger_travel_by_mode,Australia,financial_year,1994-95,Total,total,passenger_activity,300.9824646593693,billion passenger-km
2. PASSENGERS.xlsx,Table 2.1,national_motorised_passenger_travel_by_mode,Australia,financial_year,1995-96,Passenger cars,passenger_cars,passenger_activity,226.0076568578848,billion passenger-km
2. PASSENGERS.xlsx,Table 2.1,national_motorised_passenger_travel_by_mode,Australia,financial_year,1995-96,Buses,buses,passenger_activity,16.615702488740265,billion passenger-km
2. PASSENGERS.xlsx,Table 2.1,national_motorised_passenger_travel_by_mode,Australia,financial_year,1995-96,Rail,rail,passenger_activity,10.446096618418613,billion passenger-km
2. PASSENGERS.xlsx,Table 2.1,national_motorised_passenger_travel_by_mode,Australia,financial_year,1995-96,Air,air,passenger_activity,28.98072231840373,billion passenger-km
2. PASSENGERS.xlsx,Table 2.1,national_motorised_passenger_travel_by_mode,Australia,financial_year,1995-96,Other,other,passenger_activity,25.4248263659592,billion passenger-km
2. PASSENGERS.xlsx,Table 2.1,national_motorised_passenger_travel_by_mode,Australia,financial_year,1995-96,Total,total,passenger_activity,307.47500464940657,billion passenger-km
2. PASSENGERS.xlsx,Table 2.1,national_motorised_passenger_travel_by_mode,Australia,financial_year,1996-97,Passenger cars,passenger_cars,passenger_activity,227.6771456922449,billion passenger-km
2. PASSENGERS.xlsx,Table 2.1,national_motorised_passenger_travel_by_mode,Australia,financial_year,1996-97,Buses,buses,passenger_activity,16.42201831672953,billion passenger-km
2. PASSENGERS.xlsx,Table 2.1,national_motorised_passenger_travel_by_mode,Australia,financial_year,1996-97,Rail,rail,passenger_activity,10.723379339440788,billion passenger-km
2. PASSENGERS.xlsx,Table 2.1,national_motorised_passenger_travel_by_mode,Australia,financial_year,1996-97,Air,air,passenger_activity,29.9804795990861,billion passenger-km
2. PASSENGERS.xlsx,Table 2.1,national_motorised_passenger_travel_by_mode,Australia,financial_year,1996-97,Other,other,passenger_activity,25.455274555316453,billion passenger-km
2. PASSENGERS.xlsx,Table 2.1,national_motorised_passenger_travel_by_mode,Australia,financial_year,1996-97,Total,total,passenger_activity,310.25829750281775,billion passenger-km
2. PASSENGERS.xlsx,Table 2.1,national_motorised_passenger_travel_by_mode,Australia,financial_year,1997-98,Passenger cars,passenger_cars,passenger_activity,229.8961148999075,billion passenger-km
2. PASSENGERS.xlsx,Table 2.1,national_motorised_passenger_travel_by_mode,Australia,financial_year,1997-98,Buses,buses,passenger_activity,16.577769680282852,billion passenger-km
2. PASSENGERS.xlsx,Table 2.1,national_motorised_passenger_travel_by_mode,Australia,financial_year,1997-98,Rail,rail,passenger_activity,10.723734223246462,billion passenger-km
2. PASSENGERS.xlsx,Table 2.1,national_motorised_passenger_travel_by_mode,Australia,financial_year,1997-98,Air,air,passenger_activity,30.443869000719545,billion passenger-km
2. PASSENGERS.xlsx,Table 2.1,national_motorised_passenger_travel_by_mode,Australia,financial_year,1997-98,Other,other,passenger_activity,26.153070043766796,billion passenger-km
2. PASSENGERS.xlsx,Table 2.1,national_motorised_passenger_travel_by_mode,Australia,financial_year,1997-98,Total,total,passenger_activity,313.7945578479231,billion passenger-km
2. PASSENGERS.xlsx,Table 2.1,national_motorised_passenger_travel_by_mode,Australia,financial_year,1998-99,Passenger cars,passenger_cars,passenger_activity,235.26973855533618,billion passenger-km
2. PASSENGERS.xlsx,Table 2.1,national_motorised_passenger_travel_by_mode,Australia,financial_year,1998-99,Buses,buses,passenger_activity,16.640128531456664,billion passenger-km
2. PASSENGERS.xlsx,Table 2.1,national_motorised_passenger_travel_by_mode,Australia,financial_year,1998-99,Rail,rail,passenger_activity,10.919423179520152,billion passenger-km
2. PASSENGERS.xlsx,Table 2.1,national_motorised_passenger_travel_by_mode,Australia,financial_year,1998-99,Air,air,passenger_activity,31.056556911763604,billion passenger-km
2. PASSENGERS.xlsx,Table 2.1,national_motorised_passenger_travel_by_mode,Australia,financial_year,1998-99,Other,other,passenger_activity,26.612465969747063,billion passenger-km
2. PASSENGERS.xlsx,Table 2.1,national_motorised_passenger_travel_by_mode,Australia,financial_year,1998-99,Total,total,passenger_activity,320.4983131478237,billion passenger-km
2. PASSENGERS.xlsx,Table 2.1,national_motorised_passenger_travel_by_mode,Australia,financial_year,1999-00,Passenger cars,passenger_cars,passenger_activity,239.8093971896792,billion passenger-km
2. PASSENGERS.xlsx,Table 2.1,national_motorised_passenger_travel_by_mode,Australia,financial_year,1999-00,Buses,buses,passenger_activity,16.991419073514308,billion passenger-km
2. PASSENGERS.xlsx,Table 2.1,national_motorised_passenger_travel_by_mode,Australia,financial_year,1999-00,Rail,rail,passenger_activity,11.296393352671902,billion passenger-km
2. PASSENGERS.xlsx,Table 2.1,national_motorised_passenger_travel_by_mode,Australia,financial_year,1999-00,Air,air,passenger_activity,32.84469909522486,billion passenger-km
2. PASSENGERS.xlsx,Table 2.1,national_motorised_passenger_travel_by_mode,Australia,financial_year,1999-00,Other,other,passenger_activity,27.064154855715906,billion passenger-km
2. PASSENGERS.xlsx,Table 2.1,national_motorised_passenger_travel_by_mode,Australia,financial_year,1999-00,Total,total,passenger_activity,328.0060635668062,billion passenger-km
2. PASSENGERS.xlsx,Table 2.1,national_motorised_passenger_travel_by_mode,Australia,financial_year,2000-01,Passenger cars,passenger_cars,passenger_activity,237.1622396742555,billion passenger-km
2. PASSENGERS.xlsx,Table 2.1,national_motorised_passenger_travel_by_mode,Australia,financial_year,2000-01,Buses,buses,passenger_activity,17.261311826714778,billion passenger-km
2. PASSENGERS.xlsx,Table 2.1,national_motorised_passenger_travel_by_mode,Australia,financial_year,2000-01,Rail,rail,passenger_activity,11.886001155845454,billion passenger-km
2. PASSENGERS.xlsx,Table 2.1,national_motorised_passenger_travel_by_mode,Australia,financial_year,2000-01,Air,air,passenger_activity,35.6766052114,billion passenger-km
2. PASSENGERS.xlsx,Table 2.1,national_motorised_passenger_travel_by_mode,Australia,financial_year,2000-01,Other,other,passenger_activity,27.332070842123183,billion passenger-km
2. PASSENGERS.xlsx,Table 2.1,national_motorised_passenger_travel_by_mode,Australia,financial_year,2000-01,Total,total,passenger_activity,329.3182287103389,billion passenger-km
2. PASSENGERS.xlsx,Table 2.1,national_motorised_passenger_travel_by_mode,Australia,financial_year,2001-02,Passenger cars,passenger_cars,passenger_activity,243.1668833959,billion passenger-km
2. PASSENGERS.xlsx,Table 2.1,national_motorised_passenger_travel_by_mode,Australia,financial_year,2001-02,Buses,buses,passenger_activity,17.34823828476213,billion passenger-km
2. PASSENGERS.xlsx,Table 2.1,national_motorised_passenger_travel_by_mode,Australia,financial_year,2001-02,Rail,rail,passenger_activity,11.713361794579383,billion passenger-km
2. PASSENGERS.xlsx,Table 2.1,national_motorised_passenger_travel_by_mode,Australia,financial_year,2001-02,Air,air,passenger_activity,33.00932255715317,billion passenger-km
2. PASSENGERS.xlsx,Table 2.1,national_motorised_passenger_travel_by_mode,Australia,financial_year,2001-02,Other,other,passenger_activity,28.340977411194725,billion passenger-km
2. PASSENGERS.xlsx,Table 2.1,national_motorised_passenger_travel_by_mode,Australia,financial_year,2001-02,Total,total,passenger_activity,333.5787834435894,billion passenger-km
2. PASSENGERS.xlsx,Table 2.1,national_motorised_passenger_travel_by_mode,Australia,financial_year,2002-03,Passenger cars,passenger_cars,passenger_activity,249.4544699322394,billion passenger-km
2. PASSENGERS.xlsx,Table 2.1,national_motorised_passenger_travel_by_mode,Australia,financial_year,2002-03,Buses,buses,passenger_activity,17.68395384702805,billion passenger-km
2. PASSENGERS.xlsx,Table 2.1,national_motorised_passenger_travel_by_mode,Australia,financial_year,2002-03,Rail,rail,passenger_activity,11.707680965612433,billion passenger-km
2. PASSENGERS.xlsx,Table 2.1,national_motorised_passenger_travel_by_mode,Australia,financial_year,2002-03,Air,air,passenger_activity,35.83305515962474,billion passenger-km
2. PASSENGERS.xlsx,Table 2.1,national_motorised_passenger_travel_by_mode,Australia,financial_year,2002-03,Other,other,passenger_activity,29.092991199399073,billion passenger-km
2. PASSENGERS.xlsx,Table 2.1,national_motorised_passenger_travel_by_mode,Australia,financial_year,2002-03,Total,total,passenger_activity,343.7721511039037,billion passenger-km
2. PASSENGERS.xlsx,Table 2.1,national_motorised_passenger_travel_by_mode,Australia,financial_year,2003-04,Passenger cars,passenger_cars,passenger_activity,261.37406442865455,billion passenger-km
2. PASSENGERS.xlsx,Table 2.1,national_motorised_passenger_travel_by_mode,Australia,financial_year,2003-04,Buses,buses,passenger_activity,17.75809837167476,billion passenger-km
2. PASSENGERS.xlsx,Table 2.1,national_motorised_passenger_travel_by_mode,Australia,financial_year,2003-04,Rail,rail,passenger_activity,11.792929107525225,billion passenger-km
2. PASSENGERS.xlsx,Table 2.1,national_motorised_passenger_travel_by_mode,Australia,financial_year,2003-04,Air,air,passenger_activity,41.148782307738784,billion passenger-km
2. PASSENGERS.xlsx,Table 2.1,national_motorised_passenger_travel_by_mode,Australia,financial_year,2003-04,Other,other,passenger_activity,29.99519850948164,billion passenger-km
2. PASSENGERS.xlsx,Table 2.1,national_motorised_passenger_travel_by_mode,Australia,financial_year,2003-04,Total,total,passenger_activity,362.0690727250749,billion passenger-km
2. PASSENGERS.xlsx,Table 2.1,national_motorised_passenger_travel_by_mode,Australia,financial_year,2004-05,Passenger cars,passenger_cars,passenger_activity,262.06294549001433,billion passenger-km
2. PASSENGERS.xlsx,Table 2.1,national_motorised_passenger_travel_by_mode,Australia,financial_year,2004-05,Buses,buses,passenger_activity,17.84172254908102,billion passenger-km
2. PASSENGERS.xlsx,Table 2.1,national_motorised_passenger_travel_by_mode,Australia,financial_year,2004-05,Rail,rail,passenger_activity,11.769438688497669,billion passenger-km
2. PASSENGERS.xlsx,Table 2.1,national_motorised_passenger_travel_by_mode,Australia,financial_year,2004-05,Air,air,passenger_activity,45.89922895142378,billion passenger-km
2. PASSENGERS.xlsx,Table 2.1,national_motorised_passenger_travel_by_mode,Australia,financial_year,2004-05,Other,other,passenger_activity,30.231571268284622,billion passenger-km
2. PASSENGERS.xlsx,Table 2.1,national_motorised_passenger_travel_by_mode,Australia,financial_year,2004-05,Total,total,passenger_activity,367.80490694730133,billion passenger-km
2. PASSENGERS.xlsx,Table 2.1,national_motorised_passenger_travel_by_mode,Australia,financial_year,2005-06,Passenger cars,passenger_cars,passenger_activity,257.2113836270372,billion passenger-km
2. PASSENGERS.xlsx,Table 2.1,national_motorised_passenger_travel_by_mode,Australia,financial_year,2005-06,Buses,buses,passenger_activity,18.2738161637405,billion passenger-km
2. PASSENGERS.xlsx,Table 2.1,national_motorised_passenger_travel_by_mode,Australia,financial_year,2005-06,Rail,rail,passenger_activity,12.296126314145909,billion passenger-km
2. PASSENGERS.xlsx,Table 2.1,national_motorised_passenger_travel_by_mode,Australia,financial_year,2005-06,Air,air,passenger_activity,48.69774254340441,billion passenger-km
2. PASSENGERS.xlsx,Table 2.1,national_motorised_passenger_travel_by_mode,Australia,financial_year,2005-06,Other,other,passenger_activity,30.95195158802659,billion passenger-km
2. PASSENGERS.xlsx,Table 2.1,national_motorised_passenger_travel_by_mode,Australia,financial_year,2005-06,Total,total,passenger_activity,367.4310202363546,billion passenger-km
2. PASSENGERS.xlsx,Table 2.1,national_motorised_passenger_travel_by_mode,Australia,financial_year,2006-07,Passenger cars,passenger_cars,passenger_activity,260.42471254199967,billion passenger-km
2. PASSENGERS.xlsx,Table 2.1,national_motorised_passenger_travel_by_mode,Australia,financial_year,2006-07,Buses,buses,passenger_activity,18.550509906976178,billion passenger-km
2. PASSENGERS.xlsx,Table 2.1,national_motorised_passenger_travel_by_mode,Australia,financial_year,2006-07,Rail,rail,passenger_activity,12.885948853396895,billion passenger-km
2. PASSENGERS.xlsx,Table 2.1,national_motorised_passenger_travel_by_mode,Australia,financial_year,2006-07,Air,air,passenger_activity,53.01329704781575,billion passenger-km
2. PASSENGERS.xlsx,Table 2.1,national_motorised_passenger_travel_by_mode,Australia,financial_year,2006-07,Other,other,passenger_activity,32.165010226045794,billion passenger-km
2. PASSENGERS.xlsx,Table 2.1,national_motorised_passenger_travel_by_mode,Australia,financial_year,2006-07,Total,total,passenger_activity,377.0394785762343,billion passenger-km
2. PASSENGERS.xlsx,Table 2.1,national_motorised_passenger_travel_by_mode,Australia,financial_year,2007-08,Passenger cars,passenger_cars,passenger_activity,261.87077412988765,billion passenger-km
2. PASSENGERS.xlsx,Table 2.1,national_motorised_passenger_travel_by_mode,Australia,financial_year,2007-08,Buses,buses,passenger_activity,18.90713888459752,billion passenger-km
2. PASSENGERS.xlsx,Table 2.1,national_motorised_passenger_travel_by_mode,Australia,financial_year,2007-08,Rail,rail,passenger_activity,13.911822073699316,billion passenger-km
2. PASSENGERS.xlsx,Table 2.1,national_motorised_passenger_travel_by_mode,Australia,financial_year,2007-08,Air,air,passenger_activity,57.242574974566324,billion passenger-km
2. PASSENGERS.xlsx,Table 2.1,national_motorised_passenger_travel_by_mode,Australia,financial_year,2007-08,Other,other,passenger_activity,34.01403488829024,billion passenger-km
2. PASSENGERS.xlsx,Table 2.1,national_motorised_passenger_travel_by_mode,Australia,financial_year,2007-08,Total,total,passenger_activity,385.94634495104106,billion passenger-km
2. PASSENGERS.xlsx,Table 2.1,national_motorised_passenger_travel_by_mode,Australia,financial_year,2008-09,Passenger cars,passenger_cars,passenger_activity,260.70410712548653,billion passenger-km
2. PASSENGERS.xlsx,Table 2.1,national_motorised_passenger_travel_by_mode,Australia,financial_year,2008-09,Buses,buses,passenger_activity,19.297205075885614,billion passenger-km
2. PASSENGERS.xlsx,Table 2.1,national_motorised_passenger_travel_by_mode,Australia,financial_year,2008-09,Rail,rail,passenger_activity,14.620925815812853,billion passenger-km
2. PASSENGERS.xlsx,Table 2.1,national_motorised_passenger_travel_by_mode,Australia,financial_year,2008-09,Air,air,passenger_activity,58.62621940132543,billion passenger-km
2. PASSENGERS.xlsx,Table 2.1,national_motorised_passenger_travel_by_mode,Australia,financial_year,2008-09,Other,other,passenger_activity,35.260247393669594,billion passenger-km
2. PASSENGERS.xlsx,Table 2.1,national_motorised_passenger_travel_by_mode,Australia,financial_year,2008-09,Total,total,passenger_activity,388.50870481218,billion passenger-km
2. PASSENGERS.xlsx,Table 2.1,national_motorised_passenger_travel_by_mode,Australia,financial_year,2009-10,Passenger cars,passenger_cars,passenger_activity,262.202900492459,billion passenger-km
2. PASSENGERS.xlsx,Table 2.1,national_motorised_passenger_travel_by_mode,Australia,financial_year,2009-10,Buses,buses,passenger_activity,19.514197541487007,billion passenger-km
2. PASSENGERS.xlsx,Table 2.1,national_motorised_passenger_travel_by_mode,Australia,financial_year,2009-10,Rail,rail,passenger_activity,14.553628390537684,billion passenger-km
2. PASSENGERS.xlsx,Table 2.1,national_motorised_passenger_travel_by_mode,Australia,financial_year,2009-10,Air,air,passenger_activity,60.223307386779325,billion passenger-km
2. PASSENGERS.xlsx,Table 2.1,national_motorised_passenger_travel_by_mode,Australia,financial_year,2009-10,Other,other,passenger_activity,37.380387078953284,billion passenger-km
2. PASSENGERS.xlsx,Table 2.1,national_motorised_passenger_travel_by_mode,Australia,financial_year,2009-10,Total,total,passenger_activity,393.8744208902163,billion passenger-km
2. PASSENGERS.xlsx,Table 2.1,national_motorised_passenger_travel_by_mode,Australia,financial_year,2010-11,Passenger cars,passenger_cars,passenger_activity,264.7269129515741,billion passenger-km
2. PASSENGERS.xlsx,Table 2.1,national_motorised_passenger_travel_by_mode,Australia,financial_year,2010-11,Buses,buses,passenger_activity,19.843794517984314,billion passenger-km
2. PASSENGERS.xlsx,Table 2.1,national_motorised_passenger_travel_by_mode,Australia,financial_year,2010-11,Rail,rail,passenger_activity,14.794123300055732,billion passenger-km
2. PASSENGERS.xlsx,Table 2.1,national_motorised_passenger_travel_by_mode,Australia,financial_year,2010-11,Air,air,passenger_activity,64.55694406544437,billion passenger-km
2. PASSENGERS.xlsx,Table 2.1,national_motorised_passenger_travel_by_mode,Australia,financial_year,2010-11,Other,other,passenger_activity,38.31222850664966,billion passenger-km
2. PASSENGERS.xlsx,Table 2.1,national_motorised_passenger_travel_by_mode,Australia,financial_year,2010-11,Total,total,passenger_activity,402.23400334170816,billion passenger-km
2. PASSENGERS.xlsx,Table 2.1,national_motorised_passenger_travel_by_mode,Australia,financial_year,2011-12,Passenger cars,passenger_cars,passenger_activity,266.90818078923184,billion passenger-km
2. PASSENGERS.xlsx,Table 2.1,national_motorised_passenger_travel_by_mode,Australia,financial_year,2011-12,Buses,buses,passenger_activity,20.350266492857394,billion passenger-km
2. PASSENGERS.xlsx,Table 2.1,national_motorised_passenger_travel_by_mode,Australia,financial_year,2011-12,Rail,rail,passenger_activity,15.07697974345557,billion passenger-km
2. PASSENGERS.xlsx,Table 2.1,national_motorised_passenger_travel_by_mode,Australia,financial_year,2011-12,Air,air,passenger_activity,66.40650643916572,billion passenger-km
2. PASSENGERS.xlsx,Table 2.1,national_motorised_passenger_travel_by_mode,Australia,financial_year,2011-12,Other,other,passenger_activity,39.30094897266582,billion passenger-km
2. PASSENGERS.xlsx,Table 2.1,national_motorised_passenger_travel_by_mode,Australia,financial_year,2011-12,Total,total,passenger_activity,408.04288243737636,billion passenger-km
2. PASSENGERS.xlsx,Table 2.1,national_motorised_passenger_travel_by_mode,Australia,financial_year,2012-13,Passenger cars,passenger_cars,passenger_activity,272.32217086388255,billion passenger-km
2. PASSENGERS.xlsx,Table 2.1,national_motorised_passenger_travel_by_mode,Australia,financial_year,2012-13,Buses,buses,passenger_activity,20.71296174875515,billion passenger-km
2. PASSENGERS.xlsx,Table 2.1,national_motorised_passenger_travel_by_mode,Australia,financial_year,2012-13,Rail,rail,passenger_activity,15.049309990746254,billion passenger-km
2. PASSENGERS.xlsx,Table 2.1,national_motorised_passenger_travel_by_mode,Australia,financial_year,2012-13,Air,air,passenger_activity,69.65889882938758,billion passenger-km
2. PASSENGERS.xlsx,Table 2.1,national_motorised_passenger_travel_by_mode,Australia,financial_year,2012-13,Other,other,passenger_activity,40.36527477447533,billion passenger-km
2. PASSENGERS.xlsx,Table 2.1,national_motorised_passenger_travel_by_mode,Australia,financial_year,2012-13,Total,total,passenger_activity,418.1086162072469,billion passenger-km
2. PASSENGERS.xlsx,Table 2.1,national_motorised_passenger_travel_by_mode,Australia,financial_year,2013-14,Passenger cars,passenger_cars,passenger_activity,276.4995754791468,billion passenger-km
2. PASSENGERS.xlsx,Table 2.1,national_motorised_passenger_travel_by_mode,Australia,financial_year,2013-14,Buses,buses,passenger_activity,21.078442650313605,billion passenger-km
2. PASSENGERS.xlsx,Table 2.1,national_motorised_passenger_travel_by_mode,Australia,financial_year,2013-14,Rail,rail,passenger_activity,15.071735075734829,billion passenger-km
2. PASSENGERS.xlsx,Table 2.1,national_motorised_passenger_travel_by_mode,Australia,financial_year,2013-14,Air,air,passenger_activity,70.85757880552352,billion passenger-km
2. PASSENGERS.xlsx,Table 2.1,national_motorised_passenger_travel_by_mode,Australia,financial_year,2013-14,Other,other,passenger_activity,41.34294911432076,billion passenger-km
2. PASSENGERS.xlsx,Table 2.1,national_motorised_passenger_travel_by_mode,Australia,financial_year,2013-14,Total,total,passenger_activity,424.8502811250395,billion passenger-km
2. PASSENGERS.xlsx,Table 2.1,national_motorised_passenger_travel_by_mode,Australia,financial_year,2014-15,Passenger cars,passenger_cars,passenger_activity,279.583276567435,billion passenger-km
2. PASSENGERS.xlsx,Table 2.1,national_motorised_passenger_travel_by_mode,Australia,financial_year,2014-15,Buses,buses,passenger_activity,21.17490506271028,billion passenger-km
2. PASSENGERS.xlsx,Table 2.1,national_motorised_passenger_travel_by_mode,Australia,financial_year,2014-15,Rail,rail,passenger_activity,15.473795711207455,billion passenger-km
2. PASSENGERS.xlsx,Table 2.1,national_motorised_passenger_travel_by_mode,Australia,financial_year,2014-15,Air,air,passenger_activity,70.16214367961446,billion passenger-km
2. PASSENGERS.xlsx,Table 2.1,national_motorised_passenger_travel_by_mode,Australia,financial_year,2014-15,Other,other,passenger_activity,42.491616818659864,billion passenger-km
2. PASSENGERS.xlsx,Table 2.1,national_motorised_passenger_travel_by_mode,Australia,financial_year,2014-15,Total,total,passenger_activity,428.88573783962704,billion passenger-km
2. PASSENGERS.xlsx,Table 2.1,national_motorised_passenger_travel_by_mode,Australia,financial_year,2015-16,Passenger cars,passenger_cars,passenger_activity,281.0517120418418,billion passenger-km
2. PASSENGERS.xlsx,Table 2.1,national_motorised_passenger_travel_by_mode,Australia,financial_year,2015-16,Buses,buses,passenger_activity,21.390205829035445,billion passenger-km
2. PASSENGERS.xlsx,Table 2.1,national_motorised_passenger_travel_by_mode,Australia,financial_year,2015-16,Rail,rail,passenger_activity,16.04014184622623,billion passenger-km
2. PASSENGERS.xlsx,Table 2.1,national_motorised_passenger_travel_by_mode,Australia,financial_year,2015-16,Air,air,passenger_activity,71.48422695131605,billion passenger-km
2. PASSENGERS.xlsx,Table 2.1,national_motorised_passenger_travel_by_mode,Australia,financial_year,2015-16,Other,other,passenger_activity,43.831759727608436,billion passenger-km
2. PASSENGERS.xlsx,Table 2.1,national_motorised_passenger_travel_by_mode,Australia,financial_year,2015-16,Total,total,passenger_activity,433.7980463960279,billion passenger-km
2. PASSENGERS.xlsx,Table 2.1,national_motorised_passenger_travel_by_mode,Australia,financial_year,2016-17,Passenger cars,passenger_cars,passenger_activity,282.19289023914536,billion passenger-km
2. PASSENGERS.xlsx,Table 2.1,national_motorised_passenger_travel_by_mode,Australia,financial_year,2016-17,Buses,buses,passenger_activity,21.40160556241959,billion passenger-km
2. PASSENGERS.xlsx,Table 2.1,national_motorised_passenger_travel_by_mode,Australia,financial_year,2016-17,Rail,rail,passenger_activity,16.576819033767443,billion passenger-km
2. PASSENGERS.xlsx,Table 2.1,national_motorised_passenger_travel_by_mode,Australia,financial_year,2016-17,Air,air,passenger_activity,72.01348024430449,billion passenger-km
2. PASSENGERS.xlsx,Table 2.1,national_motorised_passenger_travel_by_mode,Australia,financial_year,2016-17,Other,other,passenger_activity,45.3384436197199,billion passenger-km
2. PASSENGERS.xlsx,Table 2.1,national_motorised_passenger_travel_by_mode,Australia,financial_year,2016-17,Total,total,passenger_activity,437.5232386993568,billion passenger-km
2. PASSENGERS.xlsx,Table 2.1,national_motorised_passenger_travel_by_mode,Australia,financial_year,2017-18,Passenger cars,passenger_cars,passenger_activity,282.9639974452623,billion passenger-km
2. PASSENGERS.xlsx,Table 2.1,national_motorised_passenger_travel_by_mode,Australia,financial_year,2017-18,Buses,buses,passenger_activity,21.657785773451074,billion passenger-km
2. PASSENGERS.xlsx,Table 2.1,national_motorised_passenger_travel_by_mode,Australia,financial_year,2017-18,Rail,rail,passenger_activity,17.20821626607337,billion passenger-km
2. PASSENGERS.xlsx,Table 2.1,national_motorised_passenger_travel_by_mode,Australia,financial_year,2017-18,Air,air,passenger_activity,73.43362112609252,billion passenger-km
2. PASSENGERS.xlsx,Table 2.1,national_motorised_passenger_travel_by_mode,Australia,financial_year,2017-18,Other,other,passenger_activity,47.14954142596616,billion passenger-km
2. PASSENGERS.xlsx,Table 2.1,national_motorised_passenger_travel_by_mode,Australia,financial_year,2017-18,Total,total,passenger_activity,442.4131620368454,billion passenger-km
2. PASSENGERS.xlsx,Table 2.1,national_motorised_passenger_travel_by_mode,Australia,financial_year,2018-19,Passenger cars,passenger_cars,passenger_activity,281.4370273171926,billion passenger-km
2. PASSENGERS.xlsx,Table 2.1,national_motorised_passenger_travel_by_mode,Australia,financial_year,2018-19,Buses,buses,passenger_activity,21.994661659387585,billion passenger-km
2. PASSENGERS.xlsx,Table 2.1,national_motorised_passenger_travel_by_mode,Australia,financial_year,2018-19,Rail,rail,passenger_activity,17.871329375353106,billion passenger-km
2. PASSENGERS.xlsx,Table 2.1,national_motorised_passenger_travel_by_mode,Australia,financial_year,2018-19,Air,air,passenger_activity,73.75987585256104,billion passenger-km
2. PASSENGERS.xlsx,Table 2.1,national_motorised_passenger_travel_by_mode,Australia,financial_year,2018-19,Other,other,passenger_activity,47.37936318567879,billion passenger-km
2. PASSENGERS.xlsx,Table 2.1,national_motorised_passenger_travel_by_mode,Australia,financial_year,2018-19,Total,total,passenger_activity,442.44225739017315,billion passenger-km
2. PASSENGERS.xlsx,Table 2.1,national_motorised_passenger_travel_by_mode,Australia,financial_year,2019-20,Passenger cars,passenger_cars,passenger_activity,260.80757477108114,billion passenger-km
2. PASSENGERS.xlsx,Table 2.1,national_motorised_passenger_travel_by_mode,Australia,financial_year,2019-20,Buses,buses,passenger_activity,16.340340652463823,billion passenger-km
2. PASSENGERS.xlsx,Table 2.1,national_motorised_passenger_travel_by_mode,Australia,financial_year,2019-20,Rail,rail,passenger_activity,14.213256953284763,billion passenger-km
2. PASSENGERS.xlsx,Table 2.1,national_motorised_passenger_travel_by_mode,Australia,financial_year,2019-20,Air,air,passenger_activity,55.70790470217593,billion passenger-km
2. PASSENGERS.xlsx,Table 2.1,national_motorised_passenger_travel_by_mode,Australia,financial_year,2019-20,Other,other,passenger_activity,46.21913663844301,billion passenger-km
2. PASSENGERS.xlsx,Table 2.1,national_motorised_passenger_travel_by_mode,Australia,financial_year,2019-20,Total,total,passenger_activity,393.2882137174487,billion passenger-km
2. PASSENGERS.xlsx,Table 2.1,national_motorised_passenger_travel_by_mode,Australia,financial_year,2020-21,Passenger cars,passenger_cars,passenger_activity,262.8518497123308,billion passenger-km
2. PASSENGERS.xlsx,Table 2.1,national_motorised_passenger_travel_by_mode,Australia,financial_year,2020-21,Buses,buses,passenger_activity,11.62797813734098,billion passenger-km
2. PASSENGERS.xlsx,Table 2.1,national_motorised_passenger_travel_by_mode,Australia,financial_year,2020-21,Rail,rail,passenger_activity,8.801917836034939,billion passenger-km
2. PASSENGERS.xlsx,Table 2.1,national_motorised_passenger_travel_by_mode,Australia,financial_year,2020-21,Air,air,passenger_activity,28.202873955413054,billion passenger-km
2. PASSENGERS.xlsx,Table 2.1,national_motorised_passenger_travel_by_mode,Australia,financial_year,2020-21,Other,other,passenger_activity,46.95869754313245,billion passenger-km
2. PASSENGERS.xlsx,Table 2.1,national_motorised_passenger_travel_by_mode,Australia,financial_year,2020-21,Total,total,passenger_activity,358.44331718425224,billion passenger-km
2. PASSENGERS.xlsx,Table 2.1,national_motorised_passenger_travel_by_mode,Australia,financial_year,2021-22,Passenger cars,passenger_cars,passenger_activity,252.21474671041537,billion passenger-km
2. PASSENGERS.xlsx,Table 2.1,national_motorised_passenger_travel_by_mode,Australia,financial_year,2021-22,Buses,buses,passenger_activity,11.193287059006641,billion passenger-km
2. PASSENGERS.xlsx,Table 2.1,national_motorised_passenger_travel_by_mode,Australia,financial_year,2021-22,Rail,rail,passenger_activity,8.020103275327,billion passenger-km
2. PASSENGERS.xlsx,Table 2.1,national_motorised_passenger_travel_by_mode,Australia,financial_year,2021-22,Air,air,passenger_activity,38.33533337382846,billion passenger-km
2. PASSENGERS.xlsx,Table 2.1,national_motorised_passenger_travel_by_mode,Australia,financial_year,2021-22,Other,other,passenger_activity,48.13451129238681,billion passenger-km
2. PASSENGERS.xlsx,Table 2.1,national_motorised_passenger_travel_by_mode,Australia,financial_year,2021-22,Total,total,passenger_activity,357.8979817109643,billion passenger-km
2. PASSENGERS.xlsx,Table 2.1,national_motorised_passenger_travel_by_mode,Australia,financial_year,2022-23,Passenger cars,passenger_cars,passenger_activity,270.42954632817685,billion passenger-km
2. PASSENGERS.xlsx,Table 2.1,national_motorised_passenger_travel_by_mode,Australia,financial_year,2022-23,Buses,buses,passenger_activity,15.981504035854803,billion passenger-km
2. PASSENGERS.xlsx,Table 2.1,national_motorised_passenger_travel_by_mode,Australia,financial_year,2022-23,Rail,rail,passenger_activity,13.028144430344259,billion passenger-km
2. PASSENGERS.xlsx,Table 2.1,national_motorised_passenger_travel_by_mode,Australia,financial_year,2022-23,Air,air,passenger_activity,70.04974680376107,billion passenger-km
2. PASSENGERS.xlsx,Table 2.1,national_motorised_passenger_travel_by_mode,Australia,financial_year,2022-23,Other,other,passenger_activity,49.41758124889017,billion passenger-km
2. PASSENGERS.xlsx,Table 2.1,national_motorised_passenger_travel_by_mode,Australia,financial_year,2022-23,Total,total,passenger_activity,418.9065228470272,billion passenger-km
2. PASSENGERS.xlsx,Table 2.1,national_motorised_passenger_travel_by_mode,Australia,financial_year,2023-24,Passenger cars,passenger_cars,passenger_activity,276.05095475672664,billion passenger-km
2. PASSENGERS.xlsx,Table 2.1,national_motorised_passenger_travel_by_mode,Australia,financial_year,2023-24,Buses,buses,passenger_activity,18.98357658915851,billion passenger-km
2. PASSENGERS.xlsx,Table 2.1,national_motorised_passenger_travel_by_mode,Australia,financial_year,2023-24,Rail,rail,passenger_activity,15.076825741158636,billion passenger-km
2. PASSENGERS.xlsx,Table 2.1,national_motorised_passenger_travel_by_mode,Australia,financial_year,2023-24,Air,air,passenger_activity,73.01387350925988,billion passenger-km
2. PASSENGERS.xlsx,Table 2.1,national_motorised_passenger_travel_by_mode,Australia,financial_year,2023-24,Other,other,passenger_activity,50.54623019177983,billion passenger-km
2. PASSENGERS.xlsx,Table 2.1,national_motorised_passenger_travel_by_mode,Australia,financial_year,2023-24,Total,total,passenger_activity,433.67146078808355,billion passenger-km
2. PASSENGERS.xlsx,Table 2.1,national_motorised_passenger_travel_by_mode,Australia,financial_year,2024-25,Passenger cars,passenger_cars,passenger_activity,280.42724059858847,billion passenger-km
2. PASSENGERS.xlsx,Table 2.1,national_motorised_passenger_travel_by_mode,Australia,financial_year,2024-25,Buses,buses,passenger_activity,19.914401621715058,billion passenger-km
2. PASSENGERS.xlsx,Table 2.1,national_motorised_passenger_travel_by_mode,Australia,financial_year,2024-25,Rail,rail,passenger_activity,16.014769620080553,billion passenger-km
2. PASSENGERS.xlsx,Table 2.1,national_motorised_passenger_travel_by_mode,Australia,financial_year,2024-25,Air,air,passenger_activity,75.91431254274976,billion passenger-km
2. PASSENGERS.xlsx,Table 2.1,national_motorised_passenger_travel_by_mode,Australia,financial_year,2024-25,Other,other,passenger_activity,51.23219960235978,billion passenger-km
2. PASSENGERS.xlsx,Table 2.1,national_motorised_passenger_travel_by_mode,Australia,financial_year,2024-25,Total,total,passenger_activity,443.5029239854936,billion passenger-km
2. PASSENGERS.xlsx,Table 2.3a-i,capital_city_motorised_passenger_travel_by_mode,Sydney,financial_year,1976-77,Passenger cars,passenger_cars,passenger_activity,24.134343563413484,billion passenger-km
2. PASSENGERS.xlsx,Table 2.3a-i,capital_city_motorised_passenger_travel_by_mode,Sydney,financial_year,1976-77,Commercial vehicles,commercial_vehicles,passenger_activity,2.015035707828529,billion passenger-km
2. PASSENGERS.xlsx,Table 2.3a-i,capital_city_motorised_passenger_travel_by_mode,Sydney,financial_year,1976-77,Motor cycles,motor_cycles,passenger_activity,0.2362646531538986,billion passenger-km
2. PASSENGERS.xlsx,Table 2.3a-i,capital_city_motorised_passenger_travel_by_mode,Sydney,financial_year,1976-77,Heavy rail,heavy_rail,passenger_activity,3.3756505737684597,billion passenger-km
2. PASSENGERS.xlsx,Table 2.3a-i,capital_city_motorised_passenger_travel_by_mode,Sydney,financial_year,1976-77,Light rail,light_rail,passenger_activity,0.0,billion passenger-km
2. PASSENGERS.xlsx,Table 2.3a-i,capital_city_motorised_passenger_travel_by_mode,Sydney,financial_year,1976-77,Bus,bus,passenger_activity,1.530233487976393,billion passenger-km
2. PASSENGERS.xlsx,Table 2.3a-i,capital_city_motorised_passenger_travel_by_mode,Sydney,financial_year,1976-77,Ferry,ferry,passenger_activity,0.1039590177500332,billion passenger-km
2. PASSENGERS.xlsx,Table 2.3a-i,capital_city_motorised_passenger_travel_by_mode,Sydney,financial_year,1976-77,Total,total,passenger_activity,31.395487003890796,billion passenger-km
2. PASSENGERS.xlsx,Table 2.3a-i,capital_city_motorised_passenger_travel_by_mode,Sydney,financial_year,1977-78,Passenger cars,passenger_cars,passenger_activity,24.798296655671756,billion passenger-km
2. PASSENGERS.xlsx,Table 2.3a-i,capital_city_motorised_passenger_travel_by_mode,Sydney,financial_year,1977-78,Commercial vehicles,commercial_vehicles,passenger_activity,2.1019663416333056,billion passenger-km
2. PASSENGERS.xlsx,Table 2.3a-i,capital_city_motorised_passenger_travel_by_mode,Sydney,financial_year,1977-78,Motor cycles,motor_cycles,passenger_activity,0.2422196500216047,billion passenger-km
2. PASSENGERS.xlsx,Table 2.3a-i,capital_city_motorised_passenger_travel_by_mode,Sydney,financial_year,1977-78,Heavy rail,heavy_rail,passenger_activity,3.3706688853763445,billion passenger-km
2. PASSENGERS.xlsx,Table 2.3a-i,capital_city_motorised_passenger_travel_by_mode,Sydney,financial_year,1977-78,Light rail,light_rail,passenger_activity,0.0,billion passenger-km
2. PASSENGERS.xlsx,Table 2.3a-i,capital_city_motorised_passenger_travel_by_mode,Sydney,financial_year,1977-78,Bus,bus,passenger_activity,1.5650518194998833,billion passenger-km
2. PASSENGERS.xlsx,Table 2.3a-i,capital_city_motorised_passenger_travel_by_mode,Sydney,financial_year,1977-78,Ferry,ferry,passenger_activity,0.10857668638892579,billion passenger-km
2. PASSENGERS.xlsx,Table 2.3a-i,capital_city_motorised_passenger_travel_by_mode,Sydney,financial_year,1977-78,Total,total,passenger_activity,32.18678003859182,billion passenger-km
2. PASSENGERS.xlsx,Table 2.3a-i,capital_city_motorised_passenger_travel_by_mode,Sydney,financial_year,1978-79,Passenger cars,passenger_cars,passenger_activity,25.586621202475158,billion passenger-km
2. PASSENGERS.xlsx,Table 2.3a-i,capital_city_motorised_passenger_travel_by_mode,Sydney,financial_year,1978-79,Commercial vehicles,commercial_vehicles,passenger_activity,2.151812330401308,billion passenger-km
2. PASSENGERS.xlsx,Table 2.3a-i,capital_city_motorised_passenger_travel_by_mode,Sydney,financial_year,1978-79,Motor cycles,motor_cycles,passenger_activity,0.2489790037981117,billion passenger-km
2. PASSENGERS.xlsx,Table 2.3a-i,capital_city_motorised_passenger_travel_by_mode,Sydney,financial_year,1978-79,Heavy rail,heavy_rail,passenger_activity,3.397015000077285,billion passenger-km
2. PASSENGERS.xlsx,Table 2.3a-i,capital_city_motorised_passenger_travel_by_mode,Sydney,financial_year,1978-79,Light rail,light_rail,passenger_activity,0.0,billion passenger-km
2. PASSENGERS.xlsx,Table 2.3a-i,capital_city_motorised_passenger_travel_by_mode,Sydney,financial_year,1978-79,Bus,bus,passenger_activity,1.5447185045589586,billion passenger-km
2. PASSENGERS.xlsx,Table 2.3a-i,capital_city_motorised_passenger_travel_by_mode,Sydney,financial_year,1978-79,Ferry,ferry,passenger_activity,0.1125615245591239,billion passenger-km
2. PASSENGERS.xlsx,Table 2.3a-i,capital_city_motorised_passenger_travel_by_mode,Sydney,financial_year,1978-79,Total,total,passenger_activity,33.04170756586995,billion passenger-km
2. PASSENGERS.xlsx,Table 2.3a-i,capital_city_motorised_passenger_travel_by_mode,Sydney,financial_year,1979-80,Passenger cars,passenger_cars,passenger_activity,25.794722036968718,billion passenger-km
2. PASSENGERS.xlsx,Table 2.3a-i,capital_city_motorised_passenger_travel_by_mode,Sydney,financial_year,1979-80,Commercial vehicles,commercial_vehicles,passenger_activity,2.134754269788706,billion passenger-km
2. PASSENGERS.xlsx,Table 2.3a-i,capital_city_motorised_passenger_travel_by_mode,Sydney,financial_year,1979-80,Motor cycles,motor_cycles,passenger_activity,0.2693730151248655,billion passenger-km
2. PASSENGERS.xlsx,Table 2.3a-i,capital_city_motorised_passenger_travel_by_mode,Sydney,financial_year,1979-80,Heavy rail,heavy_rail,passenger_activity,3.5869317978921913,billion passenger-km
2. PASSENGERS.xlsx,Table 2.3a-i,capital_city_motorised_passenger_travel_by_mode,Sydney,financial_year,1979-80,Light rail,light_rail,passenger_activity,0.0,billion passenger-km
2. PASSENGERS.xlsx,Table 2.3a-i,capital_city_motorised_passenger_travel_by_mode,Sydney,financial_year,1979-80,Bus,bus,passenger_activity,1.5818760127869194,billion passenger-km
2. PASSENGERS.xlsx,Table 2.3a-i,capital_city_motorised_passenger_travel_by_mode,Sydney,financial_year,1979-80,Ferry,ferry,passenger_activity,0.12474836062124874,billion passenger-km
2. PASSENGERS.xlsx,Table 2.3a-i,capital_city_motorised_passenger_travel_by_mode,Sydney,financial_year,1979-80,Total,total,passenger_activity,33.492405493182645,billion passenger-km
2. PASSENGERS.xlsx,Table 2.3a-i,capital_city_motorised_passenger_travel_by_mode,Sydney,financial_year,1980-81,Passenger cars,passenger_cars,passenger_activity,26.154420243180667,billion passenger-km
2. PASSENGERS.xlsx,Table 2.3a-i,capital_city_motorised_passenger_travel_by_mode,Sydney,financial_year,1980-81,Commercial vehicles,commercial_vehicles,passenger_activity,2.176922722636476,billion passenger-km
2. PASSENGERS.xlsx,Table 2.3a-i,capital_city_motorised_passenger_travel_by_mode,Sydney,financial_year,1980-81,Motor cycles,motor_cycles,passenger_activity,0.28863172623469435,billion passenger-km
2. PASSENGERS.xlsx,Table 2.3a-i,capital_city_motorised_passenger_travel_by_mode,Sydney,financial_year,1980-81,Heavy rail,heavy_rail,passenger_activity,3.67396085,billion passenger-km
2. PASSENGERS.xlsx,Table 2.3a-i,capital_city_motorised_passenger_travel_by_mode,Sydney,financial_year,1980-81,Light rail,light_rail,passenger_activity,0.0,billion passenger-km
2. PASSENGERS.xlsx,Table 2.3a-i,capital_city_motorised_passenger_travel_by_mode,Sydney,financial_year,1980-81,Bus,bus,passenger_activity,1.6187535567642353,billion passenger-km
2. PASSENGERS.xlsx,Table 2.3a-i,capital_city_motorised_passenger_travel_by_mode,Sydney,financial_year,1980-81,Ferry,ferry,passenger_activity,0.1259170229124986,billion passenger-km
2. PASSENGERS.xlsx,Table 2.3a-i,capital_city_motorised_passenger_travel_by_mode,Sydney,financial_year,1980-81,Total,total,passenger_activity,34.03860612172856,billion passenger-km
2. PASSENGERS.xlsx,Table 2.3a-i,capital_city_motorised_passenger_travel_by_mode,Sydney,financial_year,1981-82,Passenger cars,passenger_cars,passenger_activity,27.165513316927953,billion passenger-km
2. PASSENGERS.xlsx,Table 2.3a-i,capital_city_motorised_passenger_travel_by_mode,Sydney,financial_year,1981-82,Commercial vehicles,commercial_vehicles,passenger_activity,2.260924419896573,billion passenger-km
2. PASSENGERS.xlsx,Table 2.3a-i,capital_city_motorised_passenger_travel_by_mode,Sydney,financial_year,1981-82,Motor cycles,motor_cycles,passenger_activity,0.3226446910127244,billion passenger-km
2. PASSENGERS.xlsx,Table 2.3a-i,capital_city_motorised_passenger_travel_by_mode,Sydney,financial_year,1981-82,Heavy rail,heavy_rail,passenger_activity,3.77244,billion passenger-km
2. PASSENGERS.xlsx,Table 2.3a-i,capital_city_motorised_passenger_travel_by_mode,Sydney,financial_year,1981-82,Light rail,light_rail,passenger_activity,0.0,billion passenger-km
2. PASSENGERS.xlsx,Table 2.3a-i,capital_city_motorised_passenger_travel_by_mode,Sydney,financial_year,1981-82,Bus,bus,passenger_activity,1.631134021615273,billion passenger-km
2. PASSENGERS.xlsx,Table 2.3a-i,capital_city_motorised_passenger_travel_by_mode,Sydney,financial_year,1981-82,Ferry,ferry,passenger_activity,0.14205503523610957,billion passenger-km
2. PASSENGERS.xlsx,Table 2.3a-i,capital_city_motorised_passenger_travel_by_mode,Sydney,financial_year,1981-82,Total,total,passenger_activity,35.294711484688634,billion passenger-km
2. PASSENGERS.xlsx,Table 2.3a-i,capital_city_motorised_passenger_travel_by_mode,Sydney,financial_year,1982-83,Passenger cars,passenger_cars,passenger_activity,26.969962020645568,billion passenger-km
2. PASSENGERS.xlsx,Table 2.3a-i,capital_city_motorised_passenger_travel_by_mode,Sydney,financial_year,1982-83,Commercial vehicles,commercial_vehicles,passenger_activity,2.223863376928824,billion passenger-km
2. PASSENGERS.xlsx,Table 2.3a-i,capital_city_motorised_passenger_travel_by_mode,Sydney,financial_year,1982-83,Motor cycles,motor_cycles,passenger_activity,0.3285642972112391,billion passenger-km
2. PASSENGERS.xlsx,Table 2.3a-i,capital_city_motorised_passenger_travel_by_mode,Sydney,financial_year,1982-83,Heavy rail,heavy_rail,passenger_activity,3.5381959725,billion passenger-km
2. PASSENGERS.xlsx,Table 2.3a-i,capital_city_motorised_passenger_travel_by_mode,Sydney,financial_year,1982-83,Light rail,light_rail,passenger_activity,0.0,billion passenger-km
2. PASSENGERS.xlsx,Table 2.3a-i,capital_city_motorised_passenger_travel_by_mode,Sydney,financial_year,1982-83,Bus,bus,passenger_activity,1.6775589615222721,billion passenger-km
2. PASSENGERS.xlsx,Table 2.3a-i,capital_city_motorised_passenger_travel_by_mode,Sydney,financial_year,1982-83,Ferry,ferry,passenger_activity,0.14582379737345505,billion passenger-km
2. PASSENGERS.xlsx,Table 2.3a-i,capital_city_motorised_passenger_travel_by_mode,Sydney,financial_year,1982-83,Total,total,passenger_activity,34.88396842618136,billion passenger-km
2. PASSENGERS.xlsx,Table 2.3a-i,capital_city_motorised_passenger_travel_by_mode,Sydney,financial_year,1983-84,Passenger cars,passenger_cars,passenger_activity,28.336317639606033,billion passenger-km
2. PASSENGERS.xlsx,Table 2.3a-i,capital_city_motorised_passenger_travel_by_mode,Sydney,financial_year,1983-84,Commercial vehicles,commercial_vehicles,passenger_activity,2.372697598208372,billion passenger-km
2. PASSENGERS.xlsx,Table 2.3a-i,capital_city_motorised_passenger_travel_by_mode,Sydney,financial_year,1983-84,Motor cycles,motor_cycles,passenger_activity,0.33848429546046804,billion passenger-km
2. PASSENGERS.xlsx,Table 2.3a-i,capital_city_motorised_passenger_travel_by_mode,Sydney,financial_year,1983-84,Heavy rail,heavy_rail,passenger_activity,3.4496077874999997,billion passenger-km
2. PASSENGERS.xlsx,Table 2.3a-i,capital_city_motorised_passenger_travel_by_mode,Sydney,financial_year,1983-84,Light rail,light_rail,passenger_activity,0.0,billion passenger-km
2. PASSENGERS.xlsx,Table 2.3a-i,capital_city_motorised_passenger_travel_by_mode,Sydney,financial_year,1983-84,Bus,bus,passenger_activity,1.7053692608393778,billion passenger-km
2. PASSENGERS.xlsx,Table 2.3a-i,capital_city_motorised_passenger_travel_by_mode,Sydney,financial_year,1983-84,Ferry,ferry,passenger_activity,0.14963566819272786,billion passenger-km
2. PASSENGERS.xlsx,Table 2.3a-i,capital_city_motorised_passenger_travel_by_mode,Sydney,financial_year,1983-84,Total,total,passenger_activity,36.35211224980698,billion passenger-km
2. PASSENGERS.xlsx,Table 2.3a-i,capital_city_motorised_passenger_travel_by_mode,Sydney,financial_year,1984-85,Passenger cars,passenger_cars,passenger_activity,29.650766741025382,billion passenger-km
2. PASSENGERS.xlsx,Table 2.3a-i,capital_city_motorised_passenger_travel_by_mode,Sydney,financial_year,1984-85,Commercial vehicles,commercial_vehicles,passenger_activity,2.4730663027171036,billion passenger-km
2. PASSENGERS.xlsx,Table 2.3a-i,capital_city_motorised_passenger_travel_by_mode,Sydney,financial_year,1984-85,Motor cycles,motor_cycles,passenger_activity,0.3434817305813815,billion passenger-km
2. PASSENGERS.xlsx,Table 2.3a-i,capital_city_motorised_passenger_travel_by_mode,Sydney,financial_year,1984-85,Heavy rail,heavy_rail,passenger_activity,3.4195207199999995,billion passenger-km
2. PASSENGERS.xlsx,Table 2.3a-i,capital_city_motorised_passenger_travel_by_mode,Sydney,financial_year,1984-85,Light rail,light_rail,passenger_activity,0.0,billion passenger-km
2. PASSENGERS.xlsx,Table 2.3a-i,capital_city_motorised_passenger_travel_by_mode,Sydney,financial_year,1984-85,Bus,bus,passenger_activity,1.7716183786690594,billion passenger-km
2. PASSENGERS.xlsx,Table 2.3a-i,capital_city_motorised_passenger_travel_by_mode,Sydney,financial_year,1984-85,Ferry,ferry,passenger_activity,0.15373475057924813,billion passenger-km
2. PASSENGERS.xlsx,Table 2.3a-i,capital_city_motorised_passenger_travel_by_mode,Sydney,financial_year,1984-85,Total,total,passenger_activity,37.812188623572176,billion passenger-km
2. PASSENGERS.xlsx,Table 2.3a-i,capital_city_motorised_passenger_travel_by_mode,Sydney,financial_year,1985-86,Passenger cars,passenger_cars,passenger_activity,30.514759619032287,billion passenger-km
2. PASSENGERS.xlsx,Table 2.3a-i,capital_city_motorised_passenger_travel_by_mode,Sydney,financial_year,1985-86,Commercial vehicles,commercial_vehicles,passenger_activity,2.5361442565519416,billion passenger-km
2. PASSENGERS.xlsx,Table 2.3a-i,capital_city_motorised_passenger_travel_by_mode,Sydney,financial_year,1985-86,Motor cycles,motor_cycles,passenger_activity,0.31239503042783395,billion passenger-km
2. PASSENGERS.xlsx,Table 2.3a-i,capital_city_motorised_passenger_travel_by_mode,Sydney,financial_year,1985-86,Heavy rail,heavy_rail,passenger_activity,3.6716507774999996,billion passenger-km
2. PASSENGERS.xlsx,Table 2.3a-i,capital_city_motorised_passenger_travel_by_mode,Sydney,financial_year,1985-86,Light rail,light_rail,passenger_activity,0.0,billion passenger-km
2. PASSENGERS.xlsx,Table 2.3a-i,capital_city_motorised_passenger_travel_by_mode,Sydney,financial_year,1985-86,Bus,bus,passenger_activity,1.819042732357422,billion passenger-km
2. PASSENGERS.xlsx,Table 2.3a-i,capital_city_motorised_passenger_travel_by_mode,Sydney,financial_year,1985-86,Ferry,ferry,passenger_activity,0.15785890570629382,billion passenger-km
2. PASSENGERS.xlsx,Table 2.3a-i,capital_city_motorised_passenger_travel_by_mode,Sydney,financial_year,1985-86,Total,total,passenger_activity,39.011851321575776,billion passenger-km
2. PASSENGERS.xlsx,Table 2.3a-i,capital_city_motorised_passenger_travel_by_mode,Sydney,financial_year,1986-87,Passenger cars,passenger_cars,passenger_activity,31.200910103347095,billion passenger-km
2. PASSENGERS.xlsx,Table 2.3a-i,capital_city_motorised_passenger_travel_by_mode,Sydney,financial_year,1986-87,Commercial vehicles,commercial_vehicles,passenger_activity,2.5586787800539583,billion passenger-km
2. PASSENGERS.xlsx,Table 2.3a-i,capital_city_motorised_passenger_travel_by_mode,Sydney,financial_year,1986-87,Motor cycles,motor_cycles,passenger_activity,0.2902269443983142,billion passenger-km
2. PASSENGERS.xlsx,Table 2.3a-i,capital_city_motorised_passenger_travel_by_mode,Sydney,financial_year,1986-87,Heavy rail,heavy_rail,passenger_activity,3.7462763052,billion passenger-km
2. PASSENGERS.xlsx,Table 2.3a-i,capital_city_motorised_passenger_travel_by_mode,Sydney,financial_year,1986-87,Light rail,light_rail,passenger_activity,0.0,billion passenger-km
2. PASSENGERS.xlsx,Table 2.3a-i,capital_city_motorised_passenger_travel_by_mode,Sydney,financial_year,1986-87,Bus,bus,passenger_activity,1.888503616626627,billion passenger-km
2. PASSENGERS.xlsx,Table 2.3a-i,capital_city_motorised_passenger_travel_by_mode,Sydney,financial_year,1986-87,Ferry,ferry,passenger_activity,0.17173524324841566,billion passenger-km
2. PASSENGERS.xlsx,Table 2.3a-i,capital_city_motorised_passenger_travel_by_mode,Sydney,financial_year,1986-87,Total,total,passenger_activity,39.856330992874405,billion passenger-km
2. PASSENGERS.xlsx,Table 2.3a-i,capital_city_motorised_passenger_travel_by_mode,Sydney,financial_year,1987-88,Passenger cars,passenger_cars,passenger_activity,32.591653667007094,billion passenger-km
2. PASSENGERS.xlsx,Table 2.3a-i,capital_city_motorised_passenger_travel_by_mode,Sydney,financial_year,1987-88,Commercial vehicles,commercial_vehicles,passenger_activity,2.6279659253588776,billion passenger-km
2. PASSENGERS.xlsx,Table 2.3a-i,capital_city_motorised_passenger_travel_by_mode,Sydney,financial_year,1987-88,Motor cycles,motor_cycles,passenger_activity,0.27025433044554753,billion passenger-km
2. PASSENGERS.xlsx,Table 2.3a-i,capital_city_motorised_passenger_travel_by_mode,Sydney,financial_year,1987-88,Heavy rail,heavy_rail,passenger_activity,4.060127212499999,billion passenger-km
2. PASSENGERS.xlsx,Table 2.3a-i,capital_city_motorised_passenger_travel_by_mode,Sydney,financial_year,1987-88,Light rail,light_rail,passenger_activity,0.0,billion passenger-km
2. PASSENGERS.xlsx,Table 2.3a-i,capital_city_motorised_passenger_travel_by_mode,Sydney,financial_year,1987-88,Bus,bus,passenger_activity,1.9588998653338325,billion passenger-km
2. PASSENGERS.xlsx,Table 2.3a-i,capital_city_motorised_passenger_travel_by_mode,Sydney,financial_year,1987-88,Ferry,ferry,passenger_activity,0.1477415108555734,billion passenger-km
2. PASSENGERS.xlsx,Table 2.3a-i,capital_city_motorised_passenger_travel_by_mode,Sydney,financial_year,1987-88,Total,total,passenger_activity,41.65664251150093,billion passenger-km
2. PASSENGERS.xlsx,Table 2.3a-i,capital_city_motorised_passenger_travel_by_mode,Sydney,financial_year,1988-89,Passenger cars,passenger_cars,passenger_activity,33.83493755681875,billion passenger-km
2. PASSENGERS.xlsx,Table 2.3a-i,capital_city_motorised_passenger_travel_by_mode,Sydney,financial_year,1988-89,Commercial vehicles,commercial_vehicles,passenger_activity,2.6761261010651127,billion passenger-km
2. PASSENGERS.xlsx,Table 2.3a-i,capital_city_motorised_passenger_travel_by_mode,Sydney,financial_year,1988-89,Motor cycles,motor_cycles,passenger_activity,0.27337232871335915,billion passenger-km
2. PASSENGERS.xlsx,Table 2.3a-i,capital_city_motorised_passenger_travel_by_mode,Sydney,financial_year,1988-89,Heavy rail,heavy_rail,passenger_activity,4.1051084489519996,billion passenger-km
2. PASSENGERS.xlsx,Table 2.3a-i,capital_city_motorised_passenger_travel_by_mode,Sydney,financial_year,1988-89,Light rail,light_rail,passenger_activity,0.012520000000000002,billion passenger-km
2. PASSENGERS.xlsx,Table 2.3a-i,capital_city_motorised_passenger_travel_by_mode,Sydney,financial_year,1988-89,Bus,bus,passenger_activity,1.9470723952432412,billion passenger-km
2. PASSENGERS.xlsx,Table 2.3a-i,capital_city_motorised_passenger_travel_by_mode,Sydney,financial_year,1988-89,Ferry,ferry,passenger_activity,0.16377055433211898,billion passenger-km
2. PASSENGERS.xlsx,Table 2.3a-i,capital_city_motorised_passenger_travel_by_mode,Sydney,financial_year,1988-89,Total,total,passenger_activity,43.012907385124585,billion passenger-km
2. PASSENGERS.xlsx,Table 2.3a-i,capital_city_motorised_passenger_travel_by_mode,Sydney,financial_year,1989-90,Passenger cars,passenger_cars,passenger_activity,34.702173434009005,billion passenger-km
2. PASSENGERS.xlsx,Table 2.3a-i,capital_city_motorised_passenger_travel_by_mode,Sydney,financial_year,1989-90,Commercial vehicles,commercial_vehicles,passenger_activity,2.629543140012329,billion passenger-km
2. PASSENGERS.xlsx,Table 2.3a-i,capital_city_motorised_passenger_travel_by_mode,Sydney,financial_year,1989-90,Motor cycles,motor_cycles,passenger_activity,0.23884974899878883,billion passenger-km
2. PASSENGERS.xlsx,Table 2.3a-i,capital_city_motorised_passenger_travel_by_mode,Sydney,financial_year,1989-90,Heavy rail,heavy_rail,passenger_activity,4.211946215295,billion passenger-km
2. PASSENGERS.xlsx,Table 2.3a-i,capital_city_motorised_passenger_travel_by_mode,Sydney,financial_year,1989-90,Light rail,light_rail,passenger_activity,0.012330000000000002,billion passenger-km
2. PASSENGERS.xlsx,Table 2.3a-i,capital_city_motorised_passenger_travel_by_mode,Sydney,financial_year,1989-90,Bus,bus,passenger_activity,1.9003261356252539,billion passenger-km
2. PASSENGERS.xlsx,Table 2.3a-i,capital_city_motorised_passenger_travel_by_mode,Sydney,financial_year,1989-90,Ferry,ferry,passenger_activity,0.17983160208584253,billion passenger-km
2. PASSENGERS.xlsx,Table 2.3a-i,capital_city_motorised_passenger_travel_by_mode,Sydney,financial_year,1989-90,Total,total,passenger_activity,43.87500027602622,billion passenger-km
2. PASSENGERS.xlsx,Table 2.3a-i,capital_city_motorised_passenger_travel_by_mode,Sydney,financial_year,1990-91,Passenger cars,passenger_cars,passenger_activity,34.687172414832844,billion passenger-km
2. PASSENGERS.xlsx,Table 2.3a-i,capital_city_motorised_passenger_travel_by_mode,Sydney,financial_year,1990-91,Commercial vehicles,commercial_vehicles,passenger_activity,2.469283196696284,billion passenger-km
2. PASSENGERS.xlsx,Table 2.3a-i,capital_city_motorised_passenger_travel_by_mode,Sydney,financial_year,1990-91,Motor cycles,motor_cycles,passenger_activity,0.20891409943831135,billion passenger-km
2. PASSENGERS.xlsx,Table 2.3a-i,capital_city_motorised_passenger_travel_by_mode,Sydney,financial_year,1990-91,Heavy rail,heavy_rail,passenger_activity,4.284940700955349,billion passenger-km
2. PASSENGERS.xlsx,Table 2.3a-i,capital_city_motorised_passenger_travel_by_mode,Sydney,financial_year,1990-91,Light rail,light_rail,passenger_activity,0.01213,billion passenger-km
2. PASSENGERS.xlsx,Table 2.3a-i,capital_city_motorised_passenger_travel_by_mode,Sydney,financial_year,1990-91,Bus,bus,passenger_activity,1.9471579546801328,billion passenger-km
2. PASSENGERS.xlsx,Table 2.3a-i,capital_city_motorised_passenger_travel_by_mode,Sydney,financial_year,1990-91,Ferry,ferry,passenger_activity,0.14706377956892147,billion passenger-km
2. PASSENGERS.xlsx,Table 2.3a-i,capital_city_motorised_passenger_travel_by_mode,Sydney,financial_year,1990-91,Total,total,passenger_activity,43.756662146171834,billion passenger-km
2. PASSENGERS.xlsx,Table 2.3a-i,capital_city_motorised_passenger_travel_by_mode,Sydney,financial_year,1991-92,Passenger cars,passenger_cars,passenger_activity,35.28798433901867,billion passenger-km
2. PASSENGERS.xlsx,Table 2.3a-i,capital_city_motorised_passenger_travel_by_mode,Sydney,financial_year,1991-92,Commercial vehicles,commercial_vehicles,passenger_activity,2.471319887005249,billion passenger-km
2. PASSENGERS.xlsx,Table 2.3a-i,capital_city_motorised_passenger_travel_by_mode,Sydney,financial_year,1991-92,Motor cycles,motor_cycles,passenger_activity,0.20450967800030717,billion passenger-km
2. PASSENGERS.xlsx,Table 2.3a-i,capital_city_motorised_passenger_travel_by_mode,Sydney,financial_year,1991-92,Heavy rail,heavy_rail,passenger_activity,4.190514990892349,billion passenger-km
2. PASSENGERS.xlsx,Table 2.3a-i,capital_city_motorised_passenger_travel_by_mode,Sydney,financial_year,1991-92,Light rail,light_rail,passenger_activity,0.012119999999999999,billion passenger-km
2. PASSENGERS.xlsx,Table 2.3a-i,capital_city_motorised_passenger_travel_by_mode,Sydney,financial_year,1991-92,Bus,bus,passenger_activity,1.9319602478197992,billion passenger-km
2. PASSENGERS.xlsx,Table 2.3a-i,capital_city_motorised_passenger_travel_by_mode,Sydney,financial_year,1991-92,Ferry,ferry,passenger_activity,0.12815854156522144,billion passenger-km
2. PASSENGERS.xlsx,Table 2.3a-i,capital_city_motorised_passenger_travel_by_mode,Sydney,financial_year,1991-92,Total,total,passenger_activity,44.2265676843016,billion passenger-km
2. PASSENGERS.xlsx,Table 2.3a-i,capital_city_motorised_passenger_travel_by_mode,Sydney,financial_year,1992-93,Passenger cars,passenger_cars,passenger_activity,36.35065834331896,billion passenger-km
2. PASSENGERS.xlsx,Table 2.3a-i,capital_city_motorised_passenger_travel_by_mode,Sydney,financial_year,1992-93,Commercial vehicles,commercial_vehicles,passenger_activity,2.5122640879339473,billion passenger-km
2. PASSENGERS.xlsx,Table 2.3a-i,capital_city_motorised_passenger_travel_by_mode,Sydney,financial_year,1992-93,Motor cycles,motor_cycles,passenger_activity,0.20231338390046846,billion passenger-km
2. PASSENGERS.xlsx,Table 2.3a-i,capital_city_motorised_passenger_travel_by_mode,Sydney,financial_year,1992-93,Heavy rail,heavy_rail,passenger_activity,4.035260918580649,billion passenger-km
2. PASSENGERS.xlsx,Table 2.3a-i,capital_city_motorised_passenger_travel_by_mode,Sydney,financial_year,1992-93,Light rail,light_rail,passenger_activity,0.012119999999999999,billion passenger-km
2. PASSENGERS.xlsx,Table 2.3a-i,capital_city_motorised_passenger_travel_by_mode,Sydney,financial_year,1992-93,Bus,bus,passenger_activity,1.9074490232210992,billion passenger-km
2. PASSENGERS.xlsx,Table 2.3a-i,capital_city_motorised_passenger_travel_by_mode,Sydney,financial_year,1992-93,Ferry,ferry,passenger_activity,0.10925055265140018,billion passenger-km
2. PASSENGERS.xlsx,Table 2.3a-i,capital_city_motorised_passenger_travel_by_mode,Sydney,financial_year,1992-93,Total,total,passenger_activity,45.12931630960653,billion passenger-km
2. PASSENGERS.xlsx,Table 2.3a-i,capital_city_motorised_passenger_travel_by_mode,Sydney,financial_year,1993-94,Passenger cars,passenger_cars,passenger_activity,37.19635657421209,billion passenger-km
2. PASSENGERS.xlsx,Table 2.3a-i,capital_city_motorised_passenger_travel_by_mode,Sydney,financial_year,1993-94,Commercial vehicles,commercial_vehicles,passenger_activity,2.60101998624218,billion passenger-km
2. PASSENGERS.xlsx,Table 2.3a-i,capital_city_motorised_passenger_travel_by_mode,Sydney,financial_year,1993-94,Motor cycles,motor_cycles,passenger_activity,0.19634687710969484,billion passenger-km
2. PASSENGERS.xlsx,Table 2.3a-i,capital_city_motorised_passenger_travel_by_mode,Sydney,financial_year,1993-94,Heavy rail,heavy_rail,passenger_activity,4.141948341415298,billion passenger-km
2. PASSENGERS.xlsx,Table 2.3a-i,capital_city_motorised_passenger_travel_by_mode,Sydney,financial_year,1993-94,Light rail,light_rail,passenger_activity,0.01211,billion passenger-km
2. PASSENGERS.xlsx,Table 2.3a-i,capital_city_motorised_passenger_travel_by_mode,Sydney,financial_year,1993-94,Bus,bus,passenger_activity,1.8978176582891633,billion passenger-km
2. PASSENGERS.xlsx,Table 2.3a-i,capital_city_motorised_passenger_travel_by_mode,Sydney,financial_year,1993-94,Ferry,ferry,passenger_activity,0.11371809551690741,billion passenger-km
2. PASSENGERS.xlsx,Table 2.3a-i,capital_city_motorised_passenger_travel_by_mode,Sydney,financial_year,1993-94,Total,total,passenger_activity,46.15931753278534,billion passenger-km
2. PASSENGERS.xlsx,Table 2.3a-i,capital_city_motorised_passenger_travel_by_mode,Sydney,financial_year,1994-95,Passenger cars,passenger_cars,passenger_activity,38.25988813740259,billion passenger-km
2. PASSENGERS.xlsx,Table 2.3a-i,capital_city_motorised_passenger_travel_by_mode,Sydney,financial_year,1994-95,Commercial vehicles,commercial_vehicles,passenger_activity,2.7758058591330186,billion passenger-km
2. PASSENGERS.xlsx,Table 2.3a-i,capital_city_motorised_passenger_travel_by_mode,Sydney,financial_year,1994-95,Motor cycles,motor_cycles,passenger_activity,0.1916882312631,billion passenger-km
2. PASSENGERS.xlsx,Table 2.3a-i,capital_city_motorised_passenger_travel_by_mode,Sydney,financial_year,1994-95,Heavy rail,heavy_rail,passenger_activity,4.4179588790353455,billion passenger-km
2. PASSENGERS.xlsx,Table 2.3a-i,capital_city_motorised_passenger_travel_by_mode,Sydney,financial_year,1994-95,Light rail,light_rail,passenger_activity,0.0121,billion passenger-km
2. PASSENGERS.xlsx,Table 2.3a-i,capital_city_motorised_passenger_travel_by_mode,Sydney,financial_year,1994-95,Bus,bus,passenger_activity,1.9216900831212618,billion passenger-km
2. PASSENGERS.xlsx,Table 2.3a-i,capital_city_motorised_passenger_travel_by_mode,Sydney,financial_year,1994-95,Ferry,ferry,passenger_activity,0.12211506925328106,billion passenger-km
2. PASSENGERS.xlsx,Table 2.3a-i,capital_city_motorised_passenger_travel_by_mode,Sydney,financial_year,1994-95,Total,total,passenger_activity,47.701246259208595,billion passenger-km
2. PASSENGERS.xlsx,Table 2.3a-i,capital_city_motorised_passenger_travel_by_mode,Sydney,financial_year,1995-96,Passenger cars,passenger_cars,passenger_activity,38.48317638039482,billion passenger-km
2. PASSENGERS.xlsx,Table 2.3a-i,capital_city_motorised_passenger_travel_by_mode,Sydney,financial_year,1995-96,Commercial vehicles,commercial_vehicles,passenger_activity,2.913643762932422,billion passenger-km
2. PASSENGERS.xlsx,Table 2.3a-i,capital_city_motorised_passenger_travel_by_mode,Sydney,financial_year,1995-96,Motor cycles,motor_cycles,passenger_activity,0.18260643396172696,billion passenger-km
2. PASSENGERS.xlsx,Table 2.3a-i,capital_city_motorised_passenger_travel_by_mode,Sydney,financial_year,1995-96,Heavy rail,heavy_rail,passenger_activity,4.525506364418455,billion passenger-km
2. PASSENGERS.xlsx,Table 2.3a-i,capital_city_motorised_passenger_travel_by_mode,Sydney,financial_year,1995-96,Light rail,light_rail,passenger_activity,0.012819999999999998,billion passenger-km
2. PASSENGERS.xlsx,Table 2.3a-i,capital_city_motorised_passenger_travel_by_mode,Sydney,financial_year,1995-96,Bus,bus,passenger_activity,1.979347850980032,billion passenger-km
2. PASSENGERS.xlsx,Table 2.3a-i,capital_city_motorised_passenger_travel_by_mode,Sydney,financial_year,1995-96,Ferry,ferry,passenger_activity,0.1243084480651718,billion passenger-km
2. PASSENGERS.xlsx,Table 2.3a-i,capital_city_motorised_passenger_travel_by_mode,Sydney,financial_year,1995-96,Total,total,passenger_activity,48.221409240752635,billion passenger-km
2. PASSENGERS.xlsx,Table 2.3a-i,capital_city_motorised_passenger_travel_by_mode,Sydney,financial_year,1996-97,Passenger cars,passenger_cars,passenger_activity,38.43477828496751,billion passenger-km
2. PASSENGERS.xlsx,Table 2.3a-i,capital_city_motorised_passenger_travel_by_mode,Sydney,financial_year,1996-97,Commercial vehicles,commercial_vehicles,passenger_activity,2.9718709842654083,billion passenger-km
2. PASSENGERS.xlsx,Table 2.3a-i,capital_city_motorised_passenger_travel_by_mode,Sydney,financial_year,1996-97,Motor cycles,motor_cycles,passenger_activity,0.1793786991133046,billion passenger-km
2. PASSENGERS.xlsx,Table 2.3a-i,capital_city_motorised_passenger_travel_by_mode,Sydney,financial_year,1996-97,Heavy rail,heavy_rail,passenger_activity,4.667338590300672,billion passenger-km
2. PASSENGERS.xlsx,Table 2.3a-i,capital_city_motorised_passenger_travel_by_mode,Sydney,financial_year,1996-97,Light rail,light_rail,passenger_activity,0.01295,billion passenger-km
2. PASSENGERS.xlsx,Table 2.3a-i,capital_city_motorised_passenger_travel_by_mode,Sydney,financial_year,1996-97,Bus,bus,passenger_activity,2.0218119685548808,billion passenger-km
2. PASSENGERS.xlsx,Table 2.3a-i,capital_city_motorised_passenger_travel_by_mode,Sydney,financial_year,1996-97,Ferry,ferry,passenger_activity,0.12890660851564104,billion passenger-km
2. PASSENGERS.xlsx,Table 2.3a-i,capital_city_motorised_passenger_travel_by_mode,Sydney,financial_year,1996-97,Total,total,passenger_activity,48.41703513571741,billion passenger-km
2. PASSENGERS.xlsx,Table 2.3a-i,capital_city_motorised_passenger_travel_by_mode,Sydney,financial_year,1997-98,Passenger cars,passenger_cars,passenger_activity,38.98619636766139,billion passenger-km
2. PASSENGERS.xlsx,Table 2.3a-i,capital_city_motorised_passenger_travel_by_mode,Sydney,financial_year,1997-98,Commercial vehicles,commercial_vehicles,passenger_activity,3.0892652056029406,billion passenger-km
2. PASSENGERS.xlsx,Table 2.3a-i,capital_city_motorised_passenger_travel_by_mode,Sydney,financial_year,1997-98,Motor cycles,motor_cycles,passenger_activity,0.17020964547890602,billion passenger-km
2. PASSENGERS.xlsx,Table 2.3a-i,capital_city_motorised_passenger_travel_by_mode,Sydney,financial_year,1997-98,Heavy rail,heavy_rail,passenger_activity,4.704935135999631,billion passenger-km
2. PASSENGERS.xlsx,Table 2.3a-i,capital_city_motorised_passenger_travel_by_mode,Sydney,financial_year,1997-98,Light rail,light_rail,passenger_activity,0.012500000000000002,billion passenger-km
2. PASSENGERS.xlsx,Table 2.3a-i,capital_city_motorised_passenger_travel_by_mode,Sydney,financial_year,1997-98,Bus,bus,passenger_activity,2.0505106606303145,billion passenger-km
2. PASSENGERS.xlsx,Table 2.3a-i,capital_city_motorised_passenger_travel_by_mode,Sydney,financial_year,1997-98,Ferry,ferry,passenger_activity,0.1253237219530845,billion passenger-km
2. PASSENGERS.xlsx,Table 2.3a-i,capital_city_motorised_passenger_travel_by_mode,Sydney,financial_year,1997-98,Total,total,passenger_activity,49.13894073732628,billion passenger-km
2. PASSENGERS.xlsx,Table 2.3a-i,capital_city_motorised_passenger_travel_by_mode,Sydney,financial_year,1998-99,Passenger cars,passenger_cars,passenger_activity,39.934585379723714,billion passenger-km
2. PASSENGERS.xlsx,Table 2.3a-i,capital_city_motorised_passenger_travel_by_mode,Sydney,financial_year,1998-99,Commercial vehicles,commercial_vehicles,passenger_activity,3.194046841761574,billion passenger-km
2. PASSENGERS.xlsx,Table 2.3a-i,capital_city_motorised_passenger_travel_by_mode,Sydney,financial_year,1998-99,Motor cycles,motor_cycles,passenger_activity,0.16202357112529728,billion passenger-km
2. PASSENGERS.xlsx,Table 2.3a-i,capital_city_motorised_passenger_travel_by_mode,Sydney,financial_year,1998-99,Heavy rail,heavy_rail,passenger_activity,4.7806602455665175,billion passenger-km
2. PASSENGERS.xlsx,Table 2.3a-i,capital_city_motorised_passenger_travel_by_mode,Sydney,financial_year,1998-99,Light rail,light_rail,passenger_activity,0.01503,billion passenger-km
2. PASSENGERS.xlsx,Table 2.3a-i,capital_city_motorised_passenger_travel_by_mode,Sydney,financial_year,1998-99,Bus,bus,passenger_activity,2.0711287681688226,billion passenger-km
2. PASSENGERS.xlsx,Table 2.3a-i,capital_city_motorised_passenger_travel_by_mode,Sydney,financial_year,1998-99,Ferry,ferry,passenger_activity,0.12455259234827208,billion passenger-km
2. PASSENGERS.xlsx,Table 2.3a-i,capital_city_motorised_passenger_travel_by_mode,Sydney,financial_year,1998-99,Total,total,passenger_activity,50.282027398694204,billion passenger-km
2. PASSENGERS.xlsx,Table 2.3a-i,capital_city_motorised_passenger_travel_by_mode,Sydney,financial_year,1999-00,Passenger cars,passenger_cars,passenger_activity,40.939913320729524,billion passenger-km
2. PASSENGERS.xlsx,Table 2.3a-i,capital_city_motorised_passenger_travel_by_mode,Sydney,financial_year,1999-00,Commercial vehicles,commercial_vehicles,passenger_activity,3.2710810172687697,billion passenger-km
2. PASSENGERS.xlsx,Table 2.3a-i,capital_city_motorised_passenger_travel_by_mode,Sydney,financial_year,1999-00,Motor cycles,motor_cycles,passenger_activity,0.16118911873521255,billion passenger-km
2. PASSENGERS.xlsx,Table 2.3a-i,capital_city_motorised_passenger_travel_by_mode,Sydney,financial_year,1999-00,Heavy rail,heavy_rail,passenger_activity,4.949862497999999,billion passenger-km
2. PASSENGERS.xlsx,Table 2.3a-i,capital_city_motorised_passenger_travel_by_mode,Sydney,financial_year,1999-00,Light rail,light_rail,passenger_activity,0.01778,billion passenger-km
2. PASSENGERS.xlsx,Table 2.3a-i,capital_city_motorised_passenger_travel_by_mode,Sydney,financial_year,1999-00,Bus,bus,passenger_activity,2.0526331713278343,billion passenger-km
2. PASSENGERS.xlsx,Table 2.3a-i,capital_city_motorised_passenger_travel_by_mode,Sydney,financial_year,1999-00,Ferry,ferry,passenger_activity,0.12423484476243149,billion passenger-km
2. PASSENGERS.xlsx,Table 2.3a-i,capital_city_motorised_passenger_travel_by_mode,Sydney,financial_year,1999-00,Total,total,passenger_activity,51.51669397082378,billion passenger-km
2. PASSENGERS.xlsx,Table 2.3a-i,capital_city_motorised_passenger_travel_by_mode,Sydney,financial_year,2000-01,Passenger cars,passenger_cars,passenger_activity,40.679656200919055,billion passenger-km
2. PASSENGERS.xlsx,Table 2.3a-i,capital_city_motorised_passenger_travel_by_mode,Sydney,financial_year,2000-01,Commercial vehicles,commercial_vehicles,passenger_activity,3.324830726550078,billion passenger-km
2. PASSENGERS.xlsx,Table 2.3a-i,capital_city_motorised_passenger_travel_by_mode,Sydney,financial_year,2000-01,Motor cycles,motor_cycles,passenger_activity,0.16294623874990338,billion passenger-km
2. PASSENGERS.xlsx,Table 2.3a-i,capital_city_motorised_passenger_travel_by_mode,Sydney,financial_year,2000-01,Heavy rail,heavy_rail,passenger_activity,5.327935572959999,billion passenger-km
2. PASSENGERS.xlsx,Table 2.3a-i,capital_city_motorised_passenger_travel_by_mode,Sydney,financial_year,2000-01,Light rail,light_rail,passenger_activity,0.02076,billion passenger-km
2. PASSENGERS.xlsx,Table 2.3a-i,capital_city_motorised_passenger_travel_by_mode,Sydney,financial_year,2000-01,Bus,bus,passenger_activity,2.028551573544787,billion passenger-km
2. PASSENGERS.xlsx,Table 2.3a-i,capital_city_motorised_passenger_travel_by_mode,Sydney,financial_year,2000-01,Ferry,ferry,passenger_activity,0.1385161340256705,billion passenger-km
2. PASSENGERS.xlsx,Table 2.3a-i,capital_city_motorised_passenger_travel_by_mode,Sydney,financial_year,2000-01,Total,total,passenger_activity,51.6831964467495,billion passenger-km
2. PASSENGERS.xlsx,Table 2.3a-i,capital_city_motorised_passenger_travel_by_mode,Sydney,financial_year,2001-02,Passenger cars,passenger_cars,passenger_activity,41.5229435053235,billion passenger-km
2. PASSENGERS.xlsx,Table 2.3a-i,capital_city_motorised_passenger_travel_by_mode,Sydney,financial_year,2001-02,Commercial vehicles,commercial_vehicles,passenger_activity,3.3959007329568163,billion passenger-km
2. PASSENGERS.xlsx,Table 2.3a-i,capital_city_motorised_passenger_travel_by_mode,Sydney,financial_year,2001-02,Motor cycles,motor_cycles,passenger_activity,0.16992871655722017,billion passenger-km
2. PASSENGERS.xlsx,Table 2.3a-i,capital_city_motorised_passenger_travel_by_mode,Sydney,financial_year,2001-02,Heavy rail,heavy_rail,passenger_activity,4.9569576,billion passenger-km
2. PASSENGERS.xlsx,Table 2.3a-i,capital_city_motorised_passenger_travel_by_mode,Sydney,financial_year,2001-02,Light rail,light_rail,passenger_activity,0.019640000000000005,billion passenger-km
2. PASSENGERS.xlsx,Table 2.3a-i,capital_city_motorised_passenger_travel_by_mode,Sydney,financial_year,2001-02,Bus,bus,passenger_activity,1.935640237791152,billion passenger-km
2. PASSENGERS.xlsx,Table 2.3a-i,capital_city_motorised_passenger_travel_by_mode,Sydney,financial_year,2001-02,Ferry,ferry,passenger_activity,0.12824844489009415,billion passenger-km
2. PASSENGERS.xlsx,Table 2.3a-i,capital_city_motorised_passenger_travel_by_mode,Sydney,financial_year,2001-02,Total,total,passenger_activity,52.129259237518795,billion passenger-km
2. PASSENGERS.xlsx,Table 2.3a-i,capital_city_motorised_passenger_travel_by_mode,Sydney,financial_year,2002-03,Passenger cars,passenger_cars,passenger_activity,42.18334674679807,billion passenger-km
2. PASSENGERS.xlsx,Table 2.3a-i,capital_city_motorised_passenger_travel_by_mode,Sydney,financial_year,2002-03,Commercial vehicles,commercial_vehicles,passenger_activity,3.4828055583612603,billion passenger-km
2. PASSENGERS.xlsx,Table 2.3a-i,capital_city_motorised_passenger_travel_by_mode,Sydney,financial_year,2002-03,Motor cycles,motor_cycles,passenger_activity,0.1634447821817219,billion passenger-km
2. PASSENGERS.xlsx,Table 2.3a-i,capital_city_motorised_passenger_travel_by_mode,Sydney,financial_year,2002-03,Heavy rail,heavy_rail,passenger_activity,4.970138599999999,billion passenger-km
2. PASSENGERS.xlsx,Table 2.3a-i,capital_city_motorised_passenger_travel_by_mode,Sydney,financial_year,2002-03,Light rail,light_rail,passenger_activity,0.01931,billion passenger-km
2. PASSENGERS.xlsx,Table 2.3a-i,capital_city_motorised_passenger_travel_by_mode,Sydney,financial_year,2002-03,Bus,bus,passenger_activity,1.9199686807874723,billion passenger-km
2. PASSENGERS.xlsx,Table 2.3a-i,capital_city_motorised_passenger_travel_by_mode,Sydney,financial_year,2002-03,Ferry,ferry,passenger_activity,0.1276112273089728,billion passenger-km
2. PASSENGERS.xlsx,Table 2.3a-i,capital_city_motorised_passenger_travel_by_mode,Sydney,financial_year,2002-03,Total,total,passenger_activity,52.86662559543749,billion passenger-km
2. PASSENGERS.xlsx,Table 2.3a-i,capital_city_motorised_passenger_travel_by_mode,Sydney,financial_year,2003-04,Passenger cars,passenger_cars,passenger_activity,44.27716353437157,billion passenger-km
2. PASSENGERS.xlsx,Table 2.3a-i,capital_city_motorised_passenger_travel_by_mode,Sydney,financial_year,2003-04,Commercial vehicles,commercial_vehicles,passenger_activity,3.5667033638586263,billion passenger-km
2. PASSENGERS.xlsx,Table 2.3a-i,capital_city_motorised_passenger_travel_by_mode,Sydney,financial_year,2003-04,Motor cycles,motor_cycles,passenger_activity,0.17011100053745287,billion passenger-km
2. PASSENGERS.xlsx,Table 2.3a-i,capital_city_motorised_passenger_travel_by_mode,Sydney,financial_year,2003-04,Heavy rail,heavy_rail,passenger_activity,5.0218875,billion passenger-km
2. PASSENGERS.xlsx,Table 2.3a-i,capital_city_motorised_passenger_travel_by_mode,Sydney,financial_year,2003-04,Light rail,light_rail,passenger_activity,0.01554,billion passenger-km
2. PASSENGERS.xlsx,Table 2.3a-i,capital_city_motorised_passenger_travel_by_mode,Sydney,financial_year,2003-04,Bus,bus,passenger_activity,1.8964050323701658,billion passenger-km
2. PASSENGERS.xlsx,Table 2.3a-i,capital_city_motorised_passenger_travel_by_mode,Sydney,financial_year,2003-04,Ferry,ferry,passenger_activity,0.13225235346415604,billion passenger-km
2. PASSENGERS.xlsx,Table 2.3a-i,capital_city_motorised_passenger_travel_by_mode,Sydney,financial_year,2003-04,Total,total,passenger_activity,55.08006278460197,billion passenger-km
2. PASSENGERS.xlsx,Table 2.3a-i,capital_city_motorised_passenger_travel_by_mode,Sydney,financial_year,2004-05,Passenger cars,passenger_cars,passenger_activity,44.5538889170298,billion passenger-km
2. PASSENGERS.xlsx,Table 2.3a-i,capital_city_motorised_passenger_travel_by_mode,Sydney,financial_year,2004-05,Commercial vehicles,commercial_vehicles,passenger_activity,3.559521028754413,billion passenger-km
2. PASSENGERS.xlsx,Table 2.3a-i,capital_city_motorised_passenger_travel_by_mode,Sydney,financial_year,2004-05,Motor cycles,motor_cycles,passenger_activity,0.18166740367928028,billion passenger-km
2. PASSENGERS.xlsx,Table 2.3a-i,capital_city_motorised_passenger_travel_by_mode,Sydney,financial_year,2004-05,Heavy rail,heavy_rail,passenger_activity,5.0594754,billion passenger-km
2. PASSENGERS.xlsx,Table 2.3a-i,capital_city_motorised_passenger_travel_by_mode,Sydney,financial_year,2004-05,Light rail,light_rail,passenger_activity,0.02,billion passenger-km
2. PASSENGERS.xlsx,Table 2.3a-i,capital_city_motorised_passenger_travel_by_mode,Sydney,financial_year,2004-05,Bus,bus,passenger_activity,1.8909651788315178,billion passenger-km
2. PASSENGERS.xlsx,Table 2.3a-i,capital_city_motorised_passenger_travel_by_mode,Sydney,financial_year,2004-05,Ferry,ferry,passenger_activity,0.13312925068654824,billion passenger-km
2. PASSENGERS.xlsx,Table 2.3a-i,capital_city_motorised_passenger_travel_by_mode,Sydney,financial_year,2004-05,Total,total,passenger_activity,55.39864717898156,billion passenger-km
2. PASSENGERS.xlsx,Table 2.3a-i,capital_city_motorised_passenger_travel_by_mode,Sydney,financial_year,2005-06,Passenger cars,passenger_cars,passenger_activity,43.699343822531894,billion passenger-km
2. PASSENGERS.xlsx,Table 2.3a-i,capital_city_motorised_passenger_travel_by_mode,Sydney,financial_year,2005-06,Commercial vehicles,commercial_vehicles,passenger_activity,3.5938727469383513,billion passenger-km
2. PASSENGERS.xlsx,Table 2.3a-i,capital_city_motorised_passenger_travel_by_mode,Sydney,financial_year,2005-06,Motor cycles,motor_cycles,passenger_activity,0.19581799523113766,billion passenger-km
2. PASSENGERS.xlsx,Table 2.3a-i,capital_city_motorised_passenger_travel_by_mode,Sydney,financial_year,2005-06,Heavy rail,heavy_rail,passenger_activity,5.1767618,billion passenger-km
2. PASSENGERS.xlsx,Table 2.3a-i,capital_city_motorised_passenger_travel_by_mode,Sydney,financial_year,2005-06,Light rail,light_rail,passenger_activity,0.020000000000000004,billion passenger-km
2. PASSENGERS.xlsx,Table 2.3a-i,capital_city_motorised_passenger_travel_by_mode,Sydney,financial_year,2005-06,Bus,bus,passenger_activity,1.889300067437907,billion passenger-km
2. PASSENGERS.xlsx,Table 2.3a-i,capital_city_motorised_passenger_travel_by_mode,Sydney,financial_year,2005-06,Ferry,ferry,passenger_activity,0.13302540922882827,billion passenger-km
2. PASSENGERS.xlsx,Table 2.3a-i,capital_city_motorised_passenger_travel_by_mode,Sydney,financial_year,2005-06,Total,total,passenger_activity,54.708121841368126,billion passenger-km
2. PASSENGERS.xlsx,Table 2.3a-i,capital_city_motorised_passenger_travel_by_mode,Sydney,financial_year,2006-07,Passenger cars,passenger_cars,passenger_activity,43.98785527685393,billion passenger-km
2. PASSENGERS.xlsx,Table 2.3a-i,capital_city_motorised_passenger_travel_by_mode,Sydney,financial_year,2006-07,Commercial vehicles,commercial_vehicles,passenger_activity,3.7099782555695127,billion passenger-km
2. PASSENGERS.xlsx,Table 2.3a-i,capital_city_motorised_passenger_travel_by_mode,Sydney,financial_year,2006-07,Motor cycles,motor_cycles,passenger_activity,0.21883129473668322,billion passenger-km
2. PASSENGERS.xlsx,Table 2.3a-i,capital_city_motorised_passenger_travel_by_mode,Sydney,financial_year,2006-07,Heavy rail,heavy_rail,passenger_activity,5.3480756,billion passenger-km
2. PASSENGERS.xlsx,Table 2.3a-i,capital_city_motorised_passenger_travel_by_mode,Sydney,financial_year,2006-07,Light rail,light_rail,passenger_activity,0.022084999999999997,billion passenger-km
2. PASSENGERS.xlsx,Table 2.3a-i,capital_city_motorised_passenger_travel_by_mode,Sydney,financial_year,2006-07,Bus,bus,passenger_activity,1.9295228095182884,billion passenger-km
2. PASSENGERS.xlsx,Table 2.3a-i,capital_city_motorised_passenger_travel_by_mode,Sydney,financial_year,2006-07,Ferry,ferry,passenger_activity,0.13370477100760061,billion passenger-km
2. PASSENGERS.xlsx,Table 2.3a-i,capital_city_motorised_passenger_travel_by_mode,Sydney,financial_year,2006-07,Total,total,passenger_activity,55.35005300768601,billion passenger-km
2. PASSENGERS.xlsx,Table 2.3a-i,capital_city_motorised_passenger_travel_by_mode,Sydney,financial_year,2007-08,Passenger cars,passenger_cars,passenger_activity,44.25585909488597,billion passenger-km
2. PASSENGERS.xlsx,Table 2.3a-i,capital_city_motorised_passenger_travel_by_mode,Sydney,financial_year,2007-08,Commercial vehicles,commercial_vehicles,passenger_activity,3.887126483108266,billion passenger-km
2. PASSENGERS.xlsx,Table 2.3a-i,capital_city_motorised_passenger_travel_by_mode,Sydney,financial_year,2007-08,Motor cycles,motor_cycles,passenger_activity,0.24458561860572803,billion passenger-km
2. PASSENGERS.xlsx,Table 2.3a-i,capital_city_motorised_passenger_travel_by_mode,Sydney,financial_year,2007-08,Heavy rail,heavy_rail,passenger_activity,5.6406759836,billion passenger-km
2. PASSENGERS.xlsx,Table 2.3a-i,capital_city_motorised_passenger_travel_by_mode,Sydney,financial_year,2007-08,Light rail,light_rail,passenger_activity,0.021525000000000002,billion passenger-km
2. PASSENGERS.xlsx,Table 2.3a-i,capital_city_motorised_passenger_travel_by_mode,Sydney,financial_year,2007-08,Bus,bus,passenger_activity,2.000669492170361,billion passenger-km
2. PASSENGERS.xlsx,Table 2.3a-i,capital_city_motorised_passenger_travel_by_mode,Sydney,financial_year,2007-08,Ferry,ferry,passenger_activity,0.1323678919624226,billion passenger-km
2. PASSENGERS.xlsx,Table 2.3a-i,capital_city_motorised_passenger_travel_by_mode,Sydney,financial_year,2007-08,Total,total,passenger_activity,56.18280956433274,billion passenger-km
2. PASSENGERS.xlsx,Table 2.3a-i,capital_city_motorised_passenger_travel_by_mode,Sydney,financial_year,2008-09,Passenger cars,passenger_cars,passenger_activity,44.2001365238293,billion passenger-km
2. PASSENGERS.xlsx,Table 2.3a-i,capital_city_motorised_passenger_travel_by_mode,Sydney,financial_year,2008-09,Commercial vehicles,commercial_vehicles,passenger_activity,3.977993410248591,billion passenger-km
2. PASSENGERS.xlsx,Table 2.3a-i,capital_city_motorised_passenger_travel_by_mode,Sydney,financial_year,2008-09,Motor cycles,motor_cycles,passenger_activity,0.27249659134867316,billion passenger-km
2. PASSENGERS.xlsx,Table 2.3a-i,capital_city_motorised_passenger_travel_by_mode,Sydney,financial_year,2008-09,Heavy rail,heavy_rail,passenger_activity,5.615635200000001,billion passenger-km
2. PASSENGERS.xlsx,Table 2.3a-i,capital_city_motorised_passenger_travel_by_mode,Sydney,financial_year,2008-09,Light rail,light_rail,passenger_activity,0.020906666666666667,billion passenger-km
2. PASSENGERS.xlsx,Table 2.3a-i,capital_city_motorised_passenger_travel_by_mode,Sydney,financial_year,2008-09,Bus,bus,passenger_activity,1.9847493322623477,billion passenger-km
2. PASSENGERS.xlsx,Table 2.3a-i,capital_city_motorised_passenger_travel_by_mode,Sydney,financial_year,2008-09,Ferry,ferry,passenger_activity,0.1385102974809097,billion passenger-km
2. PASSENGERS.xlsx,Table 2.3a-i,capital_city_motorised_passenger_travel_by_mode,Sydney,financial_year,2008-09,Total,total,passenger_activity,56.21042802183649,billion passenger-km
2. PASSENGERS.xlsx,Table 2.3a-i,capital_city_motorised_passenger_travel_by_mode,Sydney,financial_year,2009-10,Passenger cars,passenger_cars,passenger_activity,44.621560328417566,billion passenger-km
2. PASSENGERS.xlsx,Table 2.3a-i,capital_city_motorised_passenger_travel_by_mode,Sydney,financial_year,2009-10,Commercial vehicles,commercial_vehicles,passenger_activity,4.174181890387575,billion passenger-km
2. PASSENGERS.xlsx,Table 2.3a-i,capital_city_motorised_passenger_travel_by_mode,Sydney,financial_year,2009-10,Motor cycles,motor_cycles,passenger_activity,0.29918241156131864,billion passenger-km
2. PASSENGERS.xlsx,Table 2.3a-i,capital_city_motorised_passenger_travel_by_mode,Sydney,financial_year,2009-10,Heavy rail,heavy_rail,passenger_activity,5.4510736,billion passenger-km
2. PASSENGERS.xlsx,Table 2.3a-i,capital_city_motorised_passenger_travel_by_mode,Sydney,financial_year,2009-10,Light rail,light_rail,passenger_activity,0.020300000000000002,billion passenger-km
2. PASSENGERS.xlsx,Table 2.3a-i,capital_city_motorised_passenger_travel_by_mode,Sydney,financial_year,2009-10,Bus,bus,passenger_activity,1.9542063753843573,billion passenger-km
2. PASSENGERS.xlsx,Table 2.3a-i,capital_city_motorised_passenger_travel_by_mode,Sydney,financial_year,2009-10,Ferry,ferry,passenger_activity,0.14047273984838043,billion passenger-km
2. PASSENGERS.xlsx,Table 2.3a-i,capital_city_motorised_passenger_travel_by_mode,Sydney,financial_year,2009-10,Total,total,passenger_activity,56.66097734559919,billion passenger-km
2. PASSENGERS.xlsx,Table 2.3a-i,capital_city_motorised_passenger_travel_by_mode,Sydney,financial_year,2010-11,Passenger cars,passenger_cars,passenger_activity,45.41225717110804,billion passenger-km
2. PASSENGERS.xlsx,Table 2.3a-i,capital_city_motorised_passenger_travel_by_mode,Sydney,financial_year,2010-11,Commercial vehicles,commercial_vehicles,passenger_activity,4.290134051840986,billion passenger-km
2. PASSENGERS.xlsx,Table 2.3a-i,capital_city_motorised_passenger_travel_by_mode,Sydney,financial_year,2010-11,Motor cycles,motor_cycles,passenger_activity,0.2961905874457054,billion passenger-km
2. PASSENGERS.xlsx,Table 2.3a-i,capital_city_motorised_passenger_travel_by_mode,Sydney,financial_year,2010-11,Heavy rail,heavy_rail,passenger_activity,5.462578799999999,billion passenger-km
2. PASSENGERS.xlsx,Table 2.3a-i,capital_city_motorised_passenger_travel_by_mode,Sydney,financial_year,2010-11,Light rail,light_rail,passenger_activity,0.019389000000000003,billion passenger-km
2. PASSENGERS.xlsx,Table 2.3a-i,capital_city_motorised_passenger_travel_by_mode,Sydney,financial_year,2010-11,Bus,bus,passenger_activity,2.0179597672971314,billion passenger-km
2. PASSENGERS.xlsx,Table 2.3a-i,capital_city_motorised_passenger_travel_by_mode,Sydney,financial_year,2010-11,Ferry,ferry,passenger_activity,0.14173541144038596,billion passenger-km
2. PASSENGERS.xlsx,Table 2.3a-i,capital_city_motorised_passenger_travel_by_mode,Sydney,financial_year,2010-11,Total,total,passenger_activity,57.64024478913224,billion passenger-km
2. PASSENGERS.xlsx,Table 2.3a-i,capital_city_motorised_passenger_travel_by_mode,Sydney,financial_year,2011-12,Passenger cars,passenger_cars,passenger_activity,45.660385449644075,billion passenger-km
2. PASSENGERS.xlsx,Table 2.3a-i,capital_city_motorised_passenger_travel_by_mode,Sydney,financial_year,2011-12,Commercial vehicles,commercial_vehicles,passenger_activity,4.3963073022675365,billion passenger-km
2. PASSENGERS.xlsx,Table 2.3a-i,capital_city_motorised_passenger_travel_by_mode,Sydney,financial_year,2011-12,Motor cycles,motor_cycles,passenger_activity,0.2902667756967913,billion passenger-km
2. PASSENGERS.xlsx,Table 2.3a-i,capital_city_motorised_passenger_travel_by_mode,Sydney,financial_year,2011-12,Heavy rail,heavy_rail,passenger_activity,5.664948170515883,billion passenger-km
2. PASSENGERS.xlsx,Table 2.3a-i,capital_city_motorised_passenger_travel_by_mode,Sydney,financial_year,2011-12,Light rail,light_rail,passenger_activity,0.02006,billion passenger-km
2. PASSENGERS.xlsx,Table 2.3a-i,capital_city_motorised_passenger_travel_by_mode,Sydney,financial_year,2011-12,Bus,bus,passenger_activity,2.052310851947209,billion passenger-km
2. PASSENGERS.xlsx,Table 2.3a-i,capital_city_motorised_passenger_travel_by_mode,Sydney,financial_year,2011-12,Ferry,ferry,passenger_activity,0.1471149986413148,billion passenger-km
2. PASSENGERS.xlsx,Table 2.3a-i,capital_city_motorised_passenger_travel_by_mode,Sydney,financial_year,2011-12,Total,total,passenger_activity,58.231393548712816,billion passenger-km
2. PASSENGERS.xlsx,Table 2.3a-i,capital_city_motorised_passenger_travel_by_mode,Sydney,financial_year,2012-13,Passenger cars,passenger_cars,passenger_activity,46.65786410749348,billion passenger-km
2. PASSENGERS.xlsx,Table 2.3a-i,capital_city_motorised_passenger_travel_by_mode,Sydney,financial_year,2012-13,Commercial vehicles,commercial_vehicles,passenger_activity,4.518564909229994,billion passenger-km
2. PASSENGERS.xlsx,Table 2.3a-i,capital_city_motorised_passenger_travel_by_mode,Sydney,financial_year,2012-13,Motor cycles,motor_cycles,passenger_activity,0.3004751150108621,billion passenger-km
2. PASSENGERS.xlsx,Table 2.3a-i,capital_city_motorised_passenger_travel_by_mode,Sydney,financial_year,2012-13,Heavy rail,heavy_rail,passenger_activity,5.6827710194363314,billion passenger-km
2. PASSENGERS.xlsx,Table 2.3a-i,capital_city_motorised_passenger_travel_by_mode,Sydney,financial_year,2012-13,Light rail,light_rail,passenger_activity,0.01921,billion passenger-km
2. PASSENGERS.xlsx,Table 2.3a-i,capital_city_motorised_passenger_travel_by_mode,Sydney,financial_year,2012-13,Bus,bus,passenger_activity,2.059013927570529,billion passenger-km
2. PASSENGERS.xlsx,Table 2.3a-i,capital_city_motorised_passenger_travel_by_mode,Sydney,financial_year,2012-13,Ferry,ferry,passenger_activity,0.15096011079575888,billion passenger-km
2. PASSENGERS.xlsx,Table 2.3a-i,capital_city_motorised_passenger_travel_by_mode,Sydney,financial_year,2012-13,Total,total,passenger_activity,59.38885918953695,billion passenger-km
2. PASSENGERS.xlsx,Table 2.3a-i,capital_city_motorised_passenger_travel_by_mode,Sydney,financial_year,2013-14,Passenger cars,passenger_cars,passenger_activity,47.27970152829015,billion passenger-km
2. PASSENGERS.xlsx,Table 2.3a-i,capital_city_motorised_passenger_travel_by_mode,Sydney,financial_year,2013-14,Commercial vehicles,commercial_vehicles,passenger_activity,4.598438506680888,billion passenger-km
2. PASSENGERS.xlsx,Table 2.3a-i,capital_city_motorised_passenger_travel_by_mode,Sydney,financial_year,2013-14,Motor cycles,motor_cycles,passenger_activity,0.30679332877274634,billion passenger-km
2. PASSENGERS.xlsx,Table 2.3a-i,capital_city_motorised_passenger_travel_by_mode,Sydney,financial_year,2013-14,Heavy rail,heavy_rail,passenger_activity,5.812558995453747,billion passenger-km
2. PASSENGERS.xlsx,Table 2.3a-i,capital_city_motorised_passenger_travel_by_mode,Sydney,financial_year,2013-14,Light rail,light_rail,passenger_activity,0.014039999999999999,billion passenger-km
2. PASSENGERS.xlsx,Table 2.3a-i,capital_city_motorised_passenger_travel_by_mode,Sydney,financial_year,2013-14,Bus,bus,passenger_activity,2.072590586079486,billion passenger-km
2. PASSENGERS.xlsx,Table 2.3a-i,capital_city_motorised_passenger_travel_by_mode,Sydney,financial_year,2013-14,Ferry,ferry,passenger_activity,0.160851623359987,billion passenger-km
2. PASSENGERS.xlsx,Table 2.3a-i,capital_city_motorised_passenger_travel_by_mode,Sydney,financial_year,2013-14,Total,total,passenger_activity,60.244974568637005,billion passenger-km
2. PASSENGERS.xlsx,Table 2.3a-i,capital_city_motorised_passenger_travel_by_mode,Sydney,financial_year,2014-15,Passenger cars,passenger_cars,passenger_activity,47.86173840923422,billion passenger-km
2. PASSENGERS.xlsx,Table 2.3a-i,capital_city_motorised_passenger_travel_by_mode,Sydney,financial_year,2014-15,Commercial vehicles,commercial_vehicles,passenger_activity,4.677277647076521,billion passenger-km
2. PASSENGERS.xlsx,Table 2.3a-i,capital_city_motorised_passenger_travel_by_mode,Sydney,financial_year,2014-15,Motor cycles,motor_cycles,passenger_activity,0.3114530810007876,billion passenger-km
2. PASSENGERS.xlsx,Table 2.3a-i,capital_city_motorised_passenger_travel_by_mode,Sydney,financial_year,2014-15,Heavy rail,heavy_rail,passenger_activity,6.055152670708318,billion passenger-km
2. PASSENGERS.xlsx,Table 2.3a-i,capital_city_motorised_passenger_travel_by_mode,Sydney,financial_year,2014-15,Light rail,light_rail,passenger_activity,0.024437749999999998,billion passenger-km
2. PASSENGERS.xlsx,Table 2.3a-i,capital_city_motorised_passenger_travel_by_mode,Sydney,financial_year,2014-15,Bus,bus,passenger_activity,2.0707056733469447,billion passenger-km
2. PASSENGERS.xlsx,Table 2.3a-i,capital_city_motorised_passenger_travel_by_mode,Sydney,financial_year,2014-15,Ferry,ferry,passenger_activity,0.14856079394535096,billion passenger-km
2. PASSENGERS.xlsx,Table 2.3a-i,capital_city_motorised_passenger_travel_by_mode,Sydney,financial_year,2014-15,Total,total,passenger_activity,61.149326025312135,billion passenger-km
2. PASSENGERS.xlsx,Table 2.3a-i,capital_city_motorised_passenger_travel_by_mode,Sydney,financial_year,2015-16,Passenger cars,passenger_cars,passenger_activity,48.25806334781428,billion passenger-km
2. PASSENGERS.xlsx,Table 2.3a-i,capital_city_motorised_passenger_travel_by_mode,Sydney,financial_year,2015-16,Commercial vehicles,commercial_vehicles,passenger_activity,4.772569233257039,billion passenger-km
2. PASSENGERS.xlsx,Table 2.3a-i,capital_city_motorised_passenger_travel_by_mode,Sydney,financial_year,2015-16,Motor cycles,motor_cycles,passenger_activity,0.3184201442858034,billion passenger-km
2. PASSENGERS.xlsx,Table 2.3a-i,capital_city_motorised_passenger_travel_by_mode,Sydney,financial_year,2015-16,Heavy rail,heavy_rail,passenger_activity,6.335012627999999,billion passenger-km
2. PASSENGERS.xlsx,Table 2.3a-i,capital_city_motorised_passenger_travel_by_mode,Sydney,financial_year,2015-16,Light rail,light_rail,passenger_activity,0.038912,billion passenger-km
2. PASSENGERS.xlsx,Table 2.3a-i,capital_city_motorised_passenger_travel_by_mode,Sydney,financial_year,2015-16,Bus,bus,passenger_activity,2.0917839557941402,billion passenger-km
2. PASSENGERS.xlsx,Table 2.3a-i,capital_city_motorised_passenger_travel_by_mode,Sydney,financial_year,2015-16,Ferry,ferry,passenger_activity,0.1605162702520087,billion passenger-km
2. PASSENGERS.xlsx,Table 2.3a-i,capital_city_motorised_passenger_travel_by_mode,Sydney,financial_year,2015-16,Total,total,passenger_activity,61.975277579403276,billion passenger-km
2. PASSENGERS.xlsx,Table 2.3a-i,capital_city_motorised_passenger_travel_by_mode,Sydney,financial_year,2016-17,Passenger cars,passenger_cars,passenger_activity,48.63728777856685,billion passenger-km
2. PASSENGERS.xlsx,Table 2.3a-i,capital_city_motorised_passenger_travel_by_mode,Sydney,financial_year,2016-17,Commercial vehicles,commercial_vehicles,passenger_activity,4.988558643111218,billion passenger-km
2. PASSENGERS.xlsx,Table 2.3a-i,capital_city_motorised_passenger_travel_by_mode,Sydney,financial_year,2016-17,Motor cycles,motor_cycles,passenger_activity,0.3215406616998042,billion passenger-km
2. PASSENGERS.xlsx,Table 2.3a-i,capital_city_motorised_passenger_travel_by_mode,Sydney,financial_year,2016-17,Heavy rail,heavy_rail,passenger_activity,6.769457799999999,billion passenger-km
2. PASSENGERS.xlsx,Table 2.3a-i,capital_city_motorised_passenger_travel_by_mode,Sydney,financial_year,2016-17,Light rail,light_rail,passenger_activity,0.040192,billion passenger-km
2. PASSENGERS.xlsx,Table 2.3a-i,capital_city_motorised_passenger_travel_by_mode,Sydney,financial_year,2016-17,Bus,bus,passenger_activity,2.1590794651841163,billion passenger-km
2. PASSENGERS.xlsx,Table 2.3a-i,capital_city_motorised_passenger_travel_by_mode,Sydney,financial_year,2016-17,Ferry,ferry,passenger_activity,0.17068628346767908,billion passenger-km
2. PASSENGERS.xlsx,Table 2.3a-i,capital_city_motorised_passenger_travel_by_mode,Sydney,financial_year,2016-17,Total,total,passenger_activity,63.086802632029666,billion passenger-km
2. PASSENGERS.xlsx,Table 2.3a-i,capital_city_motorised_passenger_travel_by_mode,Sydney,financial_year,2017-18,Passenger cars,passenger_cars,passenger_activity,48.84997969892409,billion passenger-km
2. PASSENGERS.xlsx,Table 2.3a-i,capital_city_motorised_passenger_travel_by_mode,Sydney,financial_year,2017-18,Commercial vehicles,commercial_vehicles,passenger_activity,5.198540167218116,billion passenger-km
2. PASSENGERS.xlsx,Table 2.3a-i,capital_city_motorised_passenger_travel_by_mode,Sydney,financial_year,2017-18,Motor cycles,motor_cycles,passenger_activity,0.3199329583913052,billion passenger-km
2. PASSENGERS.xlsx,Table 2.3a-i,capital_city_motorised_passenger_travel_by_mode,Sydney,financial_year,2017-18,Heavy rail,heavy_rail,passenger_activity,7.176538504519999,billion passenger-km
2. PASSENGERS.xlsx,Table 2.3a-i,capital_city_motorised_passenger_travel_by_mode,Sydney,financial_year,2017-18,Light rail,light_rail,passenger_activity,0.041039400000000004,billion passenger-km
2. PASSENGERS.xlsx,Table 2.3a-i,capital_city_motorised_passenger_travel_by_mode,Sydney,financial_year,2017-18,Bus,bus,passenger_activity,2.338813751599444,billion passenger-km
2. PASSENGERS.xlsx,Table 2.3a-i,capital_city_motorised_passenger_travel_by_mode,Sydney,financial_year,2017-18,Ferry,ferry,passenger_activity,0.17672093258722624,billion passenger-km
2. PASSENGERS.xlsx,Table 2.3a-i,capital_city_motorised_passenger_travel_by_mode,Sydney,financial_year,2017-18,Total,total,passenger_activity,64.10156541324018,billion passenger-km
2. PASSENGERS.xlsx,Table 2.3a-i,capital_city_motorised_passenger_travel_by_mode,Sydney,financial_year,2018-19,Passenger cars,passenger_cars,passenger_activity,48.55640459240903,billion passenger-km
2. PASSENGERS.xlsx,Table 2.3a-i,capital_city_motorised_passenger_travel_by_mode,Sydney,financial_year,2018-19,Commercial vehicles,commercial_vehicles,passenger_activity,5.244537610714906,billion passenger-km
2. PASSENGERS.xlsx,Table 2.3a-i,capital_city_motorised_passenger_travel_by_mode,Sydney,financial_year,2018-19,Motor cycles,motor_cycles,passenger_activity,0.3185149887304127,billion passenger-km
2. PASSENGERS.xlsx,Table 2.3a-i,capital_city_motorised_passenger_travel_by_mode,Sydney,financial_year,2018-19,Heavy rail,heavy_rail,passenger_activity,7.536806860463057,billion passenger-km
2. PASSENGERS.xlsx,Table 2.3a-i,capital_city_motorised_passenger_travel_by_mode,Sydney,financial_year,2018-19,Light rail,light_rail,passenger_activity,0.0428,billion passenger-km
2. PASSENGERS.xlsx,Table 2.3a-i,capital_city_motorised_passenger_travel_by_mode,Sydney,financial_year,2018-19,Bus,bus,passenger_activity,2.5670639488777396,billion passenger-km
2. PASSENGERS.xlsx,Table 2.3a-i,capital_city_motorised_passenger_travel_by_mode,Sydney,financial_year,2018-19,Ferry,ferry,passenger_activity,0.17692271794496867,billion passenger-km
2. PASSENGERS.xlsx,Table 2.3a-i,capital_city_motorised_passenger_travel_by_mode,Sydney,financial_year,2018-19,Total,total,passenger_activity,64.44305071914013,billion passenger-km
2. PASSENGERS.xlsx,Table 2.3a-i,capital_city_motorised_passenger_travel_by_mode,Sydney,financial_year,2019-20,Passenger cars,passenger_cars,passenger_activity,43.92869072935511,billion passenger-km
2. PASSENGERS.xlsx,Table 2.3a-i,capital_city_motorised_passenger_travel_by_mode,Sydney,financial_year,2019-20,Commercial vehicles,commercial_vehicles,passenger_activity,5.122694438274154,billion passenger-km
2. PASSENGERS.xlsx,Table 2.3a-i,capital_city_motorised_passenger_travel_by_mode,Sydney,financial_year,2019-20,Motor cycles,motor_cycles,passenger_activity,0.27961590255868224,billion passenger-km
2. PASSENGERS.xlsx,Table 2.3a-i,capital_city_motorised_passenger_travel_by_mode,Sydney,financial_year,2019-20,Heavy rail,heavy_rail,passenger_activity,6.1311336534,billion passenger-km
2. PASSENGERS.xlsx,Table 2.3a-i,capital_city_motorised_passenger_travel_by_mode,Sydney,financial_year,2019-20,Light rail,light_rail,passenger_activity,0.053424,billion passenger-km
2. PASSENGERS.xlsx,Table 2.3a-i,capital_city_motorised_passenger_travel_by_mode,Sydney,financial_year,2019-20,Bus,bus,passenger_activity,2.0428663125,billion passenger-km
2. PASSENGERS.xlsx,Table 2.3a-i,capital_city_motorised_passenger_travel_by_mode,Sydney,financial_year,2019-20,Ferry,ferry,passenger_activity,0.12873557524342172,billion passenger-km
2. PASSENGERS.xlsx,Table 2.3a-i,capital_city_motorised_passenger_travel_by_mode,Sydney,financial_year,2019-20,Total,total,passenger_activity,57.68716061133137,billion passenger-km
2. PASSENGERS.xlsx,Table 2.3a-i,capital_city_motorised_passenger_travel_by_mode,Sydney,financial_year,2020-21,Passenger cars,passenger_cars,passenger_activity,45.219184577625384,billion passenger-km
2. PASSENGERS.xlsx,Table 2.3a-i,capital_city_motorised_passenger_travel_by_mode,Sydney,financial_year,2020-21,Commercial vehicles,commercial_vehicles,passenger_activity,5.211734727774318,billion passenger-km
2. PASSENGERS.xlsx,Table 2.3a-i,capital_city_motorised_passenger_travel_by_mode,Sydney,financial_year,2020-21,Motor cycles,motor_cycles,passenger_activity,0.2908005386610295,billion passenger-km
2. PASSENGERS.xlsx,Table 2.3a-i,capital_city_motorised_passenger_travel_by_mode,Sydney,financial_year,2020-21,Heavy rail,heavy_rail,passenger_activity,4.079417592249999,billion passenger-km
2. PASSENGERS.xlsx,Table 2.3a-i,capital_city_motorised_passenger_travel_by_mode,Sydney,financial_year,2020-21,Light rail,light_rail,passenger_activity,0.074932,billion passenger-km
2. PASSENGERS.xlsx,Table 2.3a-i,capital_city_motorised_passenger_travel_by_mode,Sydney,financial_year,2020-21,Bus,bus,passenger_activity,1.418304177068145,billion passenger-km
2. PASSENGERS.xlsx,Table 2.3a-i,capital_city_motorised_passenger_travel_by_mode,Sydney,financial_year,2020-21,Ferry,ferry,passenger_activity,0.07093341131419058,billion passenger-km
2. PASSENGERS.xlsx,Table 2.3a-i,capital_city_motorised_passenger_travel_by_mode,Sydney,financial_year,2020-21,Total,total,passenger_activity,56.36530702469307,billion passenger-km
2. PASSENGERS.xlsx,Table 2.3a-i,capital_city_motorised_passenger_travel_by_mode,Sydney,financial_year,2021-22,Passenger cars,passenger_cars,passenger_activity,39.94762982528588,billion passenger-km
2. PASSENGERS.xlsx,Table 2.3a-i,capital_city_motorised_passenger_travel_by_mode,Sydney,financial_year,2021-22,Commercial vehicles,commercial_vehicles,passenger_activity,5.245230482370656,billion passenger-km
2. PASSENGERS.xlsx,Table 2.3a-i,capital_city_motorised_passenger_travel_by_mode,Sydney,financial_year,2021-22,Motor cycles,motor_cycles,passenger_activity,0.2966165494342501,billion passenger-km
2. PASSENGERS.xlsx,Table 2.3a-i,capital_city_motorised_passenger_travel_by_mode,Sydney,financial_year,2021-22,Heavy rail,heavy_rail,passenger_activity,2.9616822266025107,billion passenger-km
2. PASSENGERS.xlsx,Table 2.3a-i,capital_city_motorised_passenger_travel_by_mode,Sydney,financial_year,2021-22,Light rail,light_rail,passenger_activity,0.0653375667557225,billion passenger-km
2. PASSENGERS.xlsx,Table 2.3a-i,capital_city_motorised_passenger_travel_by_mode,Sydney,financial_year,2021-22,Bus,bus,passenger_activity,1.0728371631007478,billion passenger-km
2. PASSENGERS.xlsx,Table 2.3a-i,capital_city_motorised_passenger_travel_by_mode,Sydney,financial_year,2021-22,Ferry,ferry,passenger_activity,0.06928789571550815,billion passenger-km
2. PASSENGERS.xlsx,Table 2.3a-i,capital_city_motorised_passenger_travel_by_mode,Sydney,financial_year,2021-22,Total,total,passenger_activity,49.65862170926528,billion passenger-km
2. PASSENGERS.xlsx,Table 2.3a-i,capital_city_motorised_passenger_travel_by_mode,Sydney,financial_year,2022-23,Passenger cars,passenger_cars,passenger_activity,46.03174581919703,billion passenger-km
2. PASSENGERS.xlsx,Table 2.3a-i,capital_city_motorised_passenger_travel_by_mode,Sydney,financial_year,2022-23,Commercial vehicles,commercial_vehicles,passenger_activity,5.384982124517103,billion passenger-km
2. PASSENGERS.xlsx,Table 2.3a-i,capital_city_motorised_passenger_travel_by_mode,Sydney,financial_year,2022-23,Motor cycles,motor_cycles,passenger_activity,0.3037803905659426,billion passenger-km
2. PASSENGERS.xlsx,Table 2.3a-i,capital_city_motorised_passenger_travel_by_mode,Sydney,financial_year,2022-23,Heavy rail,heavy_rail,passenger_activity,5.17986437559646,billion passenger-km
2. PASSENGERS.xlsx,Table 2.3a-i,capital_city_motorised_passenger_travel_by_mode,Sydney,financial_year,2022-23,Light rail,light_rail,passenger_activity,0.14351220622225036,billion passenger-km
2. PASSENGERS.xlsx,Table 2.3a-i,capital_city_motorised_passenger_travel_by_mode,Sydney,financial_year,2022-23,Bus,bus,passenger_activity,1.8137273827284977,billion passenger-km
2. PASSENGERS.xlsx,Table 2.3a-i,capital_city_motorised_passenger_travel_by_mode,Sydney,financial_year,2022-23,Ferry,ferry,passenger_activity,0.14295454409475258,billion passenger-km
2. PASSENGERS.xlsx,Table 2.3a-i,capital_city_motorised_passenger_travel_by_mode,Sydney,financial_year,2022-23,Total,total,passenger_activity,59.00056684292202,billion passenger-km
2. PASSENGERS.xlsx,Table 2.3a-i,capital_city_motorised_passenger_travel_by_mode,Sydney,financial_year,2023-24,Passenger cars,passenger_cars,passenger_activity,47.299484981082486,billion passenger-km
2. PASSENGERS.xlsx,Table 2.3a-i,capital_city_motorised_passenger_travel_by_mode,Sydney,financial_year,2023-24,Commercial vehicles,commercial_vehicles,passenger_activity,5.506302362862369,billion passenger-km
2. PASSENGERS.xlsx,Table 2.3a-i,capital_city_motorised_passenger_travel_by_mode,Sydney,financial_year,2023-24,Motor cycles,motor_cycles,passenger_activity,0.3144108946308049,billion passenger-km
2. PASSENGERS.xlsx,Table 2.3a-i,capital_city_motorised_passenger_travel_by_mode,Sydney,financial_year,2023-24,Heavy rail,heavy_rail,passenger_activity,6.019031713114341,billion passenger-km
2. PASSENGERS.xlsx,Table 2.3a-i,capital_city_motorised_passenger_travel_by_mode,Sydney,financial_year,2023-24,Light rail,light_rail,passenger_activity,0.17966887204858129,billion passenger-km
2. PASSENGERS.xlsx,Table 2.3a-i,capital_city_motorised_passenger_travel_by_mode,Sydney,financial_year,2023-24,Bus,bus,passenger_activity,2.127671296221615,billion passenger-km
2. PASSENGERS.xlsx,Table 2.3a-i,capital_city_motorised_passenger_travel_by_mode,Sydney,financial_year,2023-24,Ferry,ferry,passenger_activity,0.17154160362271023,billion passenger-km
2. PASSENGERS.xlsx,Table 2.3a-i,capital_city_motorised_passenger_travel_by_mode,Sydney,financial_year,2023-24,Total,total,passenger_activity,61.6181117235829,billion passenger-km
2. PASSENGERS.xlsx,Table 2.3a-i,capital_city_motorised_passenger_travel_by_mode,Sydney,financial_year,2024-25,Passenger cars,passenger_cars,passenger_activity,48.01316057553487,billion passenger-km
2. PASSENGERS.xlsx,Table 2.3a-i,capital_city_motorised_passenger_travel_by_mode,Sydney,financial_year,2024-25,Commercial vehicles,commercial_vehicles,passenger_activity,5.571113193098279,billion passenger-km
2. PASSENGERS.xlsx,Table 2.3a-i,capital_city_motorised_passenger_travel_by_mode,Sydney,financial_year,2024-25,Motor cycles,motor_cycles,passenger_activity,0.31264573225950654,billion passenger-km
2. PASSENGERS.xlsx,Table 2.3a-i,capital_city_motorised_passenger_travel_by_mode,Sydney,financial_year,2024-25,Heavy rail,heavy_rail,passenger_activity,6.2033052450603865,billion passenger-km
2. PASSENGERS.xlsx,Table 2.3a-i,capital_city_motorised_passenger_travel_by_mode,Sydney,financial_year,2024-25,Light rail,light_rail,passenger_activity,0.18776502744611767,billion passenger-km
2. PASSENGERS.xlsx,Table 2.3a-i,capital_city_motorised_passenger_travel_by_mode,Sydney,financial_year,2024-25,Bus,bus,passenger_activity,2.1709004457038614,billion passenger-km
2. PASSENGERS.xlsx,Table 2.3a-i,capital_city_motorised_passenger_travel_by_mode,Sydney,financial_year,2024-25,Ferry,ferry,passenger_activity,0.17371722839774886,billion passenger-km
2. PASSENGERS.xlsx,Table 2.3a-i,capital_city_motorised_passenger_travel_by_mode,Sydney,financial_year,2024-25,Total,total,passenger_activity,62.63260744750077,billion passenger-km
2. PASSENGERS.xlsx,Table 2.3a-i,capital_city_motorised_passenger_travel_by_mode,Melbourne,financial_year,1976-77,Passenger cars,passenger_cars,passenger_activity,21.79278746773618,billion passenger-km
2. PASSENGERS.xlsx,Table 2.3a-i,capital_city_motorised_passenger_travel_by_mode,Melbourne,financial_year,1976-77,Commercial vehicles,commercial_vehicles,passenger_activity,1.957638295335416,billion passenger-km
2. PASSENGERS.xlsx,Table 2.3a-i,capital_city_motorised_passenger_travel_by_mode,Melbourne,financial_year,1976-77,Motor cycles,motor_cycles,passenger_activity,0.1950742131806827,billion passenger-km
2. PASSENGERS.xlsx,Table 2.3a-i,capital_city_motorised_passenger_travel_by_mode,Melbourne,financial_year,1976-77,Heavy rail,heavy_rail,passenger_activity,1.9132226904616336,billion passenger-km
2. PASSENGERS.xlsx,Table 2.3a-i,capital_city_motorised_passenger_travel_by_mode,Melbourne,financial_year,1976-77,Light rail,light_rail,passenger_activity,0.5344599591593576,billion passenger-km
2. PASSENGERS.xlsx,Table 2.3a-i,capital_city_motorised_passenger_travel_by_mode,Melbourne,financial_year,1976-77,Bus,bus,passenger_activity,0.5564282099703514,billion passenger-km
2. PASSENGERS.xlsx,Table 2.3a-i,capital_city_motorised_passenger_travel_by_mode,Melbourne,financial_year,1976-77,Total,total,passenger_activity,26.94961083584362,billion passenger-km
2. PASSENGERS.xlsx,Table 2.3a-i,capital_city_motorised_passenger_travel_by_mode,Melbourne,financial_year,1977-78,Passenger cars,passenger_cars,passenger_activity,22.763798002962826,billion passenger-km
2. PASSENGERS.xlsx,Table 2.3a-i,capital_city_motorised_passenger_travel_by_mode,Melbourne,financial_year,1977-78,Commercial vehicles,commercial_vehicles,passenger_activity,2.088374819386436,billion passenger-km
2. PASSENGERS.xlsx,Table 2.3a-i,capital_city_motorised_passenger_travel_by_mode,Melbourne,financial_year,1977-78,Motor cycles,motor_cycles,passenger_activity,0.19503925606448805,billion passenger-km
2. PASSENGERS.xlsx,Table 2.3a-i,capital_city_motorised_passenger_travel_by_mode,Melbourne,financial_year,1977-78,Heavy rail,heavy_rail,passenger_activity,1.8193369103843564,billion passenger-km
2. PASSENGERS.xlsx,Table 2.3a-i,capital_city_motorised_passenger_travel_by_mode,Melbourne,financial_year,1977-78,Light rail,light_rail,passenger_activity,0.5270034510471308,billion passenger-km
2. PASSENGERS.xlsx,Table 2.3a-i,capital_city_motorised_passenger_travel_by_mode,Melbourne,financial_year,1977-78,Bus,bus,passenger_activity,0.5631739579215567,billion passenger-km
2. PASSENGERS.xlsx,Table 2.3a-i,capital_city_motorised_passenger_travel_by_mode,Melbourne,financial_year,1977-78,Total,total,passenger_activity,27.95672639776679,billion passenger-km
2. PASSENGERS.xlsx,Table 2.3a-i,capital_city_motorised_passenger_travel_by_mode,Melbourne,financial_year,1978-79,Passenger cars,passenger_cars,passenger_activity,23.537514839736758,billion passenger-km
2. PASSENGERS.xlsx,Table 2.3a-i,capital_city_motorised_passenger_travel_by_mode,Melbourne,financial_year,1978-79,Commercial vehicles,commercial_vehicles,passenger_activity,2.0922910181292207,billion passenger-km
2. PASSENGERS.xlsx,Table 2.3a-i,capital_city_motorised_passenger_travel_by_mode,Melbourne,financial_year,1978-79,Motor cycles,motor_cycles,passenger_activity,0.19169807708278178,billion passenger-km
2. PASSENGERS.xlsx,Table 2.3a-i,capital_city_motorised_passenger_travel_by_mode,Melbourne,financial_year,1978-79,Heavy rail,heavy_rail,passenger_activity,1.7165996567169157,billion passenger-km
2. PASSENGERS.xlsx,Table 2.3a-i,capital_city_motorised_passenger_travel_by_mode,Melbourne,financial_year,1978-79,Light rail,light_rail,passenger_activity,0.5272801541510546,billion passenger-km
2. PASSENGERS.xlsx,Table 2.3a-i,capital_city_motorised_passenger_travel_by_mode,Melbourne,financial_year,1978-79,Bus,bus,passenger_activity,0.5720549717720795,billion passenger-km
2. PASSENGERS.xlsx,Table 2.3a-i,capital_city_motorised_passenger_travel_by_mode,Melbourne,financial_year,1978-79,Total,total,passenger_activity,28.63743871758881,billion passenger-km
2. PASSENGERS.xlsx,Table 2.3a-i,capital_city_motorised_passenger_travel_by_mode,Melbourne,financial_year,1979-80,Passenger cars,passenger_cars,passenger_activity,23.76110406316435,billion passenger-km
2. PASSENGERS.xlsx,Table 2.3a-i,capital_city_motorised_passenger_travel_by_mode,Melbourne,financial_year,1979-80,Commercial vehicles,commercial_vehicles,passenger_activity,2.001420012556227,billion passenger-km
2. PASSENGERS.xlsx,Table 2.3a-i,capital_city_motorised_passenger_travel_by_mode,Melbourne,financial_year,1979-80,Motor cycles,motor_cycles,passenger_activity,0.19349971431401042,billion passenger-km
2. PASSENGERS.xlsx,Table 2.3a-i,capital_city_motorised_passenger_travel_by_mode,Melbourne,financial_year,1979-80,Heavy rail,heavy_rail,passenger_activity,1.6066964599948215,billion passenger-km
2. PASSENGERS.xlsx,Table 2.3a-i,capital_city_motorised_passenger_travel_by_mode,Melbourne,financial_year,1979-80,Light rail,light_rail,passenger_activity,0.5205312450219022,billion passenger-km
2. PASSENGERS.xlsx,Table 2.3a-i,capital_city_motorised_passenger_travel_by_mode,Melbourne,financial_year,1979-80,Bus,bus,passenger_activity,0.5814001583196586,billion passenger-km
2. PASSENGERS.xlsx,Table 2.3a-i,capital_city_motorised_passenger_travel_by_mode,Melbourne,financial_year,1979-80,Total,total,passenger_activity,28.664651653370974,billion passenger-km
2. PASSENGERS.xlsx,Table 2.3a-i,capital_city_motorised_passenger_travel_by_mode,Melbourne,financial_year,1980-81,Passenger cars,passenger_cars,passenger_activity,24.292841135969503,billion passenger-km
2. PASSENGERS.xlsx,Table 2.3a-i,capital_city_motorised_passenger_travel_by_mode,Melbourne,financial_year,1980-81,Commercial vehicles,commercial_vehicles,passenger_activity,1.9549905258101614,billion passenger-km
2. PASSENGERS.xlsx,Table 2.3a-i,capital_city_motorised_passenger_travel_by_mode,Melbourne,financial_year,1980-81,Motor cycles,motor_cycles,passenger_activity,0.19241802695181526,billion passenger-km
2. PASSENGERS.xlsx,Table 2.3a-i,capital_city_motorised_passenger_travel_by_mode,Melbourne,financial_year,1980-81,Heavy rail,heavy_rail,passenger_activity,1.538090604110865,billion passenger-km
2. PASSENGERS.xlsx,Table 2.3a-i,capital_city_motorised_passenger_travel_by_mode,Melbourne,financial_year,1980-81,Light rail,light_rail,passenger_activity,0.5261802815595701,billion passenger-km
2. PASSENGERS.xlsx,Table 2.3a-i,capital_city_motorised_passenger_travel_by_mode,Melbourne,financial_year,1980-81,Bus,bus,passenger_activity,0.5934432095495156,billion passenger-km
2. PASSENGERS.xlsx,Table 2.3a-i,capital_city_motorised_passenger_travel_by_mode,Melbourne,financial_year,1980-81,Total,total,passenger_activity,29.097963783951432,billion passenger-km
2. PASSENGERS.xlsx,Table 2.3a-i,capital_city_motorised_passenger_travel_by_mode,Melbourne,financial_year,1981-82,Passenger cars,passenger_cars,passenger_activity,25.82981030054937,billion passenger-km
2. PASSENGERS.xlsx,Table 2.3a-i,capital_city_motorised_passenger_travel_by_mode,Melbourne,financial_year,1981-82,Commercial vehicles,commercial_vehicles,passenger_activity,1.9458001156613816,billion passenger-km
2. PASSENGERS.xlsx,Table 2.3a-i,capital_city_motorised_passenger_travel_by_mode,Melbourne,financial_year,1981-82,Motor cycles,motor_cycles,passenger_activity,0.20343906560271266,billion passenger-km
2. PASSENGERS.xlsx,Table 2.3a-i,capital_city_motorised_passenger_travel_by_mode,Melbourne,financial_year,1981-82,Heavy rail,heavy_rail,passenger_activity,1.3920526659749326,billion passenger-km
2. PASSENGERS.xlsx,Table 2.3a-i,capital_city_motorised_passenger_travel_by_mode,Melbourne,financial_year,1981-82,Light rail,light_rail,passenger_activity,0.5375759046348597,billion passenger-km
2. PASSENGERS.xlsx,Table 2.3a-i,capital_city_motorised_passenger_travel_by_mode,Melbourne,financial_year,1981-82,Bus,bus,passenger_activity,0.6106100507665172,billion passenger-km
2. PASSENGERS.xlsx,Table 2.3a-i,capital_city_motorised_passenger_travel_by_mode,Melbourne,financial_year,1981-82,Total,total,passenger_activity,30.519288103189773,billion passenger-km
2. PASSENGERS.xlsx,Table 2.3a-i,capital_city_motorised_passenger_travel_by_mode,Melbourne,financial_year,1982-83,Passenger cars,passenger_cars,passenger_activity,26.0691320576014,billion passenger-km
2. PASSENGERS.xlsx,Table 2.3a-i,capital_city_motorised_passenger_travel_by_mode,Melbourne,financial_year,1982-83,Commercial vehicles,commercial_vehicles,passenger_activity,1.8568901149205486,billion passenger-km
2. PASSENGERS.xlsx,Table 2.3a-i,capital_city_motorised_passenger_travel_by_mode,Melbourne,financial_year,1982-83,Motor cycles,motor_cycles,passenger_activity,0.2049041446846156,billion passenger-km
2. PASSENGERS.xlsx,Table 2.3a-i,capital_city_motorised_passenger_travel_by_mode,Melbourne,financial_year,1982-83,Heavy rail,heavy_rail,passenger_activity,1.4159939823095575,billion passenger-km
2. PASSENGERS.xlsx,Table 2.3a-i,capital_city_motorised_passenger_travel_by_mode,Melbourne,financial_year,1982-83,Light rail,light_rail,passenger_activity,0.5311521447238691,billion passenger-km
2. PASSENGERS.xlsx,Table 2.3a-i,capital_city_motorised_passenger_travel_by_mode,Melbourne,financial_year,1982-83,Bus,bus,passenger_activity,0.6264765119579275,billion passenger-km
2. PASSENGERS.xlsx,Table 2.3a-i,capital_city_motorised_passenger_travel_by_mode,Melbourne,financial_year,1982-83,Total,total,passenger_activity,30.70454895619792,billion passenger-km
2. PASSENGERS.xlsx,Table 2.3a-i,capital_city_motorised_passenger_travel_by_mode,Melbourne,financial_year,1983-84,Passenger cars,passenger_cars,passenger_activity,27.077849386684672,billion passenger-km
2. PASSENGERS.xlsx,Table 2.3a-i,capital_city_motorised_passenger_travel_by_mode,Melbourne,financial_year,1983-84,Commercial vehicles,commercial_vehicles,passenger_activity,1.9698196341783316,billion passenger-km
2. PASSENGERS.xlsx,Table 2.3a-i,capital_city_motorised_passenger_travel_by_mode,Melbourne,financial_year,1983-84,Motor cycles,motor_cycles,passenger_activity,0.20918888413036157,billion passenger-km
2. PASSENGERS.xlsx,Table 2.3a-i,capital_city_motorised_passenger_travel_by_mode,Melbourne,financial_year,1983-84,Heavy rail,heavy_rail,passenger_activity,1.4470972272822933,billion passenger-km
2. PASSENGERS.xlsx,Table 2.3a-i,capital_city_motorised_passenger_travel_by_mode,Melbourne,financial_year,1983-84,Light rail,light_rail,passenger_activity,0.5434013397692712,billion passenger-km
2. PASSENGERS.xlsx,Table 2.3a-i,capital_city_motorised_passenger_travel_by_mode,Melbourne,financial_year,1983-84,Bus,bus,passenger_activity,0.6493634638162441,billion passenger-km
2. PASSENGERS.xlsx,Table 2.3a-i,capital_city_motorised_passenger_travel_by_mode,Melbourne,financial_year,1983-84,Total,total,passenger_activity,31.896719935861174,billion passenger-km
2. PASSENGERS.xlsx,Table 2.3a-i,capital_city_motorised_passenger_travel_by_mode,Melbourne,financial_year,1984-85,Passenger cars,passenger_cars,passenger_activity,27.97557191766146,billion passenger-km
2. PASSENGERS.xlsx,Table 2.3a-i,capital_city_motorised_passenger_travel_by_mode,Melbourne,financial_year,1984-85,Commercial vehicles,commercial_vehicles,passenger_activity,2.054278500588223,billion passenger-km
2. PASSENGERS.xlsx,Table 2.3a-i,capital_city_motorised_passenger_travel_by_mode,Melbourne,financial_year,1984-85,Motor cycles,motor_cycles,passenger_activity,0.21463623376898863,billion passenger-km
2. PASSENGERS.xlsx,Table 2.3a-i,capital_city_motorised_passenger_travel_by_mode,Melbourne,financial_year,1984-85,Heavy rail,heavy_rail,passenger_activity,1.4546516652354748,billion passenger-km
2. PASSENGERS.xlsx,Table 2.3a-i,capital_city_motorised_passenger_travel_by_mode,Melbourne,financial_year,1984-85,Light rail,light_rail,passenger_activity,0.598404189814412,billion passenger-km
2. PASSENGERS.xlsx,Table 2.3a-i,capital_city_motorised_passenger_travel_by_mode,Melbourne,financial_year,1984-85,Bus,bus,passenger_activity,0.686892083031663,billion passenger-km
2. PASSENGERS.xlsx,Table 2.3a-i,capital_city_motorised_passenger_travel_by_mode,Melbourne,financial_year,1984-85,Total,total,passenger_activity,32.98443459010022,billion passenger-km
2. PASSENGERS.xlsx,Table 2.3a-i,capital_city_motorised_passenger_travel_by_mode,Melbourne,financial_year,1985-86,Passenger cars,passenger_cars,passenger_activity,29.072853404525926,billion passenger-km
2. PASSENGERS.xlsx,Table 2.3a-i,capital_city_motorised_passenger_travel_by_mode,Melbourne,financial_year,1985-86,Commercial vehicles,commercial_vehicles,passenger_activity,2.206855738028338,billion passenger-km
2. PASSENGERS.xlsx,Table 2.3a-i,capital_city_motorised_passenger_travel_by_mode,Melbourne,financial_year,1985-86,Motor cycles,motor_cycles,passenger_activity,0.20346907668614014,billion passenger-km
2. PASSENGERS.xlsx,Table 2.3a-i,capital_city_motorised_passenger_travel_by_mode,Melbourne,financial_year,1985-86,Heavy rail,heavy_rail,passenger_activity,1.5498999035190544,billion passenger-km
2. PASSENGERS.xlsx,Table 2.3a-i,capital_city_motorised_passenger_travel_by_mode,Melbourne,financial_year,1985-86,Light rail,light_rail,passenger_activity,0.6201320943318143,billion passenger-km
2. PASSENGERS.xlsx,Table 2.3a-i,capital_city_motorised_passenger_travel_by_mode,Melbourne,financial_year,1985-86,Bus,bus,passenger_activity,0.7216327647880473,billion passenger-km
2. PASSENGERS.xlsx,Table 2.3a-i,capital_city_motorised_passenger_travel_by_mode,Melbourne,financial_year,1985-86,Total,total,passenger_activity,34.37484298187932,billion passenger-km
2. PASSENGERS.xlsx,Table 2.3a-i,capital_city_motorised_passenger_travel_by_mode,Melbourne,financial_year,1986-87,Passenger cars,passenger_cars,passenger_activity,29.913015145667295,billion passenger-km
2. PASSENGERS.xlsx,Table 2.3a-i,capital_city_motorised_passenger_travel_by_mode,Melbourne,financial_year,1986-87,Commercial vehicles,commercial_vehicles,passenger_activity,2.3438238936131714,billion passenger-km
2. PASSENGERS.xlsx,Table 2.3a-i,capital_city_motorised_passenger_travel_by_mode,Melbourne,financial_year,1986-87,Motor cycles,motor_cycles,passenger_activity,0.19996824648198622,billion passenger-km
2. PASSENGERS.xlsx,Table 2.3a-i,capital_city_motorised_passenger_travel_by_mode,Melbourne,financial_year,1986-87,Heavy rail,heavy_rail,passenger_activity,1.6104119519107887,billion passenger-km
2. PASSENGERS.xlsx,Table 2.3a-i,capital_city_motorised_passenger_travel_by_mode,Melbourne,financial_year,1986-87,Light rail,light_rail,passenger_activity,0.6304887765641217,billion passenger-km
2. PASSENGERS.xlsx,Table 2.3a-i,capital_city_motorised_passenger_travel_by_mode,Melbourne,financial_year,1986-87,Bus,bus,passenger_activity,0.758264967562061,billion passenger-km
2. PASSENGERS.xlsx,Table 2.3a-i,capital_city_motorised_passenger_travel_by_mode,Melbourne,financial_year,1986-87,Total,total,passenger_activity,35.45597298179943,billion passenger-km
2. PASSENGERS.xlsx,Table 2.3a-i,capital_city_motorised_passenger_travel_by_mode,Melbourne,financial_year,1987-88,Passenger cars,passenger_cars,passenger_activity,31.457642504697176,billion passenger-km
2. PASSENGERS.xlsx,Table 2.3a-i,capital_city_motorised_passenger_travel_by_mode,Melbourne,financial_year,1987-88,Commercial vehicles,commercial_vehicles,passenger_activity,2.543869959682757,billion passenger-km
2. PASSENGERS.xlsx,Table 2.3a-i,capital_city_motorised_passenger_travel_by_mode,Melbourne,financial_year,1987-88,Motor cycles,motor_cycles,passenger_activity,0.1999020953978677,billion passenger-km
2. PASSENGERS.xlsx,Table 2.3a-i,capital_city_motorised_passenger_travel_by_mode,Melbourne,financial_year,1987-88,Heavy rail,heavy_rail,passenger_activity,1.5359223066072452,billion passenger-km
2. PASSENGERS.xlsx,Table 2.3a-i,capital_city_motorised_passenger_travel_by_mode,Melbourne,financial_year,1987-88,Light rail,light_rail,passenger_activity,0.6482993682899059,billion passenger-km
2. PASSENGERS.xlsx,Table 2.3a-i,capital_city_motorised_passenger_travel_by_mode,Melbourne,financial_year,1987-88,Bus,bus,passenger_activity,0.7968980502238959,billion passenger-km
2. PASSENGERS.xlsx,Table 2.3a-i,capital_city_motorised_passenger_travel_by_mode,Melbourne,financial_year,1987-88,Total,total,passenger_activity,37.18253428489885,billion passenger-km
2. PASSENGERS.xlsx,Table 2.3a-i,capital_city_motorised_passenger_travel_by_mode,Melbourne,financial_year,1988-89,Passenger cars,passenger_cars,passenger_activity,32.96305056467646,billion passenger-km
2. PASSENGERS.xlsx,Table 2.3a-i,capital_city_motorised_passenger_travel_by_mode,Melbourne,financial_year,1988-89,Commercial vehicles,commercial_vehicles,passenger_activity,2.7095816421407672,billion passenger-km
2. PASSENGERS.xlsx,Table 2.3a-i,capital_city_motorised_passenger_travel_by_mode,Melbourne,financial_year,1988-89,Motor cycles,motor_cycles,passenger_activity,0.21751586719296986,billion passenger-km
2. PASSENGERS.xlsx,Table 2.3a-i,capital_city_motorised_passenger_travel_by_mode,Melbourne,financial_year,1988-89,Heavy rail,heavy_rail,passenger_activity,1.6206038142958858,billion passenger-km
2. PASSENGERS.xlsx,Table 2.3a-i,capital_city_motorised_passenger_travel_by_mode,Melbourne,financial_year,1988-89,Light rail,light_rail,passenger_activity,0.6642566808973523,billion passenger-km
2. PASSENGERS.xlsx,Table 2.3a-i,capital_city_motorised_passenger_travel_by_mode,Melbourne,financial_year,1988-89,Bus,bus,passenger_activity,0.8362840023904202,billion passenger-km
2. PASSENGERS.xlsx,Table 2.3a-i,capital_city_motorised_passenger_travel_by_mode,Melbourne,financial_year,1988-89,Total,total,passenger_activity,39.011292571593856,billion passenger-km
2. PASSENGERS.xlsx,Table 2.3a-i,capital_city_motorised_passenger_travel_by_mode,Melbourne,financial_year,1989-90,Passenger cars,passenger_cars,passenger_activity,33.74499311135243,billion passenger-km
2. PASSENGERS.xlsx,Table 2.3a-i,capital_city_motorised_passenger_travel_by_mode,Melbourne,financial_year,1989-90,Commercial vehicles,commercial_vehicles,passenger_activity,2.7440155195443983,billion passenger-km
2. PASSENGERS.xlsx,Table 2.3a-i,capital_city_motorised_passenger_travel_by_mode,Melbourne,financial_year,1989-90,Motor cycles,motor_cycles,passenger_activity,0.20443388686551,billion passenger-km
2. PASSENGERS.xlsx,Table 2.3a-i,capital_city_motorised_passenger_travel_by_mode,Melbourne,financial_year,1989-90,Heavy rail,heavy_rail,passenger_activity,1.6424792155868377,billion passenger-km
2. PASSENGERS.xlsx,Table 2.3a-i,capital_city_motorised_passenger_travel_by_mode,Melbourne,financial_year,1989-90,Light rail,light_rail,passenger_activity,0.5294051081764892,billion passenger-km
2. PASSENGERS.xlsx,Table 2.3a-i,capital_city_motorised_passenger_travel_by_mode,Melbourne,financial_year,1989-90,Bus,bus,passenger_activity,0.8864788077063568,billion passenger-km
2. PASSENGERS.xlsx,Table 2.3a-i,capital_city_motorised_passenger_travel_by_mode,Melbourne,financial_year,1989-90,Total,total,passenger_activity,39.75180564923202,billion passenger-km
2. PASSENGERS.xlsx,Table 2.3a-i,capital_city_motorised_passenger_travel_by_mode,Melbourne,financial_year,1990-91,Passenger cars,passenger_cars,passenger_activity,33.512152820899125,billion passenger-km
2. PASSENGERS.xlsx,Table 2.3a-i,capital_city_motorised_passenger_travel_by_mode,Melbourne,financial_year,1990-91,Commercial vehicles,commercial_vehicles,passenger_activity,2.677923190964762,billion passenger-km
2. PASSENGERS.xlsx,Table 2.3a-i,capital_city_motorised_passenger_travel_by_mode,Melbourne,financial_year,1990-91,Motor cycles,motor_cycles,passenger_activity,0.19234794629912494,billion passenger-km
2. PASSENGERS.xlsx,Table 2.3a-i,capital_city_motorised_passenger_travel_by_mode,Melbourne,financial_year,1990-91,Heavy rail,heavy_rail,passenger_activity,1.639324351456676,billion passenger-km
2. PASSENGERS.xlsx,Table 2.3a-i,capital_city_motorised_passenger_travel_by_mode,Melbourne,financial_year,1990-91,Light rail,light_rail,passenger_activity,0.5916137590087381,billion passenger-km
2. PASSENGERS.xlsx,Table 2.3a-i,capital_city_motorised_passenger_travel_by_mode,Melbourne,financial_year,1990-91,Bus,bus,passenger_activity,0.8795848977249241,billion passenger-km
2. PASSENGERS.xlsx,Table 2.3a-i,capital_city_motorised_passenger_travel_by_mode,Melbourne,financial_year,1990-91,Total,total,passenger_activity,39.49294696635335,billion passenger-km
2. PASSENGERS.xlsx,Table 2.3a-i,capital_city_motorised_passenger_travel_by_mode,Melbourne,financial_year,1991-92,Passenger cars,passenger_cars,passenger_activity,33.971361648372394,billion passenger-km
2. PASSENGERS.xlsx,Table 2.3a-i,capital_city_motorised_passenger_travel_by_mode,Melbourne,financial_year,1991-92,Commercial vehicles,commercial_vehicles,passenger_activity,2.7296741947188554,billion passenger-km
2. PASSENGERS.xlsx,Table 2.3a-i,capital_city_motorised_passenger_travel_by_mode,Melbourne,financial_year,1991-92,Motor cycles,motor_cycles,passenger_activity,0.1946940975841132,billion passenger-km
2. PASSENGERS.xlsx,Table 2.3a-i,capital_city_motorised_passenger_travel_by_mode,Melbourne,financial_year,1991-92,Heavy rail,heavy_rail,passenger_activity,1.7706204162365362,billion passenger-km
2. PASSENGERS.xlsx,Table 2.3a-i,capital_city_motorised_passenger_travel_by_mode,Melbourne,financial_year,1991-92,Light rail,light_rail,passenger_activity,0.5923051128171326,billion passenger-km
2. PASSENGERS.xlsx,Table 2.3a-i,capital_city_motorised_passenger_travel_by_mode,Melbourne,financial_year,1991-92,Bus,bus,passenger_activity,0.8385969932629298,billion passenger-km
2. PASSENGERS.xlsx,Table 2.3a-i,capital_city_motorised_passenger_travel_by_mode,Melbourne,financial_year,1991-92,Total,total,passenger_activity,40.09725246299196,billion passenger-km
2. PASSENGERS.xlsx,Table 2.3a-i,capital_city_motorised_passenger_travel_by_mode,Melbourne,financial_year,1992-93,Passenger cars,passenger_cars,passenger_activity,34.630033302550096,billion passenger-km
2. PASSENGERS.xlsx,Table 2.3a-i,capital_city_motorised_passenger_travel_by_mode,Melbourne,financial_year,1992-93,Commercial vehicles,commercial_vehicles,passenger_activity,2.804771449022511,billion passenger-km
2. PASSENGERS.xlsx,Table 2.3a-i,capital_city_motorised_passenger_travel_by_mode,Melbourne,financial_year,1992-93,Motor cycles,motor_cycles,passenger_activity,0.19725491609805096,billion passenger-km
2. PASSENGERS.xlsx,Table 2.3a-i,capital_city_motorised_passenger_travel_by_mode,Melbourne,financial_year,1992-93,Heavy rail,heavy_rail,passenger_activity,1.8204800430877675,billion passenger-km
2. PASSENGERS.xlsx,Table 2.3a-i,capital_city_motorised_passenger_travel_by_mode,Melbourne,financial_year,1992-93,Light rail,light_rail,passenger_activity,0.5136490758124356,billion passenger-km
2. PASSENGERS.xlsx,Table 2.3a-i,capital_city_motorised_passenger_travel_by_mode,Melbourne,financial_year,1992-93,Bus,bus,passenger_activity,0.8456650339774828,billion passenger-km
2. PASSENGERS.xlsx,Table 2.3a-i,capital_city_motorised_passenger_travel_by_mode,Melbourne,financial_year,1992-93,Total,total,passenger_activity,40.81185382054835,billion passenger-km
2. PASSENGERS.xlsx,Table 2.3a-i,capital_city_motorised_passenger_travel_by_mode,Melbourne,financial_year,1993-94,Passenger cars,passenger_cars,passenger_activity,35.29766044009326,billion passenger-km
2. PASSENGERS.xlsx,Table 2.3a-i,capital_city_motorised_passenger_travel_by_mode,Melbourne,financial_year,1993-94,Commercial vehicles,commercial_vehicles,passenger_activity,2.8902088724163337,billion passenger-km
2. PASSENGERS.xlsx,Table 2.3a-i,capital_city_motorised_passenger_travel_by_mode,Melbourne,financial_year,1993-94,Motor cycles,motor_cycles,passenger_activity,0.19807367787499644,billion passenger-km
2. PASSENGERS.xlsx,Table 2.3a-i,capital_city_motorised_passenger_travel_by_mode,Melbourne,financial_year,1993-94,Heavy rail,heavy_rail,passenger_activity,1.8272281942815827,billion passenger-km
2. PASSENGERS.xlsx,Table 2.3a-i,capital_city_motorised_passenger_travel_by_mode,Melbourne,financial_year,1993-94,Light rail,light_rail,passenger_activity,0.510567663732826,billion passenger-km
2. PASSENGERS.xlsx,Table 2.3a-i,capital_city_motorised_passenger_travel_by_mode,Melbourne,financial_year,1993-94,Bus,bus,passenger_activity,0.8777808924136353,billion passenger-km
2. PASSENGERS.xlsx,Table 2.3a-i,capital_city_motorised_passenger_travel_by_mode,Melbourne,financial_year,1993-94,Total,total,passenger_activity,41.60151974081263,billion passenger-km
2. PASSENGERS.xlsx,Table 2.3a-i,capital_city_motorised_passenger_travel_by_mode,Melbourne,financial_year,1994-95,Passenger cars,passenger_cars,passenger_activity,36.302911245571735,billion passenger-km
2. PASSENGERS.xlsx,Table 2.3a-i,capital_city_motorised_passenger_travel_by_mode,Melbourne,financial_year,1994-95,Commercial vehicles,commercial_vehicles,passenger_activity,3.017253477999688,billion passenger-km
2. PASSENGERS.xlsx,Table 2.3a-i,capital_city_motorised_passenger_travel_by_mode,Melbourne,financial_year,1994-95,Motor cycles,motor_cycles,passenger_activity,0.2003902546316347,billion passenger-km
2. PASSENGERS.xlsx,Table 2.3a-i,capital_city_motorised_passenger_travel_by_mode,Melbourne,financial_year,1994-95,Heavy rail,heavy_rail,passenger_activity,1.9535342264075783,billion passenger-km
2. PASSENGERS.xlsx,Table 2.3a-i,capital_city_motorised_passenger_travel_by_mode,Melbourne,financial_year,1994-95,Light rail,light_rail,passenger_activity,0.5122545133031591,billion passenger-km
2. PASSENGERS.xlsx,Table 2.3a-i,capital_city_motorised_passenger_travel_by_mode,Melbourne,financial_year,1994-95,Bus,bus,passenger_activity,0.9102055789379011,billion passenger-km
2. PASSENGERS.xlsx,Table 2.3a-i,capital_city_motorised_passenger_travel_by_mode,Melbourne,financial_year,1994-95,Total,total,passenger_activity,42.896549296851695,billion passenger-km
2. PASSENGERS.xlsx,Table 2.3a-i,capital_city_motorised_passenger_travel_by_mode,Melbourne,financial_year,1995-96,Passenger cars,passenger_cars,passenger_activity,37.03127666348867,billion passenger-km
2. PASSENGERS.xlsx,Table 2.3a-i,capital_city_motorised_passenger_travel_by_mode,Melbourne,financial_year,1995-96,Commercial vehicles,commercial_vehicles,passenger_activity,2.9619851131602726,billion passenger-km
2. PASSENGERS.xlsx,Table 2.3a-i,capital_city_motorised_passenger_travel_by_mode,Melbourne,financial_year,1995-96,Motor cycles,motor_cycles,passenger_activity,0.1977868170032172,billion passenger-km
2. PASSENGERS.xlsx,Table 2.3a-i,capital_city_motorised_passenger_travel_by_mode,Melbourne,financial_year,1995-96,Heavy rail,heavy_rail,passenger_activity,2.0011136313560076,billion passenger-km
2. PASSENGERS.xlsx,Table 2.3a-i,capital_city_motorised_passenger_travel_by_mode,Melbourne,financial_year,1995-96,Light rail,light_rail,passenger_activity,0.5186268799474448,billion passenger-km
2. PASSENGERS.xlsx,Table 2.3a-i,capital_city_motorised_passenger_travel_by_mode,Melbourne,financial_year,1995-96,Bus,bus,passenger_activity,0.934316985593367,billion passenger-km
2. PASSENGERS.xlsx,Table 2.3a-i,capital_city_motorised_passenger_travel_by_mode,Melbourne,financial_year,1995-96,Total,total,passenger_activity,43.645106090548985,billion passenger-km
2. PASSENGERS.xlsx,Table 2.3a-i,capital_city_motorised_passenger_travel_by_mode,Melbourne,financial_year,1996-97,Passenger cars,passenger_cars,passenger_activity,37.41326182691116,billion passenger-km
2. PASSENGERS.xlsx,Table 2.3a-i,capital_city_motorised_passenger_travel_by_mode,Melbourne,financial_year,1996-97,Commercial vehicles,commercial_vehicles,passenger_activity,2.9152841057138814,billion passenger-km
2. PASSENGERS.xlsx,Table 2.3a-i,capital_city_motorised_passenger_travel_by_mode,Melbourne,financial_year,1996-97,Motor cycles,motor_cycles,passenger_activity,0.20073939822875245,billion passenger-km
2. PASSENGERS.xlsx,Table 2.3a-i,capital_city_motorised_passenger_travel_by_mode,Melbourne,financial_year,1996-97,Heavy rail,heavy_rail,passenger_activity,1.9855025939858046,billion passenger-km
2. PASSENGERS.xlsx,Table 2.3a-i,capital_city_motorised_passenger_travel_by_mode,Melbourne,financial_year,1996-97,Light rail,light_rail,passenger_activity,0.5171718357578042,billion passenger-km
2. PASSENGERS.xlsx,Table 2.3a-i,capital_city_motorised_passenger_travel_by_mode,Melbourne,financial_year,1996-97,Bus,bus,passenger_activity,0.9369306655189398,billion passenger-km
2. PASSENGERS.xlsx,Table 2.3a-i,capital_city_motorised_passenger_travel_by_mode,Melbourne,financial_year,1996-97,Total,total,passenger_activity,43.968890426116346,billion passenger-km
2. PASSENGERS.xlsx,Table 2.3a-i,capital_city_motorised_passenger_travel_by_mode,Melbourne,financial_year,1997-98,Passenger cars,passenger_cars,passenger_activity,38.1506958701009,billion passenger-km
2. PASSENGERS.xlsx,Table 2.3a-i,capital_city_motorised_passenger_travel_by_mode,Melbourne,financial_year,1997-98,Commercial vehicles,commercial_vehicles,passenger_activity,2.974277455154933,billion passenger-km
2. PASSENGERS.xlsx,Table 2.3a-i,capital_city_motorised_passenger_travel_by_mode,Melbourne,financial_year,1997-98,Motor cycles,motor_cycles,passenger_activity,0.197021036551997,billion passenger-km
2. PASSENGERS.xlsx,Table 2.3a-i,capital_city_motorised_passenger_travel_by_mode,Melbourne,financial_year,1997-98,Heavy rail,heavy_rail,passenger_activity,1.9133105428051262,billion passenger-km
2. PASSENGERS.xlsx,Table 2.3a-i,capital_city_motorised_passenger_travel_by_mode,Melbourne,financial_year,1997-98,Light rail,light_rail,passenger_activity,0.516459447605934,billion passenger-km
2. PASSENGERS.xlsx,Table 2.3a-i,capital_city_motorised_passenger_travel_by_mode,Melbourne,financial_year,1997-98,Bus,bus,passenger_activity,0.9605735456609937,billion passenger-km
2. PASSENGERS.xlsx,Table 2.3a-i,capital_city_motorised_passenger_travel_by_mode,Melbourne,financial_year,1997-98,Total,total,passenger_activity,44.71233789787988,billion passenger-km
2. PASSENGERS.xlsx,Table 2.3a-i,capital_city_motorised_passenger_travel_by_mode,Melbourne,financial_year,1998-99,Passenger cars,passenger_cars,passenger_activity,39.20575323711509,billion passenger-km
2. PASSENGERS.xlsx,Table 2.3a-i,capital_city_motorised_passenger_travel_by_mode,Melbourne,financial_year,1998-99,Commercial vehicles,commercial_vehicles,passenger_activity,2.97966524048892,billion passenger-km
2. PASSENGERS.xlsx,Table 2.3a-i,capital_city_motorised_passenger_travel_by_mode,Melbourne,financial_year,1998-99,Motor cycles,motor_cycles,passenger_activity,0.1899422929491533,billion passenger-km
2. PASSENGERS.xlsx,Table 2.3a-i,capital_city_motorised_passenger_travel_by_mode,Melbourne,financial_year,1998-99,Heavy rail,heavy_rail,passenger_activity,2.0032253108704485,billion passenger-km
2. PASSENGERS.xlsx,Table 2.3a-i,capital_city_motorised_passenger_travel_by_mode,Melbourne,financial_year,1998-99,Light rail,light_rail,passenger_activity,0.5311621560925656,billion passenger-km
2. PASSENGERS.xlsx,Table 2.3a-i,capital_city_motorised_passenger_travel_by_mode,Melbourne,financial_year,1998-99,Bus,bus,passenger_activity,0.9849529942833786,billion passenger-km
2. PASSENGERS.xlsx,Table 2.3a-i,capital_city_motorised_passenger_travel_by_mode,Melbourne,financial_year,1998-99,Total,total,passenger_activity,45.89470123179955,billion passenger-km
2. PASSENGERS.xlsx,Table 2.3a-i,capital_city_motorised_passenger_travel_by_mode,Melbourne,financial_year,1999-00,Passenger cars,passenger_cars,passenger_activity,40.120057677952104,billion passenger-km
2. PASSENGERS.xlsx,Table 2.3a-i,capital_city_motorised_passenger_travel_by_mode,Melbourne,financial_year,1999-00,Commercial vehicles,commercial_vehicles,passenger_activity,2.9779571908443963,billion passenger-km
2. PASSENGERS.xlsx,Table 2.3a-i,capital_city_motorised_passenger_travel_by_mode,Melbourne,financial_year,1999-00,Motor cycles,motor_cycles,passenger_activity,0.19345725838901334,billion passenger-km
2. PASSENGERS.xlsx,Table 2.3a-i,capital_city_motorised_passenger_travel_by_mode,Melbourne,financial_year,1999-00,Heavy rail,heavy_rail,passenger_activity,2.121191354486396,billion passenger-km
2. PASSENGERS.xlsx,Table 2.3a-i,capital_city_motorised_passenger_travel_by_mode,Melbourne,financial_year,1999-00,Light rail,light_rail,passenger_activity,0.5632091588150712,billion passenger-km
2. PASSENGERS.xlsx,Table 2.3a-i,capital_city_motorised_passenger_travel_by_mode,Melbourne,financial_year,1999-00,Bus,bus,passenger_activity,1.0007131210034268,billion passenger-km
2. PASSENGERS.xlsx,Table 2.3a-i,capital_city_motorised_passenger_travel_by_mode,Melbourne,financial_year,1999-00,Total,total,passenger_activity,46.976585761490405,billion passenger-km
2. PASSENGERS.xlsx,Table 2.3a-i,capital_city_motorised_passenger_travel_by_mode,Melbourne,financial_year,2000-01,Passenger cars,passenger_cars,passenger_activity,40.1360200929485,billion passenger-km
2. PASSENGERS.xlsx,Table 2.3a-i,capital_city_motorised_passenger_travel_by_mode,Melbourne,financial_year,2000-01,Commercial vehicles,commercial_vehicles,passenger_activity,3.0420939360722463,billion passenger-km
2. PASSENGERS.xlsx,Table 2.3a-i,capital_city_motorised_passenger_travel_by_mode,Melbourne,financial_year,2000-01,Motor cycles,motor_cycles,passenger_activity,0.2002192787188624,billion passenger-km
2. PASSENGERS.xlsx,Table 2.3a-i,capital_city_motorised_passenger_travel_by_mode,Melbourne,financial_year,2000-01,Heavy rail,heavy_rail,passenger_activity,2.205202622371082,billion passenger-km
2. PASSENGERS.xlsx,Table 2.3a-i,capital_city_motorised_passenger_travel_by_mode,Melbourne,financial_year,2000-01,Light rail,light_rail,passenger_activity,0.5769596347831174,billion passenger-km
2. PASSENGERS.xlsx,Table 2.3a-i,capital_city_motorised_passenger_travel_by_mode,Melbourne,financial_year,2000-01,Bus,bus,passenger_activity,1.0194692465373856,billion passenger-km
2. PASSENGERS.xlsx,Table 2.3a-i,capital_city_motorised_passenger_travel_by_mode,Melbourne,financial_year,2000-01,Total,total,passenger_activity,47.17996481143119,billion passenger-km
2. PASSENGERS.xlsx,Table 2.3a-i,capital_city_motorised_passenger_travel_by_mode,Melbourne,financial_year,2001-02,Passenger cars,passenger_cars,passenger_activity,40.87769980997943,billion passenger-km
2. PASSENGERS.xlsx,Table 2.3a-i,capital_city_motorised_passenger_travel_by_mode,Melbourne,financial_year,2001-02,Commercial vehicles,commercial_vehicles,passenger_activity,3.123841627148383,billion passenger-km
2. PASSENGERS.xlsx,Table 2.3a-i,capital_city_motorised_passenger_travel_by_mode,Melbourne,financial_year,2001-02,Motor cycles,motor_cycles,passenger_activity,0.2142058083651076,billion passenger-km
2. PASSENGERS.xlsx,Table 2.3a-i,capital_city_motorised_passenger_travel_by_mode,Melbourne,financial_year,2001-02,Heavy rail,heavy_rail,passenger_activity,2.313814013264128,billion passenger-km
2. PASSENGERS.xlsx,Table 2.3a-i,capital_city_motorised_passenger_travel_by_mode,Melbourne,financial_year,2001-02,Light rail,light_rail,passenger_activity,0.5861607025894225,billion passenger-km
2. PASSENGERS.xlsx,Table 2.3a-i,capital_city_motorised_passenger_travel_by_mode,Melbourne,financial_year,2001-02,Bus,bus,passenger_activity,1.0276087992691278,billion passenger-km
2. PASSENGERS.xlsx,Table 2.3a-i,capital_city_motorised_passenger_travel_by_mode,Melbourne,financial_year,2001-02,Total,total,passenger_activity,48.1433307606156,billion passenger-km
2. PASSENGERS.xlsx,Table 2.3a-i,capital_city_motorised_passenger_travel_by_mode,Melbourne,financial_year,2002-03,Passenger cars,passenger_cars,passenger_activity,41.63597127456852,billion passenger-km
2. PASSENGERS.xlsx,Table 2.3a-i,capital_city_motorised_passenger_travel_by_mode,Melbourne,financial_year,2002-03,Commercial vehicles,commercial_vehicles,passenger_activity,3.184701476039394,billion passenger-km
2. PASSENGERS.xlsx,Table 2.3a-i,capital_city_motorised_passenger_travel_by_mode,Melbourne,financial_year,2002-03,Motor cycles,motor_cycles,passenger_activity,0.2113582007816407,billion passenger-km
2. PASSENGERS.xlsx,Table 2.3a-i,capital_city_motorised_passenger_travel_by_mode,Melbourne,financial_year,2002-03,Heavy rail,heavy_rail,passenger_activity,2.361573261519341,billion passenger-km
2. PASSENGERS.xlsx,Table 2.3a-i,capital_city_motorised_passenger_travel_by_mode,Melbourne,financial_year,2002-03,Light rail,light_rail,passenger_activity,0.5954712962487595,billion passenger-km
2. PASSENGERS.xlsx,Table 2.3a-i,capital_city_motorised_passenger_travel_by_mode,Melbourne,financial_year,2002-03,Bus,bus,passenger_activity,1.0400416320352233,billion passenger-km
2. PASSENGERS.xlsx,Table 2.3a-i,capital_city_motorised_passenger_travel_by_mode,Melbourne,financial_year,2002-03,Total,total,passenger_activity,49.02911714119288,billion passenger-km
2. PASSENGERS.xlsx,Table 2.3a-i,capital_city_motorised_passenger_travel_by_mode,Melbourne,financial_year,2003-04,Passenger cars,passenger_cars,passenger_activity,43.038858591345054,billion passenger-km
2. PASSENGERS.xlsx,Table 2.3a-i,capital_city_motorised_passenger_travel_by_mode,Melbourne,financial_year,2003-04,Commercial vehicles,commercial_vehicles,passenger_activity,3.2618209815808887,billion passenger-km
2. PASSENGERS.xlsx,Table 2.3a-i,capital_city_motorised_passenger_travel_by_mode,Melbourne,financial_year,2003-04,Motor cycles,motor_cycles,passenger_activity,0.22248342112092045,billion passenger-km
2. PASSENGERS.xlsx,Table 2.3a-i,capital_city_motorised_passenger_travel_by_mode,Melbourne,financial_year,2003-04,Heavy rail,heavy_rail,passenger_activity,2.435511585772449,billion passenger-km
2. PASSENGERS.xlsx,Table 2.3a-i,capital_city_motorised_passenger_travel_by_mode,Melbourne,financial_year,2003-04,Light rail,light_rail,passenger_activity,0.5981068820797303,billion passenger-km
2. PASSENGERS.xlsx,Table 2.3a-i,capital_city_motorised_passenger_travel_by_mode,Melbourne,financial_year,2003-04,Bus,bus,passenger_activity,1.050814914369457,billion passenger-km
2. PASSENGERS.xlsx,Table 2.3a-i,capital_city_motorised_passenger_travel_by_mode,Melbourne,financial_year,2003-04,Total,total,passenger_activity,50.6075963762685,billion passenger-km
2. PASSENGERS.xlsx,Table 2.3a-i,capital_city_motorised_passenger_travel_by_mode,Melbourne,financial_year,2004-05,Passenger cars,passenger_cars,passenger_activity,43.270295678599645,billion passenger-km
2. PASSENGERS.xlsx,Table 2.3a-i,capital_city_motorised_passenger_travel_by_mode,Melbourne,financial_year,2004-05,Commercial vehicles,commercial_vehicles,passenger_activity,3.298876799273986,billion passenger-km
2. PASSENGERS.xlsx,Table 2.3a-i,capital_city_motorised_passenger_travel_by_mode,Melbourne,financial_year,2004-05,Motor cycles,motor_cycles,passenger_activity,0.24013759572695006,billion passenger-km
2. PASSENGERS.xlsx,Table 2.3a-i,capital_city_motorised_passenger_travel_by_mode,Melbourne,financial_year,2004-05,Heavy rail,heavy_rail,passenger_activity,2.5084484831621907,billion passenger-km
2. PASSENGERS.xlsx,Table 2.3a-i,capital_city_motorised_passenger_travel_by_mode,Melbourne,financial_year,2004-05,Light rail,light_rail,passenger_activity,0.6054987164258052,billion passenger-km
2. PASSENGERS.xlsx,Table 2.3a-i,capital_city_motorised_passenger_travel_by_mode,Melbourne,financial_year,2004-05,Bus,bus,passenger_activity,1.039456672666562,billion passenger-km
2. PASSENGERS.xlsx,Table 2.3a-i,capital_city_motorised_passenger_travel_by_mode,Melbourne,financial_year,2004-05,Total,total,passenger_activity,50.962713945855135,billion passenger-km
2. PASSENGERS.xlsx,Table 2.3a-i,capital_city_motorised_passenger_travel_by_mode,Melbourne,financial_year,2005-06,Passenger cars,passenger_cars,passenger_activity,42.802089010829334,billion passenger-km
2. PASSENGERS.xlsx,Table 2.3a-i,capital_city_motorised_passenger_travel_by_mode,Melbourne,financial_year,2005-06,Commercial vehicles,commercial_vehicles,passenger_activity,3.3768446362231845,billion passenger-km
2. PASSENGERS.xlsx,Table 2.3a-i,capital_city_motorised_passenger_travel_by_mode,Melbourne,financial_year,2005-06,Motor cycles,motor_cycles,passenger_activity,0.26171364504661637,billion passenger-km
2. PASSENGERS.xlsx,Table 2.3a-i,capital_city_motorised_passenger_travel_by_mode,Melbourne,financial_year,2005-06,Heavy rail,heavy_rail,passenger_activity,2.8133897408462616,billion passenger-km
2. PASSENGERS.xlsx,Table 2.3a-i,capital_city_motorised_passenger_travel_by_mode,Melbourne,financial_year,2005-06,Light rail,light_rail,passenger_activity,0.6229879923229615,billion passenger-km
2. PASSENGERS.xlsx,Table 2.3a-i,capital_city_motorised_passenger_travel_by_mode,Melbourne,financial_year,2005-06,Bus,bus,passenger_activity,1.0531891013612995,billion passenger-km
2. PASSENGERS.xlsx,Table 2.3a-i,capital_city_motorised_passenger_travel_by_mode,Melbourne,financial_year,2005-06,Total,total,passenger_activity,50.93021412662966,billion passenger-km
2. PASSENGERS.xlsx,Table 2.3a-i,capital_city_motorised_passenger_travel_by_mode,Melbourne,financial_year,2006-07,Passenger cars,passenger_cars,passenger_activity,42.82687837655569,billion passenger-km
2. PASSENGERS.xlsx,Table 2.3a-i,capital_city_motorised_passenger_travel_by_mode,Melbourne,financial_year,2006-07,Commercial vehicles,commercial_vehicles,passenger_activity,3.5183927776680988,billion passenger-km
2. PASSENGERS.xlsx,Table 2.3a-i,capital_city_motorised_passenger_travel_by_mode,Melbourne,financial_year,2006-07,Motor cycles,motor_cycles,passenger_activity,0.26637566026677056,billion passenger-km
2. PASSENGERS.xlsx,Table 2.3a-i,capital_city_motorised_passenger_travel_by_mode,Melbourne,financial_year,2006-07,Heavy rail,heavy_rail,passenger_activity,3.1253820231614693,billion passenger-km
2. PASSENGERS.xlsx,Table 2.3a-i,capital_city_motorised_passenger_travel_by_mode,Melbourne,financial_year,2006-07,Light rail,light_rail,passenger_activity,0.6323570005684274,billion passenger-km
2. PASSENGERS.xlsx,Table 2.3a-i,capital_city_motorised_passenger_travel_by_mode,Melbourne,financial_year,2006-07,Bus,bus,passenger_activity,1.1170624521297796,billion passenger-km
2. PASSENGERS.xlsx,Table 2.3a-i,capital_city_motorised_passenger_travel_by_mode,Melbourne,financial_year,2006-07,Total,total,passenger_activity,51.48644829035023,billion passenger-km
2. PASSENGERS.xlsx,Table 2.3a-i,capital_city_motorised_passenger_travel_by_mode,Melbourne,financial_year,2007-08,Passenger cars,passenger_cars,passenger_activity,43.39084615867053,billion passenger-km
2. PASSENGERS.xlsx,Table 2.3a-i,capital_city_motorised_passenger_travel_by_mode,Melbourne,financial_year,2007-08,Commercial vehicles,commercial_vehicles,passenger_activity,3.692196691971263,billion passenger-km
2. PASSENGERS.xlsx,Table 2.3a-i,capital_city_motorised_passenger_travel_by_mode,Melbourne,financial_year,2007-08,Motor cycles,motor_cycles,passenger_activity,0.271187201771946,billion passenger-km
2. PASSENGERS.xlsx,Table 2.3a-i,capital_city_motorised_passenger_travel_by_mode,Melbourne,financial_year,2007-08,Heavy rail,heavy_rail,passenger_activity,3.564698025012891,billion passenger-km
2. PASSENGERS.xlsx,Table 2.3a-i,capital_city_motorised_passenger_travel_by_mode,Melbourne,financial_year,2007-08,Light rail,light_rail,passenger_activity,0.6462370122013045,billion passenger-km
2. PASSENGERS.xlsx,Table 2.3a-i,capital_city_motorised_passenger_travel_by_mode,Melbourne,financial_year,2007-08,Bus,bus,passenger_activity,1.2451066033420002,billion passenger-km
2. PASSENGERS.xlsx,Table 2.3a-i,capital_city_motorised_passenger_travel_by_mode,Melbourne,financial_year,2007-08,Total,total,passenger_activity,52.81027169296993,billion passenger-km
2. PASSENGERS.xlsx,Table 2.3a-i,capital_city_motorised_passenger_travel_by_mode,Melbourne,financial_year,2008-09,Passenger cars,passenger_cars,passenger_activity,42.89369496112096,billion passenger-km
2. PASSENGERS.xlsx,Table 2.3a-i,capital_city_motorised_passenger_travel_by_mode,Melbourne,financial_year,2008-09,Commercial vehicles,commercial_vehicles,passenger_activity,3.7969882970339244,billion passenger-km
2. PASSENGERS.xlsx,Table 2.3a-i,capital_city_motorised_passenger_travel_by_mode,Melbourne,financial_year,2008-09,Motor cycles,motor_cycles,passenger_activity,0.2748152822448292,billion passenger-km
2. PASSENGERS.xlsx,Table 2.3a-i,capital_city_motorised_passenger_travel_by_mode,Melbourne,financial_year,2008-09,Heavy rail,heavy_rail,passenger_activity,3.828344667755658,billion passenger-km
2. PASSENGERS.xlsx,Table 2.3a-i,capital_city_motorised_passenger_travel_by_mode,Melbourne,financial_year,2008-09,Light rail,light_rail,passenger_activity,0.7123999999999999,billion passenger-km
2. PASSENGERS.xlsx,Table 2.3a-i,capital_city_motorised_passenger_travel_by_mode,Melbourne,financial_year,2008-09,Bus,bus,passenger_activity,1.3512156835843276,billion passenger-km
2. PASSENGERS.xlsx,Table 2.3a-i,capital_city_motorised_passenger_travel_by_mode,Melbourne,financial_year,2008-09,Total,total,passenger_activity,52.857458891739704,billion passenger-km
2. PASSENGERS.xlsx,Table 2.3a-i,capital_city_motorised_passenger_travel_by_mode,Melbourne,financial_year,2009-10,Passenger cars,passenger_cars,passenger_activity,43.56236262787442,billion passenger-km
2. PASSENGERS.xlsx,Table 2.3a-i,capital_city_motorised_passenger_travel_by_mode,Melbourne,financial_year,2009-10,Commercial vehicles,commercial_vehicles,passenger_activity,3.9883791441582783,billion passenger-km
2. PASSENGERS.xlsx,Table 2.3a-i,capital_city_motorised_passenger_travel_by_mode,Melbourne,financial_year,2009-10,Motor cycles,motor_cycles,passenger_activity,0.2751780260404932,billion passenger-km
2. PASSENGERS.xlsx,Table 2.3a-i,capital_city_motorised_passenger_travel_by_mode,Melbourne,financial_year,2009-10,Heavy rail,heavy_rail,passenger_activity,3.9487435299276816,billion passenger-km
2. PASSENGERS.xlsx,Table 2.3a-i,capital_city_motorised_passenger_travel_by_mode,Melbourne,financial_year,2009-10,Light rail,light_rail,passenger_activity,0.7024,billion passenger-km
2. PASSENGERS.xlsx,Table 2.3a-i,capital_city_motorised_passenger_travel_by_mode,Melbourne,financial_year,2009-10,Bus,bus,passenger_activity,1.4260544461488118,billion passenger-km
2. PASSENGERS.xlsx,Table 2.3a-i,capital_city_motorised_passenger_travel_by_mode,Melbourne,financial_year,2009-10,Total,total,passenger_activity,53.903117774149685,billion passenger-km
2. PASSENGERS.xlsx,Table 2.3a-i,capital_city_motorised_passenger_travel_by_mode,Melbourne,financial_year,2010-11,Passenger cars,passenger_cars,passenger_activity,44.42846286956136,billion passenger-km
2. PASSENGERS.xlsx,Table 2.3a-i,capital_city_motorised_passenger_travel_by_mode,Melbourne,financial_year,2010-11,Commercial vehicles,commercial_vehicles,passenger_activity,4.116989101224766,billion passenger-km
2. PASSENGERS.xlsx,Table 2.3a-i,capital_city_motorised_passenger_travel_by_mode,Melbourne,financial_year,2010-11,Motor cycles,motor_cycles,passenger_activity,0.26967446551968327,billion passenger-km
2. PASSENGERS.xlsx,Table 2.3a-i,capital_city_motorised_passenger_travel_by_mode,Melbourne,financial_year,2010-11,Heavy rail,heavy_rail,passenger_activity,4.147622172055732,billion passenger-km
2. PASSENGERS.xlsx,Table 2.3a-i,capital_city_motorised_passenger_travel_by_mode,Melbourne,financial_year,2010-11,Light rail,light_rail,passenger_activity,0.7308,billion passenger-km
2. PASSENGERS.xlsx,Table 2.3a-i,capital_city_motorised_passenger_travel_by_mode,Melbourne,financial_year,2010-11,Bus,bus,passenger_activity,1.5043160655795784,billion passenger-km
2. PASSENGERS.xlsx,Table 2.3a-i,capital_city_motorised_passenger_travel_by_mode,Melbourne,financial_year,2010-11,Total,total,passenger_activity,55.197864673941126,billion passenger-km
2. PASSENGERS.xlsx,Table 2.3a-i,capital_city_motorised_passenger_travel_by_mode,Melbourne,financial_year,2011-12,Passenger cars,passenger_cars,passenger_activity,45.070858872671415,billion passenger-km
2. PASSENGERS.xlsx,Table 2.3a-i,capital_city_motorised_passenger_travel_by_mode,Melbourne,financial_year,2011-12,Commercial vehicles,commercial_vehicles,passenger_activity,4.232283536157614,billion passenger-km
2. PASSENGERS.xlsx,Table 2.3a-i,capital_city_motorised_passenger_travel_by_mode,Melbourne,financial_year,2011-12,Motor cycles,motor_cycles,passenger_activity,0.26293260388169126,billion passenger-km
2. PASSENGERS.xlsx,Table 2.3a-i,capital_city_motorised_passenger_travel_by_mode,Melbourne,financial_year,2011-12,Heavy rail,heavy_rail,passenger_activity,4.034975862118726,billion passenger-km
2. PASSENGERS.xlsx,Table 2.3a-i,capital_city_motorised_passenger_travel_by_mode,Melbourne,financial_year,2011-12,Light rail,light_rail,passenger_activity,0.7664,billion passenger-km
2. PASSENGERS.xlsx,Table 2.3a-i,capital_city_motorised_passenger_travel_by_mode,Melbourne,financial_year,2011-12,Bus,bus,passenger_activity,1.6910148075540337,billion passenger-km
2. PASSENGERS.xlsx,Table 2.3a-i,capital_city_motorised_passenger_travel_by_mode,Melbourne,financial_year,2011-12,Total,total,passenger_activity,56.058465682383485,billion passenger-km
2. PASSENGERS.xlsx,Table 2.3a-i,capital_city_motorised_passenger_travel_by_mode,Melbourne,financial_year,2012-13,Passenger cars,passenger_cars,passenger_activity,46.261351584859106,billion passenger-km
2. PASSENGERS.xlsx,Table 2.3a-i,capital_city_motorised_passenger_travel_by_mode,Melbourne,financial_year,2012-13,Commercial vehicles,commercial_vehicles,passenger_activity,4.3115024659691334,billion passenger-km
2. PASSENGERS.xlsx,Table 2.3a-i,capital_city_motorised_passenger_travel_by_mode,Melbourne,financial_year,2012-13,Motor cycles,motor_cycles,passenger_activity,0.2667895858066195,billion passenger-km
2. PASSENGERS.xlsx,Table 2.3a-i,capital_city_motorised_passenger_travel_by_mode,Melbourne,financial_year,2012-13,Heavy rail,heavy_rail,passenger_activity,4.086466455999315,billion passenger-km
2. PASSENGERS.xlsx,Table 2.3a-i,capital_city_motorised_passenger_travel_by_mode,Melbourne,financial_year,2012-13,Light rail,light_rail,passenger_activity,0.7308,billion passenger-km
2. PASSENGERS.xlsx,Table 2.3a-i,capital_city_motorised_passenger_travel_by_mode,Melbourne,financial_year,2012-13,Bus,bus,passenger_activity,1.6156870731077462,billion passenger-km
2. PASSENGERS.xlsx,Table 2.3a-i,capital_city_motorised_passenger_travel_by_mode,Melbourne,financial_year,2012-13,Total,total,passenger_activity,57.27259716574192,billion passenger-km
2. PASSENGERS.xlsx,Table 2.3a-i,capital_city_motorised_passenger_travel_by_mode,Melbourne,financial_year,2013-14,Passenger cars,passenger_cars,passenger_activity,47.19046667705675,billion passenger-km
2. PASSENGERS.xlsx,Table 2.3a-i,capital_city_motorised_passenger_travel_by_mode,Melbourne,financial_year,2013-14,Commercial vehicles,commercial_vehicles,passenger_activity,4.454665186013829,billion passenger-km
2. PASSENGERS.xlsx,Table 2.3a-i,capital_city_motorised_passenger_travel_by_mode,Melbourne,financial_year,2013-14,Motor cycles,motor_cycles,passenger_activity,0.2714947811803188,billion passenger-km
2. PASSENGERS.xlsx,Table 2.3a-i,capital_city_motorised_passenger_travel_by_mode,Melbourne,financial_year,2013-14,Heavy rail,heavy_rail,passenger_activity,4.097292267312639,billion passenger-km
2. PASSENGERS.xlsx,Table 2.3a-i,capital_city_motorised_passenger_travel_by_mode,Melbourne,financial_year,2013-14,Light rail,light_rail,passenger_activity,0.7076,billion passenger-km
2. PASSENGERS.xlsx,Table 2.3a-i,capital_city_motorised_passenger_travel_by_mode,Melbourne,financial_year,2013-14,Bus,bus,passenger_activity,1.6765245974069374,billion passenger-km
2. PASSENGERS.xlsx,Table 2.3a-i,capital_city_motorised_passenger_travel_by_mode,Melbourne,financial_year,2013-14,Total,total,passenger_activity,58.39804350897047,billion passenger-km
2. PASSENGERS.xlsx,Table 2.3a-i,capital_city_motorised_passenger_travel_by_mode,Melbourne,financial_year,2014-15,Passenger cars,passenger_cars,passenger_activity,47.90213440274087,billion passenger-km
2. PASSENGERS.xlsx,Table 2.3a-i,capital_city_motorised_passenger_travel_by_mode,Melbourne,financial_year,2014-15,Commercial vehicles,commercial_vehicles,passenger_activity,4.5788552776874365,billion passenger-km
2. PASSENGERS.xlsx,Table 2.3a-i,capital_city_motorised_passenger_travel_by_mode,Melbourne,financial_year,2014-15,Motor cycles,motor_cycles,passenger_activity,0.27430524175587745,billion passenger-km
2. PASSENGERS.xlsx,Table 2.3a-i,capital_city_motorised_passenger_travel_by_mode,Melbourne,financial_year,2014-15,Heavy rail,heavy_rail,passenger_activity,4.138686821854825,billion passenger-km
2. PASSENGERS.xlsx,Table 2.3a-i,capital_city_motorised_passenger_travel_by_mode,Melbourne,financial_year,2014-15,Light rail,light_rail,passenger_activity,0.7283999999999999,billion passenger-km
2. PASSENGERS.xlsx,Table 2.3a-i,capital_city_motorised_passenger_travel_by_mode,Melbourne,financial_year,2014-15,Bus,bus,passenger_activity,1.676074800528705,billion passenger-km
2. PASSENGERS.xlsx,Table 2.3a-i,capital_city_motorised_passenger_travel_by_mode,Melbourne,financial_year,2014-15,Total,total,passenger_activity,59.29845654456771,billion passenger-km
2. PASSENGERS.xlsx,Table 2.3a-i,capital_city_motorised_passenger_travel_by_mode,Melbourne,financial_year,2015-16,Passenger cars,passenger_cars,passenger_activity,48.20929349570761,billion passenger-km
2. PASSENGERS.xlsx,Table 2.3a-i,capital_city_motorised_passenger_travel_by_mode,Melbourne,financial_year,2015-16,Commercial vehicles,commercial_vehicles,passenger_activity,4.729882233955756,billion passenger-km
2. PASSENGERS.xlsx,Table 2.3a-i,capital_city_motorised_passenger_travel_by_mode,Melbourne,financial_year,2015-16,Motor cycles,motor_cycles,passenger_activity,0.2759134949892493,billion passenger-km
2. PASSENGERS.xlsx,Table 2.3a-i,capital_city_motorised_passenger_travel_by_mode,Melbourne,financial_year,2015-16,Heavy rail,heavy_rail,passenger_activity,4.330355867778464,billion passenger-km
2. PASSENGERS.xlsx,Table 2.3a-i,capital_city_motorised_passenger_travel_by_mode,Melbourne,financial_year,2015-16,Light rail,light_rail,passenger_activity,0.7846300000000002,billion passenger-km
2. PASSENGERS.xlsx,Table 2.3a-i,capital_city_motorised_passenger_travel_by_mode,Melbourne,financial_year,2015-16,Bus,bus,passenger_activity,1.6710673499749815,billion passenger-km
2. PASSENGERS.xlsx,Table 2.3a-i,capital_city_motorised_passenger_travel_by_mode,Melbourne,financial_year,2015-16,Total,total,passenger_activity,60.00114244240606,billion passenger-km
2. PASSENGERS.xlsx,Table 2.3a-i,capital_city_motorised_passenger_travel_by_mode,Melbourne,financial_year,2016-17,Passenger cars,passenger_cars,passenger_activity,48.693646373376794,billion passenger-km
2. PASSENGERS.xlsx,Table 2.3a-i,capital_city_motorised_passenger_travel_by_mode,Melbourne,financial_year,2016-17,Commercial vehicles,commercial_vehicles,passenger_activity,4.9289170680775225,billion passenger-km
2. PASSENGERS.xlsx,Table 2.3a-i,capital_city_motorised_passenger_travel_by_mode,Melbourne,financial_year,2016-17,Motor cycles,motor_cycles,passenger_activity,0.2789659924033443,billion passenger-km
2. PASSENGERS.xlsx,Table 2.3a-i,capital_city_motorised_passenger_travel_by_mode,Melbourne,financial_year,2016-17,Heavy rail,heavy_rail,passenger_activity,4.424971440028051,billion passenger-km
2. PASSENGERS.xlsx,Table 2.3a-i,capital_city_motorised_passenger_travel_by_mode,Melbourne,financial_year,2016-17,Light rail,light_rail,passenger_activity,0.7956,billion passenger-km
2. PASSENGERS.xlsx,Table 2.3a-i,capital_city_motorised_passenger_travel_by_mode,Melbourne,financial_year,2016-17,Bus,bus,passenger_activity,1.648540218992248,billion passenger-km
2. PASSENGERS.xlsx,Table 2.3a-i,capital_city_motorised_passenger_travel_by_mode,Melbourne,financial_year,2016-17,Total,total,passenger_activity,60.77064109287796,billion passenger-km
2. PASSENGERS.xlsx,Table 2.3a-i,capital_city_motorised_passenger_travel_by_mode,Melbourne,financial_year,2017-18,Passenger cars,passenger_cars,passenger_activity,49.02386943265357,billion passenger-km
2. PASSENGERS.xlsx,Table 2.3a-i,capital_city_motorised_passenger_travel_by_mode,Melbourne,financial_year,2017-18,Commercial vehicles,commercial_vehicles,passenger_activity,5.210191122097408,billion passenger-km
2. PASSENGERS.xlsx,Table 2.3a-i,capital_city_motorised_passenger_travel_by_mode,Melbourne,financial_year,2017-18,Motor cycles,motor_cycles,passenger_activity,0.2778501284337309,billion passenger-km
2. PASSENGERS.xlsx,Table 2.3a-i,capital_city_motorised_passenger_travel_by_mode,Melbourne,financial_year,2017-18,Heavy rail,heavy_rail,passenger_activity,4.543729144939007,billion passenger-km
2. PASSENGERS.xlsx,Table 2.3a-i,capital_city_motorised_passenger_travel_by_mode,Melbourne,financial_year,2017-18,Light rail,light_rail,passenger_activity,0.80457,billion passenger-km
2. PASSENGERS.xlsx,Table 2.3a-i,capital_city_motorised_passenger_travel_by_mode,Melbourne,financial_year,2017-18,Bus,bus,passenger_activity,1.6524532078488374,billion passenger-km
2. PASSENGERS.xlsx,Table 2.3a-i,capital_city_motorised_passenger_travel_by_mode,Melbourne,financial_year,2017-18,Total,total,passenger_activity,61.51266303597255,billion passenger-km
2. PASSENGERS.xlsx,Table 2.3a-i,capital_city_motorised_passenger_travel_by_mode,Melbourne,financial_year,2018-19,Passenger cars,passenger_cars,passenger_activity,49.35028305748103,billion passenger-km
2. PASSENGERS.xlsx,Table 2.3a-i,capital_city_motorised_passenger_travel_by_mode,Melbourne,financial_year,2018-19,Commercial vehicles,commercial_vehicles,passenger_activity,5.261289304442815,billion passenger-km
2. PASSENGERS.xlsx,Table 2.3a-i,capital_city_motorised_passenger_travel_by_mode,Melbourne,financial_year,2018-19,Motor cycles,motor_cycles,passenger_activity,0.2756347201717895,billion passenger-km
2. PASSENGERS.xlsx,Table 2.3a-i,capital_city_motorised_passenger_travel_by_mode,Melbourne,financial_year,2018-19,Heavy rail,heavy_rail,passenger_activity,4.651422337359,billion passenger-km
2. PASSENGERS.xlsx,Table 2.3a-i,capital_city_motorised_passenger_travel_by_mode,Melbourne,financial_year,2018-19,Light rail,light_rail,passenger_activity,0.8012479565999999,billion passenger-km
2. PASSENGERS.xlsx,Table 2.3a-i,capital_city_motorised_passenger_travel_by_mode,Melbourne,financial_year,2018-19,Bus,bus,passenger_activity,1.6952778601628224,billion passenger-km
2. PASSENGERS.xlsx,Table 2.3a-i,capital_city_motorised_passenger_travel_by_mode,Melbourne,financial_year,2018-19,Total,total,passenger_activity,62.035155236217456,billion passenger-km
2. PASSENGERS.xlsx,Table 2.3a-i,capital_city_motorised_passenger_travel_by_mode,Melbourne,financial_year,2019-20,Passenger cars,passenger_cars,passenger_activity,45.83749206934735,billion passenger-km
2. PASSENGERS.xlsx,Table 2.3a-i,capital_city_motorised_passenger_travel_by_mode,Melbourne,financial_year,2019-20,Commercial vehicles,commercial_vehicles,passenger_activity,5.164952089492017,billion passenger-km
2. PASSENGERS.xlsx,Table 2.3a-i,capital_city_motorised_passenger_travel_by_mode,Melbourne,financial_year,2019-20,Motor cycles,motor_cycles,passenger_activity,0.2396772582886807,billion passenger-km
2. PASSENGERS.xlsx,Table 2.3a-i,capital_city_motorised_passenger_travel_by_mode,Melbourne,financial_year,2019-20,Heavy rail,heavy_rail,passenger_activity,3.5909120634,billion passenger-km
2. PASSENGERS.xlsx,Table 2.3a-i,capital_city_motorised_passenger_travel_by_mode,Melbourne,financial_year,2019-20,Light rail,light_rail,passenger_activity,0.5530034133,billion passenger-km
2. PASSENGERS.xlsx,Table 2.3a-i,capital_city_motorised_passenger_travel_by_mode,Melbourne,financial_year,2019-20,Bus,bus,passenger_activity,1.326918179285365,billion passenger-km
2. PASSENGERS.xlsx,Table 2.3a-i,capital_city_motorised_passenger_travel_by_mode,Melbourne,financial_year,2019-20,Total,total,passenger_activity,56.712955073113406,billion passenger-km
2. PASSENGERS.xlsx,Table 2.3a-i,capital_city_motorised_passenger_travel_by_mode,Melbourne,financial_year,2020-21,Passenger cars,passenger_cars,passenger_activity,40.65228859291081,billion passenger-km
2. PASSENGERS.xlsx,Table 2.3a-i,capital_city_motorised_passenger_travel_by_mode,Melbourne,financial_year,2020-21,Commercial vehicles,commercial_vehicles,passenger_activity,5.1310286269166205,billion passenger-km
2. PASSENGERS.xlsx,Table 2.3a-i,capital_city_motorised_passenger_travel_by_mode,Melbourne,financial_year,2020-21,Motor cycles,motor_cycles,passenger_activity,0.22769339537424665,billion passenger-km
2. PASSENGERS.xlsx,Table 2.3a-i,capital_city_motorised_passenger_travel_by_mode,Melbourne,financial_year,2020-21,Heavy rail,heavy_rail,passenger_activity,1.5838882604,billion passenger-km
2. PASSENGERS.xlsx,Table 2.3a-i,capital_city_motorised_passenger_travel_by_mode,Melbourne,financial_year,2020-21,Light rail,light_rail,passenger_activity,0.2349345219,billion passenger-km
2. PASSENGERS.xlsx,Table 2.3a-i,capital_city_motorised_passenger_travel_by_mode,Melbourne,financial_year,2020-21,Bus,bus,passenger_activity,0.7560905348656719,billion passenger-km
2. PASSENGERS.xlsx,Table 2.3a-i,capital_city_motorised_passenger_travel_by_mode,Melbourne,financial_year,2020-21,Total,total,passenger_activity,48.58592393236734,billion passenger-km
2. PASSENGERS.xlsx,Table 2.3a-i,capital_city_motorised_passenger_travel_by_mode,Melbourne,financial_year,2021-22,Passenger cars,passenger_cars,passenger_activity,42.506819847381756,billion passenger-km
2. PASSENGERS.xlsx,Table 2.3a-i,capital_city_motorised_passenger_travel_by_mode,Melbourne,financial_year,2021-22,Commercial vehicles,commercial_vehicles,passenger_activity,5.3554553481892855,billion passenger-km
2. PASSENGERS.xlsx,Table 2.3a-i,capital_city_motorised_passenger_travel_by_mode,Melbourne,financial_year,2021-22,Motor cycles,motor_cycles,passenger_activity,0.24363193305044392,billion passenger-km
2. PASSENGERS.xlsx,Table 2.3a-i,capital_city_motorised_passenger_travel_by_mode,Melbourne,financial_year,2021-22,Heavy rail,heavy_rail,passenger_activity,1.9280773772,billion passenger-km
2. PASSENGERS.xlsx,Table 2.3a-i,capital_city_motorised_passenger_travel_by_mode,Melbourne,financial_year,2021-22,Light rail,light_rail,passenger_activity,0.32347716179999997,billion passenger-km
2. PASSENGERS.xlsx,Table 2.3a-i,capital_city_motorised_passenger_travel_by_mode,Melbourne,financial_year,2021-22,Bus,bus,passenger_activity,0.8783390996855683,billion passenger-km
2. PASSENGERS.xlsx,Table 2.3a-i,capital_city_motorised_passenger_travel_by_mode,Melbourne,financial_year,2021-22,Total,total,passenger_activity,51.235800767307055,billion passenger-km
2. PASSENGERS.xlsx,Table 2.3a-i,capital_city_motorised_passenger_travel_by_mode,Melbourne,financial_year,2022-23,Passenger cars,passenger_cars,passenger_activity,46.4251912585383,billion passenger-km
2. PASSENGERS.xlsx,Table 2.3a-i,capital_city_motorised_passenger_travel_by_mode,Melbourne,financial_year,2022-23,Commercial vehicles,commercial_vehicles,passenger_activity,5.48294991772917,billion passenger-km
2. PASSENGERS.xlsx,Table 2.3a-i,capital_city_motorised_passenger_travel_by_mode,Melbourne,financial_year,2022-23,Motor cycles,motor_cycles,passenger_activity,0.25212025855211745,billion passenger-km
2. PASSENGERS.xlsx,Table 2.3a-i,capital_city_motorised_passenger_travel_by_mode,Melbourne,financial_year,2022-23,Heavy rail,heavy_rail,passenger_activity,3.0812398524780003,billion passenger-km
2. PASSENGERS.xlsx,Table 2.3a-i,capital_city_motorised_passenger_travel_by_mode,Melbourne,financial_year,2022-23,Light rail,light_rail,passenger_activity,0.5758040378999999,billion passenger-km
2. PASSENGERS.xlsx,Table 2.3a-i,capital_city_motorised_passenger_travel_by_mode,Melbourne,financial_year,2022-23,Bus,bus,passenger_activity,1.3454197649147666,billion passenger-km
2. PASSENGERS.xlsx,Table 2.3a-i,capital_city_motorised_passenger_travel_by_mode,Melbourne,financial_year,2022-23,Total,total,passenger_activity,57.16272509011235,billion passenger-km
2. PASSENGERS.xlsx,Table 2.3a-i,capital_city_motorised_passenger_travel_by_mode,Melbourne,financial_year,2023-24,Passenger cars,passenger_cars,passenger_activity,47.82000336737872,billion passenger-km
2. PASSENGERS.xlsx,Table 2.3a-i,capital_city_motorised_passenger_travel_by_mode,Melbourne,financial_year,2023-24,Commercial vehicles,commercial_vehicles,passenger_activity,5.630822880813936,billion passenger-km
2. PASSENGERS.xlsx,Table 2.3a-i,capital_city_motorised_passenger_travel_by_mode,Melbourne,financial_year,2023-24,Motor cycles,motor_cycles,passenger_activity,0.2559548423780671,billion passenger-km
2. PASSENGERS.xlsx,Table 2.3a-i,capital_city_motorised_passenger_travel_by_mode,Melbourne,financial_year,2023-24,Heavy rail,heavy_rail,passenger_activity,3.6191473486799994,billion passenger-km
2. PASSENGERS.xlsx,Table 2.3a-i,capital_city_motorised_passenger_travel_by_mode,Melbourne,financial_year,2023-24,Light rail,light_rail,passenger_activity,0.6037056675,billion passenger-km
2. PASSENGERS.xlsx,Table 2.3a-i,capital_city_motorised_passenger_travel_by_mode,Melbourne,financial_year,2023-24,Bus,bus,passenger_activity,1.5319178041169161,billion passenger-km
2. PASSENGERS.xlsx,Table 2.3a-i,capital_city_motorised_passenger_travel_by_mode,Melbourne,financial_year,2023-24,Total,total,passenger_activity,59.46155191086764,billion passenger-km
2. PASSENGERS.xlsx,Table 2.3a-i,capital_city_motorised_passenger_travel_by_mode,Melbourne,financial_year,2024-25,Passenger cars,passenger_cars,passenger_activity,48.81852211705048,billion passenger-km
2. PASSENGERS.xlsx,Table 2.3a-i,capital_city_motorised_passenger_travel_by_mode,Melbourne,financial_year,2024-25,Commercial vehicles,commercial_vehicles,passenger_activity,5.7288992590903876,billion passenger-km
2. PASSENGERS.xlsx,Table 2.3a-i,capital_city_motorised_passenger_travel_by_mode,Melbourne,financial_year,2024-25,Motor cycles,motor_cycles,passenger_activity,0.26063720468905915,billion passenger-km
2. PASSENGERS.xlsx,Table 2.3a-i,capital_city_motorised_passenger_travel_by_mode,Melbourne,financial_year,2024-25,Heavy rail,heavy_rail,passenger_activity,3.7552661736,billion passenger-km
2. PASSENGERS.xlsx,Table 2.3a-i,capital_city_motorised_passenger_travel_by_mode,Melbourne,financial_year,2024-25,Light rail,light_rail,passenger_activity,0.6247383714,billion passenger-km
2. PASSENGERS.xlsx,Table 2.3a-i,capital_city_motorised_passenger_travel_by_mode,Melbourne,financial_year,2024-25,Bus,bus,passenger_activity,1.531777814810888,billion passenger-km
2. PASSENGERS.xlsx,Table 2.3a-i,capital_city_motorised_passenger_travel_by_mode,Melbourne,financial_year,2024-25,Total,total,passenger_activity,60.719840940640815,billion passenger-km
2. PASSENGERS.xlsx,Table 2.3a-i,capital_city_motorised_passenger_travel_by_mode,Brisbane,financial_year,1976-77,Passenger cars,passenger_cars,passenger_activity,7.819764831160488,billion passenger-km
2. PASSENGERS.xlsx,Table 2.3a-i,capital_city_motorised_passenger_travel_by_mode,Brisbane,financial_year,1976-77,Commercial vehicles,commercial_vehicles,passenger_activity,0.8563284972958974,billion passenger-km
2. PASSENGERS.xlsx,Table 2.3a-i,capital_city_motorised_passenger_travel_by_mode,Brisbane,financial_year,1976-77,Motor cycles,motor_cycles,passenger_activity,0.14271513828676557,billion passenger-km
2. PASSENGERS.xlsx,Table 2.3a-i,capital_city_motorised_passenger_travel_by_mode,Brisbane,financial_year,1976-77,Heavy rail,heavy_rail,passenger_activity,0.38360462602190776,billion passenger-km
2. PASSENGERS.xlsx,Table 2.3a-i,capital_city_motorised_passenger_travel_by_mode,Brisbane,financial_year,1976-77,Bus,bus,passenger_activity,0.4929929551666572,billion passenger-km
2. PASSENGERS.xlsx,Table 2.3a-i,capital_city_motorised_passenger_travel_by_mode,Brisbane,financial_year,1976-77,Ferry,ferry,passenger_activity,0.0020999999999999994,billion passenger-km
2. PASSENGERS.xlsx,Table 2.3a-i,capital_city_motorised_passenger_travel_by_mode,Brisbane,financial_year,1976-77,Total,total,passenger_activity,9.697506047931718,billion passenger-km
2. PASSENGERS.xlsx,Table 2.3a-i,capital_city_motorised_passenger_travel_by_mode,Brisbane,financial_year,1977-78,Passenger cars,passenger_cars,passenger_activity,8.207847371510814,billion passenger-km
2. PASSENGERS.xlsx,Table 2.3a-i,capital_city_motorised_passenger_travel_by_mode,Brisbane,financial_year,1977-78,Commercial vehicles,commercial_vehicles,passenger_activity,0.9469825012781342,billion passenger-km
2. PASSENGERS.xlsx,Table 2.3a-i,capital_city_motorised_passenger_travel_by_mode,Brisbane,financial_year,1977-78,Motor cycles,motor_cycles,passenger_activity,0.14278683954396734,billion passenger-km
2. PASSENGERS.xlsx,Table 2.3a-i,capital_city_motorised_passenger_travel_by_mode,Brisbane,financial_year,1977-78,Heavy rail,heavy_rail,passenger_activity,0.36593158837974904,billion passenger-km
2. PASSENGERS.xlsx,Table 2.3a-i,capital_city_motorised_passenger_travel_by_mode,Brisbane,financial_year,1977-78,Bus,bus,passenger_activity,0.5054769721760056,billion passenger-km
2. PASSENGERS.xlsx,Table 2.3a-i,capital_city_motorised_passenger_travel_by_mode,Brisbane,financial_year,1977-78,Ferry,ferry,passenger_activity,0.001953,billion passenger-km
2. PASSENGERS.xlsx,Table 2.3a-i,capital_city_motorised_passenger_travel_by_mode,Brisbane,financial_year,1977-78,Total,total,passenger_activity,10.17097827288867,billion passenger-km
2. PASSENGERS.xlsx,Table 2.3a-i,capital_city_motorised_passenger_travel_by_mode,Brisbane,financial_year,1978-79,Passenger cars,passenger_cars,passenger_activity,8.604795576481253,billion passenger-km
2. PASSENGERS.xlsx,Table 2.3a-i,capital_city_motorised_passenger_travel_by_mode,Brisbane,financial_year,1978-79,Commercial vehicles,commercial_vehicles,passenger_activity,1.0130310304526973,billion passenger-km
2. PASSENGERS.xlsx,Table 2.3a-i,capital_city_motorised_passenger_travel_by_mode,Brisbane,financial_year,1978-79,Motor cycles,motor_cycles,passenger_activity,0.143248735726768,billion passenger-km
2. PASSENGERS.xlsx,Table 2.3a-i,capital_city_motorised_passenger_travel_by_mode,Brisbane,financial_year,1978-79,Heavy rail,heavy_rail,passenger_activity,0.3488164080382582,billion passenger-km
2. PASSENGERS.xlsx,Table 2.3a-i,capital_city_motorised_passenger_travel_by_mode,Brisbane,financial_year,1978-79,Bus,bus,passenger_activity,0.49911470090013943,billion passenger-km
2. PASSENGERS.xlsx,Table 2.3a-i,capital_city_motorised_passenger_travel_by_mode,Brisbane,financial_year,1978-79,Ferry,ferry,passenger_activity,0.002,billion passenger-km
2. PASSENGERS.xlsx,Table 2.3a-i,capital_city_motorised_passenger_travel_by_mode,Brisbane,financial_year,1978-79,Total,total,passenger_activity,10.611006451599119,billion passenger-km
2. PASSENGERS.xlsx,Table 2.3a-i,capital_city_motorised_passenger_travel_by_mode,Brisbane,financial_year,1979-80,Passenger cars,passenger_cars,passenger_activity,8.782772645843062,billion passenger-km
2. PASSENGERS.xlsx,Table 2.3a-i,capital_city_motorised_passenger_travel_by_mode,Brisbane,financial_year,1979-80,Commercial vehicles,commercial_vehicles,passenger_activity,1.0211012011315506,billion passenger-km
2. PASSENGERS.xlsx,Table 2.3a-i,capital_city_motorised_passenger_travel_by_mode,Brisbane,financial_year,1979-80,Motor cycles,motor_cycles,passenger_activity,0.15431836148618924,billion passenger-km
2. PASSENGERS.xlsx,Table 2.3a-i,capital_city_motorised_passenger_travel_by_mode,Brisbane,financial_year,1979-80,Heavy rail,heavy_rail,passenger_activity,0.3835186913425061,billion passenger-km
2. PASSENGERS.xlsx,Table 2.3a-i,capital_city_motorised_passenger_travel_by_mode,Brisbane,financial_year,1979-80,Bus,bus,passenger_activity,0.4899761379112834,billion passenger-km
2. PASSENGERS.xlsx,Table 2.3a-i,capital_city_motorised_passenger_travel_by_mode,Brisbane,financial_year,1979-80,Ferry,ferry,passenger_activity,0.002117291839463745,billion passenger-km
2. PASSENGERS.xlsx,Table 2.3a-i,capital_city_motorised_passenger_travel_by_mode,Brisbane,financial_year,1979-80,Total,total,passenger_activity,10.833804329554052,billion passenger-km
2. PASSENGERS.xlsx,Table 2.3a-i,capital_city_motorised_passenger_travel_by_mode,Brisbane,financial_year,1980-81,Passenger cars,passenger_cars,passenger_activity,9.163624106823422,billion passenger-km
2. PASSENGERS.xlsx,Table 2.3a-i,capital_city_motorised_passenger_travel_by_mode,Brisbane,financial_year,1980-81,Commercial vehicles,commercial_vehicles,passenger_activity,1.031244262126824,billion passenger-km
2. PASSENGERS.xlsx,Table 2.3a-i,capital_city_motorised_passenger_travel_by_mode,Brisbane,financial_year,1980-81,Motor cycles,motor_cycles,passenger_activity,0.16137413473128467,billion passenger-km
2. PASSENGERS.xlsx,Table 2.3a-i,capital_city_motorised_passenger_travel_by_mode,Brisbane,financial_year,1980-81,Heavy rail,heavy_rail,passenger_activity,0.4214038499490249,billion passenger-km
2. PASSENGERS.xlsx,Table 2.3a-i,capital_city_motorised_passenger_travel_by_mode,Brisbane,financial_year,1980-81,Bus,bus,passenger_activity,0.4496907600891964,billion passenger-km
2. PASSENGERS.xlsx,Table 2.3a-i,capital_city_motorised_passenger_travel_by_mode,Brisbane,financial_year,1980-81,Ferry,ferry,passenger_activity,0.002273302817108442,billion passenger-km
2. PASSENGERS.xlsx,Table 2.3a-i,capital_city_motorised_passenger_travel_by_mode,Brisbane,financial_year,1980-81,Total,total,passenger_activity,11.229610416536861,billion passenger-km
2. PASSENGERS.xlsx,Table 2.3a-i,capital_city_motorised_passenger_travel_by_mode,Brisbane,financial_year,1981-82,Passenger cars,passenger_cars,passenger_activity,9.88054061109194,billion passenger-km
2. PASSENGERS.xlsx,Table 2.3a-i,capital_city_motorised_passenger_travel_by_mode,Brisbane,financial_year,1981-82,Commercial vehicles,commercial_vehicles,passenger_activity,1.0727514872066177,billion passenger-km
2. PASSENGERS.xlsx,Table 2.3a-i,capital_city_motorised_passenger_travel_by_mode,Brisbane,financial_year,1981-82,Motor cycles,motor_cycles,passenger_activity,0.17078482781233603,billion passenger-km
2. PASSENGERS.xlsx,Table 2.3a-i,capital_city_motorised_passenger_travel_by_mode,Brisbane,financial_year,1981-82,Heavy rail,heavy_rail,passenger_activity,0.4565410482020839,billion passenger-km
2. PASSENGERS.xlsx,Table 2.3a-i,capital_city_motorised_passenger_travel_by_mode,Brisbane,financial_year,1981-82,Bus,bus,passenger_activity,0.46742016705340417,billion passenger-km
2. PASSENGERS.xlsx,Table 2.3a-i,capital_city_motorised_passenger_travel_by_mode,Brisbane,financial_year,1981-82,Ferry,ferry,passenger_activity,0.002440809340474327,billion passenger-km
2. PASSENGERS.xlsx,Table 2.3a-i,capital_city_motorised_passenger_travel_by_mode,Brisbane,financial_year,1981-82,Total,total,passenger_activity,12.050478950706855,billion passenger-km
2. PASSENGERS.xlsx,Table 2.3a-i,capital_city_motorised_passenger_travel_by_mode,Brisbane,financial_year,1982-83,Passenger cars,passenger_cars,passenger_activity,10.07139966404032,billion passenger-km
2. PASSENGERS.xlsx,Table 2.3a-i,capital_city_motorised_passenger_travel_by_mode,Brisbane,financial_year,1982-83,Commercial vehicles,commercial_vehicles,passenger_activity,1.0825072464737855,billion passenger-km
2. PASSENGERS.xlsx,Table 2.3a-i,capital_city_motorised_passenger_travel_by_mode,Brisbane,financial_year,1982-83,Motor cycles,motor_cycles,passenger_activity,0.1679174717425667,billion passenger-km
2. PASSENGERS.xlsx,Table 2.3a-i,capital_city_motorised_passenger_travel_by_mode,Brisbane,financial_year,1982-83,Heavy rail,heavy_rail,passenger_activity,0.4736358454964468,billion passenger-km
2. PASSENGERS.xlsx,Table 2.3a-i,capital_city_motorised_passenger_travel_by_mode,Brisbane,financial_year,1982-83,Bus,bus,passenger_activity,0.48960336697745305,billion passenger-km
2. PASSENGERS.xlsx,Table 2.3a-i,capital_city_motorised_passenger_travel_by_mode,Brisbane,financial_year,1982-83,Ferry,ferry,passenger_activity,0.002697736639471625,billion passenger-km
2. PASSENGERS.xlsx,Table 2.3a-i,capital_city_motorised_passenger_travel_by_mode,Brisbane,financial_year,1982-83,Total,total,passenger_activity,12.287761331370042,billion passenger-km
2. PASSENGERS.xlsx,Table 2.3a-i,capital_city_motorised_passenger_travel_by_mode,Brisbane,financial_year,1983-84,Passenger cars,passenger_cars,passenger_activity,10.495476178678059,billion passenger-km
2. PASSENGERS.xlsx,Table 2.3a-i,capital_city_motorised_passenger_travel_by_mode,Brisbane,financial_year,1983-84,Commercial vehicles,commercial_vehicles,passenger_activity,1.2106996114168382,billion passenger-km
2. PASSENGERS.xlsx,Table 2.3a-i,capital_city_motorised_passenger_travel_by_mode,Brisbane,financial_year,1983-84,Motor cycles,motor_cycles,passenger_activity,0.17069436724244758,billion passenger-km
2. PASSENGERS.xlsx,Table 2.3a-i,capital_city_motorised_passenger_travel_by_mode,Brisbane,financial_year,1983-84,Heavy rail,heavy_rail,passenger_activity,0.5193643782937751,billion passenger-km
2. PASSENGERS.xlsx,Table 2.3a-i,capital_city_motorised_passenger_travel_by_mode,Brisbane,financial_year,1983-84,Bus,bus,passenger_activity,0.47446353066511043,billion passenger-km
2. PASSENGERS.xlsx,Table 2.3a-i,capital_city_motorised_passenger_travel_by_mode,Brisbane,financial_year,1983-84,Ferry,ferry,passenger_activity,0.0024137643616325066,billion passenger-km
2. PASSENGERS.xlsx,Table 2.3a-i,capital_city_motorised_passenger_travel_by_mode,Brisbane,financial_year,1983-84,Total,total,passenger_activity,12.873111830657862,billion passenger-km
2. PASSENGERS.xlsx,Table 2.3a-i,capital_city_motorised_passenger_travel_by_mode,Brisbane,financial_year,1984-85,Passenger cars,passenger_cars,passenger_activity,10.822393208403485,billion passenger-km
2. PASSENGERS.xlsx,Table 2.3a-i,capital_city_motorised_passenger_travel_by_mode,Brisbane,financial_year,1984-85,Commercial vehicles,commercial_vehicles,passenger_activity,1.2905903352990324,billion passenger-km
2. PASSENGERS.xlsx,Table 2.3a-i,capital_city_motorised_passenger_travel_by_mode,Brisbane,financial_year,1984-85,Motor cycles,motor_cycles,passenger_activity,0.17604621130328996,billion passenger-km
2. PASSENGERS.xlsx,Table 2.3a-i,capital_city_motorised_passenger_travel_by_mode,Brisbane,financial_year,1984-85,Heavy rail,heavy_rail,passenger_activity,0.55,billion passenger-km
2. PASSENGERS.xlsx,Table 2.3a-i,capital_city_motorised_passenger_travel_by_mode,Brisbane,financial_year,1984-85,Bus,bus,passenger_activity,0.48903909972334036,billion passenger-km
2. PASSENGERS.xlsx,Table 2.3a-i,capital_city_motorised_passenger_travel_by_mode,Brisbane,financial_year,1984-85,Ferry,ferry,passenger_activity,0.00202,billion passenger-km
2. PASSENGERS.xlsx,Table 2.3a-i,capital_city_motorised_passenger_travel_by_mode,Brisbane,financial_year,1984-85,Total,total,passenger_activity,13.33008885472915,billion passenger-km
2. PASSENGERS.xlsx,Table 2.3a-i,capital_city_motorised_passenger_travel_by_mode,Brisbane,financial_year,1985-86,Passenger cars,passenger_cars,passenger_activity,11.399038814509153,billion passenger-km
2. PASSENGERS.xlsx,Table 2.3a-i,capital_city_motorised_passenger_travel_by_mode,Brisbane,financial_year,1985-86,Commercial vehicles,commercial_vehicles,passenger_activity,1.3666931228161006,billion passenger-km
2. PASSENGERS.xlsx,Table 2.3a-i,capital_city_motorised_passenger_travel_by_mode,Brisbane,financial_year,1985-86,Motor cycles,motor_cycles,passenger_activity,0.16929295269762212,billion passenger-km
2. PASSENGERS.xlsx,Table 2.3a-i,capital_city_motorised_passenger_travel_by_mode,Brisbane,financial_year,1985-86,Heavy rail,heavy_rail,passenger_activity,0.61511,billion passenger-km
2. PASSENGERS.xlsx,Table 2.3a-i,capital_city_motorised_passenger_travel_by_mode,Brisbane,financial_year,1985-86,Bus,bus,passenger_activity,0.4938032885125686,billion passenger-km
2. PASSENGERS.xlsx,Table 2.3a-i,capital_city_motorised_passenger_travel_by_mode,Brisbane,financial_year,1985-86,Ferry,ferry,passenger_activity,0.00231088,billion passenger-km
2. PASSENGERS.xlsx,Table 2.3a-i,capital_city_motorised_passenger_travel_by_mode,Brisbane,financial_year,1985-86,Total,total,passenger_activity,14.046249058535443,billion passenger-km
2. PASSENGERS.xlsx,Table 2.3a-i,capital_city_motorised_passenger_travel_by_mode,Brisbane,financial_year,1986-87,Passenger cars,passenger_cars,passenger_activity,11.679573479976202,billion passenger-km
2. PASSENGERS.xlsx,Table 2.3a-i,capital_city_motorised_passenger_travel_by_mode,Brisbane,financial_year,1986-87,Commercial vehicles,commercial_vehicles,passenger_activity,1.4278484581650739,billion passenger-km
2. PASSENGERS.xlsx,Table 2.3a-i,capital_city_motorised_passenger_travel_by_mode,Brisbane,financial_year,1986-87,Motor cycles,motor_cycles,passenger_activity,0.17205622879282806,billion passenger-km
2. PASSENGERS.xlsx,Table 2.3a-i,capital_city_motorised_passenger_travel_by_mode,Brisbane,financial_year,1986-87,Heavy rail,heavy_rail,passenger_activity,0.68255,billion passenger-km
2. PASSENGERS.xlsx,Table 2.3a-i,capital_city_motorised_passenger_travel_by_mode,Brisbane,financial_year,1986-87,Bus,bus,passenger_activity,0.5150747771767544,billion passenger-km
2. PASSENGERS.xlsx,Table 2.3a-i,capital_city_motorised_passenger_travel_by_mode,Brisbane,financial_year,1986-87,Ferry,ferry,passenger_activity,0.0026217984000000004,billion passenger-km
2. PASSENGERS.xlsx,Table 2.3a-i,capital_city_motorised_passenger_travel_by_mode,Brisbane,financial_year,1986-87,Total,total,passenger_activity,14.479724742510859,billion passenger-km
2. PASSENGERS.xlsx,Table 2.3a-i,capital_city_motorised_passenger_travel_by_mode,Brisbane,financial_year,1987-88,Passenger cars,passenger_cars,passenger_activity,12.389217759712071,billion passenger-km
2. PASSENGERS.xlsx,Table 2.3a-i,capital_city_motorised_passenger_travel_by_mode,Brisbane,financial_year,1987-88,Commercial vehicles,commercial_vehicles,passenger_activity,1.4953573428132887,billion passenger-km
2. PASSENGERS.xlsx,Table 2.3a-i,capital_city_motorised_passenger_travel_by_mode,Brisbane,financial_year,1987-88,Motor cycles,motor_cycles,passenger_activity,0.17895307875890118,billion passenger-km
2. PASSENGERS.xlsx,Table 2.3a-i,capital_city_motorised_passenger_travel_by_mode,Brisbane,financial_year,1987-88,Heavy rail,heavy_rail,passenger_activity,0.74,billion passenger-km
2. PASSENGERS.xlsx,Table 2.3a-i,capital_city_motorised_passenger_travel_by_mode,Brisbane,financial_year,1987-88,Bus,bus,passenger_activity,0.5609610588299427,billion passenger-km
2. PASSENGERS.xlsx,Table 2.3a-i,capital_city_motorised_passenger_travel_by_mode,Brisbane,financial_year,1987-88,Ferry,ferry,passenger_activity,0.0029538928640000005,billion passenger-km
2. PASSENGERS.xlsx,Table 2.3a-i,capital_city_motorised_passenger_travel_by_mode,Brisbane,financial_year,1987-88,Total,total,passenger_activity,15.367443132978204,billion passenger-km
2. PASSENGERS.xlsx,Table 2.3a-i,capital_city_motorised_passenger_travel_by_mode,Brisbane,financial_year,1988-89,Passenger cars,passenger_cars,passenger_activity,13.2280031210036,billion passenger-km
2. PASSENGERS.xlsx,Table 2.3a-i,capital_city_motorised_passenger_travel_by_mode,Brisbane,financial_year,1988-89,Commercial vehicles,commercial_vehicles,passenger_activity,1.5384447139442246,billion passenger-km
2. PASSENGERS.xlsx,Table 2.3a-i,capital_city_motorised_passenger_travel_by_mode,Brisbane,financial_year,1988-89,Motor cycles,motor_cycles,passenger_activity,0.20912864440727888,billion passenger-km
2. PASSENGERS.xlsx,Table 2.3a-i,capital_city_motorised_passenger_travel_by_mode,Brisbane,financial_year,1988-89,Heavy rail,heavy_rail,passenger_activity,0.8517,billion passenger-km
2. PASSENGERS.xlsx,Table 2.3a-i,capital_city_motorised_passenger_travel_by_mode,Brisbane,financial_year,1988-89,Bus,bus,passenger_activity,0.6253430074636397,billion passenger-km
2. PASSENGERS.xlsx,Table 2.3a-i,capital_city_motorised_passenger_travel_by_mode,Brisbane,financial_year,1988-89,Ferry,ferry,passenger_activity,0.002882999435264001,billion passenger-km
2. PASSENGERS.xlsx,Table 2.3a-i,capital_city_motorised_passenger_travel_by_mode,Brisbane,financial_year,1988-89,Total,total,passenger_activity,16.45550248625401,billion passenger-km
2. PASSENGERS.xlsx,Table 2.3a-i,capital_city_motorised_passenger_travel_by_mode,Brisbane,financial_year,1989-90,Passenger cars,passenger_cars,passenger_activity,13.69061595293812,billion passenger-km
2. PASSENGERS.xlsx,Table 2.3a-i,capital_city_motorised_passenger_travel_by_mode,Brisbane,financial_year,1989-90,Commercial vehicles,commercial_vehicles,passenger_activity,1.5406567582784911,billion passenger-km
2. PASSENGERS.xlsx,Table 2.3a-i,capital_city_motorised_passenger_travel_by_mode,Brisbane,financial_year,1989-90,Motor cycles,motor_cycles,passenger_activity,0.20466305147118033,billion passenger-km
2. PASSENGERS.xlsx,Table 2.3a-i,capital_city_motorised_passenger_travel_by_mode,Brisbane,financial_year,1989-90,Heavy rail,heavy_rail,passenger_activity,0.77874,billion passenger-km
2. PASSENGERS.xlsx,Table 2.3a-i,capital_city_motorised_passenger_travel_by_mode,Brisbane,financial_year,1989-90,Bus,bus,passenger_activity,0.5934023009922882,billion passenger-km
2. PASSENGERS.xlsx,Table 2.3a-i,capital_city_motorised_passenger_travel_by_mode,Brisbane,financial_year,1989-90,Ferry,ferry,passenger_activity,0.0028017083036467206,billion passenger-km
2. PASSENGERS.xlsx,Table 2.3a-i,capital_city_motorised_passenger_travel_by_mode,Brisbane,financial_year,1989-90,Total,total,passenger_activity,16.81087977198373,billion passenger-km
2. PASSENGERS.xlsx,Table 2.3a-i,capital_city_motorised_passenger_travel_by_mode,Brisbane,financial_year,1990-91,Passenger cars,passenger_cars,passenger_activity,13.942169677183493,billion passenger-km
2. PASSENGERS.xlsx,Table 2.3a-i,capital_city_motorised_passenger_travel_by_mode,Brisbane,financial_year,1990-91,Commercial vehicles,commercial_vehicles,passenger_activity,1.4883625003434886,billion passenger-km
2. PASSENGERS.xlsx,Table 2.3a-i,capital_city_motorised_passenger_travel_by_mode,Brisbane,financial_year,1990-91,Motor cycles,motor_cycles,passenger_activity,0.20051094914080367,billion passenger-km
2. PASSENGERS.xlsx,Table 2.3a-i,capital_city_motorised_passenger_travel_by_mode,Brisbane,financial_year,1990-91,Heavy rail,heavy_rail,passenger_activity,0.79,billion passenger-km
2. PASSENGERS.xlsx,Table 2.3a-i,capital_city_motorised_passenger_travel_by_mode,Brisbane,financial_year,1990-91,Bus,bus,passenger_activity,0.6341809567562962,billion passenger-km
2. PASSENGERS.xlsx,Table 2.3a-i,capital_city_motorised_passenger_travel_by_mode,Brisbane,financial_year,1990-91,Ferry,ferry,passenger_activity,0.0027093010824036363,billion passenger-km
2. PASSENGERS.xlsx,Table 2.3a-i,capital_city_motorised_passenger_travel_by_mode,Brisbane,financial_year,1990-91,Total,total,passenger_activity,17.057933384506484,billion passenger-km
2. PASSENGERS.xlsx,Table 2.3a-i,capital_city_motorised_passenger_travel_by_mode,Brisbane,financial_year,1991-92,Passenger cars,passenger_cars,passenger_activity,14.529431755144474,billion passenger-km
2. PASSENGERS.xlsx,Table 2.3a-i,capital_city_motorised_passenger_travel_by_mode,Brisbane,financial_year,1991-92,Commercial vehicles,commercial_vehicles,passenger_activity,1.4973459362301347,billion passenger-km
2. PASSENGERS.xlsx,Table 2.3a-i,capital_city_motorised_passenger_travel_by_mode,Brisbane,financial_year,1991-92,Motor cycles,motor_cycles,passenger_activity,0.20683614971103634,billion passenger-km
2. PASSENGERS.xlsx,Table 2.3a-i,capital_city_motorised_passenger_travel_by_mode,Brisbane,financial_year,1991-92,Heavy rail,heavy_rail,passenger_activity,0.75267,billion passenger-km
2. PASSENGERS.xlsx,Table 2.3a-i,capital_city_motorised_passenger_travel_by_mode,Brisbane,financial_year,1991-92,Bus,bus,passenger_activity,0.654377466766634,billion passenger-km
2. PASSENGERS.xlsx,Table 2.3a-i,capital_city_motorised_passenger_travel_by_mode,Brisbane,financial_year,1991-92,Ferry,ferry,passenger_activity,0.0032828550096596514,billion passenger-km
2. PASSENGERS.xlsx,Table 2.3a-i,capital_city_motorised_passenger_travel_by_mode,Brisbane,financial_year,1991-92,Total,total,passenger_activity,17.643944162861935,billion passenger-km
2. PASSENGERS.xlsx,Table 2.3a-i,capital_city_motorised_passenger_travel_by_mode,Brisbane,financial_year,1992-93,Passenger cars,passenger_cars,passenger_activity,15.27958351413966,billion passenger-km
2. PASSENGERS.xlsx,Table 2.3a-i,capital_city_motorised_passenger_travel_by_mode,Brisbane,financial_year,1992-93,Commercial vehicles,commercial_vehicles,passenger_activity,1.5303033833223492,billion passenger-km
2. PASSENGERS.xlsx,Table 2.3a-i,capital_city_motorised_passenger_travel_by_mode,Brisbane,financial_year,1992-93,Motor cycles,motor_cycles,passenger_activity,0.2072828682094317,billion passenger-km
2. PASSENGERS.xlsx,Table 2.3a-i,capital_city_motorised_passenger_travel_by_mode,Brisbane,financial_year,1992-93,Heavy rail,heavy_rail,passenger_activity,0.7399399999999999,billion passenger-km
2. PASSENGERS.xlsx,Table 2.3a-i,capital_city_motorised_passenger_travel_by_mode,Brisbane,financial_year,1992-93,Bus,bus,passenger_activity,0.6509976054606247,billion passenger-km
2. PASSENGERS.xlsx,Table 2.3a-i,capital_city_motorised_passenger_travel_by_mode,Brisbane,financial_year,1992-93,Ferry,ferry,passenger_activity,0.003897958369364302,billion passenger-km
2. PASSENGERS.xlsx,Table 2.3a-i,capital_city_motorised_passenger_travel_by_mode,Brisbane,financial_year,1992-93,Total,total,passenger_activity,18.41200532950143,billion passenger-km
2. PASSENGERS.xlsx,Table 2.3a-i,capital_city_motorised_passenger_travel_by_mode,Brisbane,financial_year,1993-94,Passenger cars,passenger_cars,passenger_activity,15.800513913859833,billion passenger-km
2. PASSENGERS.xlsx,Table 2.3a-i,capital_city_motorised_passenger_travel_by_mode,Brisbane,financial_year,1993-94,Commercial vehicles,commercial_vehicles,passenger_activity,1.619627815709443,billion passenger-km
2. PASSENGERS.xlsx,Table 2.3a-i,capital_city_motorised_passenger_travel_by_mode,Brisbane,financial_year,1993-94,Motor cycles,motor_cycles,passenger_activity,0.19797022726653082,billion passenger-km
2. PASSENGERS.xlsx,Table 2.3a-i,capital_city_motorised_passenger_travel_by_mode,Brisbane,financial_year,1993-94,Heavy rail,heavy_rail,passenger_activity,0.72106,billion passenger-km
2. PASSENGERS.xlsx,Table 2.3a-i,capital_city_motorised_passenger_travel_by_mode,Brisbane,financial_year,1993-94,Bus,bus,passenger_activity,0.6804927832343156,billion passenger-km
2. PASSENGERS.xlsx,Table 2.3a-i,capital_city_motorised_passenger_travel_by_mode,Brisbane,financial_year,1993-94,Ferry,ferry,passenger_activity,0.00455701742982987,billion passenger-km
2. PASSENGERS.xlsx,Table 2.3a-i,capital_city_motorised_passenger_travel_by_mode,Brisbane,financial_year,1993-94,Total,total,passenger_activity,19.02422175749995,billion passenger-km
2. PASSENGERS.xlsx,Table 2.3a-i,capital_city_motorised_passenger_travel_by_mode,Brisbane,financial_year,1994-95,Passenger cars,passenger_cars,passenger_activity,16.45993902855544,billion passenger-km
2. PASSENGERS.xlsx,Table 2.3a-i,capital_city_motorised_passenger_travel_by_mode,Brisbane,financial_year,1994-95,Commercial vehicles,commercial_vehicles,passenger_activity,1.7921746266677476,billion passenger-km
2. PASSENGERS.xlsx,Table 2.3a-i,capital_city_motorised_passenger_travel_by_mode,Brisbane,financial_year,1994-95,Motor cycles,motor_cycles,passenger_activity,0.18833438737761063,billion passenger-km
2. PASSENGERS.xlsx,Table 2.3a-i,capital_city_motorised_passenger_travel_by_mode,Brisbane,financial_year,1994-95,Heavy rail,heavy_rail,passenger_activity,0.6955,billion passenger-km
2. PASSENGERS.xlsx,Table 2.3a-i,capital_city_motorised_passenger_travel_by_mode,Brisbane,financial_year,1994-95,Bus,bus,passenger_activity,0.7415863079405762,billion passenger-km
2. PASSENGERS.xlsx,Table 2.3a-i,capital_city_motorised_passenger_travel_by_mode,Brisbane,financial_year,1994-95,Ferry,ferry,passenger_activity,0.00534,billion passenger-km
2. PASSENGERS.xlsx,Table 2.3a-i,capital_city_motorised_passenger_travel_by_mode,Brisbane,financial_year,1994-95,Total,total,passenger_activity,19.882874350541375,billion passenger-km
2. PASSENGERS.xlsx,Table 2.3a-i,capital_city_motorised_passenger_travel_by_mode,Brisbane,financial_year,1995-96,Passenger cars,passenger_cars,passenger_activity,16.86626968019113,billion passenger-km
2. PASSENGERS.xlsx,Table 2.3a-i,capital_city_motorised_passenger_travel_by_mode,Brisbane,financial_year,1995-96,Commercial vehicles,commercial_vehicles,passenger_activity,1.9302478857219252,billion passenger-km
2. PASSENGERS.xlsx,Table 2.3a-i,capital_city_motorised_passenger_travel_by_mode,Brisbane,financial_year,1995-96,Motor cycles,motor_cycles,passenger_activity,0.17396153341601223,billion passenger-km
2. PASSENGERS.xlsx,Table 2.3a-i,capital_city_motorised_passenger_travel_by_mode,Brisbane,financial_year,1995-96,Heavy rail,heavy_rail,passenger_activity,0.7279341999999999,billion passenger-km
2. PASSENGERS.xlsx,Table 2.3a-i,capital_city_motorised_passenger_travel_by_mode,Brisbane,financial_year,1995-96,Bus,bus,passenger_activity,0.740970202547843,billion passenger-km
2. PASSENGERS.xlsx,Table 2.3a-i,capital_city_motorised_passenger_travel_by_mode,Brisbane,financial_year,1995-96,Ferry,ferry,passenger_activity,0.006626208738754877,billion passenger-km
2. PASSENGERS.xlsx,Table 2.3a-i,capital_city_motorised_passenger_travel_by_mode,Brisbane,financial_year,1995-96,Total,total,passenger_activity,20.446009710615666,billion passenger-km
2. PASSENGERS.xlsx,Table 2.3a-i,capital_city_motorised_passenger_travel_by_mode,Brisbane,financial_year,1996-97,Passenger cars,passenger_cars,passenger_activity,17.00757099108196,billion passenger-km
2. PASSENGERS.xlsx,Table 2.3a-i,capital_city_motorised_passenger_travel_by_mode,Brisbane,financial_year,1996-97,Commercial vehicles,commercial_vehicles,passenger_activity,1.994410750867938,billion passenger-km
2. PASSENGERS.xlsx,Table 2.3a-i,capital_city_motorised_passenger_travel_by_mode,Brisbane,financial_year,1996-97,Motor cycles,motor_cycles,passenger_activity,0.16824070908952193,billion passenger-km
2. PASSENGERS.xlsx,Table 2.3a-i,capital_city_motorised_passenger_travel_by_mode,Brisbane,financial_year,1996-97,Heavy rail,heavy_rail,passenger_activity,0.7613280000000001,billion passenger-km
2. PASSENGERS.xlsx,Table 2.3a-i,capital_city_motorised_passenger_travel_by_mode,Brisbane,financial_year,1996-97,Bus,bus,passenger_activity,0.7469235153660878,billion passenger-km
2. PASSENGERS.xlsx,Table 2.3a-i,capital_city_motorised_passenger_travel_by_mode,Brisbane,financial_year,1996-97,Ferry,ferry,passenger_activity,0.007915726110030217,billion passenger-km
2. PASSENGERS.xlsx,Table 2.3a-i,capital_city_motorised_passenger_travel_by_mode,Brisbane,financial_year,1996-97,Total,total,passenger_activity,20.686389692515537,billion passenger-km
2. PASSENGERS.xlsx,Table 2.3a-i,capital_city_motorised_passenger_travel_by_mode,Brisbane,financial_year,1997-98,Passenger cars,passenger_cars,passenger_activity,17.341317031762916,billion passenger-km
2. PASSENGERS.xlsx,Table 2.3a-i,capital_city_motorised_passenger_travel_by_mode,Brisbane,financial_year,1997-98,Commercial vehicles,commercial_vehicles,passenger_activity,2.1380974193240383,billion passenger-km
2. PASSENGERS.xlsx,Table 2.3a-i,capital_city_motorised_passenger_travel_by_mode,Brisbane,financial_year,1997-98,Motor cycles,motor_cycles,passenger_activity,0.15716920463520573,billion passenger-km
2. PASSENGERS.xlsx,Table 2.3a-i,capital_city_motorised_passenger_travel_by_mode,Brisbane,financial_year,1997-98,Heavy rail,heavy_rail,passenger_activity,0.7679988,billion passenger-km
2. PASSENGERS.xlsx,Table 2.3a-i,capital_city_motorised_passenger_travel_by_mode,Brisbane,financial_year,1997-98,Bus,bus,passenger_activity,0.7479800812270192,billion passenger-km
2. PASSENGERS.xlsx,Table 2.3a-i,capital_city_motorised_passenger_travel_by_mode,Brisbane,financial_year,1997-98,Ferry,ferry,passenger_activity,0.00923061826252929,billion passenger-km
2. PASSENGERS.xlsx,Table 2.3a-i,capital_city_motorised_passenger_travel_by_mode,Brisbane,financial_year,1997-98,Total,total,passenger_activity,21.161793155211708,billion passenger-km
2. PASSENGERS.xlsx,Table 2.3a-i,capital_city_motorised_passenger_travel_by_mode,Brisbane,financial_year,1998-99,Passenger cars,passenger_cars,passenger_activity,17.700692049101423,billion passenger-km
2. PASSENGERS.xlsx,Table 2.3a-i,capital_city_motorised_passenger_travel_by_mode,Brisbane,financial_year,1998-99,Commercial vehicles,commercial_vehicles,passenger_activity,2.1886668864522227,billion passenger-km
2. PASSENGERS.xlsx,Table 2.3a-i,capital_city_motorised_passenger_travel_by_mode,Brisbane,financial_year,1998-99,Motor cycles,motor_cycles,passenger_activity,0.14729383053981893,billion passenger-km
2. PASSENGERS.xlsx,Table 2.3a-i,capital_city_motorised_passenger_travel_by_mode,Brisbane,financial_year,1998-99,Heavy rail,heavy_rail,passenger_activity,0.7802907840000001,billion passenger-km
2. PASSENGERS.xlsx,Table 2.3a-i,capital_city_motorised_passenger_travel_by_mode,Brisbane,financial_year,1998-99,Bus,bus,passenger_activity,0.6919037663410579,billion passenger-km
2. PASSENGERS.xlsx,Table 2.3a-i,capital_city_motorised_passenger_travel_by_mode,Brisbane,financial_year,1998-99,Ferry,ferry,passenger_activity,0.010000417870717043,billion passenger-km
2. PASSENGERS.xlsx,Table 2.3a-i,capital_city_motorised_passenger_travel_by_mode,Brisbane,financial_year,1998-99,Total,total,passenger_activity,21.51884773430524,billion passenger-km
2. PASSENGERS.xlsx,Table 2.3a-i,capital_city_motorised_passenger_travel_by_mode,Brisbane,financial_year,1999-00,Passenger cars,passenger_cars,passenger_activity,18.21145304640368,billion passenger-km
2. PASSENGERS.xlsx,Table 2.3a-i,capital_city_motorised_passenger_travel_by_mode,Brisbane,financial_year,1999-00,Commercial vehicles,commercial_vehicles,passenger_activity,2.2485078983664617,billion passenger-km
2. PASSENGERS.xlsx,Table 2.3a-i,capital_city_motorised_passenger_travel_by_mode,Brisbane,financial_year,1999-00,Motor cycles,motor_cycles,passenger_activity,0.1500081574387837,billion passenger-km
2. PASSENGERS.xlsx,Table 2.3a-i,capital_city_motorised_passenger_travel_by_mode,Brisbane,financial_year,1999-00,Heavy rail,heavy_rail,passenger_activity,0.8287588559999999,billion passenger-km
2. PASSENGERS.xlsx,Table 2.3a-i,capital_city_motorised_passenger_travel_by_mode,Brisbane,financial_year,1999-00,Bus,bus,passenger_activity,0.7383730506558159,billion passenger-km
2. PASSENGERS.xlsx,Table 2.3a-i,capital_city_motorised_passenger_travel_by_mode,Brisbane,financial_year,1999-00,Ferry,ferry,passenger_activity,0.010730632070951176,billion passenger-km
2. PASSENGERS.xlsx,Table 2.3a-i,capital_city_motorised_passenger_travel_by_mode,Brisbane,financial_year,1999-00,Total,total,passenger_activity,22.187831640935695,billion passenger-km
2. PASSENGERS.xlsx,Table 2.3a-i,capital_city_motorised_passenger_travel_by_mode,Brisbane,financial_year,2000-01,Passenger cars,passenger_cars,passenger_activity,18.23659635606995,billion passenger-km
2. PASSENGERS.xlsx,Table 2.3a-i,capital_city_motorised_passenger_travel_by_mode,Brisbane,financial_year,2000-01,Commercial vehicles,commercial_vehicles,passenger_activity,2.2818443875674754,billion passenger-km
2. PASSENGERS.xlsx,Table 2.3a-i,capital_city_motorised_passenger_travel_by_mode,Brisbane,financial_year,2000-01,Motor cycles,motor_cycles,passenger_activity,0.1553246375746934,billion passenger-km
2. PASSENGERS.xlsx,Table 2.3a-i,capital_city_motorised_passenger_travel_by_mode,Brisbane,financial_year,2000-01,Heavy rail,heavy_rail,passenger_activity,0.8963926177029873,billion passenger-km
2. PASSENGERS.xlsx,Table 2.3a-i,capital_city_motorised_passenger_travel_by_mode,Brisbane,financial_year,2000-01,Bus,bus,passenger_activity,0.7535395030133333,billion passenger-km
2. PASSENGERS.xlsx,Table 2.3a-i,capital_city_motorised_passenger_travel_by_mode,Brisbane,financial_year,2000-01,Ferry,ferry,passenger_activity,0.011467932577940756,billion passenger-km
2. PASSENGERS.xlsx,Table 2.3a-i,capital_city_motorised_passenger_travel_by_mode,Brisbane,financial_year,2000-01,Total,total,passenger_activity,22.335165434506376,billion passenger-km
2. PASSENGERS.xlsx,Table 2.3a-i,capital_city_motorised_passenger_travel_by_mode,Brisbane,financial_year,2001-02,Passenger cars,passenger_cars,passenger_activity,18.80504167460043,billion passenger-km
2. PASSENGERS.xlsx,Table 2.3a-i,capital_city_motorised_passenger_travel_by_mode,Brisbane,financial_year,2001-02,Commercial vehicles,commercial_vehicles,passenger_activity,2.39712629127372,billion passenger-km
2. PASSENGERS.xlsx,Table 2.3a-i,capital_city_motorised_passenger_travel_by_mode,Brisbane,financial_year,2001-02,Motor cycles,motor_cycles,passenger_activity,0.16580876342193115,billion passenger-km
2. PASSENGERS.xlsx,Table 2.3a-i,capital_city_motorised_passenger_travel_by_mode,Brisbane,financial_year,2001-02,Heavy rail,heavy_rail,passenger_activity,0.9202597851399696,billion passenger-km
2. PASSENGERS.xlsx,Table 2.3a-i,capital_city_motorised_passenger_travel_by_mode,Brisbane,financial_year,2001-02,Bus,bus,passenger_activity,0.7796798165936223,billion passenger-km
2. PASSENGERS.xlsx,Table 2.3a-i,capital_city_motorised_passenger_travel_by_mode,Brisbane,financial_year,2001-02,Ferry,ferry,passenger_activity,0.011139228746996159,billion passenger-km
2. PASSENGERS.xlsx,Table 2.3a-i,capital_city_motorised_passenger_travel_by_mode,Brisbane,financial_year,2001-02,Total,total,passenger_activity,23.07905555977667,billion passenger-km
2. PASSENGERS.xlsx,Table 2.3a-i,capital_city_motorised_passenger_travel_by_mode,Brisbane,financial_year,2002-03,Passenger cars,passenger_cars,passenger_activity,19.36005802119459,billion passenger-km
2. PASSENGERS.xlsx,Table 2.3a-i,capital_city_motorised_passenger_travel_by_mode,Brisbane,financial_year,2002-03,Commercial vehicles,commercial_vehicles,passenger_activity,2.4839009717529548,billion passenger-km
2. PASSENGERS.xlsx,Table 2.3a-i,capital_city_motorised_passenger_travel_by_mode,Brisbane,financial_year,2002-03,Motor cycles,motor_cycles,passenger_activity,0.16327177009136512,billion passenger-km
2. PASSENGERS.xlsx,Table 2.3a-i,capital_city_motorised_passenger_travel_by_mode,Brisbane,financial_year,2002-03,Heavy rail,heavy_rail,passenger_activity,0.9222341992764848,billion passenger-km
2. PASSENGERS.xlsx,Table 2.3a-i,capital_city_motorised_passenger_travel_by_mode,Brisbane,financial_year,2002-03,Bus,bus,passenger_activity,0.8098268968859579,billion passenger-km
2. PASSENGERS.xlsx,Table 2.3a-i,capital_city_motorised_passenger_travel_by_mode,Brisbane,financial_year,2002-03,Ferry,ferry,passenger_activity,0.011259916937155903,billion passenger-km
2. PASSENGERS.xlsx,Table 2.3a-i,capital_city_motorised_passenger_travel_by_mode,Brisbane,financial_year,2002-03,Total,total,passenger_activity,23.75055177613851,billion passenger-km
2. PASSENGERS.xlsx,Table 2.3a-i,capital_city_motorised_passenger_travel_by_mode,Brisbane,financial_year,2003-04,Passenger cars,passenger_cars,passenger_activity,20.7030134419241,billion passenger-km
2. PASSENGERS.xlsx,Table 2.3a-i,capital_city_motorised_passenger_travel_by_mode,Brisbane,financial_year,2003-04,Commercial vehicles,commercial_vehicles,passenger_activity,2.571626750129289,billion passenger-km
2. PASSENGERS.xlsx,Table 2.3a-i,capital_city_motorised_passenger_travel_by_mode,Brisbane,financial_year,2003-04,Motor cycles,motor_cycles,passenger_activity,0.1716089184149779,billion passenger-km
2. PASSENGERS.xlsx,Table 2.3a-i,capital_city_motorised_passenger_travel_by_mode,Brisbane,financial_year,2003-04,Heavy rail,heavy_rail,passenger_activity,0.9581941796582081,billion passenger-km
2. PASSENGERS.xlsx,Table 2.3a-i,capital_city_motorised_passenger_travel_by_mode,Brisbane,financial_year,2003-04,Bus,bus,passenger_activity,0.8499144001275591,billion passenger-km
2. PASSENGERS.xlsx,Table 2.3a-i,capital_city_motorised_passenger_travel_by_mode,Brisbane,financial_year,2003-04,Ferry,ferry,passenger_activity,0.013073164910200746,billion passenger-km
2. PASSENGERS.xlsx,Table 2.3a-i,capital_city_motorised_passenger_travel_by_mode,Brisbane,financial_year,2003-04,Total,total,passenger_activity,25.267430855164335,billion passenger-km
2. PASSENGERS.xlsx,Table 2.3a-i,capital_city_motorised_passenger_travel_by_mode,Brisbane,financial_year,2004-05,Passenger cars,passenger_cars,passenger_activity,21.120794317115358,billion passenger-km
2. PASSENGERS.xlsx,Table 2.3a-i,capital_city_motorised_passenger_travel_by_mode,Brisbane,financial_year,2004-05,Commercial vehicles,commercial_vehicles,passenger_activity,2.587128736215077,billion passenger-km
2. PASSENGERS.xlsx,Table 2.3a-i,capital_city_motorised_passenger_travel_by_mode,Brisbane,financial_year,2004-05,Motor cycles,motor_cycles,passenger_activity,0.18447613674243063,billion passenger-km
2. PASSENGERS.xlsx,Table 2.3a-i,capital_city_motorised_passenger_travel_by_mode,Brisbane,financial_year,2004-05,Heavy rail,heavy_rail,passenger_activity,0.9456764235592953,billion passenger-km
2. PASSENGERS.xlsx,Table 2.3a-i,capital_city_motorised_passenger_travel_by_mode,Brisbane,financial_year,2004-05,Bus,bus,passenger_activity,0.9111893426987191,billion passenger-km
2. PASSENGERS.xlsx,Table 2.3a-i,capital_city_motorised_passenger_travel_by_mode,Brisbane,financial_year,2004-05,Ferry,ferry,passenger_activity,0.017341953452307112,billion passenger-km
2. PASSENGERS.xlsx,Table 2.3a-i,capital_city_motorised_passenger_travel_by_mode,Brisbane,financial_year,2004-05,Total,total,passenger_activity,25.766606909783185,billion passenger-km
2. PASSENGERS.xlsx,Table 2.3a-i,capital_city_motorised_passenger_travel_by_mode,Brisbane,financial_year,2005-06,Passenger cars,passenger_cars,passenger_activity,21.095019953741637,billion passenger-km
2. PASSENGERS.xlsx,Table 2.3a-i,capital_city_motorised_passenger_travel_by_mode,Brisbane,financial_year,2005-06,Commercial vehicles,commercial_vehicles,passenger_activity,2.6391749785659586,billion passenger-km
2. PASSENGERS.xlsx,Table 2.3a-i,capital_city_motorised_passenger_travel_by_mode,Brisbane,financial_year,2005-06,Motor cycles,motor_cycles,passenger_activity,0.19993877409506375,billion passenger-km
2. PASSENGERS.xlsx,Table 2.3a-i,capital_city_motorised_passenger_travel_by_mode,Brisbane,financial_year,2005-06,Heavy rail,heavy_rail,passenger_activity,1.0193280210527993,billion passenger-km
2. PASSENGERS.xlsx,Table 2.3a-i,capital_city_motorised_passenger_travel_by_mode,Brisbane,financial_year,2005-06,Bus,bus,passenger_activity,1.0176422943320085,billion passenger-km
2. PASSENGERS.xlsx,Table 2.3a-i,capital_city_motorised_passenger_travel_by_mode,Brisbane,financial_year,2005-06,Ferry,ferry,passenger_activity,0.01926127483125162,billion passenger-km
2. PASSENGERS.xlsx,Table 2.3a-i,capital_city_motorised_passenger_travel_by_mode,Brisbane,financial_year,2005-06,Total,total,passenger_activity,25.99036529661872,billion passenger-km
2. PASSENGERS.xlsx,Table 2.3a-i,capital_city_motorised_passenger_travel_by_mode,Brisbane,financial_year,2006-07,Passenger cars,passenger_cars,passenger_activity,21.754280437950186,billion passenger-km
2. PASSENGERS.xlsx,Table 2.3a-i,capital_city_motorised_passenger_travel_by_mode,Brisbane,financial_year,2006-07,Commercial vehicles,commercial_vehicles,passenger_activity,2.7463995477450918,billion passenger-km
2. PASSENGERS.xlsx,Table 2.3a-i,capital_city_motorised_passenger_travel_by_mode,Brisbane,financial_year,2006-07,Motor cycles,motor_cycles,passenger_activity,0.21952656255847233,billion passenger-km
2. PASSENGERS.xlsx,Table 2.3a-i,capital_city_motorised_passenger_travel_by_mode,Brisbane,financial_year,2006-07,Heavy rail,heavy_rail,passenger_activity,1.02958434234,billion passenger-km
2. PASSENGERS.xlsx,Table 2.3a-i,capital_city_motorised_passenger_travel_by_mode,Brisbane,financial_year,2006-07,Bus,bus,passenger_activity,1.0715035428098847,billion passenger-km
2. PASSENGERS.xlsx,Table 2.3a-i,capital_city_motorised_passenger_travel_by_mode,Brisbane,financial_year,2006-07,Ferry,ferry,passenger_activity,0.020904462840581013,billion passenger-km
2. PASSENGERS.xlsx,Table 2.3a-i,capital_city_motorised_passenger_travel_by_mode,Brisbane,financial_year,2006-07,Total,total,passenger_activity,26.842198896244216,billion passenger-km
2. PASSENGERS.xlsx,Table 2.3a-i,capital_city_motorised_passenger_travel_by_mode,Brisbane,financial_year,2007-08,Passenger cars,passenger_cars,passenger_activity,22.34501923720303,billion passenger-km
2. PASSENGERS.xlsx,Table 2.3a-i,capital_city_motorised_passenger_travel_by_mode,Brisbane,financial_year,2007-08,Commercial vehicles,commercial_vehicles,passenger_activity,2.9338628461169636,billion passenger-km
2. PASSENGERS.xlsx,Table 2.3a-i,capital_city_motorised_passenger_travel_by_mode,Brisbane,financial_year,2007-08,Motor cycles,motor_cycles,passenger_activity,0.23717077363742178,billion passenger-km
2. PASSENGERS.xlsx,Table 2.3a-i,capital_city_motorised_passenger_travel_by_mode,Brisbane,financial_year,2007-08,Heavy rail,heavy_rail,passenger_activity,1.045565496,billion passenger-km
2. PASSENGERS.xlsx,Table 2.3a-i,capital_city_motorised_passenger_travel_by_mode,Brisbane,financial_year,2007-08,Bus,bus,passenger_activity,1.1111112157135068,billion passenger-km
2. PASSENGERS.xlsx,Table 2.3a-i,capital_city_motorised_passenger_travel_by_mode,Brisbane,financial_year,2007-08,Ferry,ferry,passenger_activity,0.021614554093081596,billion passenger-km
2. PASSENGERS.xlsx,Table 2.3a-i,capital_city_motorised_passenger_travel_by_mode,Brisbane,financial_year,2007-08,Total,total,passenger_activity,27.694344122764004,billion passenger-km
2. PASSENGERS.xlsx,Table 2.3a-i,capital_city_motorised_passenger_travel_by_mode,Brisbane,financial_year,2008-09,Passenger cars,passenger_cars,passenger_activity,22.177914447100488,billion passenger-km
2. PASSENGERS.xlsx,Table 2.3a-i,capital_city_motorised_passenger_travel_by_mode,Brisbane,financial_year,2008-09,Commercial vehicles,commercial_vehicles,passenger_activity,3.0533153407955145,billion passenger-km
2. PASSENGERS.xlsx,Table 2.3a-i,capital_city_motorised_passenger_travel_by_mode,Brisbane,financial_year,2008-09,Motor cycles,motor_cycles,passenger_activity,0.2487074038840166,billion passenger-km
2. PASSENGERS.xlsx,Table 2.3a-i,capital_city_motorised_passenger_travel_by_mode,Brisbane,financial_year,2008-09,Heavy rail,heavy_rail,passenger_activity,1.115854916,billion passenger-km
2. PASSENGERS.xlsx,Table 2.3a-i,capital_city_motorised_passenger_travel_by_mode,Brisbane,financial_year,2008-09,Bus,bus,passenger_activity,1.199688941195824,billion passenger-km
2. PASSENGERS.xlsx,Table 2.3a-i,capital_city_motorised_passenger_travel_by_mode,Brisbane,financial_year,2008-09,Ferry,ferry,passenger_activity,0.023140372398079995,billion passenger-km
2. PASSENGERS.xlsx,Table 2.3a-i,capital_city_motorised_passenger_travel_by_mode,Brisbane,financial_year,2008-09,Total,total,passenger_activity,27.81862142137392,billion passenger-km
2. PASSENGERS.xlsx,Table 2.3a-i,capital_city_motorised_passenger_travel_by_mode,Brisbane,financial_year,2009-10,Passenger cars,passenger_cars,passenger_activity,22.341221282349075,billion passenger-km
2. PASSENGERS.xlsx,Table 2.3a-i,capital_city_motorised_passenger_travel_by_mode,Brisbane,financial_year,2009-10,Commercial vehicles,commercial_vehicles,passenger_activity,3.288581693008281,billion passenger-km
2. PASSENGERS.xlsx,Table 2.3a-i,capital_city_motorised_passenger_travel_by_mode,Brisbane,financial_year,2009-10,Motor cycles,motor_cycles,passenger_activity,0.252137959407787,billion passenger-km
2. PASSENGERS.xlsx,Table 2.3a-i,capital_city_motorised_passenger_travel_by_mode,Brisbane,financial_year,2009-10,Heavy rail,heavy_rail,passenger_activity,1.074204312,billion passenger-km
2. PASSENGERS.xlsx,Table 2.3a-i,capital_city_motorised_passenger_travel_by_mode,Brisbane,financial_year,2009-10,Bus,bus,passenger_activity,1.2919084868710395,billion passenger-km
2. PASSENGERS.xlsx,Table 2.3a-i,capital_city_motorised_passenger_travel_by_mode,Brisbane,financial_year,2009-10,Ferry,ferry,passenger_activity,0.023243677631999998,billion passenger-km
2. PASSENGERS.xlsx,Table 2.3a-i,capital_city_motorised_passenger_travel_by_mode,Brisbane,financial_year,2009-10,Total,total,passenger_activity,28.271297411268183,billion passenger-km
2. PASSENGERS.xlsx,Table 2.3a-i,capital_city_motorised_passenger_travel_by_mode,Brisbane,financial_year,2010-11,Passenger cars,passenger_cars,passenger_activity,22.575757188798107,billion passenger-km
2. PASSENGERS.xlsx,Table 2.3a-i,capital_city_motorised_passenger_travel_by_mode,Brisbane,financial_year,2010-11,Commercial vehicles,commercial_vehicles,passenger_activity,3.364769427150289,billion passenger-km
2. PASSENGERS.xlsx,Table 2.3a-i,capital_city_motorised_passenger_travel_by_mode,Brisbane,financial_year,2010-11,Motor cycles,motor_cycles,passenger_activity,0.24440004771268137,billion passenger-km
2. PASSENGERS.xlsx,Table 2.3a-i,capital_city_motorised_passenger_travel_by_mode,Brisbane,financial_year,2010-11,Heavy rail,heavy_rail,passenger_activity,1.0543391603396999,billion passenger-km
2. PASSENGERS.xlsx,Table 2.3a-i,capital_city_motorised_passenger_travel_by_mode,Brisbane,financial_year,2010-11,Bus,bus,passenger_activity,1.3479028467831478,billion passenger-km
2. PASSENGERS.xlsx,Table 2.3a-i,capital_city_motorised_passenger_travel_by_mode,Brisbane,financial_year,2010-11,Ferry,ferry,passenger_activity,0.01626379776,billion passenger-km
2. PASSENGERS.xlsx,Table 2.3a-i,capital_city_motorised_passenger_travel_by_mode,Brisbane,financial_year,2010-11,Total,total,passenger_activity,28.603432468543925,billion passenger-km
2. PASSENGERS.xlsx,Table 2.3a-i,capital_city_motorised_passenger_travel_by_mode,Brisbane,financial_year,2011-12,Passenger cars,passenger_cars,passenger_activity,22.913464394080805,billion passenger-km
2. PASSENGERS.xlsx,Table 2.3a-i,capital_city_motorised_passenger_travel_by_mode,Brisbane,financial_year,2011-12,Commercial vehicles,commercial_vehicles,passenger_activity,3.4791966498873745,billion passenger-km
2. PASSENGERS.xlsx,Table 2.3a-i,capital_city_motorised_passenger_travel_by_mode,Brisbane,financial_year,2011-12,Motor cycles,motor_cycles,passenger_activity,0.23619015093923645,billion passenger-km
2. PASSENGERS.xlsx,Table 2.3a-i,capital_city_motorised_passenger_travel_by_mode,Brisbane,financial_year,2011-12,Heavy rail,heavy_rail,passenger_activity,1.0566086217851522,billion passenger-km
2. PASSENGERS.xlsx,Table 2.3a-i,capital_city_motorised_passenger_travel_by_mode,Brisbane,financial_year,2011-12,Bus,bus,passenger_activity,1.4087502161970087,billion passenger-km
2. PASSENGERS.xlsx,Table 2.3a-i,capital_city_motorised_passenger_travel_by_mode,Brisbane,financial_year,2011-12,Ferry,ferry,passenger_activity,0.02036048,billion passenger-km
2. PASSENGERS.xlsx,Table 2.3a-i,capital_city_motorised_passenger_travel_by_mode,Brisbane,financial_year,2011-12,Total,total,passenger_activity,29.11457051288958,billion passenger-km
2. PASSENGERS.xlsx,Table 2.3a-i,capital_city_motorised_passenger_travel_by_mode,Brisbane,financial_year,2012-13,Passenger cars,passenger_cars,passenger_activity,23.566670618937977,billion passenger-km
2. PASSENGERS.xlsx,Table 2.3a-i,capital_city_motorised_passenger_travel_by_mode,Brisbane,financial_year,2012-13,Commercial vehicles,commercial_vehicles,passenger_activity,3.5913427031595266,billion passenger-km
2. PASSENGERS.xlsx,Table 2.3a-i,capital_city_motorised_passenger_travel_by_mode,Brisbane,financial_year,2012-13,Motor cycles,motor_cycles,passenger_activity,0.24155983582536986,billion passenger-km
2. PASSENGERS.xlsx,Table 2.3a-i,capital_city_motorised_passenger_travel_by_mode,Brisbane,financial_year,2012-13,Heavy rail,heavy_rail,passenger_activity,1.0181583316434188,billion passenger-km
2. PASSENGERS.xlsx,Table 2.3a-i,capital_city_motorised_passenger_travel_by_mode,Brisbane,financial_year,2012-13,Bus,bus,passenger_activity,1.4213074122528713,billion passenger-km
2. PASSENGERS.xlsx,Table 2.3a-i,capital_city_motorised_passenger_travel_by_mode,Brisbane,financial_year,2012-13,Ferry,ferry,passenger_activity,0.0230888,billion passenger-km
2. PASSENGERS.xlsx,Table 2.3a-i,capital_city_motorised_passenger_travel_by_mode,Brisbane,financial_year,2012-13,Total,total,passenger_activity,29.862127701819166,billion passenger-km
2. PASSENGERS.xlsx,Table 2.3a-i,capital_city_motorised_passenger_travel_by_mode,Brisbane,financial_year,2013-14,Passenger cars,passenger_cars,passenger_activity,23.95439689580706,billion passenger-km
2. PASSENGERS.xlsx,Table 2.3a-i,capital_city_motorised_passenger_travel_by_mode,Brisbane,financial_year,2013-14,Commercial vehicles,commercial_vehicles,passenger_activity,3.6629472472832796,billion passenger-km
2. PASSENGERS.xlsx,Table 2.3a-i,capital_city_motorised_passenger_travel_by_mode,Brisbane,financial_year,2013-14,Motor cycles,motor_cycles,passenger_activity,0.24718050057307964,billion passenger-km
2. PASSENGERS.xlsx,Table 2.3a-i,capital_city_motorised_passenger_travel_by_mode,Brisbane,financial_year,2013-14,Heavy rail,heavy_rail,passenger_activity,1.039520323363643,billion passenger-km
2. PASSENGERS.xlsx,Table 2.3a-i,capital_city_motorised_passenger_travel_by_mode,Brisbane,financial_year,2013-14,Bus,bus,passenger_activity,1.4253779720717807,billion passenger-km
2. PASSENGERS.xlsx,Table 2.3a-i,capital_city_motorised_passenger_travel_by_mode,Brisbane,financial_year,2013-14,Ferry,ferry,passenger_activity,0.0248,billion passenger-km
2. PASSENGERS.xlsx,Table 2.3a-i,capital_city_motorised_passenger_travel_by_mode,Brisbane,financial_year,2013-14,Total,total,passenger_activity,30.354222939098847,billion passenger-km
2. PASSENGERS.xlsx,Table 2.3a-i,capital_city_motorised_passenger_travel_by_mode,Brisbane,financial_year,2014-15,Passenger cars,passenger_cars,passenger_activity,24.30872691937125,billion passenger-km
2. PASSENGERS.xlsx,Table 2.3a-i,capital_city_motorised_passenger_travel_by_mode,Brisbane,financial_year,2014-15,Commercial vehicles,commercial_vehicles,passenger_activity,3.767505412599888,billion passenger-km
2. PASSENGERS.xlsx,Table 2.3a-i,capital_city_motorised_passenger_travel_by_mode,Brisbane,financial_year,2014-15,Motor cycles,motor_cycles,passenger_activity,0.25195157714608424,billion passenger-km
2. PASSENGERS.xlsx,Table 2.3a-i,capital_city_motorised_passenger_travel_by_mode,Brisbane,financial_year,2014-15,Heavy rail,heavy_rail,passenger_activity,1.0582884521101583,billion passenger-km
2. PASSENGERS.xlsx,Table 2.3a-i,capital_city_motorised_passenger_travel_by_mode,Brisbane,financial_year,2014-15,Bus,bus,passenger_activity,1.3817053772892707,billion passenger-km
2. PASSENGERS.xlsx,Table 2.3a-i,capital_city_motorised_passenger_travel_by_mode,Brisbane,financial_year,2014-15,Ferry,ferry,passenger_activity,0.02572,billion passenger-km
2. PASSENGERS.xlsx,Table 2.3a-i,capital_city_motorised_passenger_travel_by_mode,Brisbane,financial_year,2014-15,Total,total,passenger_activity,30.79389773851665,billion passenger-km
2. PASSENGERS.xlsx,Table 2.3a-i,capital_city_motorised_passenger_travel_by_mode,Brisbane,financial_year,2015-16,Passenger cars,passenger_cars,passenger_activity,24.594060912926064,billion passenger-km
2. PASSENGERS.xlsx,Table 2.3a-i,capital_city_motorised_passenger_travel_by_mode,Brisbane,financial_year,2015-16,Commercial vehicles,commercial_vehicles,passenger_activity,3.8902502437094784,billion passenger-km
2. PASSENGERS.xlsx,Table 2.3a-i,capital_city_motorised_passenger_travel_by_mode,Brisbane,financial_year,2015-16,Motor cycles,motor_cycles,passenger_activity,0.25812842636655997,billion passenger-km
2. PASSENGERS.xlsx,Table 2.3a-i,capital_city_motorised_passenger_travel_by_mode,Brisbane,financial_year,2015-16,Heavy rail,heavy_rail,passenger_activity,1.0795525692612418,billion passenger-km
2. PASSENGERS.xlsx,Table 2.3a-i,capital_city_motorised_passenger_travel_by_mode,Brisbane,financial_year,2015-16,Bus,bus,passenger_activity,1.3936493724866126,billion passenger-km
2. PASSENGERS.xlsx,Table 2.3a-i,capital_city_motorised_passenger_travel_by_mode,Brisbane,financial_year,2015-16,Ferry,ferry,passenger_activity,0.02784,billion passenger-km
2. PASSENGERS.xlsx,Table 2.3a-i,capital_city_motorised_passenger_travel_by_mode,Brisbane,financial_year,2015-16,Total,total,passenger_activity,31.24348152474996,billion passenger-km
2. PASSENGERS.xlsx,Table 2.3a-i,capital_city_motorised_passenger_travel_by_mode,Brisbane,financial_year,2016-17,Passenger cars,passenger_cars,passenger_activity,24.733500462320563,billion passenger-km
2. PASSENGERS.xlsx,Table 2.3a-i,capital_city_motorised_passenger_travel_by_mode,Brisbane,financial_year,2016-17,Commercial vehicles,commercial_vehicles,passenger_activity,4.0414097989371465,billion passenger-km
2. PASSENGERS.xlsx,Table 2.3a-i,capital_city_motorised_passenger_travel_by_mode,Brisbane,financial_year,2016-17,Motor cycles,motor_cycles,passenger_activity,0.26024271495519713,billion passenger-km
2. PASSENGERS.xlsx,Table 2.3a-i,capital_city_motorised_passenger_travel_by_mode,Brisbane,financial_year,2016-17,Heavy rail,heavy_rail,passenger_activity,1.0688902223028434,billion passenger-km
2. PASSENGERS.xlsx,Table 2.3a-i,capital_city_motorised_passenger_travel_by_mode,Brisbane,financial_year,2016-17,Bus,bus,passenger_activity,1.3650601805286562,billion passenger-km
2. PASSENGERS.xlsx,Table 2.3a-i,capital_city_motorised_passenger_travel_by_mode,Brisbane,financial_year,2016-17,Ferry,ferry,passenger_activity,0.026879999999999998,billion passenger-km
2. PASSENGERS.xlsx,Table 2.3a-i,capital_city_motorised_passenger_travel_by_mode,Brisbane,financial_year,2016-17,Total,total,passenger_activity,31.495983379044404,billion passenger-km
2. PASSENGERS.xlsx,Table 2.3a-i,capital_city_motorised_passenger_travel_by_mode,Brisbane,financial_year,2017-18,Passenger cars,passenger_cars,passenger_activity,24.867135651116538,billion passenger-km
2. PASSENGERS.xlsx,Table 2.3a-i,capital_city_motorised_passenger_travel_by_mode,Brisbane,financial_year,2017-18,Commercial vehicles,commercial_vehicles,passenger_activity,4.140050761045022,billion passenger-km
2. PASSENGERS.xlsx,Table 2.3a-i,capital_city_motorised_passenger_travel_by_mode,Brisbane,financial_year,2017-18,Motor cycles,motor_cycles,passenger_activity,0.25764028780564513,billion passenger-km
2. PASSENGERS.xlsx,Table 2.3a-i,capital_city_motorised_passenger_travel_by_mode,Brisbane,financial_year,2017-18,Heavy rail,heavy_rail,passenger_activity,1.1007336720796006,billion passenger-km
2. PASSENGERS.xlsx,Table 2.3a-i,capital_city_motorised_passenger_travel_by_mode,Brisbane,financial_year,2017-18,Bus,bus,passenger_activity,1.3887693653649367,billion passenger-km
2. PASSENGERS.xlsx,Table 2.3a-i,capital_city_motorised_passenger_travel_by_mode,Brisbane,financial_year,2017-18,Ferry,ferry,passenger_activity,0.02748,billion passenger-km
2. PASSENGERS.xlsx,Table 2.3a-i,capital_city_motorised_passenger_travel_by_mode,Brisbane,financial_year,2017-18,Total,total,passenger_activity,31.78180973741174,billion passenger-km
2. PASSENGERS.xlsx,Table 2.3a-i,capital_city_motorised_passenger_travel_by_mode,Brisbane,financial_year,2018-19,Passenger cars,passenger_cars,passenger_activity,24.99987374282212,billion passenger-km
2. PASSENGERS.xlsx,Table 2.3a-i,capital_city_motorised_passenger_travel_by_mode,Brisbane,financial_year,2018-19,Commercial vehicles,commercial_vehicles,passenger_activity,4.211618374727319,billion passenger-km
2. PASSENGERS.xlsx,Table 2.3a-i,capital_city_motorised_passenger_travel_by_mode,Brisbane,financial_year,2018-19,Motor cycles,motor_cycles,passenger_activity,0.255544417596801,billion passenger-km
2. PASSENGERS.xlsx,Table 2.3a-i,capital_city_motorised_passenger_travel_by_mode,Brisbane,financial_year,2018-19,Heavy rail,heavy_rail,passenger_activity,1.1607680904459237,billion passenger-km
2. PASSENGERS.xlsx,Table 2.3a-i,capital_city_motorised_passenger_travel_by_mode,Brisbane,financial_year,2018-19,Bus,bus,passenger_activity,1.425224671962318,billion passenger-km
2. PASSENGERS.xlsx,Table 2.3a-i,capital_city_motorised_passenger_travel_by_mode,Brisbane,financial_year,2018-19,Ferry,ferry,passenger_activity,0.026359999999999998,billion passenger-km
2. PASSENGERS.xlsx,Table 2.3a-i,capital_city_motorised_passenger_travel_by_mode,Brisbane,financial_year,2018-19,Total,total,passenger_activity,32.07938929755448,billion passenger-km
2. PASSENGERS.xlsx,Table 2.3a-i,capital_city_motorised_passenger_travel_by_mode,Brisbane,financial_year,2019-20,Passenger cars,passenger_cars,passenger_activity,23.748099096235343,billion passenger-km
2. PASSENGERS.xlsx,Table 2.3a-i,capital_city_motorised_passenger_travel_by_mode,Brisbane,financial_year,2019-20,Commercial vehicles,commercial_vehicles,passenger_activity,4.131655511773114,billion passenger-km
2. PASSENGERS.xlsx,Table 2.3a-i,capital_city_motorised_passenger_travel_by_mode,Brisbane,financial_year,2019-20,Motor cycles,motor_cycles,passenger_activity,0.2261038736681687,billion passenger-km
2. PASSENGERS.xlsx,Table 2.3a-i,capital_city_motorised_passenger_travel_by_mode,Brisbane,financial_year,2019-20,Heavy rail,heavy_rail,passenger_activity,0.9058837749777471,billion passenger-km
2. PASSENGERS.xlsx,Table 2.3a-i,capital_city_motorised_passenger_travel_by_mode,Brisbane,financial_year,2019-20,Bus,bus,passenger_activity,1.1201223819886643,billion passenger-km
2. PASSENGERS.xlsx,Table 2.3a-i,capital_city_motorised_passenger_travel_by_mode,Brisbane,financial_year,2019-20,Ferry,ferry,passenger_activity,0.02092,billion passenger-km
2. PASSENGERS.xlsx,Table 2.3a-i,capital_city_motorised_passenger_travel_by_mode,Brisbane,financial_year,2019-20,Total,total,passenger_activity,30.152784638643038,billion passenger-km
2. PASSENGERS.xlsx,Table 2.3a-i,capital_city_motorised_passenger_travel_by_mode,Brisbane,financial_year,2020-21,Passenger cars,passenger_cars,passenger_activity,25.32134530391974,billion passenger-km
2. PASSENGERS.xlsx,Table 2.3a-i,capital_city_motorised_passenger_travel_by_mode,Brisbane,financial_year,2020-21,Commercial vehicles,commercial_vehicles,passenger_activity,4.219087083487078,billion passenger-km
2. PASSENGERS.xlsx,Table 2.3a-i,capital_city_motorised_passenger_travel_by_mode,Brisbane,financial_year,2020-21,Motor cycles,motor_cycles,passenger_activity,0.2419311448249405,billion passenger-km
2. PASSENGERS.xlsx,Table 2.3a-i,capital_city_motorised_passenger_travel_by_mode,Brisbane,financial_year,2020-21,Heavy rail,heavy_rail,passenger_activity,0.6768097479262041,billion passenger-km
2. PASSENGERS.xlsx,Table 2.3a-i,capital_city_motorised_passenger_travel_by_mode,Brisbane,financial_year,2020-21,Bus,bus,passenger_activity,0.8932001892379529,billion passenger-km
2. PASSENGERS.xlsx,Table 2.3a-i,capital_city_motorised_passenger_travel_by_mode,Brisbane,financial_year,2020-21,Ferry,ferry,passenger_activity,0.01576,billion passenger-km
2. PASSENGERS.xlsx,Table 2.3a-i,capital_city_motorised_passenger_travel_by_mode,Brisbane,financial_year,2020-21,Total,total,passenger_activity,31.36813346939591,billion passenger-km
2. PASSENGERS.xlsx,Table 2.3a-i,capital_city_motorised_passenger_travel_by_mode,Brisbane,financial_year,2021-22,Passenger cars,passenger_cars,passenger_activity,24.3415437906512,billion passenger-km
2. PASSENGERS.xlsx,Table 2.3a-i,capital_city_motorised_passenger_travel_by_mode,Brisbane,financial_year,2021-22,Commercial vehicles,commercial_vehicles,passenger_activity,4.324941685149368,billion passenger-km
2. PASSENGERS.xlsx,Table 2.3a-i,capital_city_motorised_passenger_travel_by_mode,Brisbane,financial_year,2021-22,Motor cycles,motor_cycles,passenger_activity,0.25160839061793816,billion passenger-km
2. PASSENGERS.xlsx,Table 2.3a-i,capital_city_motorised_passenger_travel_by_mode,Brisbane,financial_year,2021-22,Heavy rail,heavy_rail,passenger_activity,0.6559041086346712,billion passenger-km
2. PASSENGERS.xlsx,Table 2.3a-i,capital_city_motorised_passenger_travel_by_mode,Brisbane,financial_year,2021-22,Bus,bus,passenger_activity,0.8502787865220489,billion passenger-km
2. PASSENGERS.xlsx,Table 2.3a-i,capital_city_motorised_passenger_travel_by_mode,Brisbane,financial_year,2021-22,Ferry,ferry,passenger_activity,0.0126,billion passenger-km
2. PASSENGERS.xlsx,Table 2.3a-i,capital_city_motorised_passenger_travel_by_mode,Brisbane,financial_year,2021-22,Total,total,passenger_activity,30.43687676157523,billion passenger-km
2. PASSENGERS.xlsx,Table 2.3a-i,capital_city_motorised_passenger_travel_by_mode,Brisbane,financial_year,2022-23,Passenger cars,passenger_cars,passenger_activity,25.073203327133356,billion passenger-km
2. PASSENGERS.xlsx,Table 2.3a-i,capital_city_motorised_passenger_travel_by_mode,Brisbane,financial_year,2022-23,Commercial vehicles,commercial_vehicles,passenger_activity,4.458800536792285,billion passenger-km
2. PASSENGERS.xlsx,Table 2.3a-i,capital_city_motorised_passenger_travel_by_mode,Brisbane,financial_year,2022-23,Motor cycles,motor_cycles,passenger_activity,0.2602816562347214,billion passenger-km
2. PASSENGERS.xlsx,Table 2.3a-i,capital_city_motorised_passenger_travel_by_mode,Brisbane,financial_year,2022-23,Heavy rail,heavy_rail,passenger_activity,0.8930331625776057,billion passenger-km
2. PASSENGERS.xlsx,Table 2.3a-i,capital_city_motorised_passenger_travel_by_mode,Brisbane,financial_year,2022-23,Bus,bus,passenger_activity,1.1339867282075793,billion passenger-km
2. PASSENGERS.xlsx,Table 2.3a-i,capital_city_motorised_passenger_travel_by_mode,Brisbane,financial_year,2022-23,Ferry,ferry,passenger_activity,0.016915999999999997,billion passenger-km
2. PASSENGERS.xlsx,Table 2.3a-i,capital_city_motorised_passenger_travel_by_mode,Brisbane,financial_year,2022-23,Total,total,passenger_activity,31.836221410945544,billion passenger-km
2. PASSENGERS.xlsx,Table 2.3a-i,capital_city_motorised_passenger_travel_by_mode,Brisbane,financial_year,2023-24,Passenger cars,passenger_cars,passenger_activity,25.78884375062506,billion passenger-km
2. PASSENGERS.xlsx,Table 2.3a-i,capital_city_motorised_passenger_travel_by_mode,Brisbane,financial_year,2023-24,Commercial vehicles,commercial_vehicles,passenger_activity,4.580267972913454,billion passenger-km
2. PASSENGERS.xlsx,Table 2.3a-i,capital_city_motorised_passenger_travel_by_mode,Brisbane,financial_year,2023-24,Motor cycles,motor_cycles,passenger_activity,0.26318046071494905,billion passenger-km
2. PASSENGERS.xlsx,Table 2.3a-i,capital_city_motorised_passenger_travel_by_mode,Brisbane,financial_year,2023-24,Heavy rail,heavy_rail,passenger_activity,0.9791930150776056,billion passenger-km
2. PASSENGERS.xlsx,Table 2.3a-i,capital_city_motorised_passenger_travel_by_mode,Brisbane,financial_year,2023-24,Bus,bus,passenger_activity,1.2704534452993785,billion passenger-km
2. PASSENGERS.xlsx,Table 2.3a-i,capital_city_motorised_passenger_travel_by_mode,Brisbane,financial_year,2023-24,Ferry,ferry,passenger_activity,0.022398432,billion passenger-km
2. PASSENGERS.xlsx,Table 2.3a-i,capital_city_motorised_passenger_travel_by_mode,Brisbane,financial_year,2023-24,Total,total,passenger_activity,32.90433707663045,billion passenger-km
2. PASSENGERS.xlsx,Table 2.3a-i,capital_city_motorised_passenger_travel_by_mode,Brisbane,financial_year,2024-25,Passenger cars,passenger_cars,passenger_activity,26.300947236128117,billion passenger-km
2. PASSENGERS.xlsx,Table 2.3a-i,capital_city_motorised_passenger_travel_by_mode,Brisbane,financial_year,2024-25,Commercial vehicles,commercial_vehicles,passenger_activity,4.65589702507865,billion passenger-km
2. PASSENGERS.xlsx,Table 2.3a-i,capital_city_motorised_passenger_travel_by_mode,Brisbane,financial_year,2024-25,Motor cycles,motor_cycles,passenger_activity,0.2653956563743648,billion passenger-km
2. PASSENGERS.xlsx,Table 2.3a-i,capital_city_motorised_passenger_travel_by_mode,Brisbane,financial_year,2024-25,Heavy rail,heavy_rail,passenger_activity,1.1299730525776057,billion passenger-km
2. PASSENGERS.xlsx,Table 2.3a-i,capital_city_motorised_passenger_travel_by_mode,Brisbane,financial_year,2024-25,Bus,bus,passenger_activity,1.4275359354671218,billion passenger-km
2. PASSENGERS.xlsx,Table 2.3a-i,capital_city_motorised_passenger_travel_by_mode,Brisbane,financial_year,2024-25,Ferry,ferry,passenger_activity,0.029442215999999997,billion passenger-km
2. PASSENGERS.xlsx,Table 2.3a-i,capital_city_motorised_passenger_travel_by_mode,Brisbane,financial_year,2024-25,Total,total,passenger_activity,33.80919112162586,billion passenger-km
2. PASSENGERS.xlsx,Table 2.3a-i,capital_city_motorised_passenger_travel_by_mode,Adelaide,financial_year,1976-77,Passenger cars,passenger_cars,passenger_activity,8.232115910387355,billion passenger-km
2. PASSENGERS.xlsx,Table 2.3a-i,capital_city_motorised_passenger_travel_by_mode,Adelaide,financial_year,1976-77,Commercial vehicles,commercial_vehicles,passenger_activity,0.568005853534346,billion passenger-km
2. PASSENGERS.xlsx,Table 2.3a-i,capital_city_motorised_passenger_travel_by_mode,Adelaide,financial_year,1976-77,Motor cycles,motor_cycles,passenger_activity,0.10838469230761653,billion passenger-km
2. PASSENGERS.xlsx,Table 2.3a-i,capital_city_motorised_passenger_travel_by_mode,Adelaide,financial_year,1976-77,Heavy rail,heavy_rail,passenger_activity,0.1655189434745957,billion passenger-km
2. PASSENGERS.xlsx,Table 2.3a-i,capital_city_motorised_passenger_travel_by_mode,Adelaide,financial_year,1976-77,Light rail,light_rail,passenger_activity,0.0095046,billion passenger-km
2. PASSENGERS.xlsx,Table 2.3a-i,capital_city_motorised_passenger_travel_by_mode,Adelaide,financial_year,1976-77,Bus,bus,passenger_activity,0.4249952484690215,billion passenger-km
2. PASSENGERS.xlsx,Table 2.3a-i,capital_city_motorised_passenger_travel_by_mode,Adelaide,financial_year,1976-77,Total,total,passenger_activity,9.508525248172935,billion passenger-km
2. PASSENGERS.xlsx,Table 2.3a-i,capital_city_motorised_passenger_travel_by_mode,Adelaide,financial_year,1977-78,Passenger cars,passenger_cars,passenger_activity,8.464584248780234,billion passenger-km
2. PASSENGERS.xlsx,Table 2.3a-i,capital_city_motorised_passenger_travel_by_mode,Adelaide,financial_year,1977-78,Commercial vehicles,commercial_vehicles,passenger_activity,0.5911685882240847,billion passenger-km
2. PASSENGERS.xlsx,Table 2.3a-i,capital_city_motorised_passenger_travel_by_mode,Adelaide,financial_year,1977-78,Motor cycles,motor_cycles,passenger_activity,0.10790231821310041,billion passenger-km
2. PASSENGERS.xlsx,Table 2.3a-i,capital_city_motorised_passenger_travel_by_mode,Adelaide,financial_year,1977-78,Heavy rail,heavy_rail,passenger_activity,0.16213471986450212,billion passenger-km
2. PASSENGERS.xlsx,Table 2.3a-i,capital_city_motorised_passenger_travel_by_mode,Adelaide,financial_year,1977-78,Light rail,light_rail,passenger_activity,0.0093805,billion passenger-km
2. PASSENGERS.xlsx,Table 2.3a-i,capital_city_motorised_passenger_travel_by_mode,Adelaide,financial_year,1977-78,Bus,bus,passenger_activity,0.43565189147281114,billion passenger-km
2. PASSENGERS.xlsx,Table 2.3a-i,capital_city_motorised_passenger_travel_by_mode,Adelaide,financial_year,1977-78,Total,total,passenger_activity,9.770822266554731,billion passenger-km
2. PASSENGERS.xlsx,Table 2.3a-i,capital_city_motorised_passenger_travel_by_mode,Adelaide,financial_year,1978-79,Passenger cars,passenger_cars,passenger_activity,8.499549831933132,billion passenger-km
2. PASSENGERS.xlsx,Table 2.3a-i,capital_city_motorised_passenger_travel_by_mode,Adelaide,financial_year,1978-79,Commercial vehicles,commercial_vehicles,passenger_activity,0.5950312791948518,billion passenger-km
2. PASSENGERS.xlsx,Table 2.3a-i,capital_city_motorised_passenger_travel_by_mode,Adelaide,financial_year,1978-79,Motor cycles,motor_cycles,passenger_activity,0.10665943579320895,billion passenger-km
2. PASSENGERS.xlsx,Table 2.3a-i,capital_city_motorised_passenger_travel_by_mode,Adelaide,financial_year,1978-79,Heavy rail,heavy_rail,passenger_activity,0.15854630254401098,billion passenger-km
2. PASSENGERS.xlsx,Table 2.3a-i,capital_city_motorised_passenger_travel_by_mode,Adelaide,financial_year,1978-79,Light rail,light_rail,passenger_activity,0.0146,billion passenger-km
2. PASSENGERS.xlsx,Table 2.3a-i,capital_city_motorised_passenger_travel_by_mode,Adelaide,financial_year,1978-79,Bus,bus,passenger_activity,0.44856882318971075,billion passenger-km
2. PASSENGERS.xlsx,Table 2.3a-i,capital_city_motorised_passenger_travel_by_mode,Adelaide,financial_year,1978-79,Total,total,passenger_activity,9.822955672654912,billion passenger-km
2. PASSENGERS.xlsx,Table 2.3a-i,capital_city_motorised_passenger_travel_by_mode,Adelaide,financial_year,1979-80,Passenger cars,passenger_cars,passenger_activity,8.295426130019601,billion passenger-km
2. PASSENGERS.xlsx,Table 2.3a-i,capital_city_motorised_passenger_travel_by_mode,Adelaide,financial_year,1979-80,Commercial vehicles,commercial_vehicles,passenger_activity,0.5765891311798463,billion passenger-km
2. PASSENGERS.xlsx,Table 2.3a-i,capital_city_motorised_passenger_travel_by_mode,Adelaide,financial_year,1979-80,Motor cycles,motor_cycles,passenger_activity,0.1118329461997978,billion passenger-km
2. PASSENGERS.xlsx,Table 2.3a-i,capital_city_motorised_passenger_travel_by_mode,Adelaide,financial_year,1979-80,Heavy rail,heavy_rail,passenger_activity,0.1798410181504596,billion passenger-km
2. PASSENGERS.xlsx,Table 2.3a-i,capital_city_motorised_passenger_travel_by_mode,Adelaide,financial_year,1979-80,Light rail,light_rail,passenger_activity,0.0219,billion passenger-km
2. PASSENGERS.xlsx,Table 2.3a-i,capital_city_motorised_passenger_travel_by_mode,Adelaide,financial_year,1979-80,Bus,bus,passenger_activity,0.46442678637932033,billion passenger-km
2. PASSENGERS.xlsx,Table 2.3a-i,capital_city_motorised_passenger_travel_by_mode,Adelaide,financial_year,1979-80,Total,total,passenger_activity,9.650016011929026,billion passenger-km
2. PASSENGERS.xlsx,Table 2.3a-i,capital_city_motorised_passenger_travel_by_mode,Adelaide,financial_year,1980-81,Passenger cars,passenger_cars,passenger_activity,8.174292934853002,billion passenger-km
2. PASSENGERS.xlsx,Table 2.3a-i,capital_city_motorised_passenger_travel_by_mode,Adelaide,financial_year,1980-81,Commercial vehicles,commercial_vehicles,passenger_activity,0.576122283118693,billion passenger-km
2. PASSENGERS.xlsx,Table 2.3a-i,capital_city_motorised_passenger_travel_by_mode,Adelaide,financial_year,1980-81,Motor cycles,motor_cycles,passenger_activity,0.11499035372464052,billion passenger-km
2. PASSENGERS.xlsx,Table 2.3a-i,capital_city_motorised_passenger_travel_by_mode,Adelaide,financial_year,1980-81,Heavy rail,heavy_rail,passenger_activity,0.1911693819204283,billion passenger-km
2. PASSENGERS.xlsx,Table 2.3a-i,capital_city_motorised_passenger_travel_by_mode,Adelaide,financial_year,1980-81,Light rail,light_rail,passenger_activity,0.021462,billion passenger-km
2. PASSENGERS.xlsx,Table 2.3a-i,capital_city_motorised_passenger_travel_by_mode,Adelaide,financial_year,1980-81,Bus,bus,passenger_activity,0.5148148422000226,billion passenger-km
2. PASSENGERS.xlsx,Table 2.3a-i,capital_city_motorised_passenger_travel_by_mode,Adelaide,financial_year,1980-81,Total,total,passenger_activity,9.592851795816786,billion passenger-km
2. PASSENGERS.xlsx,Table 2.3a-i,capital_city_motorised_passenger_travel_by_mode,Adelaide,financial_year,1981-82,Passenger cars,passenger_cars,passenger_activity,8.480530262890436,billion passenger-km
2. PASSENGERS.xlsx,Table 2.3a-i,capital_city_motorised_passenger_travel_by_mode,Adelaide,financial_year,1981-82,Commercial vehicles,commercial_vehicles,passenger_activity,0.5760070604837562,billion passenger-km
2. PASSENGERS.xlsx,Table 2.3a-i,capital_city_motorised_passenger_travel_by_mode,Adelaide,financial_year,1981-82,Motor cycles,motor_cycles,passenger_activity,0.12282577788836613,billion passenger-km
2. PASSENGERS.xlsx,Table 2.3a-i,capital_city_motorised_passenger_travel_by_mode,Adelaide,financial_year,1981-82,Heavy rail,heavy_rail,passenger_activity,0.20441022160869166,billion passenger-km
2. PASSENGERS.xlsx,Table 2.3a-i,capital_city_motorised_passenger_travel_by_mode,Adelaide,financial_year,1981-82,Light rail,light_rail,passenger_activity,0.021032759999999998,billion passenger-km
2. PASSENGERS.xlsx,Table 2.3a-i,capital_city_motorised_passenger_travel_by_mode,Adelaide,financial_year,1981-82,Bus,bus,passenger_activity,0.5331047068087749,billion passenger-km
2. PASSENGERS.xlsx,Table 2.3a-i,capital_city_motorised_passenger_travel_by_mode,Adelaide,financial_year,1981-82,Total,total,passenger_activity,9.937910789680025,billion passenger-km
2. PASSENGERS.xlsx,Table 2.3a-i,capital_city_motorised_passenger_travel_by_mode,Adelaide,financial_year,1982-83,Passenger cars,passenger_cars,passenger_activity,8.53498951937421,billion passenger-km
2. PASSENGERS.xlsx,Table 2.3a-i,capital_city_motorised_passenger_travel_by_mode,Adelaide,financial_year,1982-83,Commercial vehicles,commercial_vehicles,passenger_activity,0.5742046301433714,billion passenger-km
2. PASSENGERS.xlsx,Table 2.3a-i,capital_city_motorised_passenger_travel_by_mode,Adelaide,financial_year,1982-83,Motor cycles,motor_cycles,passenger_activity,0.12193711819453912,billion passenger-km
2. PASSENGERS.xlsx,Table 2.3a-i,capital_city_motorised_passenger_travel_by_mode,Adelaide,financial_year,1982-83,Heavy rail,heavy_rail,passenger_activity,0.17998486264873986,billion passenger-km
2. PASSENGERS.xlsx,Table 2.3a-i,capital_city_motorised_passenger_travel_by_mode,Adelaide,financial_year,1982-83,Light rail,light_rail,passenger_activity,0.020612104799999996,billion passenger-km
2. PASSENGERS.xlsx,Table 2.3a-i,capital_city_motorised_passenger_travel_by_mode,Adelaide,financial_year,1982-83,Bus,bus,passenger_activity,0.47562539169110585,billion passenger-km
2. PASSENGERS.xlsx,Table 2.3a-i,capital_city_motorised_passenger_travel_by_mode,Adelaide,financial_year,1982-83,Total,total,passenger_activity,9.907353626851966,billion passenger-km
2. PASSENGERS.xlsx,Table 2.3a-i,capital_city_motorised_passenger_travel_by_mode,Adelaide,financial_year,1983-84,Passenger cars,passenger_cars,passenger_activity,8.94058357489263,billion passenger-km
2. PASSENGERS.xlsx,Table 2.3a-i,capital_city_motorised_passenger_travel_by_mode,Adelaide,financial_year,1983-84,Commercial vehicles,commercial_vehicles,passenger_activity,0.6321247742016507,billion passenger-km
2. PASSENGERS.xlsx,Table 2.3a-i,capital_city_motorised_passenger_travel_by_mode,Adelaide,financial_year,1983-84,Motor cycles,motor_cycles,passenger_activity,0.1227373443467368,billion passenger-km
2. PASSENGERS.xlsx,Table 2.3a-i,capital_city_motorised_passenger_travel_by_mode,Adelaide,financial_year,1983-84,Heavy rail,heavy_rail,passenger_activity,0.17436425800880484,billion passenger-km
2. PASSENGERS.xlsx,Table 2.3a-i,capital_city_motorised_passenger_travel_by_mode,Adelaide,financial_year,1983-84,Light rail,light_rail,passenger_activity,0.020199862703999996,billion passenger-km
2. PASSENGERS.xlsx,Table 2.3a-i,capital_city_motorised_passenger_travel_by_mode,Adelaide,financial_year,1983-84,Bus,bus,passenger_activity,0.4885760990615008,billion passenger-km
2. PASSENGERS.xlsx,Table 2.3a-i,capital_city_motorised_passenger_travel_by_mode,Adelaide,financial_year,1983-84,Total,total,passenger_activity,10.378585913215323,billion passenger-km
2. PASSENGERS.xlsx,Table 2.3a-i,capital_city_motorised_passenger_travel_by_mode,Adelaide,financial_year,1984-85,Passenger cars,passenger_cars,passenger_activity,9.309888878205376,billion passenger-km
2. PASSENGERS.xlsx,Table 2.3a-i,capital_city_motorised_passenger_travel_by_mode,Adelaide,financial_year,1984-85,Commercial vehicles,commercial_vehicles,passenger_activity,0.6660423973085938,billion passenger-km
2. PASSENGERS.xlsx,Table 2.3a-i,capital_city_motorised_passenger_travel_by_mode,Adelaide,financial_year,1984-85,Motor cycles,motor_cycles,passenger_activity,0.12182134783582631,billion passenger-km
2. PASSENGERS.xlsx,Table 2.3a-i,capital_city_motorised_passenger_travel_by_mode,Adelaide,financial_year,1984-85,Heavy rail,heavy_rail,passenger_activity,0.16572976279099064,billion passenger-km
2. PASSENGERS.xlsx,Table 2.3a-i,capital_city_motorised_passenger_travel_by_mode,Adelaide,financial_year,1984-85,Light rail,light_rail,passenger_activity,0.0195,billion passenger-km
2. PASSENGERS.xlsx,Table 2.3a-i,capital_city_motorised_passenger_travel_by_mode,Adelaide,financial_year,1984-85,Bus,bus,passenger_activity,0.4745118592686065,billion passenger-km
2. PASSENGERS.xlsx,Table 2.3a-i,capital_city_motorised_passenger_travel_by_mode,Adelaide,financial_year,1984-85,Total,total,passenger_activity,10.757494245409394,billion passenger-km
2. PASSENGERS.xlsx,Table 2.3a-i,capital_city_motorised_passenger_travel_by_mode,Adelaide,financial_year,1985-86,Passenger cars,passenger_cars,passenger_activity,9.621581306407306,billion passenger-km
2. PASSENGERS.xlsx,Table 2.3a-i,capital_city_motorised_passenger_travel_by_mode,Adelaide,financial_year,1985-86,Commercial vehicles,commercial_vehicles,passenger_activity,0.668248187290013,billion passenger-km
2. PASSENGERS.xlsx,Table 2.3a-i,capital_city_motorised_passenger_travel_by_mode,Adelaide,financial_year,1985-86,Motor cycles,motor_cycles,passenger_activity,0.10941958149766798,billion passenger-km
2. PASSENGERS.xlsx,Table 2.3a-i,capital_city_motorised_passenger_travel_by_mode,Adelaide,financial_year,1985-86,Heavy rail,heavy_rail,passenger_activity,0.18010549396031061,billion passenger-km
2. PASSENGERS.xlsx,Table 2.3a-i,capital_city_motorised_passenger_travel_by_mode,Adelaide,financial_year,1985-86,Light rail,light_rail,passenger_activity,0.019687500000000004,billion passenger-km
2. PASSENGERS.xlsx,Table 2.3a-i,capital_city_motorised_passenger_travel_by_mode,Adelaide,financial_year,1985-86,Bus,bus,passenger_activity,0.4869850534264627,billion passenger-km
2. PASSENGERS.xlsx,Table 2.3a-i,capital_city_motorised_passenger_travel_by_mode,Adelaide,financial_year,1985-86,Total,total,passenger_activity,11.08602712258176,billion passenger-km
2. PASSENGERS.xlsx,Table 2.3a-i,capital_city_motorised_passenger_travel_by_mode,Adelaide,financial_year,1986-87,Passenger cars,passenger_cars,passenger_activity,9.806147418163931,billion passenger-km
2. PASSENGERS.xlsx,Table 2.3a-i,capital_city_motorised_passenger_travel_by_mode,Adelaide,financial_year,1986-87,Commercial vehicles,commercial_vehicles,passenger_activity,0.6647946798550756,billion passenger-km
2. PASSENGERS.xlsx,Table 2.3a-i,capital_city_motorised_passenger_travel_by_mode,Adelaide,financial_year,1986-87,Motor cycles,motor_cycles,passenger_activity,0.10185155194864476,billion passenger-km
2. PASSENGERS.xlsx,Table 2.3a-i,capital_city_motorised_passenger_travel_by_mode,Adelaide,financial_year,1986-87,Heavy rail,heavy_rail,passenger_activity,0.17642738813559322,billion passenger-km
2. PASSENGERS.xlsx,Table 2.3a-i,capital_city_motorised_passenger_travel_by_mode,Adelaide,financial_year,1986-87,Light rail,light_rail,passenger_activity,0.019496829268292683,billion passenger-km
2. PASSENGERS.xlsx,Table 2.3a-i,capital_city_motorised_passenger_travel_by_mode,Adelaide,financial_year,1986-87,Bus,bus,passenger_activity,0.4850597506976012,billion passenger-km
2. PASSENGERS.xlsx,Table 2.3a-i,capital_city_motorised_passenger_travel_by_mode,Adelaide,financial_year,1986-87,Total,total,passenger_activity,11.25377761806914,billion passenger-km
2. PASSENGERS.xlsx,Table 2.3a-i,capital_city_motorised_passenger_travel_by_mode,Adelaide,financial_year,1987-88,Passenger cars,passenger_cars,passenger_activity,10.200123045822243,billion passenger-km
2. PASSENGERS.xlsx,Table 2.3a-i,capital_city_motorised_passenger_travel_by_mode,Adelaide,financial_year,1987-88,Commercial vehicles,commercial_vehicles,passenger_activity,0.6793297996841055,billion passenger-km
2. PASSENGERS.xlsx,Table 2.3a-i,capital_city_motorised_passenger_travel_by_mode,Adelaide,financial_year,1987-88,Motor cycles,motor_cycles,passenger_activity,0.09590465330740226,billion passenger-km
2. PASSENGERS.xlsx,Table 2.3a-i,capital_city_motorised_passenger_travel_by_mode,Adelaide,financial_year,1987-88,Heavy rail,heavy_rail,passenger_activity,0.13403075144508667,billion passenger-km
2. PASSENGERS.xlsx,Table 2.3a-i,capital_city_motorised_passenger_travel_by_mode,Adelaide,financial_year,1987-88,Light rail,light_rail,passenger_activity,0.018225,billion passenger-km
2. PASSENGERS.xlsx,Table 2.3a-i,capital_city_motorised_passenger_travel_by_mode,Adelaide,financial_year,1987-88,Bus,bus,passenger_activity,0.5101188549170462,billion passenger-km
2. PASSENGERS.xlsx,Table 2.3a-i,capital_city_motorised_passenger_travel_by_mode,Adelaide,financial_year,1987-88,Total,total,passenger_activity,11.637732105175882,billion passenger-km
2. PASSENGERS.xlsx,Table 2.3a-i,capital_city_motorised_passenger_travel_by_mode,Adelaide,financial_year,1988-89,Passenger cars,passenger_cars,passenger_activity,10.5798431157495,billion passenger-km
2. PASSENGERS.xlsx,Table 2.3a-i,capital_city_motorised_passenger_travel_by_mode,Adelaide,financial_year,1988-89,Commercial vehicles,commercial_vehicles,passenger_activity,0.7063965691016706,billion passenger-km
2. PASSENGERS.xlsx,Table 2.3a-i,capital_city_motorised_passenger_travel_by_mode,Adelaide,financial_year,1988-89,Motor cycles,motor_cycles,passenger_activity,0.09845622420552919,billion passenger-km
2. PASSENGERS.xlsx,Table 2.3a-i,capital_city_motorised_passenger_travel_by_mode,Adelaide,financial_year,1988-89,Heavy rail,heavy_rail,passenger_activity,0.13908083333333335,billion passenger-km
2. PASSENGERS.xlsx,Table 2.3a-i,capital_city_motorised_passenger_travel_by_mode,Adelaide,financial_year,1988-89,Light rail,light_rail,passenger_activity,0.020078740157480318,billion passenger-km
2. PASSENGERS.xlsx,Table 2.3a-i,capital_city_motorised_passenger_travel_by_mode,Adelaide,financial_year,1988-89,Bus,bus,passenger_activity,0.4860696906548854,billion passenger-km
2. PASSENGERS.xlsx,Table 2.3a-i,capital_city_motorised_passenger_travel_by_mode,Adelaide,financial_year,1988-89,Total,total,passenger_activity,12.029925173202397,billion passenger-km
2. PASSENGERS.xlsx,Table 2.3a-i,capital_city_motorised_passenger_travel_by_mode,Adelaide,financial_year,1989-90,Passenger cars,passenger_cars,passenger_activity,10.752177996237648,billion passenger-km
2. PASSENGERS.xlsx,Table 2.3a-i,capital_city_motorised_passenger_travel_by_mode,Adelaide,financial_year,1989-90,Commercial vehicles,commercial_vehicles,passenger_activity,0.7121864347728432,billion passenger-km
2. PASSENGERS.xlsx,Table 2.3a-i,capital_city_motorised_passenger_travel_by_mode,Adelaide,financial_year,1989-90,Motor cycles,motor_cycles,passenger_activity,0.08726480778534765,billion passenger-km
2. PASSENGERS.xlsx,Table 2.3a-i,capital_city_motorised_passenger_travel_by_mode,Adelaide,financial_year,1989-90,Heavy rail,heavy_rail,passenger_activity,0.1361419713261649,billion passenger-km
2. PASSENGERS.xlsx,Table 2.3a-i,capital_city_motorised_passenger_travel_by_mode,Adelaide,financial_year,1989-90,Light rail,light_rail,passenger_activity,0.016522500000000002,billion passenger-km
2. PASSENGERS.xlsx,Table 2.3a-i,capital_city_motorised_passenger_travel_by_mode,Adelaide,financial_year,1989-90,Bus,bus,passenger_activity,0.5177128886809448,billion passenger-km
2. PASSENGERS.xlsx,Table 2.3a-i,capital_city_motorised_passenger_travel_by_mode,Adelaide,financial_year,1989-90,Total,total,passenger_activity,12.222006598802949,billion passenger-km
2. PASSENGERS.xlsx,Table 2.3a-i,capital_city_motorised_passenger_travel_by_mode,Adelaide,financial_year,1990-91,Passenger cars,passenger_cars,passenger_activity,10.66114296419179,billion passenger-km
2. PASSENGERS.xlsx,Table 2.3a-i,capital_city_motorised_passenger_travel_by_mode,Adelaide,financial_year,1990-91,Commercial vehicles,commercial_vehicles,passenger_activity,0.6932311596795326,billion passenger-km
2. PASSENGERS.xlsx,Table 2.3a-i,capital_city_motorised_passenger_travel_by_mode,Adelaide,financial_year,1990-91,Motor cycles,motor_cycles,passenger_activity,0.07742293505677993,billion passenger-km
2. PASSENGERS.xlsx,Table 2.3a-i,capital_city_motorised_passenger_travel_by_mode,Adelaide,financial_year,1990-91,Heavy rail,heavy_rail,passenger_activity,0.11830361757105941,billion passenger-km
2. PASSENGERS.xlsx,Table 2.3a-i,capital_city_motorised_passenger_travel_by_mode,Adelaide,financial_year,1990-91,Light rail,light_rail,passenger_activity,0.01673060301507538,billion passenger-km
2. PASSENGERS.xlsx,Table 2.3a-i,capital_city_motorised_passenger_travel_by_mode,Adelaide,financial_year,1990-91,Bus,bus,passenger_activity,0.5446039014402879,billion passenger-km
2. PASSENGERS.xlsx,Table 2.3a-i,capital_city_motorised_passenger_travel_by_mode,Adelaide,financial_year,1990-91,Total,total,passenger_activity,12.111435180954526,billion passenger-km
2. PASSENGERS.xlsx,Table 2.3a-i,capital_city_motorised_passenger_travel_by_mode,Adelaide,financial_year,1991-92,Passenger cars,passenger_cars,passenger_activity,10.750980686514902,billion passenger-km
2. PASSENGERS.xlsx,Table 2.3a-i,capital_city_motorised_passenger_travel_by_mode,Adelaide,financial_year,1991-92,Commercial vehicles,commercial_vehicles,passenger_activity,0.7014720244178375,billion passenger-km
2. PASSENGERS.xlsx,Table 2.3a-i,capital_city_motorised_passenger_travel_by_mode,Adelaide,financial_year,1991-92,Motor cycles,motor_cycles,passenger_activity,0.07613483243598373,billion passenger-km
2. PASSENGERS.xlsx,Table 2.3a-i,capital_city_motorised_passenger_travel_by_mode,Adelaide,financial_year,1991-92,Heavy rail,heavy_rail,passenger_activity,0.11268707560627676,billion passenger-km
2. PASSENGERS.xlsx,Table 2.3a-i,capital_city_motorised_passenger_travel_by_mode,Adelaide,financial_year,1991-92,Light rail,light_rail,passenger_activity,0.014731500000000002,billion passenger-km
2. PASSENGERS.xlsx,Table 2.3a-i,capital_city_motorised_passenger_travel_by_mode,Adelaide,financial_year,1991-92,Bus,bus,passenger_activity,0.5486798873922415,billion passenger-km
2. PASSENGERS.xlsx,Table 2.3a-i,capital_city_motorised_passenger_travel_by_mode,Adelaide,financial_year,1991-92,Total,total,passenger_activity,12.20468600636724,billion passenger-km
2. PASSENGERS.xlsx,Table 2.3a-i,capital_city_motorised_passenger_travel_by_mode,Adelaide,financial_year,1992-93,Passenger cars,passenger_cars,passenger_activity,10.94313640377419,billion passenger-km
2. PASSENGERS.xlsx,Table 2.3a-i,capital_city_motorised_passenger_travel_by_mode,Adelaide,financial_year,1992-93,Commercial vehicles,commercial_vehicles,passenger_activity,0.7156746209695473,billion passenger-km
2. PASSENGERS.xlsx,Table 2.3a-i,capital_city_motorised_passenger_travel_by_mode,Adelaide,financial_year,1992-93,Motor cycles,motor_cycles,passenger_activity,0.07479787557973674,billion passenger-km
2. PASSENGERS.xlsx,Table 2.3a-i,capital_city_motorised_passenger_travel_by_mode,Adelaide,financial_year,1992-93,Heavy rail,heavy_rail,passenger_activity,0.12414614765100672,billion passenger-km
2. PASSENGERS.xlsx,Table 2.3a-i,capital_city_motorised_passenger_travel_by_mode,Adelaide,financial_year,1992-93,Light rail,light_rail,passenger_activity,0.013341224489795918,billion passenger-km
2. PASSENGERS.xlsx,Table 2.3a-i,capital_city_motorised_passenger_travel_by_mode,Adelaide,financial_year,1992-93,Bus,bus,passenger_activity,0.5289739485742425,billion passenger-km
2. PASSENGERS.xlsx,Table 2.3a-i,capital_city_motorised_passenger_travel_by_mode,Adelaide,financial_year,1992-93,Total,total,passenger_activity,12.40007022103852,billion passenger-km
2. PASSENGERS.xlsx,Table 2.3a-i,capital_city_motorised_passenger_travel_by_mode,Adelaide,financial_year,1993-94,Passenger cars,passenger_cars,passenger_activity,10.939166792308164,billion passenger-km
2. PASSENGERS.xlsx,Table 2.3a-i,capital_city_motorised_passenger_travel_by_mode,Adelaide,financial_year,1993-94,Commercial vehicles,commercial_vehicles,passenger_activity,0.7422538406440233,billion passenger-km
2. PASSENGERS.xlsx,Table 2.3a-i,capital_city_motorised_passenger_travel_by_mode,Adelaide,financial_year,1993-94,Motor cycles,motor_cycles,passenger_activity,0.07203330662201209,billion passenger-km
2. PASSENGERS.xlsx,Table 2.3a-i,capital_city_motorised_passenger_travel_by_mode,Adelaide,financial_year,1993-94,Heavy rail,heavy_rail,passenger_activity,0.14590236565420558,billion passenger-km
2. PASSENGERS.xlsx,Table 2.3a-i,capital_city_motorised_passenger_travel_by_mode,Adelaide,financial_year,1993-94,Light rail,light_rail,passenger_activity,0.015042600000000001,billion passenger-km
2. PASSENGERS.xlsx,Table 2.3a-i,capital_city_motorised_passenger_travel_by_mode,Adelaide,financial_year,1993-94,Bus,bus,passenger_activity,0.5418635726459999,billion passenger-km
2. PASSENGERS.xlsx,Table 2.3a-i,capital_city_motorised_passenger_travel_by_mode,Adelaide,financial_year,1993-94,Total,total,passenger_activity,12.456262477874404,billion passenger-km
2. PASSENGERS.xlsx,Table 2.3a-i,capital_city_motorised_passenger_travel_by_mode,Adelaide,financial_year,1994-95,Passenger cars,passenger_cars,passenger_activity,11.030787762404001,billion passenger-km
2. PASSENGERS.xlsx,Table 2.3a-i,capital_city_motorised_passenger_travel_by_mode,Adelaide,financial_year,1994-95,Commercial vehicles,commercial_vehicles,passenger_activity,0.7848865433901018,billion passenger-km
2. PASSENGERS.xlsx,Table 2.3a-i,capital_city_motorised_passenger_travel_by_mode,Adelaide,financial_year,1994-95,Motor cycles,motor_cycles,passenger_activity,0.06988339075224964,billion passenger-km
2. PASSENGERS.xlsx,Table 2.3a-i,capital_city_motorised_passenger_travel_by_mode,Adelaide,financial_year,1994-95,Heavy rail,heavy_rail,passenger_activity,0.15632967499999997,billion passenger-km
2. PASSENGERS.xlsx,Table 2.3a-i,capital_city_motorised_passenger_travel_by_mode,Adelaide,financial_year,1994-95,Light rail,light_rail,passenger_activity,0.01466967075,billion passenger-km
2. PASSENGERS.xlsx,Table 2.3a-i,capital_city_motorised_passenger_travel_by_mode,Adelaide,financial_year,1994-95,Bus,bus,passenger_activity,0.5593880787048909,billion passenger-km
2. PASSENGERS.xlsx,Table 2.3a-i,capital_city_motorised_passenger_travel_by_mode,Adelaide,financial_year,1994-95,Total,total,passenger_activity,12.615945121001243,billion passenger-km
2. PASSENGERS.xlsx,Table 2.3a-i,capital_city_motorised_passenger_travel_by_mode,Adelaide,financial_year,1995-96,Passenger cars,passenger_cars,passenger_activity,11.000795099088737,billion passenger-km
2. PASSENGERS.xlsx,Table 2.3a-i,capital_city_motorised_passenger_travel_by_mode,Adelaide,financial_year,1995-96,Commercial vehicles,commercial_vehicles,passenger_activity,0.800564840219245,billion passenger-km
2. PASSENGERS.xlsx,Table 2.3a-i,capital_city_motorised_passenger_travel_by_mode,Adelaide,financial_year,1995-96,Motor cycles,motor_cycles,passenger_activity,0.06613224125139379,billion passenger-km
2. PASSENGERS.xlsx,Table 2.3a-i,capital_city_motorised_passenger_travel_by_mode,Adelaide,financial_year,1995-96,Heavy rail,heavy_rail,passenger_activity,0.1536670093315605,billion passenger-km
2. PASSENGERS.xlsx,Table 2.3a-i,capital_city_motorised_passenger_travel_by_mode,Adelaide,financial_year,1995-96,Light rail,light_rail,passenger_activity,0.014353931317180617,billion passenger-km
2. PASSENGERS.xlsx,Table 2.3a-i,capital_city_motorised_passenger_travel_by_mode,Adelaide,financial_year,1995-96,Bus,bus,passenger_activity,0.5609113588727936,billion passenger-km
2. PASSENGERS.xlsx,Table 2.3a-i,capital_city_motorised_passenger_travel_by_mode,Adelaide,financial_year,1995-96,Total,total,passenger_activity,12.59642448008091,billion passenger-km
2. PASSENGERS.xlsx,Table 2.3a-i,capital_city_motorised_passenger_travel_by_mode,Adelaide,financial_year,1996-97,Passenger cars,passenger_cars,passenger_activity,11.0615721138655,billion passenger-km
2. PASSENGERS.xlsx,Table 2.3a-i,capital_city_motorised_passenger_travel_by_mode,Adelaide,financial_year,1996-97,Commercial vehicles,commercial_vehicles,passenger_activity,0.7930987585976401,billion passenger-km
2. PASSENGERS.xlsx,Table 2.3a-i,capital_city_motorised_passenger_travel_by_mode,Adelaide,financial_year,1996-97,Motor cycles,motor_cycles,passenger_activity,0.06453617278471963,billion passenger-km
2. PASSENGERS.xlsx,Table 2.3a-i,capital_city_motorised_passenger_travel_by_mode,Adelaide,financial_year,1996-97,Heavy rail,heavy_rail,passenger_activity,0.14906627215765558,billion passenger-km
2. PASSENGERS.xlsx,Table 2.3a-i,capital_city_motorised_passenger_travel_by_mode,Adelaide,financial_year,1996-97,Light rail,light_rail,passenger_activity,0.01452080981121699,billion passenger-km
2. PASSENGERS.xlsx,Table 2.3a-i,capital_city_motorised_passenger_travel_by_mode,Adelaide,financial_year,1996-97,Bus,bus,passenger_activity,0.5635431996738552,billion passenger-km
2. PASSENGERS.xlsx,Table 2.3a-i,capital_city_motorised_passenger_travel_by_mode,Adelaide,financial_year,1996-97,Total,total,passenger_activity,12.646337326890588,billion passenger-km
2. PASSENGERS.xlsx,Table 2.3a-i,capital_city_motorised_passenger_travel_by_mode,Adelaide,financial_year,1997-98,Passenger cars,passenger_cars,passenger_activity,11.219821257214553,billion passenger-km
2. PASSENGERS.xlsx,Table 2.3a-i,capital_city_motorised_passenger_travel_by_mode,Adelaide,financial_year,1997-98,Commercial vehicles,commercial_vehicles,passenger_activity,0.8104935276615927,billion passenger-km
2. PASSENGERS.xlsx,Table 2.3a-i,capital_city_motorised_passenger_travel_by_mode,Adelaide,financial_year,1997-98,Motor cycles,motor_cycles,passenger_activity,0.06085426432165125,billion passenger-km
2. PASSENGERS.xlsx,Table 2.3a-i,capital_city_motorised_passenger_travel_by_mode,Adelaide,financial_year,1997-98,Heavy rail,heavy_rail,passenger_activity,0.14466927710262253,billion passenger-km
2. PASSENGERS.xlsx,Table 2.3a-i,capital_city_motorised_passenger_travel_by_mode,Adelaide,financial_year,1997-98,Light rail,light_rail,passenger_activity,0.014352263607599997,billion passenger-km
2. PASSENGERS.xlsx,Table 2.3a-i,capital_city_motorised_passenger_travel_by_mode,Adelaide,financial_year,1997-98,Bus,bus,passenger_activity,0.5704318200077465,billion passenger-km
2. PASSENGERS.xlsx,Table 2.3a-i,capital_city_motorised_passenger_travel_by_mode,Adelaide,financial_year,1997-98,Total,total,passenger_activity,12.820622409915766,billion passenger-km
2. PASSENGERS.xlsx,Table 2.3a-i,capital_city_motorised_passenger_travel_by_mode,Adelaide,financial_year,1998-99,Passenger cars,passenger_cars,passenger_activity,11.611287242539401,billion passenger-km
2. PASSENGERS.xlsx,Table 2.3a-i,capital_city_motorised_passenger_travel_by_mode,Adelaide,financial_year,1998-99,Commercial vehicles,commercial_vehicles,passenger_activity,0.8063871745599672,billion passenger-km
2. PASSENGERS.xlsx,Table 2.3a-i,capital_city_motorised_passenger_travel_by_mode,Adelaide,financial_year,1998-99,Motor cycles,motor_cycles,passenger_activity,0.05835807384799406,billion passenger-km
2. PASSENGERS.xlsx,Table 2.3a-i,capital_city_motorised_passenger_travel_by_mode,Adelaide,financial_year,1998-99,Heavy rail,heavy_rail,passenger_activity,0.13748942474483908,billion passenger-km
2. PASSENGERS.xlsx,Table 2.3a-i,capital_city_motorised_passenger_travel_by_mode,Adelaide,financial_year,1998-99,Light rail,light_rail,passenger_activity,0.013962724935562961,billion passenger-km
2. PASSENGERS.xlsx,Table 2.3a-i,capital_city_motorised_passenger_travel_by_mode,Adelaide,financial_year,1998-99,Bus,bus,passenger_activity,0.5569807562250129,billion passenger-km
2. PASSENGERS.xlsx,Table 2.3a-i,capital_city_motorised_passenger_travel_by_mode,Adelaide,financial_year,1998-99,Total,total,passenger_activity,13.184465396852778,billion passenger-km
2. PASSENGERS.xlsx,Table 2.3a-i,capital_city_motorised_passenger_travel_by_mode,Adelaide,financial_year,1999-00,Passenger cars,passenger_cars,passenger_activity,11.99840472704355,billion passenger-km
2. PASSENGERS.xlsx,Table 2.3a-i,capital_city_motorised_passenger_travel_by_mode,Adelaide,financial_year,1999-00,Commercial vehicles,commercial_vehicles,passenger_activity,0.7995068985973038,billion passenger-km
2. PASSENGERS.xlsx,Table 2.3a-i,capital_city_motorised_passenger_travel_by_mode,Adelaide,financial_year,1999-00,Motor cycles,motor_cycles,passenger_activity,0.058986015453350506,billion passenger-km
2. PASSENGERS.xlsx,Table 2.3a-i,capital_city_motorised_passenger_travel_by_mode,Adelaide,financial_year,1999-00,Heavy rail,heavy_rail,passenger_activity,0.131512208678912,billion passenger-km
2. PASSENGERS.xlsx,Table 2.3a-i,capital_city_motorised_passenger_travel_by_mode,Adelaide,financial_year,1999-00,Light rail,light_rail,passenger_activity,0.014438170819098949,billion passenger-km
2. PASSENGERS.xlsx,Table 2.3a-i,capital_city_motorised_passenger_travel_by_mode,Adelaide,financial_year,1999-00,Bus,bus,passenger_activity,0.5577989157827243,billion passenger-km
2. PASSENGERS.xlsx,Table 2.3a-i,capital_city_motorised_passenger_travel_by_mode,Adelaide,financial_year,1999-00,Total,total,passenger_activity,13.560646936374939,billion passenger-km
2. PASSENGERS.xlsx,Table 2.3a-i,capital_city_motorised_passenger_travel_by_mode,Adelaide,financial_year,2000-01,Passenger cars,passenger_cars,passenger_activity,11.964730012171174,billion passenger-km
2. PASSENGERS.xlsx,Table 2.3a-i,capital_city_motorised_passenger_travel_by_mode,Adelaide,financial_year,2000-01,Commercial vehicles,commercial_vehicles,passenger_activity,0.7855022046823867,billion passenger-km
2. PASSENGERS.xlsx,Table 2.3a-i,capital_city_motorised_passenger_travel_by_mode,Adelaide,financial_year,2000-01,Motor cycles,motor_cycles,passenger_activity,0.0604903481275559,billion passenger-km
2. PASSENGERS.xlsx,Table 2.3a-i,capital_city_motorised_passenger_travel_by_mode,Adelaide,financial_year,2000-01,Heavy rail,heavy_rail,passenger_activity,0.13114306277376,billion passenger-km
2. PASSENGERS.xlsx,Table 2.3a-i,capital_city_motorised_passenger_travel_by_mode,Adelaide,financial_year,2000-01,Light rail,light_rail,passenger_activity,0.014831939724,billion passenger-km
2. PASSENGERS.xlsx,Table 2.3a-i,capital_city_motorised_passenger_travel_by_mode,Adelaide,financial_year,2000-01,Bus,bus,passenger_activity,0.577284687028108,billion passenger-km
2. PASSENGERS.xlsx,Table 2.3a-i,capital_city_motorised_passenger_travel_by_mode,Adelaide,financial_year,2000-01,Total,total,passenger_activity,13.533982254506986,billion passenger-km
2. PASSENGERS.xlsx,Table 2.3a-i,capital_city_motorised_passenger_travel_by_mode,Adelaide,financial_year,2001-02,Passenger cars,passenger_cars,passenger_activity,12.129365652630272,billion passenger-km
2. PASSENGERS.xlsx,Table 2.3a-i,capital_city_motorised_passenger_travel_by_mode,Adelaide,financial_year,2001-02,Commercial vehicles,commercial_vehicles,passenger_activity,0.8010752019352323,billion passenger-km
2. PASSENGERS.xlsx,Table 2.3a-i,capital_city_motorised_passenger_travel_by_mode,Adelaide,financial_year,2001-02,Motor cycles,motor_cycles,passenger_activity,0.06415812984744329,billion passenger-km
2. PASSENGERS.xlsx,Table 2.3a-i,capital_city_motorised_passenger_travel_by_mode,Adelaide,financial_year,2001-02,Heavy rail,heavy_rail,passenger_activity,0.14184044749872,billion passenger-km
2. PASSENGERS.xlsx,Table 2.3a-i,capital_city_motorised_passenger_travel_by_mode,Adelaide,financial_year,2001-02,Light rail,light_rail,passenger_activity,0.015189775854685216,billion passenger-km
2. PASSENGERS.xlsx,Table 2.3a-i,capital_city_motorised_passenger_travel_by_mode,Adelaide,financial_year,2001-02,Bus,bus,passenger_activity,0.5909607949175589,billion passenger-km
2. PASSENGERS.xlsx,Table 2.3a-i,capital_city_motorised_passenger_travel_by_mode,Adelaide,financial_year,2001-02,Total,total,passenger_activity,13.74259000268391,billion passenger-km
2. PASSENGERS.xlsx,Table 2.3a-i,capital_city_motorised_passenger_travel_by_mode,Adelaide,financial_year,2002-03,Passenger cars,passenger_cars,passenger_activity,12.528456609700223,billion passenger-km
2. PASSENGERS.xlsx,Table 2.3a-i,capital_city_motorised_passenger_travel_by_mode,Adelaide,financial_year,2002-03,Commercial vehicles,commercial_vehicles,passenger_activity,0.8150836801202312,billion passenger-km
2. PASSENGERS.xlsx,Table 2.3a-i,capital_city_motorised_passenger_travel_by_mode,Adelaide,financial_year,2002-03,Motor cycles,motor_cycles,passenger_activity,0.06273674350043681,billion passenger-km
2. PASSENGERS.xlsx,Table 2.3a-i,capital_city_motorised_passenger_travel_by_mode,Adelaide,financial_year,2002-03,Heavy rail,heavy_rail,passenger_activity,0.16444860010415996,billion passenger-km
2. PASSENGERS.xlsx,Table 2.3a-i,capital_city_motorised_passenger_travel_by_mode,Adelaide,financial_year,2002-03,Light rail,light_rail,passenger_activity,0.015357229813664598,billion passenger-km
2. PASSENGERS.xlsx,Table 2.3a-i,capital_city_motorised_passenger_travel_by_mode,Adelaide,financial_year,2002-03,Bus,bus,passenger_activity,0.6020625011978863,billion passenger-km
2. PASSENGERS.xlsx,Table 2.3a-i,capital_city_motorised_passenger_travel_by_mode,Adelaide,financial_year,2002-03,Total,total,passenger_activity,14.188145364436604,billion passenger-km
2. PASSENGERS.xlsx,Table 2.3a-i,capital_city_motorised_passenger_travel_by_mode,Adelaide,financial_year,2003-04,Passenger cars,passenger_cars,passenger_activity,12.664075179838258,billion passenger-km
2. PASSENGERS.xlsx,Table 2.3a-i,capital_city_motorised_passenger_travel_by_mode,Adelaide,financial_year,2003-04,Commercial vehicles,commercial_vehicles,passenger_activity,0.8281430769005793,billion passenger-km
2. PASSENGERS.xlsx,Table 2.3a-i,capital_city_motorised_passenger_travel_by_mode,Adelaide,financial_year,2003-04,Motor cycles,motor_cycles,passenger_activity,0.06547091796365967,billion passenger-km
2. PASSENGERS.xlsx,Table 2.3a-i,capital_city_motorised_passenger_travel_by_mode,Adelaide,financial_year,2003-04,Heavy rail,heavy_rail,passenger_activity,0.18328858329599998,billion passenger-km
2. PASSENGERS.xlsx,Table 2.3a-i,capital_city_motorised_passenger_travel_by_mode,Adelaide,financial_year,2003-04,Light rail,light_rail,passenger_activity,0.015792574850299404,billion passenger-km
2. PASSENGERS.xlsx,Table 2.3a-i,capital_city_motorised_passenger_travel_by_mode,Adelaide,financial_year,2003-04,Bus,bus,passenger_activity,0.5992542108620142,billion passenger-km
2. PASSENGERS.xlsx,Table 2.3a-i,capital_city_motorised_passenger_travel_by_mode,Adelaide,financial_year,2003-04,Total,total,passenger_activity,14.356024543710811,billion passenger-km
2. PASSENGERS.xlsx,Table 2.3a-i,capital_city_motorised_passenger_travel_by_mode,Adelaide,financial_year,2004-05,Passenger cars,passenger_cars,passenger_activity,12.40945638752281,billion passenger-km
2. PASSENGERS.xlsx,Table 2.3a-i,capital_city_motorised_passenger_travel_by_mode,Adelaide,financial_year,2004-05,Commercial vehicles,commercial_vehicles,passenger_activity,0.8260378200794656,billion passenger-km
2. PASSENGERS.xlsx,Table 2.3a-i,capital_city_motorised_passenger_travel_by_mode,Adelaide,financial_year,2004-05,Motor cycles,motor_cycles,passenger_activity,0.0700694448672608,billion passenger-km
2. PASSENGERS.xlsx,Table 2.3a-i,capital_city_motorised_passenger_travel_by_mode,Adelaide,financial_year,2004-05,Heavy rail,heavy_rail,passenger_activity,0.18452210272,billion passenger-km
2. PASSENGERS.xlsx,Table 2.3a-i,capital_city_motorised_passenger_travel_by_mode,Adelaide,financial_year,2004-05,Light rail,light_rail,passenger_activity,0.015353892215568866,billion passenger-km
2. PASSENGERS.xlsx,Table 2.3a-i,capital_city_motorised_passenger_travel_by_mode,Adelaide,financial_year,2004-05,Bus,bus,passenger_activity,0.6130292708577443,billion passenger-km
2. PASSENGERS.xlsx,Table 2.3a-i,capital_city_motorised_passenger_travel_by_mode,Adelaide,financial_year,2004-05,Total,total,passenger_activity,14.11846891826285,billion passenger-km
2. PASSENGERS.xlsx,Table 2.3a-i,capital_city_motorised_passenger_travel_by_mode,Adelaide,financial_year,2005-06,Passenger cars,passenger_cars,passenger_activity,12.171321376069473,billion passenger-km
2. PASSENGERS.xlsx,Table 2.3a-i,capital_city_motorised_passenger_travel_by_mode,Adelaide,financial_year,2005-06,Commercial vehicles,commercial_vehicles,passenger_activity,0.8379887008104926,billion passenger-km
2. PASSENGERS.xlsx,Table 2.3a-i,capital_city_motorised_passenger_travel_by_mode,Adelaide,financial_year,2005-06,Motor cycles,motor_cycles,passenger_activity,0.07583974963058013,billion passenger-km
2. PASSENGERS.xlsx,Table 2.3a-i,capital_city_motorised_passenger_travel_by_mode,Adelaide,financial_year,2005-06,Heavy rail,heavy_rail,passenger_activity,0.19208757312,billion passenger-km
2. PASSENGERS.xlsx,Table 2.3a-i,capital_city_motorised_passenger_travel_by_mode,Adelaide,financial_year,2005-06,Light rail,light_rail,passenger_activity,0.015134550898203595,billion passenger-km
2. PASSENGERS.xlsx,Table 2.3a-i,capital_city_motorised_passenger_travel_by_mode,Adelaide,financial_year,2005-06,Bus,bus,passenger_activity,0.6440536501285703,billion passenger-km
2. PASSENGERS.xlsx,Table 2.3a-i,capital_city_motorised_passenger_travel_by_mode,Adelaide,financial_year,2005-06,Total,total,passenger_activity,13.936425600657321,billion passenger-km
2. PASSENGERS.xlsx,Table 2.3a-i,capital_city_motorised_passenger_travel_by_mode,Adelaide,financial_year,2006-07,Passenger cars,passenger_cars,passenger_activity,12.255612450511894,billion passenger-km
2. PASSENGERS.xlsx,Table 2.3a-i,capital_city_motorised_passenger_travel_by_mode,Adelaide,financial_year,2006-07,Commercial vehicles,commercial_vehicles,passenger_activity,0.8649107781748793,billion passenger-km
2. PASSENGERS.xlsx,Table 2.3a-i,capital_city_motorised_passenger_travel_by_mode,Adelaide,financial_year,2006-07,Motor cycles,motor_cycles,passenger_activity,0.0829362609997007,billion passenger-km
2. PASSENGERS.xlsx,Table 2.3a-i,capital_city_motorised_passenger_travel_by_mode,Adelaide,financial_year,2006-07,Heavy rail,heavy_rail,passenger_activity,0.191322445824,billion passenger-km
2. PASSENGERS.xlsx,Table 2.3a-i,capital_city_motorised_passenger_travel_by_mode,Adelaide,financial_year,2006-07,Light rail,light_rail,passenger_activity,0.017254850299401197,billion passenger-km
2. PASSENGERS.xlsx,Table 2.3a-i,capital_city_motorised_passenger_travel_by_mode,Adelaide,financial_year,2006-07,Bus,bus,passenger_activity,0.6541768422925734,billion passenger-km
2. PASSENGERS.xlsx,Table 2.3a-i,capital_city_motorised_passenger_travel_by_mode,Adelaide,financial_year,2006-07,Total,total,passenger_activity,14.066213628102448,billion passenger-km
2. PASSENGERS.xlsx,Table 2.3a-i,capital_city_motorised_passenger_travel_by_mode,Adelaide,financial_year,2007-08,Passenger cars,passenger_cars,passenger_activity,11.914344145823048,billion passenger-km
2. PASSENGERS.xlsx,Table 2.3a-i,capital_city_motorised_passenger_travel_by_mode,Adelaide,financial_year,2007-08,Commercial vehicles,commercial_vehicles,passenger_activity,0.9117640514989176,billion passenger-km
2. PASSENGERS.xlsx,Table 2.3a-i,capital_city_motorised_passenger_travel_by_mode,Adelaide,financial_year,2007-08,Motor cycles,motor_cycles,passenger_activity,0.08917311394827457,billion passenger-km
2. PASSENGERS.xlsx,Table 2.3a-i,capital_city_motorised_passenger_travel_by_mode,Adelaide,financial_year,2007-08,Heavy rail,heavy_rail,passenger_activity,0.19287451648512002,billion passenger-km
2. PASSENGERS.xlsx,Table 2.3a-i,capital_city_motorised_passenger_travel_by_mode,Adelaide,financial_year,2007-08,Light rail,light_rail,passenger_activity,0.0203756,billion passenger-km
2. PASSENGERS.xlsx,Table 2.3a-i,capital_city_motorised_passenger_travel_by_mode,Adelaide,financial_year,2007-08,Bus,bus,passenger_activity,0.6679635660764381,billion passenger-km
2. PASSENGERS.xlsx,Table 2.3a-i,capital_city_motorised_passenger_travel_by_mode,Adelaide,financial_year,2007-08,Total,total,passenger_activity,13.796494993831796,billion passenger-km
2. PASSENGERS.xlsx,Table 2.3a-i,capital_city_motorised_passenger_travel_by_mode,Adelaide,financial_year,2008-09,Passenger cars,passenger_cars,passenger_activity,11.830745177754805,billion passenger-km
2. PASSENGERS.xlsx,Table 2.3a-i,capital_city_motorised_passenger_travel_by_mode,Adelaide,financial_year,2008-09,Commercial vehicles,commercial_vehicles,passenger_activity,0.939744515808309,billion passenger-km
2. PASSENGERS.xlsx,Table 2.3a-i,capital_city_motorised_passenger_travel_by_mode,Adelaide,financial_year,2008-09,Motor cycles,motor_cycles,passenger_activity,0.09332445991036854,billion passenger-km
2. PASSENGERS.xlsx,Table 2.3a-i,capital_city_motorised_passenger_travel_by_mode,Adelaide,financial_year,2008-09,Heavy rail,heavy_rail,passenger_activity,0.197693731390528,billion passenger-km
2. PASSENGERS.xlsx,Table 2.3a-i,capital_city_motorised_passenger_travel_by_mode,Adelaide,financial_year,2008-09,Light rail,light_rail,passenger_activity,0.021853749999999998,billion passenger-km
2. PASSENGERS.xlsx,Table 2.3a-i,capital_city_motorised_passenger_travel_by_mode,Adelaide,financial_year,2008-09,Bus,bus,passenger_activity,0.678825238964484,billion passenger-km
2. PASSENGERS.xlsx,Table 2.3a-i,capital_city_motorised_passenger_travel_by_mode,Adelaide,financial_year,2008-09,Total,total,passenger_activity,13.762186873828494,billion passenger-km
2. PASSENGERS.xlsx,Table 2.3a-i,capital_city_motorised_passenger_travel_by_mode,Adelaide,financial_year,2009-10,Passenger cars,passenger_cars,passenger_activity,11.94876820811628,billion passenger-km
2. PASSENGERS.xlsx,Table 2.3a-i,capital_city_motorised_passenger_travel_by_mode,Adelaide,financial_year,2009-10,Commercial vehicles,commercial_vehicles,passenger_activity,0.982418521930418,billion passenger-km
2. PASSENGERS.xlsx,Table 2.3a-i,capital_city_motorised_passenger_travel_by_mode,Adelaide,financial_year,2009-10,Motor cycles,motor_cycles,passenger_activity,0.09451702927091493,billion passenger-km
2. PASSENGERS.xlsx,Table 2.3a-i,capital_city_motorised_passenger_travel_by_mode,Adelaide,financial_year,2009-10,Heavy rail,heavy_rail,passenger_activity,0.19173176060999997,billion passenger-km
2. PASSENGERS.xlsx,Table 2.3a-i,capital_city_motorised_passenger_travel_by_mode,Adelaide,financial_year,2009-10,Light rail,light_rail,passenger_activity,0.025177,billion passenger-km
2. PASSENGERS.xlsx,Table 2.3a-i,capital_city_motorised_passenger_travel_by_mode,Adelaide,financial_year,2009-10,Bus,bus,passenger_activity,0.6968595150140788,billion passenger-km
2. PASSENGERS.xlsx,Table 2.3a-i,capital_city_motorised_passenger_travel_by_mode,Adelaide,financial_year,2009-10,Total,total,passenger_activity,13.93947203494169,billion passenger-km
2. PASSENGERS.xlsx,Table 2.3a-i,capital_city_motorised_passenger_travel_by_mode,Adelaide,financial_year,2010-11,Passenger cars,passenger_cars,passenger_activity,11.870114919127484,billion passenger-km
2. PASSENGERS.xlsx,Table 2.3a-i,capital_city_motorised_passenger_travel_by_mode,Adelaide,financial_year,2010-11,Commercial vehicles,commercial_vehicles,passenger_activity,1.00613991624305,billion passenger-km
2. PASSENGERS.xlsx,Table 2.3a-i,capital_city_motorised_passenger_travel_by_mode,Adelaide,financial_year,2010-11,Motor cycles,motor_cycles,passenger_activity,0.09266375685207329,billion passenger-km
2. PASSENGERS.xlsx,Table 2.3a-i,capital_city_motorised_passenger_travel_by_mode,Adelaide,financial_year,2010-11,Heavy rail,heavy_rail,passenger_activity,0.172692,billion passenger-km
2. PASSENGERS.xlsx,Table 2.3a-i,capital_city_motorised_passenger_travel_by_mode,Adelaide,financial_year,2010-11,Light rail,light_rail,passenger_activity,0.028466228000000003,billion passenger-km
2. PASSENGERS.xlsx,Table 2.3a-i,capital_city_motorised_passenger_travel_by_mode,Adelaide,financial_year,2010-11,Bus,bus,passenger_activity,0.6943103665453565,billion passenger-km
2. PASSENGERS.xlsx,Table 2.3a-i,capital_city_motorised_passenger_travel_by_mode,Adelaide,financial_year,2010-11,Total,total,passenger_activity,13.864387186767964,billion passenger-km
2. PASSENGERS.xlsx,Table 2.3a-i,capital_city_motorised_passenger_travel_by_mode,Adelaide,financial_year,2011-12,Passenger cars,passenger_cars,passenger_activity,11.792606632066962,billion passenger-km
2. PASSENGERS.xlsx,Table 2.3a-i,capital_city_motorised_passenger_travel_by_mode,Adelaide,financial_year,2011-12,Commercial vehicles,commercial_vehicles,passenger_activity,1.025234040821907,billion passenger-km
2. PASSENGERS.xlsx,Table 2.3a-i,capital_city_motorised_passenger_travel_by_mode,Adelaide,financial_year,2011-12,Motor cycles,motor_cycles,passenger_activity,0.08912251835394462,billion passenger-km
2. PASSENGERS.xlsx,Table 2.3a-i,capital_city_motorised_passenger_travel_by_mode,Adelaide,financial_year,2011-12,Heavy rail,heavy_rail,passenger_activity,0.156643,billion passenger-km
2. PASSENGERS.xlsx,Table 2.3a-i,capital_city_motorised_passenger_travel_by_mode,Adelaide,financial_year,2011-12,Light rail,light_rail,passenger_activity,0.031381167999999994,billion passenger-km
2. PASSENGERS.xlsx,Table 2.3a-i,capital_city_motorised_passenger_travel_by_mode,Adelaide,financial_year,2011-12,Bus,bus,passenger_activity,0.6895381199001872,billion passenger-km
2. PASSENGERS.xlsx,Table 2.3a-i,capital_city_motorised_passenger_travel_by_mode,Adelaide,financial_year,2011-12,Total,total,passenger_activity,13.784525479143,billion passenger-km
2. PASSENGERS.xlsx,Table 2.3a-i,capital_city_motorised_passenger_travel_by_mode,Adelaide,financial_year,2012-13,Passenger cars,passenger_cars,passenger_activity,12.07185167199011,billion passenger-km
2. PASSENGERS.xlsx,Table 2.3a-i,capital_city_motorised_passenger_travel_by_mode,Adelaide,financial_year,2012-13,Commercial vehicles,commercial_vehicles,passenger_activity,1.046056452306377,billion passenger-km
2. PASSENGERS.xlsx,Table 2.3a-i,capital_city_motorised_passenger_travel_by_mode,Adelaide,financial_year,2012-13,Motor cycles,motor_cycles,passenger_activity,0.09024282162506962,billion passenger-km
2. PASSENGERS.xlsx,Table 2.3a-i,capital_city_motorised_passenger_travel_by_mode,Adelaide,financial_year,2012-13,Heavy rail,heavy_rail,passenger_activity,0.161352,billion passenger-km
2. PASSENGERS.xlsx,Table 2.3a-i,capital_city_motorised_passenger_travel_by_mode,Adelaide,financial_year,2012-13,Light rail,light_rail,passenger_activity,0.036974335,billion passenger-km
2. PASSENGERS.xlsx,Table 2.3a-i,capital_city_motorised_passenger_travel_by_mode,Adelaide,financial_year,2012-13,Bus,bus,passenger_activity,0.6906384313880051,billion passenger-km
2. PASSENGERS.xlsx,Table 2.3a-i,capital_city_motorised_passenger_travel_by_mode,Adelaide,financial_year,2012-13,Total,total,passenger_activity,14.097115712309563,billion passenger-km
2. PASSENGERS.xlsx,Table 2.3a-i,capital_city_motorised_passenger_travel_by_mode,Adelaide,financial_year,2013-14,Passenger cars,passenger_cars,passenger_activity,12.342651021879002,billion passenger-km
2. PASSENGERS.xlsx,Table 2.3a-i,capital_city_motorised_passenger_travel_by_mode,Adelaide,financial_year,2013-14,Commercial vehicles,commercial_vehicles,passenger_activity,1.0806838931009228,billion passenger-km
2. PASSENGERS.xlsx,Table 2.3a-i,capital_city_motorised_passenger_travel_by_mode,Adelaide,financial_year,2013-14,Motor cycles,motor_cycles,passenger_activity,0.09125948420266758,billion passenger-km
2. PASSENGERS.xlsx,Table 2.3a-i,capital_city_motorised_passenger_travel_by_mode,Adelaide,financial_year,2013-14,Heavy rail,heavy_rail,passenger_activity,0.17381760000000002,billion passenger-km
2. PASSENGERS.xlsx,Table 2.3a-i,capital_city_motorised_passenger_travel_by_mode,Adelaide,financial_year,2013-14,Light rail,light_rail,passenger_activity,0.045380159999999996,billion passenger-km
2. PASSENGERS.xlsx,Table 2.3a-i,capital_city_motorised_passenger_travel_by_mode,Adelaide,financial_year,2013-14,Bus,bus,passenger_activity,0.6949910899223954,billion passenger-km
2. PASSENGERS.xlsx,Table 2.3a-i,capital_city_motorised_passenger_travel_by_mode,Adelaide,financial_year,2013-14,Total,total,passenger_activity,14.428783249104988,billion passenger-km
2. PASSENGERS.xlsx,Table 2.3a-i,capital_city_motorised_passenger_travel_by_mode,Adelaide,financial_year,2014-15,Passenger cars,passenger_cars,passenger_activity,12.458164052740784,billion passenger-km
2. PASSENGERS.xlsx,Table 2.3a-i,capital_city_motorised_passenger_travel_by_mode,Adelaide,financial_year,2014-15,Commercial vehicles,commercial_vehicles,passenger_activity,1.111091530726247,billion passenger-km
2. PASSENGERS.xlsx,Table 2.3a-i,capital_city_motorised_passenger_travel_by_mode,Adelaide,financial_year,2014-15,Motor cycles,motor_cycles,passenger_activity,0.09174730944314868,billion passenger-km
2. PASSENGERS.xlsx,Table 2.3a-i,capital_city_motorised_passenger_travel_by_mode,Adelaide,financial_year,2014-15,Heavy rail,heavy_rail,passenger_activity,0.2317848,billion passenger-km
2. PASSENGERS.xlsx,Table 2.3a-i,capital_city_motorised_passenger_travel_by_mode,Adelaide,financial_year,2014-15,Light rail,light_rail,passenger_activity,0.0455747552,billion passenger-km
2. PASSENGERS.xlsx,Table 2.3a-i,capital_city_motorised_passenger_travel_by_mode,Adelaide,financial_year,2014-15,Bus,bus,passenger_activity,0.707892590332081,billion passenger-km
2. PASSENGERS.xlsx,Table 2.3a-i,capital_city_motorised_passenger_travel_by_mode,Adelaide,financial_year,2014-15,Total,total,passenger_activity,14.646255038442261,billion passenger-km
2. PASSENGERS.xlsx,Table 2.3a-i,capital_city_motorised_passenger_travel_by_mode,Adelaide,financial_year,2015-16,Passenger cars,passenger_cars,passenger_activity,12.463528341273786,billion passenger-km
2. PASSENGERS.xlsx,Table 2.3a-i,capital_city_motorised_passenger_travel_by_mode,Adelaide,financial_year,2015-16,Commercial vehicles,commercial_vehicles,passenger_activity,1.1543661232537197,billion passenger-km
2. PASSENGERS.xlsx,Table 2.3a-i,capital_city_motorised_passenger_travel_by_mode,Adelaide,financial_year,2015-16,Motor cycles,motor_cycles,passenger_activity,0.09289490777521203,billion passenger-km
2. PASSENGERS.xlsx,Table 2.3a-i,capital_city_motorised_passenger_travel_by_mode,Adelaide,financial_year,2015-16,Heavy rail,heavy_rail,passenger_activity,0.24087564651673066,billion passenger-km
2. PASSENGERS.xlsx,Table 2.3a-i,capital_city_motorised_passenger_travel_by_mode,Adelaide,financial_year,2015-16,Light rail,light_rail,passenger_activity,0.04562096664623704,billion passenger-km
2. PASSENGERS.xlsx,Table 2.3a-i,capital_city_motorised_passenger_travel_by_mode,Adelaide,financial_year,2015-16,Bus,bus,passenger_activity,0.7022376501269422,billion passenger-km
2. PASSENGERS.xlsx,Table 2.3a-i,capital_city_motorised_passenger_travel_by_mode,Adelaide,financial_year,2015-16,Total,total,passenger_activity,14.699523635592628,billion passenger-km
2. PASSENGERS.xlsx,Table 2.3a-i,capital_city_motorised_passenger_travel_by_mode,Adelaide,financial_year,2016-17,Passenger cars,passenger_cars,passenger_activity,12.479636312407843,billion passenger-km
2. PASSENGERS.xlsx,Table 2.3a-i,capital_city_motorised_passenger_travel_by_mode,Adelaide,financial_year,2016-17,Commercial vehicles,commercial_vehicles,passenger_activity,1.1945203224395993,billion passenger-km
2. PASSENGERS.xlsx,Table 2.3a-i,capital_city_motorised_passenger_travel_by_mode,Adelaide,financial_year,2016-17,Motor cycles,motor_cycles,passenger_activity,0.09287203336254264,billion passenger-km
2. PASSENGERS.xlsx,Table 2.3a-i,capital_city_motorised_passenger_travel_by_mode,Adelaide,financial_year,2016-17,Heavy rail,heavy_rail,passenger_activity,0.24448040000000001,billion passenger-km
2. PASSENGERS.xlsx,Table 2.3a-i,capital_city_motorised_passenger_travel_by_mode,Adelaide,financial_year,2016-17,Light rail,light_rail,passenger_activity,0.04483902757999098,billion passenger-km
2. PASSENGERS.xlsx,Table 2.3a-i,capital_city_motorised_passenger_travel_by_mode,Adelaide,financial_year,2016-17,Bus,bus,passenger_activity,0.6987250951233879,billion passenger-km
2. PASSENGERS.xlsx,Table 2.3a-i,capital_city_motorised_passenger_travel_by_mode,Adelaide,financial_year,2016-17,Total,total,passenger_activity,14.755073190913365,billion passenger-km
2. PASSENGERS.xlsx,Table 2.3a-i,capital_city_motorised_passenger_travel_by_mode,Adelaide,financial_year,2017-18,Passenger cars,passenger_cars,passenger_activity,12.508447356483629,billion passenger-km
2. PASSENGERS.xlsx,Table 2.3a-i,capital_city_motorised_passenger_travel_by_mode,Adelaide,financial_year,2017-18,Commercial vehicles,commercial_vehicles,passenger_activity,1.2453043263068442,billion passenger-km
2. PASSENGERS.xlsx,Table 2.3a-i,capital_city_motorised_passenger_travel_by_mode,Adelaide,financial_year,2017-18,Motor cycles,motor_cycles,passenger_activity,0.09312730157046101,billion passenger-km
2. PASSENGERS.xlsx,Table 2.3a-i,capital_city_motorised_passenger_travel_by_mode,Adelaide,financial_year,2017-18,Heavy rail,heavy_rail,passenger_activity,0.24617699999999998,billion passenger-km
2. PASSENGERS.xlsx,Table 2.3a-i,capital_city_motorised_passenger_travel_by_mode,Adelaide,financial_year,2017-18,Light rail,light_rail,passenger_activity,0.046118227579990984,billion passenger-km
2. PASSENGERS.xlsx,Table 2.3a-i,capital_city_motorised_passenger_travel_by_mode,Adelaide,financial_year,2017-18,Bus,bus,passenger_activity,0.6979323784299787,billion passenger-km
2. PASSENGERS.xlsx,Table 2.3a-i,capital_city_motorised_passenger_travel_by_mode,Adelaide,financial_year,2017-18,Total,total,passenger_activity,14.837106590370903,billion passenger-km
2. PASSENGERS.xlsx,Table 2.3a-i,capital_city_motorised_passenger_travel_by_mode,Adelaide,financial_year,2018-19,Passenger cars,passenger_cars,passenger_activity,12.268140644213421,billion passenger-km
2. PASSENGERS.xlsx,Table 2.3a-i,capital_city_motorised_passenger_travel_by_mode,Adelaide,financial_year,2018-19,Commercial vehicles,commercial_vehicles,passenger_activity,1.257464826309119,billion passenger-km
2. PASSENGERS.xlsx,Table 2.3a-i,capital_city_motorised_passenger_travel_by_mode,Adelaide,financial_year,2018-19,Motor cycles,motor_cycles,passenger_activity,0.09190936293332759,billion passenger-km
2. PASSENGERS.xlsx,Table 2.3a-i,capital_city_motorised_passenger_travel_by_mode,Adelaide,financial_year,2018-19,Heavy rail,heavy_rail,passenger_activity,0.266101,billion passenger-km
2. PASSENGERS.xlsx,Table 2.3a-i,capital_city_motorised_passenger_travel_by_mode,Adelaide,financial_year,2018-19,Light rail,light_rail,passenger_activity,0.045551491212257766,billion passenger-km
2. PASSENGERS.xlsx,Table 2.3a-i,capital_city_motorised_passenger_travel_by_mode,Adelaide,financial_year,2018-19,Bus,bus,passenger_activity,0.697823038196405,billion passenger-km
2. PASSENGERS.xlsx,Table 2.3a-i,capital_city_motorised_passenger_travel_by_mode,Adelaide,financial_year,2018-19,Total,total,passenger_activity,14.626990362864532,billion passenger-km
2. PASSENGERS.xlsx,Table 2.3a-i,capital_city_motorised_passenger_travel_by_mode,Adelaide,financial_year,2019-20,Passenger cars,passenger_cars,passenger_activity,11.592199012107391,billion passenger-km
2. PASSENGERS.xlsx,Table 2.3a-i,capital_city_motorised_passenger_travel_by_mode,Adelaide,financial_year,2019-20,Commercial vehicles,commercial_vehicles,passenger_activity,1.2315643939830498,billion passenger-km
2. PASSENGERS.xlsx,Table 2.3a-i,capital_city_motorised_passenger_travel_by_mode,Adelaide,financial_year,2019-20,Motor cycles,motor_cycles,passenger_activity,0.07619538574680634,billion passenger-km
2. PASSENGERS.xlsx,Table 2.3a-i,capital_city_motorised_passenger_travel_by_mode,Adelaide,financial_year,2019-20,Heavy rail,heavy_rail,passenger_activity,0.22411765999999997,billion passenger-km
2. PASSENGERS.xlsx,Table 2.3a-i,capital_city_motorised_passenger_travel_by_mode,Adelaide,financial_year,2019-20,Light rail,light_rail,passenger_activity,0.03465458661559261,billion passenger-km
2. PASSENGERS.xlsx,Table 2.3a-i,capital_city_motorised_passenger_travel_by_mode,Adelaide,financial_year,2019-20,Bus,bus,passenger_activity,0.5656297584243852,billion passenger-km
2. PASSENGERS.xlsx,Table 2.3a-i,capital_city_motorised_passenger_travel_by_mode,Adelaide,financial_year,2019-20,Total,total,passenger_activity,13.724360796877226,billion passenger-km
2. PASSENGERS.xlsx,Table 2.3a-i,capital_city_motorised_passenger_travel_by_mode,Adelaide,financial_year,2020-21,Passenger cars,passenger_cars,passenger_activity,12.013604023708629,billion passenger-km
2. PASSENGERS.xlsx,Table 2.3a-i,capital_city_motorised_passenger_travel_by_mode,Adelaide,financial_year,2020-21,Commercial vehicles,commercial_vehicles,passenger_activity,1.2550182920294424,billion passenger-km
2. PASSENGERS.xlsx,Table 2.3a-i,capital_city_motorised_passenger_travel_by_mode,Adelaide,financial_year,2020-21,Motor cycles,motor_cycles,passenger_activity,0.07924320117667859,billion passenger-km
2. PASSENGERS.xlsx,Table 2.3a-i,capital_city_motorised_passenger_travel_by_mode,Adelaide,financial_year,2020-21,Heavy rail,heavy_rail,passenger_activity,0.15409420000000001,billion passenger-km
2. PASSENGERS.xlsx,Table 2.3a-i,capital_city_motorised_passenger_travel_by_mode,Adelaide,financial_year,2020-21,Light rail,light_rail,passenger_activity,0.027411768623253716,billion passenger-km
2. PASSENGERS.xlsx,Table 2.3a-i,capital_city_motorised_passenger_travel_by_mode,Adelaide,financial_year,2020-21,Bus,bus,passenger_activity,0.47753940635827674,billion passenger-km
2. PASSENGERS.xlsx,Table 2.3a-i,capital_city_motorised_passenger_travel_by_mode,Adelaide,financial_year,2020-21,Total,total,passenger_activity,14.006910891896279,billion passenger-km
2. PASSENGERS.xlsx,Table 2.3a-i,capital_city_motorised_passenger_travel_by_mode,Adelaide,financial_year,2021-22,Passenger cars,passenger_cars,passenger_activity,11.308570912322201,billion passenger-km
2. PASSENGERS.xlsx,Table 2.3a-i,capital_city_motorised_passenger_travel_by_mode,Adelaide,financial_year,2021-22,Commercial vehicles,commercial_vehicles,passenger_activity,1.2841509309754247,billion passenger-km
2. PASSENGERS.xlsx,Table 2.3a-i,capital_city_motorised_passenger_travel_by_mode,Adelaide,financial_year,2021-22,Motor cycles,motor_cycles,passenger_activity,0.08162049721197896,billion passenger-km
2. PASSENGERS.xlsx,Table 2.3a-i,capital_city_motorised_passenger_travel_by_mode,Adelaide,financial_year,2021-22,Heavy rail,heavy_rail,passenger_activity,0.13234918969999998,billion passenger-km
2. PASSENGERS.xlsx,Table 2.3a-i,capital_city_motorised_passenger_travel_by_mode,Adelaide,financial_year,2021-22,Light rail,light_rail,passenger_activity,0.025303219133393423,billion passenger-km
2. PASSENGERS.xlsx,Table 2.3a-i,capital_city_motorised_passenger_travel_by_mode,Adelaide,financial_year,2021-22,Bus,bus,passenger_activity,0.4491716207233286,billion passenger-km
2. PASSENGERS.xlsx,Table 2.3a-i,capital_city_motorised_passenger_travel_by_mode,Adelaide,financial_year,2021-22,Total,total,passenger_activity,13.281166370066327,billion passenger-km
2. PASSENGERS.xlsx,Table 2.3a-i,capital_city_motorised_passenger_travel_by_mode,Adelaide,financial_year,2022-23,Passenger cars,passenger_cars,passenger_activity,11.739134278909876,billion passenger-km
2. PASSENGERS.xlsx,Table 2.3a-i,capital_city_motorised_passenger_travel_by_mode,Adelaide,financial_year,2022-23,Commercial vehicles,commercial_vehicles,passenger_activity,1.3207675829579058,billion passenger-km
2. PASSENGERS.xlsx,Table 2.3a-i,capital_city_motorised_passenger_travel_by_mode,Adelaide,financial_year,2022-23,Motor cycles,motor_cycles,passenger_activity,0.08399891307189764,billion passenger-km
2. PASSENGERS.xlsx,Table 2.3a-i,capital_city_motorised_passenger_travel_by_mode,Adelaide,financial_year,2022-23,Heavy rail,heavy_rail,passenger_activity,0.20378699379999998,billion passenger-km
2. PASSENGERS.xlsx,Table 2.3a-i,capital_city_motorised_passenger_travel_by_mode,Adelaide,financial_year,2022-23,Light rail,light_rail,passenger_activity,0.032383794700090125,billion passenger-km
2. PASSENGERS.xlsx,Table 2.3a-i,capital_city_motorised_passenger_travel_by_mode,Adelaide,financial_year,2022-23,Bus,bus,passenger_activity,0.5346553308246234,billion passenger-km
2. PASSENGERS.xlsx,Table 2.3a-i,capital_city_motorised_passenger_travel_by_mode,Adelaide,financial_year,2022-23,Total,total,passenger_activity,13.914726894264394,billion passenger-km
2. PASSENGERS.xlsx,Table 2.3a-i,capital_city_motorised_passenger_travel_by_mode,Adelaide,financial_year,2023-24,Passenger cars,passenger_cars,passenger_activity,11.944868776362483,billion passenger-km
2. PASSENGERS.xlsx,Table 2.3a-i,capital_city_motorised_passenger_travel_by_mode,Adelaide,financial_year,2023-24,Commercial vehicles,commercial_vehicles,passenger_activity,1.3584495528255485,billion passenger-km
2. PASSENGERS.xlsx,Table 2.3a-i,capital_city_motorised_passenger_travel_by_mode,Adelaide,financial_year,2023-24,Motor cycles,motor_cycles,passenger_activity,0.08404840623028689,billion passenger-km
2. PASSENGERS.xlsx,Table 2.3a-i,capital_city_motorised_passenger_travel_by_mode,Adelaide,financial_year,2023-24,Heavy rail,heavy_rail,passenger_activity,0.20938376679999995,billion passenger-km
2. PASSENGERS.xlsx,Table 2.3a-i,capital_city_motorised_passenger_travel_by_mode,Adelaide,financial_year,2023-24,Light rail,light_rail,passenger_activity,0.041985050700090135,billion passenger-km
2. PASSENGERS.xlsx,Table 2.3a-i,capital_city_motorised_passenger_travel_by_mode,Adelaide,financial_year,2023-24,Bus,bus,passenger_activity,0.6122086273278318,billion passenger-km
2. PASSENGERS.xlsx,Table 2.3a-i,capital_city_motorised_passenger_travel_by_mode,Adelaide,financial_year,2023-24,Total,total,passenger_activity,14.250944180246242,billion passenger-km
2. PASSENGERS.xlsx,Table 2.3a-i,capital_city_motorised_passenger_travel_by_mode,Adelaide,financial_year,2024-25,Passenger cars,passenger_cars,passenger_activity,12.1014966764633,billion passenger-km
2. PASSENGERS.xlsx,Table 2.3a-i,capital_city_motorised_passenger_travel_by_mode,Adelaide,financial_year,2024-25,Commercial vehicles,commercial_vehicles,passenger_activity,1.3717151449344303,billion passenger-km
2. PASSENGERS.xlsx,Table 2.3a-i,capital_city_motorised_passenger_travel_by_mode,Adelaide,financial_year,2024-25,Motor cycles,motor_cycles,passenger_activity,0.08719342002369465,billion passenger-km
2. PASSENGERS.xlsx,Table 2.3a-i,capital_city_motorised_passenger_travel_by_mode,Adelaide,financial_year,2024-25,Heavy rail,heavy_rail,passenger_activity,0.24752840189999997,billion passenger-km
2. PASSENGERS.xlsx,Table 2.3a-i,capital_city_motorised_passenger_travel_by_mode,Adelaide,financial_year,2024-25,Light rail,light_rail,passenger_activity,0.043007855700090136,billion passenger-km
2. PASSENGERS.xlsx,Table 2.3a-i,capital_city_motorised_passenger_travel_by_mode,Adelaide,financial_year,2024-25,Bus,bus,passenger_activity,0.606024287044202,billion passenger-km
2. PASSENGERS.xlsx,Table 2.3a-i,capital_city_motorised_passenger_travel_by_mode,Adelaide,financial_year,2024-25,Total,total,passenger_activity,14.456965786065718,billion passenger-km
2. PASSENGERS.xlsx,Table 2.3a-i,capital_city_motorised_passenger_travel_by_mode,Perth,financial_year,1976-77,Passenger cars,passenger_cars,passenger_activity,8.194859276355649,billion passenger-km
2. PASSENGERS.xlsx,Table 2.3a-i,capital_city_motorised_passenger_travel_by_mode,Perth,financial_year,1976-77,Commercial vehicles,commercial_vehicles,passenger_activity,0.9185513523231249,billion passenger-km
2. PASSENGERS.xlsx,Table 2.3a-i,capital_city_motorised_passenger_travel_by_mode,Perth,financial_year,1976-77,Motor cycles,motor_cycles,passenger_activity,0.09775289851402677,billion passenger-km
2. PASSENGERS.xlsx,Table 2.3a-i,capital_city_motorised_passenger_travel_by_mode,Perth,financial_year,1976-77,Heavy rail,heavy_rail,passenger_activity,0.0915988421771979,billion passenger-km
2. PASSENGERS.xlsx,Table 2.3a-i,capital_city_motorised_passenger_travel_by_mode,Perth,financial_year,1976-77,Bus,bus,passenger_activity,0.519444569754436,billion passenger-km
2. PASSENGERS.xlsx,Table 2.3a-i,capital_city_motorised_passenger_travel_by_mode,Perth,financial_year,1976-77,Ferry,ferry,passenger_activity,0.000555528813559322,billion passenger-km
2. PASSENGERS.xlsx,Table 2.3a-i,capital_city_motorised_passenger_travel_by_mode,Perth,financial_year,1976-77,Total,total,passenger_activity,9.822762467937993,billion passenger-km
2. PASSENGERS.xlsx,Table 2.3a-i,capital_city_motorised_passenger_travel_by_mode,Perth,financial_year,1977-78,Passenger cars,passenger_cars,passenger_activity,8.610180360697312,billion passenger-km
2. PASSENGERS.xlsx,Table 2.3a-i,capital_city_motorised_passenger_travel_by_mode,Perth,financial_year,1977-78,Commercial vehicles,commercial_vehicles,passenger_activity,0.9679172446250589,billion passenger-km
2. PASSENGERS.xlsx,Table 2.3a-i,capital_city_motorised_passenger_travel_by_mode,Perth,financial_year,1977-78,Motor cycles,motor_cycles,passenger_activity,0.09773782473183727,billion passenger-km
2. PASSENGERS.xlsx,Table 2.3a-i,capital_city_motorised_passenger_travel_by_mode,Perth,financial_year,1977-78,Heavy rail,heavy_rail,passenger_activity,0.10494064934961314,billion passenger-km
2. PASSENGERS.xlsx,Table 2.3a-i,capital_city_motorised_passenger_travel_by_mode,Perth,financial_year,1977-78,Bus,bus,passenger_activity,0.5344727720638531,billion passenger-km
2. PASSENGERS.xlsx,Table 2.3a-i,capital_city_motorised_passenger_travel_by_mode,Perth,financial_year,1977-78,Ferry,ferry,passenger_activity,0.0005278500000000001,billion passenger-km
2. PASSENGERS.xlsx,Table 2.3a-i,capital_city_motorised_passenger_travel_by_mode,Perth,financial_year,1977-78,Total,total,passenger_activity,10.315776701467675,billion passenger-km
2. PASSENGERS.xlsx,Table 2.3a-i,capital_city_motorised_passenger_travel_by_mode,Perth,financial_year,1978-79,Passenger cars,passenger_cars,passenger_activity,8.858508710593956,billion passenger-km
2. PASSENGERS.xlsx,Table 2.3a-i,capital_city_motorised_passenger_travel_by_mode,Perth,financial_year,1978-79,Commercial vehicles,commercial_vehicles,passenger_activity,0.9966682008197777,billion passenger-km
2. PASSENGERS.xlsx,Table 2.3a-i,capital_city_motorised_passenger_travel_by_mode,Perth,financial_year,1978-79,Motor cycles,motor_cycles,passenger_activity,0.09902955674740747,billion passenger-km
2. PASSENGERS.xlsx,Table 2.3a-i,capital_city_motorised_passenger_travel_by_mode,Perth,financial_year,1978-79,Heavy rail,heavy_rail,passenger_activity,0.1006609561310706,billion passenger-km
2. PASSENGERS.xlsx,Table 2.3a-i,capital_city_motorised_passenger_travel_by_mode,Perth,financial_year,1978-79,Bus,bus,passenger_activity,0.5270220838796604,billion passenger-km
2. PASSENGERS.xlsx,Table 2.3a-i,capital_city_motorised_passenger_travel_by_mode,Perth,financial_year,1978-79,Ferry,ferry,passenger_activity,0.0005564596486535999,billion passenger-km
2. PASSENGERS.xlsx,Table 2.3a-i,capital_city_motorised_passenger_travel_by_mode,Perth,financial_year,1978-79,Total,total,passenger_activity,10.582445967820526,billion passenger-km
2. PASSENGERS.xlsx,Table 2.3a-i,capital_city_motorised_passenger_travel_by_mode,Perth,financial_year,1979-80,Passenger cars,passenger_cars,passenger_activity,8.878813049500055,billion passenger-km
2. PASSENGERS.xlsx,Table 2.3a-i,capital_city_motorised_passenger_travel_by_mode,Perth,financial_year,1979-80,Commercial vehicles,commercial_vehicles,passenger_activity,0.9999553068924206,billion passenger-km
2. PASSENGERS.xlsx,Table 2.3a-i,capital_city_motorised_passenger_travel_by_mode,Perth,financial_year,1979-80,Motor cycles,motor_cycles,passenger_activity,0.10721282405655119,billion passenger-km
2. PASSENGERS.xlsx,Table 2.3a-i,capital_city_motorised_passenger_travel_by_mode,Perth,financial_year,1979-80,Heavy rail,heavy_rail,passenger_activity,0.08089574645043407,billion passenger-km
2. PASSENGERS.xlsx,Table 2.3a-i,capital_city_motorised_passenger_travel_by_mode,Perth,financial_year,1979-80,Bus,bus,passenger_activity,0.5693117171843031,billion passenger-km
2. PASSENGERS.xlsx,Table 2.3a-i,capital_city_motorised_passenger_travel_by_mode,Perth,financial_year,1979-80,Ferry,ferry,passenger_activity,0.0005736697408799999,billion passenger-km
2. PASSENGERS.xlsx,Table 2.3a-i,capital_city_motorised_passenger_travel_by_mode,Perth,financial_year,1979-80,Total,total,passenger_activity,10.636762313824645,billion passenger-km
2. PASSENGERS.xlsx,Table 2.3a-i,capital_city_motorised_passenger_travel_by_mode,Perth,financial_year,1980-81,Passenger cars,passenger_cars,passenger_activity,8.954001207877202,billion passenger-km
2. PASSENGERS.xlsx,Table 2.3a-i,capital_city_motorised_passenger_travel_by_mode,Perth,financial_year,1980-81,Commercial vehicles,commercial_vehicles,passenger_activity,1.0187109838636408,billion passenger-km
2. PASSENGERS.xlsx,Table 2.3a-i,capital_city_motorised_passenger_travel_by_mode,Perth,financial_year,1980-81,Motor cycles,motor_cycles,passenger_activity,0.11436839343267634,billion passenger-km
2. PASSENGERS.xlsx,Table 2.3a-i,capital_city_motorised_passenger_travel_by_mode,Perth,financial_year,1980-81,Heavy rail,heavy_rail,passenger_activity,0.07285562911569744,billion passenger-km
2. PASSENGERS.xlsx,Table 2.3a-i,capital_city_motorised_passenger_travel_by_mode,Perth,financial_year,1980-81,Bus,bus,passenger_activity,0.5836182264709955,billion passenger-km
2. PASSENGERS.xlsx,Table 2.3a-i,capital_city_motorised_passenger_travel_by_mode,Perth,financial_year,1980-81,Ferry,ferry,passenger_activity,0.0005914121039999998,billion passenger-km
2. PASSENGERS.xlsx,Table 2.3a-i,capital_city_motorised_passenger_travel_by_mode,Perth,financial_year,1980-81,Total,total,passenger_activity,10.744145852864213,billion passenger-km
2. PASSENGERS.xlsx,Table 2.3a-i,capital_city_motorised_passenger_travel_by_mode,Perth,financial_year,1981-82,Passenger cars,passenger_cars,passenger_activity,9.446891578982454,billion passenger-km
2. PASSENGERS.xlsx,Table 2.3a-i,capital_city_motorised_passenger_travel_by_mode,Perth,financial_year,1981-82,Commercial vehicles,commercial_vehicles,passenger_activity,1.0309450782950622,billion passenger-km
2. PASSENGERS.xlsx,Table 2.3a-i,capital_city_motorised_passenger_travel_by_mode,Perth,financial_year,1981-82,Motor cycles,motor_cycles,passenger_activity,0.12651197586243604,billion passenger-km
2. PASSENGERS.xlsx,Table 2.3a-i,capital_city_motorised_passenger_travel_by_mode,Perth,financial_year,1981-82,Heavy rail,heavy_rail,passenger_activity,0.06933525881031147,billion passenger-km
2. PASSENGERS.xlsx,Table 2.3a-i,capital_city_motorised_passenger_travel_by_mode,Perth,financial_year,1981-82,Bus,bus,passenger_activity,0.5548997214208402,billion passenger-km
2. PASSENGERS.xlsx,Table 2.3a-i,capital_city_motorised_passenger_travel_by_mode,Perth,financial_year,1981-82,Ferry,ferry,passenger_activity,0.0006097031999999999,billion passenger-km
2. PASSENGERS.xlsx,Table 2.3a-i,capital_city_motorised_passenger_travel_by_mode,Perth,financial_year,1981-82,Total,total,passenger_activity,11.229193316571104,billion passenger-km
2. PASSENGERS.xlsx,Table 2.3a-i,capital_city_motorised_passenger_travel_by_mode,Perth,financial_year,1982-83,Passenger cars,passenger_cars,passenger_activity,9.533784448870547,billion passenger-km
2. PASSENGERS.xlsx,Table 2.3a-i,capital_city_motorised_passenger_travel_by_mode,Perth,financial_year,1982-83,Commercial vehicles,commercial_vehicles,passenger_activity,0.9929060139980254,billion passenger-km
2. PASSENGERS.xlsx,Table 2.3a-i,capital_city_motorised_passenger_travel_by_mode,Perth,financial_year,1982-83,Motor cycles,motor_cycles,passenger_activity,0.13067014822550332,billion passenger-km
2. PASSENGERS.xlsx,Table 2.3a-i,capital_city_motorised_passenger_travel_by_mode,Perth,financial_year,1982-83,Heavy rail,heavy_rail,passenger_activity,0.0791994355477392,billion passenger-km
2. PASSENGERS.xlsx,Table 2.3a-i,capital_city_motorised_passenger_travel_by_mode,Perth,financial_year,1982-83,Bus,bus,passenger_activity,0.5590755301224539,billion passenger-km
2. PASSENGERS.xlsx,Table 2.3a-i,capital_city_motorised_passenger_travel_by_mode,Perth,financial_year,1982-83,Ferry,ferry,passenger_activity,0.00062856,billion passenger-km
2. PASSENGERS.xlsx,Table 2.3a-i,capital_city_motorised_passenger_travel_by_mode,Perth,financial_year,1982-83,Total,total,passenger_activity,11.296264136764268,billion passenger-km
2. PASSENGERS.xlsx,Table 2.3a-i,capital_city_motorised_passenger_travel_by_mode,Perth,financial_year,1983-84,Passenger cars,passenger_cars,passenger_activity,10.151399167188536,billion passenger-km
2. PASSENGERS.xlsx,Table 2.3a-i,capital_city_motorised_passenger_travel_by_mode,Perth,financial_year,1983-84,Commercial vehicles,commercial_vehicles,passenger_activity,1.040006703153635,billion passenger-km
2. PASSENGERS.xlsx,Table 2.3a-i,capital_city_motorised_passenger_travel_by_mode,Perth,financial_year,1983-84,Motor cycles,motor_cycles,passenger_activity,0.13611460029514538,billion passenger-km
2. PASSENGERS.xlsx,Table 2.3a-i,capital_city_motorised_passenger_travel_by_mode,Perth,financial_year,1983-84,Heavy rail,heavy_rail,passenger_activity,0.10522277804262821,billion passenger-km
2. PASSENGERS.xlsx,Table 2.3a-i,capital_city_motorised_passenger_travel_by_mode,Perth,financial_year,1983-84,Bus,bus,passenger_activity,0.4832171743931379,billion passenger-km
2. PASSENGERS.xlsx,Table 2.3a-i,capital_city_motorised_passenger_travel_by_mode,Perth,financial_year,1983-84,Ferry,ferry,passenger_activity,0.000648,billion passenger-km
2. PASSENGERS.xlsx,Table 2.3a-i,capital_city_motorised_passenger_travel_by_mode,Perth,financial_year,1983-84,Total,total,passenger_activity,11.916608423073084,billion passenger-km
2. PASSENGERS.xlsx,Table 2.3a-i,capital_city_motorised_passenger_travel_by_mode,Perth,financial_year,1984-85,Passenger cars,passenger_cars,passenger_activity,10.516043904086976,billion passenger-km
2. PASSENGERS.xlsx,Table 2.3a-i,capital_city_motorised_passenger_travel_by_mode,Perth,financial_year,1984-85,Commercial vehicles,commercial_vehicles,passenger_activity,1.0649796681248263,billion passenger-km
2. PASSENGERS.xlsx,Table 2.3a-i,capital_city_motorised_passenger_travel_by_mode,Perth,financial_year,1984-85,Motor cycles,motor_cycles,passenger_activity,0.13966256231140733,billion passenger-km
2. PASSENGERS.xlsx,Table 2.3a-i,capital_city_motorised_passenger_travel_by_mode,Perth,financial_year,1984-85,Heavy rail,heavy_rail,passenger_activity,0.10620974684214239,billion passenger-km
2. PASSENGERS.xlsx,Table 2.3a-i,capital_city_motorised_passenger_travel_by_mode,Perth,financial_year,1984-85,Bus,bus,passenger_activity,0.469119997448484,billion passenger-km
2. PASSENGERS.xlsx,Table 2.3a-i,capital_city_motorised_passenger_travel_by_mode,Perth,financial_year,1984-85,Ferry,ferry,passenger_activity,0.0006120000000000001,billion passenger-km
2. PASSENGERS.xlsx,Table 2.3a-i,capital_city_motorised_passenger_travel_by_mode,Perth,financial_year,1984-85,Total,total,passenger_activity,12.296627878813835,billion passenger-km
2. PASSENGERS.xlsx,Table 2.3a-i,capital_city_motorised_passenger_travel_by_mode,Perth,financial_year,1985-86,Passenger cars,passenger_cars,passenger_activity,10.904903873167052,billion passenger-km
2. PASSENGERS.xlsx,Table 2.3a-i,capital_city_motorised_passenger_travel_by_mode,Perth,financial_year,1985-86,Commercial vehicles,commercial_vehicles,passenger_activity,1.0660400556144172,billion passenger-km
2. PASSENGERS.xlsx,Table 2.3a-i,capital_city_motorised_passenger_travel_by_mode,Perth,financial_year,1985-86,Motor cycles,motor_cycles,passenger_activity,0.1338384689674238,billion passenger-km
2. PASSENGERS.xlsx,Table 2.3a-i,capital_city_motorised_passenger_travel_by_mode,Perth,financial_year,1985-86,Heavy rail,heavy_rail,passenger_activity,0.12011166480000002,billion passenger-km
2. PASSENGERS.xlsx,Table 2.3a-i,capital_city_motorised_passenger_travel_by_mode,Perth,financial_year,1985-86,Bus,bus,passenger_activity,0.5058245381145868,billion passenger-km
2. PASSENGERS.xlsx,Table 2.3a-i,capital_city_motorised_passenger_travel_by_mode,Perth,financial_year,1985-86,Ferry,ferry,passenger_activity,0.000684,billion passenger-km
2. PASSENGERS.xlsx,Table 2.3a-i,capital_city_motorised_passenger_travel_by_mode,Perth,financial_year,1985-86,Total,total,passenger_activity,12.731402600663479,billion passenger-km
2. PASSENGERS.xlsx,Table 2.3a-i,capital_city_motorised_passenger_travel_by_mode,Perth,financial_year,1986-87,Passenger cars,passenger_cars,passenger_activity,11.188023239566009,billion passenger-km
2. PASSENGERS.xlsx,Table 2.3a-i,capital_city_motorised_passenger_travel_by_mode,Perth,financial_year,1986-87,Commercial vehicles,commercial_vehicles,passenger_activity,1.0625242864076252,billion passenger-km
2. PASSENGERS.xlsx,Table 2.3a-i,capital_city_motorised_passenger_travel_by_mode,Perth,financial_year,1986-87,Motor cycles,motor_cycles,passenger_activity,0.13358042742354792,billion passenger-km
2. PASSENGERS.xlsx,Table 2.3a-i,capital_city_motorised_passenger_travel_by_mode,Perth,financial_year,1986-87,Heavy rail,heavy_rail,passenger_activity,0.11931538948591268,billion passenger-km
2. PASSENGERS.xlsx,Table 2.3a-i,capital_city_motorised_passenger_travel_by_mode,Perth,financial_year,1986-87,Bus,bus,passenger_activity,0.5230611499323409,billion passenger-km
2. PASSENGERS.xlsx,Table 2.3a-i,capital_city_motorised_passenger_travel_by_mode,Perth,financial_year,1986-87,Ferry,ferry,passenger_activity,0.000756,billion passenger-km
2. PASSENGERS.xlsx,Table 2.3a-i,capital_city_motorised_passenger_travel_by_mode,Perth,financial_year,1986-87,Total,total,passenger_activity,13.027260492815435,billion passenger-km
2. PASSENGERS.xlsx,Table 2.3a-i,capital_city_motorised_passenger_travel_by_mode,Perth,financial_year,1987-88,Passenger cars,passenger_cars,passenger_activity,11.78084184094387,billion passenger-km
2. PASSENGERS.xlsx,Table 2.3a-i,capital_city_motorised_passenger_travel_by_mode,Perth,financial_year,1987-88,Commercial vehicles,commercial_vehicles,passenger_activity,1.097047005428343,billion passenger-km
2. PASSENGERS.xlsx,Table 2.3a-i,capital_city_motorised_passenger_travel_by_mode,Perth,financial_year,1987-88,Motor cycles,motor_cycles,passenger_activity,0.13494073450940963,billion passenger-km
2. PASSENGERS.xlsx,Table 2.3a-i,capital_city_motorised_passenger_travel_by_mode,Perth,financial_year,1987-88,Heavy rail,heavy_rail,passenger_activity,0.11692462916468777,billion passenger-km
2. PASSENGERS.xlsx,Table 2.3a-i,capital_city_motorised_passenger_travel_by_mode,Perth,financial_year,1987-88,Bus,bus,passenger_activity,0.518144263763723,billion passenger-km
2. PASSENGERS.xlsx,Table 2.3a-i,capital_city_motorised_passenger_travel_by_mode,Perth,financial_year,1987-88,Ferry,ferry,passenger_activity,0.0008280000000000002,billion passenger-km
2. PASSENGERS.xlsx,Table 2.3a-i,capital_city_motorised_passenger_travel_by_mode,Perth,financial_year,1987-88,Total,total,passenger_activity,13.648726473810033,billion passenger-km
2. PASSENGERS.xlsx,Table 2.3a-i,capital_city_motorised_passenger_travel_by_mode,Perth,financial_year,1988-89,Passenger cars,passenger_cars,passenger_activity,12.362279609219586,billion passenger-km
2. PASSENGERS.xlsx,Table 2.3a-i,capital_city_motorised_passenger_travel_by_mode,Perth,financial_year,1988-89,Commercial vehicles,commercial_vehicles,passenger_activity,1.1616641370233953,billion passenger-km
2. PASSENGERS.xlsx,Table 2.3a-i,capital_city_motorised_passenger_travel_by_mode,Perth,financial_year,1988-89,Motor cycles,motor_cycles,passenger_activity,0.14248446894498185,billion passenger-km
2. PASSENGERS.xlsx,Table 2.3a-i,capital_city_motorised_passenger_travel_by_mode,Perth,financial_year,1988-89,Heavy rail,heavy_rail,passenger_activity,0.10968962279315093,billion passenger-km
2. PASSENGERS.xlsx,Table 2.3a-i,capital_city_motorised_passenger_travel_by_mode,Perth,financial_year,1988-89,Bus,bus,passenger_activity,0.552745614265021,billion passenger-km
2. PASSENGERS.xlsx,Table 2.3a-i,capital_city_motorised_passenger_travel_by_mode,Perth,financial_year,1988-89,Ferry,ferry,passenger_activity,0.000798,billion passenger-km
2. PASSENGERS.xlsx,Table 2.3a-i,capital_city_motorised_passenger_travel_by_mode,Perth,financial_year,1988-89,Total,total,passenger_activity,14.329661452246135,billion passenger-km
2. PASSENGERS.xlsx,Table 2.3a-i,capital_city_motorised_passenger_travel_by_mode,Perth,financial_year,1989-90,Passenger cars,passenger_cars,passenger_activity,12.733051043841012,billion passenger-km
2. PASSENGERS.xlsx,Table 2.3a-i,capital_city_motorised_passenger_travel_by_mode,Perth,financial_year,1989-90,Commercial vehicles,commercial_vehicles,passenger_activity,1.1880583137412077,billion passenger-km
2. PASSENGERS.xlsx,Table 2.3a-i,capital_city_motorised_passenger_travel_by_mode,Perth,financial_year,1989-90,Motor cycles,motor_cycles,passenger_activity,0.12729914594247432,billion passenger-km
2. PASSENGERS.xlsx,Table 2.3a-i,capital_city_motorised_passenger_travel_by_mode,Perth,financial_year,1989-90,Heavy rail,heavy_rail,passenger_activity,0.10518305753341754,billion passenger-km
2. PASSENGERS.xlsx,Table 2.3a-i,capital_city_motorised_passenger_travel_by_mode,Perth,financial_year,1989-90,Bus,bus,passenger_activity,0.5855574676065189,billion passenger-km
2. PASSENGERS.xlsx,Table 2.3a-i,capital_city_motorised_passenger_travel_by_mode,Perth,financial_year,1989-90,Ferry,ferry,passenger_activity,0.000768,billion passenger-km
2. PASSENGERS.xlsx,Table 2.3a-i,capital_city_motorised_passenger_travel_by_mode,Perth,financial_year,1989-90,Total,total,passenger_activity,14.739917028664632,billion passenger-km
2. PASSENGERS.xlsx,Table 2.3a-i,capital_city_motorised_passenger_travel_by_mode,Perth,financial_year,1990-91,Passenger cars,passenger_cars,passenger_activity,12.654805665664123,billion passenger-km
2. PASSENGERS.xlsx,Table 2.3a-i,capital_city_motorised_passenger_travel_by_mode,Perth,financial_year,1990-91,Commercial vehicles,commercial_vehicles,passenger_activity,1.1529458449907197,billion passenger-km
2. PASSENGERS.xlsx,Table 2.3a-i,capital_city_motorised_passenger_travel_by_mode,Perth,financial_year,1990-91,Motor cycles,motor_cycles,passenger_activity,0.1115789454546551,billion passenger-km
2. PASSENGERS.xlsx,Table 2.3a-i,capital_city_motorised_passenger_travel_by_mode,Perth,financial_year,1990-91,Heavy rail,heavy_rail,passenger_activity,0.09498118708741915,billion passenger-km
2. PASSENGERS.xlsx,Table 2.3a-i,capital_city_motorised_passenger_travel_by_mode,Perth,financial_year,1990-91,Bus,bus,passenger_activity,0.5628140715380043,billion passenger-km
2. PASSENGERS.xlsx,Table 2.3a-i,capital_city_motorised_passenger_travel_by_mode,Perth,financial_year,1990-91,Ferry,ferry,passenger_activity,0.0007379999999999999,billion passenger-km
2. PASSENGERS.xlsx,Table 2.3a-i,capital_city_motorised_passenger_travel_by_mode,Perth,financial_year,1990-91,Total,total,passenger_activity,14.577863714734923,billion passenger-km
2. PASSENGERS.xlsx,Table 2.3a-i,capital_city_motorised_passenger_travel_by_mode,Perth,financial_year,1991-92,Passenger cars,passenger_cars,passenger_activity,12.85031925084905,billion passenger-km
2. PASSENGERS.xlsx,Table 2.3a-i,capital_city_motorised_passenger_travel_by_mode,Perth,financial_year,1991-92,Commercial vehicles,commercial_vehicles,passenger_activity,1.1654937486398829,billion passenger-km
2. PASSENGERS.xlsx,Table 2.3a-i,capital_city_motorised_passenger_travel_by_mode,Perth,financial_year,1991-92,Motor cycles,motor_cycles,passenger_activity,0.10626859586811965,billion passenger-km
2. PASSENGERS.xlsx,Table 2.3a-i,capital_city_motorised_passenger_travel_by_mode,Perth,financial_year,1991-92,Heavy rail,heavy_rail,passenger_activity,0.12176605316177096,billion passenger-km
2. PASSENGERS.xlsx,Table 2.3a-i,capital_city_motorised_passenger_travel_by_mode,Perth,financial_year,1991-92,Bus,bus,passenger_activity,0.5454940874676734,billion passenger-km
2. PASSENGERS.xlsx,Table 2.3a-i,capital_city_motorised_passenger_travel_by_mode,Perth,financial_year,1991-92,Ferry,ferry,passenger_activity,0.000702,billion passenger-km
2. PASSENGERS.xlsx,Table 2.3a-i,capital_city_motorised_passenger_travel_by_mode,Perth,financial_year,1991-92,Total,total,passenger_activity,14.790043735986497,billion passenger-km
2. PASSENGERS.xlsx,Table 2.3a-i,capital_city_motorised_passenger_travel_by_mode,Perth,financial_year,1992-93,Passenger cars,passenger_cars,passenger_activity,13.311271668068692,billion passenger-km
2. PASSENGERS.xlsx,Table 2.3a-i,capital_city_motorised_passenger_travel_by_mode,Perth,financial_year,1992-93,Commercial vehicles,commercial_vehicles,passenger_activity,1.216334329591863,billion passenger-km
2. PASSENGERS.xlsx,Table 2.3a-i,capital_city_motorised_passenger_travel_by_mode,Perth,financial_year,1992-93,Motor cycles,motor_cycles,passenger_activity,0.10127761592088515,billion passenger-km
2. PASSENGERS.xlsx,Table 2.3a-i,capital_city_motorised_passenger_travel_by_mode,Perth,financial_year,1992-93,Heavy rail,heavy_rail,passenger_activity,0.17454814860562642,billion passenger-km
2. PASSENGERS.xlsx,Table 2.3a-i,capital_city_motorised_passenger_travel_by_mode,Perth,financial_year,1992-93,Bus,bus,passenger_activity,0.5336370083047317,billion passenger-km
2. PASSENGERS.xlsx,Table 2.3a-i,capital_city_motorised_passenger_travel_by_mode,Perth,financial_year,1992-93,Ferry,ferry,passenger_activity,0.000666,billion passenger-km
2. PASSENGERS.xlsx,Table 2.3a-i,capital_city_motorised_passenger_travel_by_mode,Perth,financial_year,1992-93,Total,total,passenger_activity,15.3377347704918,billion passenger-km
2. PASSENGERS.xlsx,Table 2.3a-i,capital_city_motorised_passenger_travel_by_mode,Perth,financial_year,1993-94,Passenger cars,passenger_cars,passenger_activity,14.059377093756837,billion passenger-km
2. PASSENGERS.xlsx,Table 2.3a-i,capital_city_motorised_passenger_travel_by_mode,Perth,financial_year,1993-94,Commercial vehicles,commercial_vehicles,passenger_activity,1.2976740714158643,billion passenger-km
2. PASSENGERS.xlsx,Table 2.3a-i,capital_city_motorised_passenger_travel_by_mode,Perth,financial_year,1993-94,Motor cycles,motor_cycles,passenger_activity,0.09469142047924355,billion passenger-km
2. PASSENGERS.xlsx,Table 2.3a-i,capital_city_motorised_passenger_travel_by_mode,Perth,financial_year,1993-94,Heavy rail,heavy_rail,passenger_activity,0.2957563040188379,billion passenger-km
2. PASSENGERS.xlsx,Table 2.3a-i,capital_city_motorised_passenger_travel_by_mode,Perth,financial_year,1993-94,Bus,bus,passenger_activity,0.5317704459779464,billion passenger-km
2. PASSENGERS.xlsx,Table 2.3a-i,capital_city_motorised_passenger_travel_by_mode,Perth,financial_year,1993-94,Ferry,ferry,passenger_activity,0.00063,billion passenger-km
2. PASSENGERS.xlsx,Table 2.3a-i,capital_city_motorised_passenger_travel_by_mode,Perth,financial_year,1993-94,Total,total,passenger_activity,16.27989933564873,billion passenger-km
2. PASSENGERS.xlsx,Table 2.3a-i,capital_city_motorised_passenger_travel_by_mode,Perth,financial_year,1994-95,Passenger cars,passenger_cars,passenger_activity,14.956618985252506,billion passenger-km
2. PASSENGERS.xlsx,Table 2.3a-i,capital_city_motorised_passenger_travel_by_mode,Perth,financial_year,1994-95,Commercial vehicles,commercial_vehicles,passenger_activity,1.4104261766433988,billion passenger-km
2. PASSENGERS.xlsx,Table 2.3a-i,capital_city_motorised_passenger_travel_by_mode,Perth,financial_year,1994-95,Motor cycles,motor_cycles,passenger_activity,0.08997755812420415,billion passenger-km
2. PASSENGERS.xlsx,Table 2.3a-i,capital_city_motorised_passenger_travel_by_mode,Perth,financial_year,1994-95,Heavy rail,heavy_rail,passenger_activity,0.30371069063358985,billion passenger-km
2. PASSENGERS.xlsx,Table 2.3a-i,capital_city_motorised_passenger_travel_by_mode,Perth,financial_year,1994-95,Bus,bus,passenger_activity,0.5499291879934781,billion passenger-km
2. PASSENGERS.xlsx,Table 2.3a-i,capital_city_motorised_passenger_travel_by_mode,Perth,financial_year,1994-95,Ferry,ferry,passenger_activity,0.0005940000000000001,billion passenger-km
2. PASSENGERS.xlsx,Table 2.3a-i,capital_city_motorised_passenger_travel_by_mode,Perth,financial_year,1994-95,Total,total,passenger_activity,17.311256598647176,billion passenger-km
2. PASSENGERS.xlsx,Table 2.3a-i,capital_city_motorised_passenger_travel_by_mode,Perth,financial_year,1995-96,Passenger cars,passenger_cars,passenger_activity,15.277088325614336,billion passenger-km
2. PASSENGERS.xlsx,Table 2.3a-i,capital_city_motorised_passenger_travel_by_mode,Perth,financial_year,1995-96,Commercial vehicles,commercial_vehicles,passenger_activity,1.4851498763198352,billion passenger-km
2. PASSENGERS.xlsx,Table 2.3a-i,capital_city_motorised_passenger_travel_by_mode,Perth,financial_year,1995-96,Motor cycles,motor_cycles,passenger_activity,0.08686699459005177,billion passenger-km
2. PASSENGERS.xlsx,Table 2.3a-i,capital_city_motorised_passenger_travel_by_mode,Perth,financial_year,1995-96,Heavy rail,heavy_rail,passenger_activity,0.33904587719226015,billion passenger-km
2. PASSENGERS.xlsx,Table 2.3a-i,capital_city_motorised_passenger_travel_by_mode,Perth,financial_year,1995-96,Bus,bus,passenger_activity,0.5468596301554223,billion passenger-km
2. PASSENGERS.xlsx,Table 2.3a-i,capital_city_motorised_passenger_travel_by_mode,Perth,financial_year,1995-96,Ferry,ferry,passenger_activity,0.000648,billion passenger-km
2. PASSENGERS.xlsx,Table 2.3a-i,capital_city_motorised_passenger_travel_by_mode,Perth,financial_year,1995-96,Total,total,passenger_activity,17.735658703871906,billion passenger-km
2. PASSENGERS.xlsx,Table 2.3a-i,capital_city_motorised_passenger_travel_by_mode,Perth,financial_year,1996-97,Passenger cars,passenger_cars,passenger_activity,15.4442297255184,billion passenger-km
2. PASSENGERS.xlsx,Table 2.3a-i,capital_city_motorised_passenger_travel_by_mode,Perth,financial_year,1996-97,Commercial vehicles,commercial_vehicles,passenger_activity,1.487116235457759,billion passenger-km
2. PASSENGERS.xlsx,Table 2.3a-i,capital_city_motorised_passenger_travel_by_mode,Perth,financial_year,1996-97,Motor cycles,motor_cycles,passenger_activity,0.08559669736198001,billion passenger-km
2. PASSENGERS.xlsx,Table 2.3a-i,capital_city_motorised_passenger_travel_by_mode,Perth,financial_year,1996-97,Heavy rail,heavy_rail,passenger_activity,0.3811783152983683,billion passenger-km
2. PASSENGERS.xlsx,Table 2.3a-i,capital_city_motorised_passenger_travel_by_mode,Perth,financial_year,1996-97,Bus,bus,passenger_activity,0.5437287666931865,billion passenger-km
2. PASSENGERS.xlsx,Table 2.3a-i,capital_city_motorised_passenger_travel_by_mode,Perth,financial_year,1996-97,Ferry,ferry,passenger_activity,0.0007560000000000002,billion passenger-km
2. PASSENGERS.xlsx,Table 2.3a-i,capital_city_motorised_passenger_travel_by_mode,Perth,financial_year,1996-97,Total,total,passenger_activity,17.94260574032969,billion passenger-km
2. PASSENGERS.xlsx,Table 2.3a-i,capital_city_motorised_passenger_travel_by_mode,Perth,financial_year,1997-98,Passenger cars,passenger_cars,passenger_activity,15.65953612446942,billion passenger-km
2. PASSENGERS.xlsx,Table 2.3a-i,capital_city_motorised_passenger_travel_by_mode,Perth,financial_year,1997-98,Commercial vehicles,commercial_vehicles,passenger_activity,1.5142708004240741,billion passenger-km
2. PASSENGERS.xlsx,Table 2.3a-i,capital_city_motorised_passenger_travel_by_mode,Perth,financial_year,1997-98,Motor cycles,motor_cycles,passenger_activity,0.08147375314279062,billion passenger-km
2. PASSENGERS.xlsx,Table 2.3a-i,capital_city_motorised_passenger_travel_by_mode,Perth,financial_year,1997-98,Heavy rail,heavy_rail,passenger_activity,0.3850080016242677,billion passenger-km
2. PASSENGERS.xlsx,Table 2.3a-i,capital_city_motorised_passenger_travel_by_mode,Perth,financial_year,1997-98,Bus,bus,passenger_activity,0.5623730428312552,billion passenger-km
2. PASSENGERS.xlsx,Table 2.3a-i,capital_city_motorised_passenger_travel_by_mode,Perth,financial_year,1997-98,Ferry,ferry,passenger_activity,0.0008640000000000001,billion passenger-km
2. PASSENGERS.xlsx,Table 2.3a-i,capital_city_motorised_passenger_travel_by_mode,Perth,financial_year,1997-98,Total,total,passenger_activity,18.203525722491808,billion passenger-km
2. PASSENGERS.xlsx,Table 2.3a-i,capital_city_motorised_passenger_travel_by_mode,Perth,financial_year,1998-99,Passenger cars,passenger_cars,passenger_activity,16.08483203859243,billion passenger-km
2. PASSENGERS.xlsx,Table 2.3a-i,capital_city_motorised_passenger_travel_by_mode,Perth,financial_year,1998-99,Commercial vehicles,commercial_vehicles,passenger_activity,1.5092636967768303,billion passenger-km
2. PASSENGERS.xlsx,Table 2.3a-i,capital_city_motorised_passenger_travel_by_mode,Perth,financial_year,1998-99,Motor cycles,motor_cycles,passenger_activity,0.07938492450069072,billion passenger-km
2. PASSENGERS.xlsx,Table 2.3a-i,capital_city_motorised_passenger_travel_by_mode,Perth,financial_year,1998-99,Heavy rail,heavy_rail,passenger_activity,0.38205428953271253,billion passenger-km
2. PASSENGERS.xlsx,Table 2.3a-i,capital_city_motorised_passenger_travel_by_mode,Perth,financial_year,1998-99,Bus,bus,passenger_activity,0.5563394474838002,billion passenger-km
2. PASSENGERS.xlsx,Table 2.3a-i,capital_city_motorised_passenger_travel_by_mode,Perth,financial_year,1998-99,Ferry,ferry,passenger_activity,0.0007017857142857144,billion passenger-km
2. PASSENGERS.xlsx,Table 2.3a-i,capital_city_motorised_passenger_travel_by_mode,Perth,financial_year,1998-99,Total,total,passenger_activity,18.612576182600748,billion passenger-km
2. PASSENGERS.xlsx,Table 2.3a-i,capital_city_motorised_passenger_travel_by_mode,Perth,financial_year,1999-00,Passenger cars,passenger_cars,passenger_activity,16.3124240901735,billion passenger-km
2. PASSENGERS.xlsx,Table 2.3a-i,capital_city_motorised_passenger_travel_by_mode,Perth,financial_year,1999-00,Commercial vehicles,commercial_vehicles,passenger_activity,1.5195240871166995,billion passenger-km
2. PASSENGERS.xlsx,Table 2.3a-i,capital_city_motorised_passenger_travel_by_mode,Perth,financial_year,1999-00,Motor cycles,motor_cycles,passenger_activity,0.08157366699603859,billion passenger-km
2. PASSENGERS.xlsx,Table 2.3a-i,capital_city_motorised_passenger_travel_by_mode,Perth,financial_year,1999-00,Heavy rail,heavy_rail,passenger_activity,0.3911561711362859,billion passenger-km
2. PASSENGERS.xlsx,Table 2.3a-i,capital_city_motorised_passenger_travel_by_mode,Perth,financial_year,1999-00,Bus,bus,passenger_activity,0.5811264487278226,billion passenger-km
2. PASSENGERS.xlsx,Table 2.3a-i,capital_city_motorised_passenger_travel_by_mode,Perth,financial_year,1999-00,Ferry,ferry,passenger_activity,0.00072,billion passenger-km
2. PASSENGERS.xlsx,Table 2.3a-i,capital_city_motorised_passenger_travel_by_mode,Perth,financial_year,1999-00,Total,total,passenger_activity,18.886524464150348,billion passenger-km
2. PASSENGERS.xlsx,Table 2.3a-i,capital_city_motorised_passenger_travel_by_mode,Perth,financial_year,2000-01,Passenger cars,passenger_cars,passenger_activity,16.113285464883536,billion passenger-km
2. PASSENGERS.xlsx,Table 2.3a-i,capital_city_motorised_passenger_travel_by_mode,Perth,financial_year,2000-01,Commercial vehicles,commercial_vehicles,passenger_activity,1.5194036333295107,billion passenger-km
2. PASSENGERS.xlsx,Table 2.3a-i,capital_city_motorised_passenger_travel_by_mode,Perth,financial_year,2000-01,Motor cycles,motor_cycles,passenger_activity,0.08608337058887101,billion passenger-km
2. PASSENGERS.xlsx,Table 2.3a-i,capital_city_motorised_passenger_travel_by_mode,Perth,financial_year,2000-01,Heavy rail,heavy_rail,passenger_activity,0.4149384663413721,billion passenger-km
2. PASSENGERS.xlsx,Table 2.3a-i,capital_city_motorised_passenger_travel_by_mode,Perth,financial_year,2000-01,Bus,bus,passenger_activity,0.6072244085560812,billion passenger-km
2. PASSENGERS.xlsx,Table 2.3a-i,capital_city_motorised_passenger_travel_by_mode,Perth,financial_year,2000-01,Ferry,ferry,passenger_activity,0.0007560000000000002,billion passenger-km
2. PASSENGERS.xlsx,Table 2.3a-i,capital_city_motorised_passenger_travel_by_mode,Perth,financial_year,2000-01,Total,total,passenger_activity,18.74169134369937,billion passenger-km
2. PASSENGERS.xlsx,Table 2.3a-i,capital_city_motorised_passenger_travel_by_mode,Perth,financial_year,2001-02,Passenger cars,passenger_cars,passenger_activity,16.444653776205673,billion passenger-km
2. PASSENGERS.xlsx,Table 2.3a-i,capital_city_motorised_passenger_travel_by_mode,Perth,financial_year,2001-02,Commercial vehicles,commercial_vehicles,passenger_activity,1.5759655662521812,billion passenger-km
2. PASSENGERS.xlsx,Table 2.3a-i,capital_city_motorised_passenger_travel_by_mode,Perth,financial_year,2001-02,Motor cycles,motor_cycles,passenger_activity,0.09201119271325085,billion passenger-km
2. PASSENGERS.xlsx,Table 2.3a-i,capital_city_motorised_passenger_travel_by_mode,Perth,financial_year,2001-02,Heavy rail,heavy_rail,passenger_activity,0.41351544019077824,billion passenger-km
2. PASSENGERS.xlsx,Table 2.3a-i,capital_city_motorised_passenger_travel_by_mode,Perth,financial_year,2001-02,Bus,bus,passenger_activity,0.6231724963033383,billion passenger-km
2. PASSENGERS.xlsx,Table 2.3a-i,capital_city_motorised_passenger_travel_by_mode,Perth,financial_year,2001-02,Ferry,ferry,passenger_activity,0.0006773092105263159,billion passenger-km
2. PASSENGERS.xlsx,Table 2.3a-i,capital_city_motorised_passenger_travel_by_mode,Perth,financial_year,2001-02,Total,total,passenger_activity,19.149995780875752,billion passenger-km
2. PASSENGERS.xlsx,Table 2.3a-i,capital_city_motorised_passenger_travel_by_mode,Perth,financial_year,2002-03,Passenger cars,passenger_cars,passenger_activity,16.885706430923975,billion passenger-km
2. PASSENGERS.xlsx,Table 2.3a-i,capital_city_motorised_passenger_travel_by_mode,Perth,financial_year,2002-03,Commercial vehicles,commercial_vehicles,passenger_activity,1.6197439400132578,billion passenger-km
2. PASSENGERS.xlsx,Table 2.3a-i,capital_city_motorised_passenger_travel_by_mode,Perth,financial_year,2002-03,Motor cycles,motor_cycles,passenger_activity,0.09340463742627789,billion passenger-km
2. PASSENGERS.xlsx,Table 2.3a-i,capital_city_motorised_passenger_travel_by_mode,Perth,financial_year,2002-03,Heavy rail,heavy_rail,passenger_activity,0.4201076766598841,billion passenger-km
2. PASSENGERS.xlsx,Table 2.3a-i,capital_city_motorised_passenger_travel_by_mode,Perth,financial_year,2002-03,Bus,bus,passenger_activity,0.6397173110891925,billion passenger-km
2. PASSENGERS.xlsx,Table 2.3a-i,capital_city_motorised_passenger_travel_by_mode,Perth,financial_year,2002-03,Ferry,ferry,passenger_activity,0.0006442697368421053,billion passenger-km
2. PASSENGERS.xlsx,Table 2.3a-i,capital_city_motorised_passenger_travel_by_mode,Perth,financial_year,2002-03,Total,total,passenger_activity,19.65932426584943,billion passenger-km
2. PASSENGERS.xlsx,Table 2.3a-i,capital_city_motorised_passenger_travel_by_mode,Perth,financial_year,2003-04,Passenger cars,passenger_cars,passenger_activity,17.741458469799362,billion passenger-km
2. PASSENGERS.xlsx,Table 2.3a-i,capital_city_motorised_passenger_travel_by_mode,Perth,financial_year,2003-04,Commercial vehicles,commercial_vehicles,passenger_activity,1.6827221180225176,billion passenger-km
2. PASSENGERS.xlsx,Table 2.3a-i,capital_city_motorised_passenger_travel_by_mode,Perth,financial_year,2003-04,Motor cycles,motor_cycles,passenger_activity,0.10028171706947595,billion passenger-km
2. PASSENGERS.xlsx,Table 2.3a-i,capital_city_motorised_passenger_travel_by_mode,Perth,financial_year,2003-04,Heavy rail,heavy_rail,passenger_activity,0.41734219077562934,billion passenger-km
2. PASSENGERS.xlsx,Table 2.3a-i,capital_city_motorised_passenger_travel_by_mode,Perth,financial_year,2003-04,Bus,bus,passenger_activity,0.6591233814250642,billion passenger-km
2. PASSENGERS.xlsx,Table 2.3a-i,capital_city_motorised_passenger_travel_by_mode,Perth,financial_year,2003-04,Ferry,ferry,passenger_activity,0.00062775,billion passenger-km
2. PASSENGERS.xlsx,Table 2.3a-i,capital_city_motorised_passenger_travel_by_mode,Perth,financial_year,2003-04,Total,total,passenger_activity,20.601555627092047,billion passenger-km
2. PASSENGERS.xlsx,Table 2.3a-i,capital_city_motorised_passenger_travel_by_mode,Perth,financial_year,2004-05,Passenger cars,passenger_cars,passenger_activity,18.020959301510242,billion passenger-km
2. PASSENGERS.xlsx,Table 2.3a-i,capital_city_motorised_passenger_travel_by_mode,Perth,financial_year,2004-05,Commercial vehicles,commercial_vehicles,passenger_activity,1.6967902806770088,billion passenger-km
2. PASSENGERS.xlsx,Table 2.3a-i,capital_city_motorised_passenger_travel_by_mode,Perth,financial_year,2004-05,Motor cycles,motor_cycles,passenger_activity,0.1102201297396065,billion passenger-km
2. PASSENGERS.xlsx,Table 2.3a-i,capital_city_motorised_passenger_travel_by_mode,Perth,financial_year,2004-05,Heavy rail,heavy_rail,passenger_activity,0.44012961116650057,billion passenger-km
2. PASSENGERS.xlsx,Table 2.3a-i,capital_city_motorised_passenger_travel_by_mode,Perth,financial_year,2004-05,Bus,bus,passenger_activity,0.6788211625932379,billion passenger-km
2. PASSENGERS.xlsx,Table 2.3a-i,capital_city_motorised_passenger_travel_by_mode,Perth,financial_year,2004-05,Ferry,ferry,passenger_activity,0.0006210000000000001,billion passenger-km
2. PASSENGERS.xlsx,Table 2.3a-i,capital_city_motorised_passenger_travel_by_mode,Perth,financial_year,2004-05,Total,total,passenger_activity,20.947541485686596,billion passenger-km
2. PASSENGERS.xlsx,Table 2.3a-i,capital_city_motorised_passenger_travel_by_mode,Perth,financial_year,2005-06,Passenger cars,passenger_cars,passenger_activity,17.67565299160433,billion passenger-km
2. PASSENGERS.xlsx,Table 2.3a-i,capital_city_motorised_passenger_travel_by_mode,Perth,financial_year,2005-06,Commercial vehicles,commercial_vehicles,passenger_activity,1.7422654703192675,billion passenger-km
2. PASSENGERS.xlsx,Table 2.3a-i,capital_city_motorised_passenger_travel_by_mode,Perth,financial_year,2005-06,Motor cycles,motor_cycles,passenger_activity,0.12241655831483608,billion passenger-km
2. PASSENGERS.xlsx,Table 2.3a-i,capital_city_motorised_passenger_travel_by_mode,Perth,financial_year,2005-06,Heavy rail,heavy_rail,passenger_activity,0.46035000000000004,billion passenger-km
2. PASSENGERS.xlsx,Table 2.3a-i,capital_city_motorised_passenger_travel_by_mode,Perth,financial_year,2005-06,Bus,bus,passenger_activity,0.6967740195252274,billion passenger-km
2. PASSENGERS.xlsx,Table 2.3a-i,capital_city_motorised_passenger_travel_by_mode,Perth,financial_year,2005-06,Ferry,ferry,passenger_activity,0.0006777,billion passenger-km
2. PASSENGERS.xlsx,Table 2.3a-i,capital_city_motorised_passenger_travel_by_mode,Perth,financial_year,2005-06,Total,total,passenger_activity,20.698136739763665,billion passenger-km
2. PASSENGERS.xlsx,Table 2.3a-i,capital_city_motorised_passenger_travel_by_mode,Perth,financial_year,2006-07,Passenger cars,passenger_cars,passenger_activity,18.083176113521652,billion passenger-km
2. PASSENGERS.xlsx,Table 2.3a-i,capital_city_motorised_passenger_travel_by_mode,Perth,financial_year,2006-07,Commercial vehicles,commercial_vehicles,passenger_activity,1.8209997206290855,billion passenger-km
2. PASSENGERS.xlsx,Table 2.3a-i,capital_city_motorised_passenger_travel_by_mode,Perth,financial_year,2006-07,Motor cycles,motor_cycles,passenger_activity,0.13726701718624323,billion passenger-km
2. PASSENGERS.xlsx,Table 2.3a-i,capital_city_motorised_passenger_travel_by_mode,Perth,financial_year,2006-07,Heavy rail,heavy_rail,passenger_activity,0.49928445,billion passenger-km
2. PASSENGERS.xlsx,Table 2.3a-i,capital_city_motorised_passenger_travel_by_mode,Perth,financial_year,2006-07,Bus,bus,passenger_activity,0.6999033464079871,billion passenger-km
2. PASSENGERS.xlsx,Table 2.3a-i,capital_city_motorised_passenger_travel_by_mode,Perth,financial_year,2006-07,Ferry,ferry,passenger_activity,0.0007357500000000001,billion passenger-km
2. PASSENGERS.xlsx,Table 2.3a-i,capital_city_motorised_passenger_travel_by_mode,Perth,financial_year,2006-07,Total,total,passenger_activity,21.24136639774497,billion passenger-km
2. PASSENGERS.xlsx,Table 2.3a-i,capital_city_motorised_passenger_travel_by_mode,Perth,financial_year,2007-08,Passenger cars,passenger_cars,passenger_activity,18.17831483840812,billion passenger-km
2. PASSENGERS.xlsx,Table 2.3a-i,capital_city_motorised_passenger_travel_by_mode,Perth,financial_year,2007-08,Commercial vehicles,commercial_vehicles,passenger_activity,1.9262699849921952,billion passenger-km
2. PASSENGERS.xlsx,Table 2.3a-i,capital_city_motorised_passenger_travel_by_mode,Perth,financial_year,2007-08,Motor cycles,motor_cycles,passenger_activity,0.14904325850958533,billion passenger-km
2. PASSENGERS.xlsx,Table 2.3a-i,capital_city_motorised_passenger_travel_by_mode,Perth,financial_year,2007-08,Heavy rail,heavy_rail,passenger_activity,0.66092,billion passenger-km
2. PASSENGERS.xlsx,Table 2.3a-i,capital_city_motorised_passenger_travel_by_mode,Perth,financial_year,2007-08,Bus,bus,passenger_activity,0.6639428287370205,billion passenger-km
2. PASSENGERS.xlsx,Table 2.3a-i,capital_city_motorised_passenger_travel_by_mode,Perth,financial_year,2007-08,Ferry,ferry,passenger_activity,0.0006264,billion passenger-km
2. PASSENGERS.xlsx,Table 2.3a-i,capital_city_motorised_passenger_travel_by_mode,Perth,financial_year,2007-08,Total,total,passenger_activity,21.579117310646925,billion passenger-km
2. PASSENGERS.xlsx,Table 2.3a-i,capital_city_motorised_passenger_travel_by_mode,Perth,financial_year,2008-09,Passenger cars,passenger_cars,passenger_activity,18.68737121260526,billion passenger-km
2. PASSENGERS.xlsx,Table 2.3a-i,capital_city_motorised_passenger_travel_by_mode,Perth,financial_year,2008-09,Commercial vehicles,commercial_vehicles,passenger_activity,1.997100768884209,billion passenger-km
2. PASSENGERS.xlsx,Table 2.3a-i,capital_city_motorised_passenger_travel_by_mode,Perth,financial_year,2008-09,Motor cycles,motor_cycles,passenger_activity,0.16052085628252075,billion passenger-km
2. PASSENGERS.xlsx,Table 2.3a-i,capital_city_motorised_passenger_travel_by_mode,Perth,financial_year,2008-09,Heavy rail,heavy_rail,passenger_activity,0.8650500000000001,billion passenger-km
2. PASSENGERS.xlsx,Table 2.3a-i,capital_city_motorised_passenger_travel_by_mode,Perth,financial_year,2008-09,Bus,bus,passenger_activity,0.6876626950189954,billion passenger-km
2. PASSENGERS.xlsx,Table 2.3a-i,capital_city_motorised_passenger_travel_by_mode,Perth,financial_year,2008-09,Ferry,ferry,passenger_activity,0.0006533999999999999,billion passenger-km
2. PASSENGERS.xlsx,Table 2.3a-i,capital_city_motorised_passenger_travel_by_mode,Perth,financial_year,2008-09,Total,total,passenger_activity,22.398358932790988,billion passenger-km
2. PASSENGERS.xlsx,Table 2.3a-i,capital_city_motorised_passenger_travel_by_mode,Perth,financial_year,2009-10,Passenger cars,passenger_cars,passenger_activity,18.561361022735305,billion passenger-km
2. PASSENGERS.xlsx,Table 2.3a-i,capital_city_motorised_passenger_travel_by_mode,Perth,financial_year,2009-10,Commercial vehicles,commercial_vehicles,passenger_activity,2.096418797687362,billion passenger-km
2. PASSENGERS.xlsx,Table 2.3a-i,capital_city_motorised_passenger_travel_by_mode,Perth,financial_year,2009-10,Motor cycles,motor_cycles,passenger_activity,0.16320243157443423,billion passenger-km
2. PASSENGERS.xlsx,Table 2.3a-i,capital_city_motorised_passenger_travel_by_mode,Perth,financial_year,2009-10,Heavy rail,heavy_rail,passenger_activity,0.8969031,billion passenger-km
2. PASSENGERS.xlsx,Table 2.3a-i,capital_city_motorised_passenger_travel_by_mode,Perth,financial_year,2009-10,Bus,bus,passenger_activity,0.6920586497335472,billion passenger-km
2. PASSENGERS.xlsx,Table 2.3a-i,capital_city_motorised_passenger_travel_by_mode,Perth,financial_year,2009-10,Ferry,ferry,passenger_activity,0.0006264,billion passenger-km
2. PASSENGERS.xlsx,Table 2.3a-i,capital_city_motorised_passenger_travel_by_mode,Perth,financial_year,2009-10,Total,total,passenger_activity,22.41057040173065,billion passenger-km
2. PASSENGERS.xlsx,Table 2.3a-i,capital_city_motorised_passenger_travel_by_mode,Perth,financial_year,2010-11,Passenger cars,passenger_cars,passenger_activity,18.780556009827745,billion passenger-km
2. PASSENGERS.xlsx,Table 2.3a-i,capital_city_motorised_passenger_travel_by_mode,Perth,financial_year,2010-11,Commercial vehicles,commercial_vehicles,passenger_activity,2.1583866825541773,billion passenger-km
2. PASSENGERS.xlsx,Table 2.3a-i,capital_city_motorised_passenger_travel_by_mode,Perth,financial_year,2010-11,Motor cycles,motor_cycles,passenger_activity,0.16133747926207404,billion passenger-km
2. PASSENGERS.xlsx,Table 2.3a-i,capital_city_motorised_passenger_travel_by_mode,Perth,financial_year,2010-11,Heavy rail,heavy_rail,passenger_activity,0.9448314,billion passenger-km
2. PASSENGERS.xlsx,Table 2.3a-i,capital_city_motorised_passenger_travel_by_mode,Perth,financial_year,2010-11,Bus,bus,passenger_activity,0.7154534363993308,billion passenger-km
2. PASSENGERS.xlsx,Table 2.3a-i,capital_city_motorised_passenger_travel_by_mode,Perth,financial_year,2010-11,Ferry,ferry,passenger_activity,0.0006364224,billion passenger-km
2. PASSENGERS.xlsx,Table 2.3a-i,capital_city_motorised_passenger_travel_by_mode,Perth,financial_year,2010-11,Total,total,passenger_activity,22.76120143044332,billion passenger-km
2. PASSENGERS.xlsx,Table 2.3a-i,capital_city_motorised_passenger_travel_by_mode,Perth,financial_year,2011-12,Passenger cars,passenger_cars,passenger_activity,19.1647294103496,billion passenger-km
2. PASSENGERS.xlsx,Table 2.3a-i,capital_city_motorised_passenger_travel_by_mode,Perth,financial_year,2011-12,Commercial vehicles,commercial_vehicles,passenger_activity,2.244111757047072,billion passenger-km
2. PASSENGERS.xlsx,Table 2.3a-i,capital_city_motorised_passenger_travel_by_mode,Perth,financial_year,2011-12,Motor cycles,motor_cycles,passenger_activity,0.15670928484721589,billion passenger-km
2. PASSENGERS.xlsx,Table 2.3a-i,capital_city_motorised_passenger_travel_by_mode,Perth,financial_year,2011-12,Heavy rail,heavy_rail,passenger_activity,1.0179345,billion passenger-km
2. PASSENGERS.xlsx,Table 2.3a-i,capital_city_motorised_passenger_travel_by_mode,Perth,financial_year,2011-12,Bus,bus,passenger_activity,0.7611039121304349,billion passenger-km
2. PASSENGERS.xlsx,Table 2.3a-i,capital_city_motorised_passenger_travel_by_mode,Perth,financial_year,2011-12,Ferry,ferry,passenger_activity,0.0006399,billion passenger-km
2. PASSENGERS.xlsx,Table 2.3a-i,capital_city_motorised_passenger_travel_by_mode,Perth,financial_year,2011-12,Total,total,passenger_activity,23.345228764374323,billion passenger-km
2. PASSENGERS.xlsx,Table 2.3a-i,capital_city_motorised_passenger_travel_by_mode,Perth,financial_year,2012-13,Passenger cars,passenger_cars,passenger_activity,19.503660584095307,billion passenger-km
2. PASSENGERS.xlsx,Table 2.3a-i,capital_city_motorised_passenger_travel_by_mode,Perth,financial_year,2012-13,Commercial vehicles,commercial_vehicles,passenger_activity,2.320038533995894,billion passenger-km
2. PASSENGERS.xlsx,Table 2.3a-i,capital_city_motorised_passenger_travel_by_mode,Perth,financial_year,2012-13,Motor cycles,motor_cycles,passenger_activity,0.1604775276545259,billion passenger-km
2. PASSENGERS.xlsx,Table 2.3a-i,capital_city_motorised_passenger_travel_by_mode,Perth,financial_year,2012-13,Heavy rail,heavy_rail,passenger_activity,1.0641618,billion passenger-km
2. PASSENGERS.xlsx,Table 2.3a-i,capital_city_motorised_passenger_travel_by_mode,Perth,financial_year,2012-13,Bus,bus,passenger_activity,0.7916728195849205,billion passenger-km
2. PASSENGERS.xlsx,Table 2.3a-i,capital_city_motorised_passenger_travel_by_mode,Perth,financial_year,2012-13,Ferry,ferry,passenger_activity,0.00062775,billion passenger-km
2. PASSENGERS.xlsx,Table 2.3a-i,capital_city_motorised_passenger_travel_by_mode,Perth,financial_year,2012-13,Total,total,passenger_activity,23.840639015330648,billion passenger-km
2. PASSENGERS.xlsx,Table 2.3a-i,capital_city_motorised_passenger_travel_by_mode,Perth,financial_year,2013-14,Passenger cars,passenger_cars,passenger_activity,19.9169983969836,billion passenger-km
2. PASSENGERS.xlsx,Table 2.3a-i,capital_city_motorised_passenger_travel_by_mode,Perth,financial_year,2013-14,Commercial vehicles,commercial_vehicles,passenger_activity,2.3975192064161632,billion passenger-km
2. PASSENGERS.xlsx,Table 2.3a-i,capital_city_motorised_passenger_travel_by_mode,Perth,financial_year,2013-14,Motor cycles,motor_cycles,passenger_activity,0.16624363602775682,billion passenger-km
2. PASSENGERS.xlsx,Table 2.3a-i,capital_city_motorised_passenger_travel_by_mode,Perth,financial_year,2013-14,Heavy rail,heavy_rail,passenger_activity,1.0285703999999998,billion passenger-km
2. PASSENGERS.xlsx,Table 2.3a-i,capital_city_motorised_passenger_travel_by_mode,Perth,financial_year,2013-14,Bus,bus,passenger_activity,0.8115516895847636,billion passenger-km
2. PASSENGERS.xlsx,Table 2.3a-i,capital_city_motorised_passenger_travel_by_mode,Perth,financial_year,2013-14,Ferry,ferry,passenger_activity,0.0005872500000000001,billion passenger-km
2. PASSENGERS.xlsx,Table 2.3a-i,capital_city_motorised_passenger_travel_by_mode,Perth,financial_year,2013-14,Total,total,passenger_activity,24.321470579012285,billion passenger-km
2. PASSENGERS.xlsx,Table 2.3a-i,capital_city_motorised_passenger_travel_by_mode,Perth,financial_year,2014-15,Passenger cars,passenger_cars,passenger_activity,20.182710436106085,billion passenger-km
2. PASSENGERS.xlsx,Table 2.3a-i,capital_city_motorised_passenger_travel_by_mode,Perth,financial_year,2014-15,Commercial vehicles,commercial_vehicles,passenger_activity,2.505693522234012,billion passenger-km
2. PASSENGERS.xlsx,Table 2.3a-i,capital_city_motorised_passenger_travel_by_mode,Perth,financial_year,2014-15,Motor cycles,motor_cycles,passenger_activity,0.16956850874831197,billion passenger-km
2. PASSENGERS.xlsx,Table 2.3a-i,capital_city_motorised_passenger_travel_by_mode,Perth,financial_year,2014-15,Heavy rail,heavy_rail,passenger_activity,1.045647225,billion passenger-km
2. PASSENGERS.xlsx,Table 2.3a-i,capital_city_motorised_passenger_travel_by_mode,Perth,financial_year,2014-15,Bus,bus,passenger_activity,0.8021540206445105,billion passenger-km
2. PASSENGERS.xlsx,Table 2.3a-i,capital_city_motorised_passenger_travel_by_mode,Perth,financial_year,2014-15,Ferry,ferry,passenger_activity,0.0005319000000000001,billion passenger-km
2. PASSENGERS.xlsx,Table 2.3a-i,capital_city_motorised_passenger_travel_by_mode,Perth,financial_year,2014-15,Total,total,passenger_activity,24.70630561273292,billion passenger-km
2. PASSENGERS.xlsx,Table 2.3a-i,capital_city_motorised_passenger_travel_by_mode,Perth,financial_year,2015-16,Passenger cars,passenger_cars,passenger_activity,20.444083668204016,billion passenger-km
2. PASSENGERS.xlsx,Table 2.3a-i,capital_city_motorised_passenger_travel_by_mode,Perth,financial_year,2015-16,Commercial vehicles,commercial_vehicles,passenger_activity,2.6133269804645787,billion passenger-km
2. PASSENGERS.xlsx,Table 2.3a-i,capital_city_motorised_passenger_travel_by_mode,Perth,financial_year,2015-16,Motor cycles,motor_cycles,passenger_activity,0.1712641938357951,billion passenger-km
2. PASSENGERS.xlsx,Table 2.3a-i,capital_city_motorised_passenger_travel_by_mode,Perth,financial_year,2015-16,Heavy rail,heavy_rail,passenger_activity,1.0199200864859999,billion passenger-km
2. PASSENGERS.xlsx,Table 2.3a-i,capital_city_motorised_passenger_travel_by_mode,Perth,financial_year,2015-16,Bus,bus,passenger_activity,0.780025939387671,billion passenger-km
2. PASSENGERS.xlsx,Table 2.3a-i,capital_city_motorised_passenger_travel_by_mode,Perth,financial_year,2015-16,Ferry,ferry,passenger_activity,0.0008058474000000001,billion passenger-km
2. PASSENGERS.xlsx,Table 2.3a-i,capital_city_motorised_passenger_travel_by_mode,Perth,financial_year,2015-16,Total,total,passenger_activity,25.029426715778058,billion passenger-km
2. PASSENGERS.xlsx,Table 2.3a-i,capital_city_motorised_passenger_travel_by_mode,Perth,financial_year,2016-17,Passenger cars,passenger_cars,passenger_activity,20.515250052547568,billion passenger-km
2. PASSENGERS.xlsx,Table 2.3a-i,capital_city_motorised_passenger_travel_by_mode,Perth,financial_year,2016-17,Commercial vehicles,commercial_vehicles,passenger_activity,2.655949873695671,billion passenger-km
2. PASSENGERS.xlsx,Table 2.3a-i,capital_city_motorised_passenger_travel_by_mode,Perth,financial_year,2016-17,Motor cycles,motor_cycles,passenger_activity,0.17107751586451408,billion passenger-km
2. PASSENGERS.xlsx,Table 2.3a-i,capital_city_motorised_passenger_travel_by_mode,Perth,financial_year,2016-17,Heavy rail,heavy_rail,passenger_activity,0.978359431257,billion passenger-km
2. PASSENGERS.xlsx,Table 2.3a-i,capital_city_motorised_passenger_travel_by_mode,Perth,financial_year,2016-17,Bus,bus,passenger_activity,0.758153374919051,billion passenger-km
2. PASSENGERS.xlsx,Table 2.3a-i,capital_city_motorised_passenger_travel_by_mode,Perth,financial_year,2016-17,Ferry,ferry,passenger_activity,0.00100963935,billion passenger-km
2. PASSENGERS.xlsx,Table 2.3a-i,capital_city_motorised_passenger_travel_by_mode,Perth,financial_year,2016-17,Total,total,passenger_activity,25.079799887633804,billion passenger-km
2. PASSENGERS.xlsx,Table 2.3a-i,capital_city_motorised_passenger_travel_by_mode,Perth,financial_year,2017-18,Passenger cars,passenger_cars,passenger_activity,20.474716670846487,billion passenger-km
2. PASSENGERS.xlsx,Table 2.3a-i,capital_city_motorised_passenger_travel_by_mode,Perth,financial_year,2017-18,Commercial vehicles,commercial_vehicles,passenger_activity,2.722482066488658,billion passenger-km
2. PASSENGERS.xlsx,Table 2.3a-i,capital_city_motorised_passenger_travel_by_mode,Perth,financial_year,2017-18,Motor cycles,motor_cycles,passenger_activity,0.17039320580105602,billion passenger-km
2. PASSENGERS.xlsx,Table 2.3a-i,capital_city_motorised_passenger_travel_by_mode,Perth,financial_year,2017-18,Heavy rail,heavy_rail,passenger_activity,0.9866286,billion passenger-km
2. PASSENGERS.xlsx,Table 2.3a-i,capital_city_motorised_passenger_travel_by_mode,Perth,financial_year,2017-18,Bus,bus,passenger_activity,0.7553110268560191,billion passenger-km
2. PASSENGERS.xlsx,Table 2.3a-i,capital_city_motorised_passenger_travel_by_mode,Perth,financial_year,2017-18,Ferry,ferry,passenger_activity,0.0009531,billion passenger-km
2. PASSENGERS.xlsx,Table 2.3a-i,capital_city_motorised_passenger_travel_by_mode,Perth,financial_year,2017-18,Total,total,passenger_activity,25.11048466999222,billion passenger-km
2. PASSENGERS.xlsx,Table 2.3a-i,capital_city_motorised_passenger_travel_by_mode,Perth,financial_year,2018-19,Passenger cars,passenger_cars,passenger_activity,20.436871992390543,billion passenger-km
2. PASSENGERS.xlsx,Table 2.3a-i,capital_city_motorised_passenger_travel_by_mode,Perth,financial_year,2018-19,Commercial vehicles,commercial_vehicles,passenger_activity,2.7430782481466016,billion passenger-km
2. PASSENGERS.xlsx,Table 2.3a-i,capital_city_motorised_passenger_travel_by_mode,Perth,financial_year,2018-19,Motor cycles,motor_cycles,passenger_activity,0.16785257154659397,billion passenger-km
2. PASSENGERS.xlsx,Table 2.3a-i,capital_city_motorised_passenger_travel_by_mode,Perth,financial_year,2018-19,Heavy rail,heavy_rail,passenger_activity,1.0069424036999997,billion passenger-km
2. PASSENGERS.xlsx,Table 2.3a-i,capital_city_motorised_passenger_travel_by_mode,Perth,financial_year,2018-19,Bus,bus,passenger_activity,0.7557715227333712,billion passenger-km
2. PASSENGERS.xlsx,Table 2.3a-i,capital_city_motorised_passenger_travel_by_mode,Perth,financial_year,2018-19,Ferry,ferry,passenger_activity,0.0008748000000000001,billion passenger-km
2. PASSENGERS.xlsx,Table 2.3a-i,capital_city_motorised_passenger_travel_by_mode,Perth,financial_year,2018-19,Total,total,passenger_activity,25.111391538517108,billion passenger-km
2. PASSENGERS.xlsx,Table 2.3a-i,capital_city_motorised_passenger_travel_by_mode,Perth,financial_year,2019-20,Passenger cars,passenger_cars,passenger_activity,19.619007125395004,billion passenger-km
2. PASSENGERS.xlsx,Table 2.3a-i,capital_city_motorised_passenger_travel_by_mode,Perth,financial_year,2019-20,Commercial vehicles,commercial_vehicles,passenger_activity,2.7048421543140186,billion passenger-km
2. PASSENGERS.xlsx,Table 2.3a-i,capital_city_motorised_passenger_travel_by_mode,Perth,financial_year,2019-20,Motor cycles,motor_cycles,passenger_activity,0.15152296669693568,billion passenger-km
2. PASSENGERS.xlsx,Table 2.3a-i,capital_city_motorised_passenger_travel_by_mode,Perth,financial_year,2019-20,Heavy rail,heavy_rail,passenger_activity,0.8106674111000001,billion passenger-km
2. PASSENGERS.xlsx,Table 2.3a-i,capital_city_motorised_passenger_travel_by_mode,Perth,financial_year,2019-20,Bus,bus,passenger_activity,0.6251137100504867,billion passenger-km
2. PASSENGERS.xlsx,Table 2.3a-i,capital_city_motorised_passenger_travel_by_mode,Perth,financial_year,2019-20,Ferry,ferry,passenger_activity,0.0007577617500000002,billion passenger-km
2. PASSENGERS.xlsx,Table 2.3a-i,capital_city_motorised_passenger_travel_by_mode,Perth,financial_year,2019-20,Total,total,passenger_activity,23.911911129306443,billion passenger-km
2. PASSENGERS.xlsx,Table 2.3a-i,capital_city_motorised_passenger_travel_by_mode,Perth,financial_year,2020-21,Passenger cars,passenger_cars,passenger_activity,20.527708384508266,billion passenger-km
2. PASSENGERS.xlsx,Table 2.3a-i,capital_city_motorised_passenger_travel_by_mode,Perth,financial_year,2020-21,Commercial vehicles,commercial_vehicles,passenger_activity,2.7740018373102693,billion passenger-km
2. PASSENGERS.xlsx,Table 2.3a-i,capital_city_motorised_passenger_travel_by_mode,Perth,financial_year,2020-21,Motor cycles,motor_cycles,passenger_activity,0.1590991150317825,billion passenger-km
2. PASSENGERS.xlsx,Table 2.3a-i,capital_city_motorised_passenger_travel_by_mode,Perth,financial_year,2020-21,Heavy rail,heavy_rail,passenger_activity,0.6987247962500001,billion passenger-km
2. PASSENGERS.xlsx,Table 2.3a-i,capital_city_motorised_passenger_travel_by_mode,Perth,financial_year,2020-21,Bus,bus,passenger_activity,0.5294364599334653,billion passenger-km
2. PASSENGERS.xlsx,Table 2.3a-i,capital_city_motorised_passenger_travel_by_mode,Perth,financial_year,2020-21,Ferry,ferry,passenger_activity,0.0007528356000000001,billion passenger-km
2. PASSENGERS.xlsx,Table 2.3a-i,capital_city_motorised_passenger_travel_by_mode,Perth,financial_year,2020-21,Total,total,passenger_activity,24.689723428633783,billion passenger-km
2. PASSENGERS.xlsx,Table 2.3a-i,capital_city_motorised_passenger_travel_by_mode,Perth,financial_year,2021-22,Passenger cars,passenger_cars,passenger_activity,20.404481133579672,billion passenger-km
2. PASSENGERS.xlsx,Table 2.3a-i,capital_city_motorised_passenger_travel_by_mode,Perth,financial_year,2021-22,Commercial vehicles,commercial_vehicles,passenger_activity,2.8505078147997045,billion passenger-km
2. PASSENGERS.xlsx,Table 2.3a-i,capital_city_motorised_passenger_travel_by_mode,Perth,financial_year,2021-22,Motor cycles,motor_cycles,passenger_activity,0.16387208848273596,billion passenger-km
2. PASSENGERS.xlsx,Table 2.3a-i,capital_city_motorised_passenger_travel_by_mode,Perth,financial_year,2021-22,Heavy rail,heavy_rail,passenger_activity,0.6951705475,billion passenger-km
2. PASSENGERS.xlsx,Table 2.3a-i,capital_city_motorised_passenger_travel_by_mode,Perth,financial_year,2021-22,Bus,bus,passenger_activity,0.529458355601669,billion passenger-km
2. PASSENGERS.xlsx,Table 2.3a-i,capital_city_motorised_passenger_travel_by_mode,Perth,financial_year,2021-22,Ferry,ferry,passenger_activity,0.0007187157000000001,billion passenger-km
2. PASSENGERS.xlsx,Table 2.3a-i,capital_city_motorised_passenger_travel_by_mode,Perth,financial_year,2021-22,Total,total,passenger_activity,24.644208655663782,billion passenger-km
2. PASSENGERS.xlsx,Table 2.3a-i,capital_city_motorised_passenger_travel_by_mode,Perth,financial_year,2022-23,Passenger cars,passenger_cars,passenger_activity,21.263144183485263,billion passenger-km
2. PASSENGERS.xlsx,Table 2.3a-i,capital_city_motorised_passenger_travel_by_mode,Perth,financial_year,2022-23,Commercial vehicles,commercial_vehicles,passenger_activity,2.954863696877727,billion passenger-km
2. PASSENGERS.xlsx,Table 2.3a-i,capital_city_motorised_passenger_travel_by_mode,Perth,financial_year,2022-23,Motor cycles,motor_cycles,passenger_activity,0.16883608682669798,billion passenger-km
2. PASSENGERS.xlsx,Table 2.3a-i,capital_city_motorised_passenger_travel_by_mode,Perth,financial_year,2022-23,Heavy rail,heavy_rail,passenger_activity,0.86488692875,billion passenger-km
2. PASSENGERS.xlsx,Table 2.3a-i,capital_city_motorised_passenger_travel_by_mode,Perth,financial_year,2022-23,Bus,bus,passenger_activity,0.638566058767526,billion passenger-km
2. PASSENGERS.xlsx,Table 2.3a-i,capital_city_motorised_passenger_travel_by_mode,Perth,financial_year,2022-23,Ferry,ferry,passenger_activity,0.00094777425,billion passenger-km
2. PASSENGERS.xlsx,Table 2.3a-i,capital_city_motorised_passenger_travel_by_mode,Perth,financial_year,2022-23,Total,total,passenger_activity,25.891244728957215,billion passenger-km
2. PASSENGERS.xlsx,Table 2.3a-i,capital_city_motorised_passenger_travel_by_mode,Perth,financial_year,2023-24,Passenger cars,passenger_cars,passenger_activity,21.997808163674723,billion passenger-km
2. PASSENGERS.xlsx,Table 2.3a-i,capital_city_motorised_passenger_travel_by_mode,Perth,financial_year,2023-24,Commercial vehicles,commercial_vehicles,passenger_activity,3.0457068095680975,billion passenger-km
2. PASSENGERS.xlsx,Table 2.3a-i,capital_city_motorised_passenger_travel_by_mode,Perth,financial_year,2023-24,Motor cycles,motor_cycles,passenger_activity,0.1713954434074848,billion passenger-km
2. PASSENGERS.xlsx,Table 2.3a-i,capital_city_motorised_passenger_travel_by_mode,Perth,financial_year,2023-24,Heavy rail,heavy_rail,passenger_activity,0.9705030725,billion passenger-km
2. PASSENGERS.xlsx,Table 2.3a-i,capital_city_motorised_passenger_travel_by_mode,Perth,financial_year,2023-24,Bus,bus,passenger_activity,0.7697361726911495,billion passenger-km
2. PASSENGERS.xlsx,Table 2.3a-i,capital_city_motorised_passenger_travel_by_mode,Perth,financial_year,2023-24,Ferry,ferry,passenger_activity,0.0011762415000000001,billion passenger-km
2. PASSENGERS.xlsx,Table 2.3a-i,capital_city_motorised_passenger_travel_by_mode,Perth,financial_year,2023-24,Total,total,passenger_activity,26.956325903341458,billion passenger-km
2. PASSENGERS.xlsx,Table 2.3a-i,capital_city_motorised_passenger_travel_by_mode,Perth,financial_year,2024-25,Passenger cars,passenger_cars,passenger_activity,22.547520316927653,billion passenger-km
2. PASSENGERS.xlsx,Table 2.3a-i,capital_city_motorised_passenger_travel_by_mode,Perth,financial_year,2024-25,Commercial vehicles,commercial_vehicles,passenger_activity,3.1112919708697846,billion passenger-km
2. PASSENGERS.xlsx,Table 2.3a-i,capital_city_motorised_passenger_travel_by_mode,Perth,financial_year,2024-25,Motor cycles,motor_cycles,passenger_activity,0.1744055309950577,billion passenger-km
2. PASSENGERS.xlsx,Table 2.3a-i,capital_city_motorised_passenger_travel_by_mode,Perth,financial_year,2024-25,Heavy rail,heavy_rail,passenger_activity,1.00593584,billion passenger-km
2. PASSENGERS.xlsx,Table 2.3a-i,capital_city_motorised_passenger_travel_by_mode,Perth,financial_year,2024-25,Bus,bus,passenger_activity,0.7903965641358248,billion passenger-km
2. PASSENGERS.xlsx,Table 2.3a-i,capital_city_motorised_passenger_travel_by_mode,Perth,financial_year,2024-25,Ferry,ferry,passenger_activity,0.0012624633,billion passenger-km
2. PASSENGERS.xlsx,Table 2.3a-i,capital_city_motorised_passenger_travel_by_mode,Perth,financial_year,2024-25,Total,total,passenger_activity,27.63081268622832,billion passenger-km
2. PASSENGERS.xlsx,Table 2.3a-i,capital_city_motorised_passenger_travel_by_mode,Hobart,financial_year,1976-77,Passenger cars,passenger_cars,passenger_activity,1.2304391104780337,billion passenger-km
2. PASSENGERS.xlsx,Table 2.3a-i,capital_city_motorised_passenger_travel_by_mode,Hobart,financial_year,1976-77,Commercial vehicles,commercial_vehicles,passenger_activity,0.131352735805251,billion passenger-km
2. PASSENGERS.xlsx,Table 2.3a-i,capital_city_motorised_passenger_travel_by_mode,Hobart,financial_year,1976-77,Motor cycles,motor_cycles,passenger_activity,0.008984349967006056,billion passenger-km
2. PASSENGERS.xlsx,Table 2.3a-i,capital_city_motorised_passenger_travel_by_mode,Hobart,financial_year,1976-77,Bus,bus,passenger_activity,0.12352565541706809,billion passenger-km
2. PASSENGERS.xlsx,Table 2.3a-i,capital_city_motorised_passenger_travel_by_mode,Hobart,financial_year,1976-77,Ferry,ferry,passenger_activity,0.021136500000000003,billion passenger-km
2. PASSENGERS.xlsx,Table 2.3a-i,capital_city_motorised_passenger_travel_by_mode,Hobart,financial_year,1976-77,Total,total,passenger_activity,1.5154383516673589,billion passenger-km
2. PASSENGERS.xlsx,Table 2.3a-i,capital_city_motorised_passenger_travel_by_mode,Hobart,financial_year,1977-78,Passenger cars,passenger_cars,passenger_activity,1.31246578264673,billion passenger-km
2. PASSENGERS.xlsx,Table 2.3a-i,capital_city_motorised_passenger_travel_by_mode,Hobart,financial_year,1977-78,Commercial vehicles,commercial_vehicles,passenger_activity,0.14274594776703795,billion passenger-km
2. PASSENGERS.xlsx,Table 2.3a-i,capital_city_motorised_passenger_travel_by_mode,Hobart,financial_year,1977-78,Motor cycles,motor_cycles,passenger_activity,0.008569470360894048,billion passenger-km
2. PASSENGERS.xlsx,Table 2.3a-i,capital_city_motorised_passenger_travel_by_mode,Hobart,financial_year,1977-78,Bus,bus,passenger_activity,0.1259078047542917,billion passenger-km
2. PASSENGERS.xlsx,Table 2.3a-i,capital_city_motorised_passenger_travel_by_mode,Hobart,financial_year,1977-78,Ferry,ferry,passenger_activity,0.010568250000000001,billion passenger-km
2. PASSENGERS.xlsx,Table 2.3a-i,capital_city_motorised_passenger_travel_by_mode,Hobart,financial_year,1977-78,Total,total,passenger_activity,1.6002572555289536,billion passenger-km
2. PASSENGERS.xlsx,Table 2.3a-i,capital_city_motorised_passenger_travel_by_mode,Hobart,financial_year,1978-79,Passenger cars,passenger_cars,passenger_activity,1.3656781353828595,billion passenger-km
2. PASSENGERS.xlsx,Table 2.3a-i,capital_city_motorised_passenger_travel_by_mode,Hobart,financial_year,1978-79,Commercial vehicles,commercial_vehicles,passenger_activity,0.14785217178795856,billion passenger-km
2. PASSENGERS.xlsx,Table 2.3a-i,capital_city_motorised_passenger_travel_by_mode,Hobart,financial_year,1978-79,Motor cycles,motor_cycles,passenger_activity,0.008373152717290791,billion passenger-km
2. PASSENGERS.xlsx,Table 2.3a-i,capital_city_motorised_passenger_travel_by_mode,Hobart,financial_year,1978-79,Bus,bus,passenger_activity,0.11552750659107017,billion passenger-km
2. PASSENGERS.xlsx,Table 2.3a-i,capital_city_motorised_passenger_travel_by_mode,Hobart,financial_year,1978-79,Ferry,ferry,passenger_activity,0.005284125000000001,billion passenger-km
2. PASSENGERS.xlsx,Table 2.3a-i,capital_city_motorised_passenger_travel_by_mode,Hobart,financial_year,1978-79,Total,total,passenger_activity,1.642715091479179,billion passenger-km
2. PASSENGERS.xlsx,Table 2.3a-i,capital_city_motorised_passenger_travel_by_mode,Hobart,financial_year,1979-80,Passenger cars,passenger_cars,passenger_activity,1.3867441267286642,billion passenger-km
2. PASSENGERS.xlsx,Table 2.3a-i,capital_city_motorised_passenger_travel_by_mode,Hobart,financial_year,1979-80,Commercial vehicles,commercial_vehicles,passenger_activity,0.1467667846402051,billion passenger-km
2. PASSENGERS.xlsx,Table 2.3a-i,capital_city_motorised_passenger_travel_by_mode,Hobart,financial_year,1979-80,Motor cycles,motor_cycles,passenger_activity,0.00887950958683157,billion passenger-km
2. PASSENGERS.xlsx,Table 2.3a-i,capital_city_motorised_passenger_travel_by_mode,Hobart,financial_year,1979-80,Bus,bus,passenger_activity,0.11663346757075597,billion passenger-km
2. PASSENGERS.xlsx,Table 2.3a-i,capital_city_motorised_passenger_travel_by_mode,Hobart,financial_year,1979-80,Ferry,ferry,passenger_activity,0.0023485,billion passenger-km
2. PASSENGERS.xlsx,Table 2.3a-i,capital_city_motorised_passenger_travel_by_mode,Hobart,financial_year,1979-80,Total,total,passenger_activity,1.6613723885264569,billion passenger-km
2. PASSENGERS.xlsx,Table 2.3a-i,capital_city_motorised_passenger_travel_by_mode,Hobart,financial_year,1980-81,Passenger cars,passenger_cars,passenger_activity,1.4152444733301375,billion passenger-km
2. PASSENGERS.xlsx,Table 2.3a-i,capital_city_motorised_passenger_travel_by_mode,Hobart,financial_year,1980-81,Commercial vehicles,commercial_vehicles,passenger_activity,0.15132631718481607,billion passenger-km
2. PASSENGERS.xlsx,Table 2.3a-i,capital_city_motorised_passenger_travel_by_mode,Hobart,financial_year,1980-81,Motor cycles,motor_cycles,passenger_activity,0.009421974117553364,billion passenger-km
2. PASSENGERS.xlsx,Table 2.3a-i,capital_city_motorised_passenger_travel_by_mode,Hobart,financial_year,1980-81,Bus,bus,passenger_activity,0.11669072860374859,billion passenger-km
2. PASSENGERS.xlsx,Table 2.3a-i,capital_city_motorised_passenger_travel_by_mode,Hobart,financial_year,1980-81,Ferry,ferry,passenger_activity,0.0007828333333333334,billion passenger-km
2. PASSENGERS.xlsx,Table 2.3a-i,capital_city_motorised_passenger_travel_by_mode,Hobart,financial_year,1980-81,Total,total,passenger_activity,1.6934663265695888,billion passenger-km
2. PASSENGERS.xlsx,Table 2.3a-i,capital_city_motorised_passenger_travel_by_mode,Hobart,financial_year,1981-82,Passenger cars,passenger_cars,passenger_activity,1.474140692457326,billion passenger-km
2. PASSENGERS.xlsx,Table 2.3a-i,capital_city_motorised_passenger_travel_by_mode,Hobart,financial_year,1981-82,Commercial vehicles,commercial_vehicles,passenger_activity,0.1613053287713834,billion passenger-km
2. PASSENGERS.xlsx,Table 2.3a-i,capital_city_motorised_passenger_travel_by_mode,Hobart,financial_year,1981-82,Motor cycles,motor_cycles,passenger_activity,0.010471911713126631,billion passenger-km
2. PASSENGERS.xlsx,Table 2.3a-i,capital_city_motorised_passenger_travel_by_mode,Hobart,financial_year,1981-82,Bus,bus,passenger_activity,0.09768107801204313,billion passenger-km
2. PASSENGERS.xlsx,Table 2.3a-i,capital_city_motorised_passenger_travel_by_mode,Hobart,financial_year,1981-82,Ferry,ferry,passenger_activity,0.0003914166666666667,billion passenger-km
2. PASSENGERS.xlsx,Table 2.3a-i,capital_city_motorised_passenger_travel_by_mode,Hobart,financial_year,1981-82,Total,total,passenger_activity,1.743990427620546,billion passenger-km
2. PASSENGERS.xlsx,Table 2.3a-i,capital_city_motorised_passenger_travel_by_mode,Hobart,financial_year,1982-83,Passenger cars,passenger_cars,passenger_activity,1.4677934997382316,billion passenger-km
2. PASSENGERS.xlsx,Table 2.3a-i,capital_city_motorised_passenger_travel_by_mode,Hobart,financial_year,1982-83,Commercial vehicles,commercial_vehicles,passenger_activity,0.16565982623648004,billion passenger-km
2. PASSENGERS.xlsx,Table 2.3a-i,capital_city_motorised_passenger_travel_by_mode,Hobart,financial_year,1982-83,Motor cycles,motor_cycles,passenger_activity,0.011263413941718842,billion passenger-km
2. PASSENGERS.xlsx,Table 2.3a-i,capital_city_motorised_passenger_travel_by_mode,Hobart,financial_year,1982-83,Bus,bus,passenger_activity,0.09523674663844967,billion passenger-km
2. PASSENGERS.xlsx,Table 2.3a-i,capital_city_motorised_passenger_travel_by_mode,Hobart,financial_year,1982-83,Ferry,ferry,passenger_activity,0.000352275,billion passenger-km
2. PASSENGERS.xlsx,Table 2.3a-i,capital_city_motorised_passenger_travel_by_mode,Hobart,financial_year,1982-83,Total,total,passenger_activity,1.7403057615548803,billion passenger-km
2. PASSENGERS.xlsx,Table 2.3a-i,capital_city_motorised_passenger_travel_by_mode,Hobart,financial_year,1983-84,Passenger cars,passenger_cars,passenger_activity,1.5276695150470847,billion passenger-km
2. PASSENGERS.xlsx,Table 2.3a-i,capital_city_motorised_passenger_travel_by_mode,Hobart,financial_year,1983-84,Commercial vehicles,commercial_vehicles,passenger_activity,0.1845271658813596,billion passenger-km
2. PASSENGERS.xlsx,Table 2.3a-i,capital_city_motorised_passenger_travel_by_mode,Hobart,financial_year,1983-84,Motor cycles,motor_cycles,passenger_activity,0.01227963866565137,billion passenger-km
2. PASSENGERS.xlsx,Table 2.3a-i,capital_city_motorised_passenger_travel_by_mode,Hobart,financial_year,1983-84,Bus,bus,passenger_activity,0.10421084296679439,billion passenger-km
2. PASSENGERS.xlsx,Table 2.3a-i,capital_city_motorised_passenger_travel_by_mode,Hobart,financial_year,1983-84,Ferry,ferry,passenger_activity,0.00031704750000000005,billion passenger-km
2. PASSENGERS.xlsx,Table 2.3a-i,capital_city_motorised_passenger_travel_by_mode,Hobart,financial_year,1983-84,Total,total,passenger_activity,1.82900421006089,billion passenger-km
2. PASSENGERS.xlsx,Table 2.3a-i,capital_city_motorised_passenger_travel_by_mode,Hobart,financial_year,1984-85,Passenger cars,passenger_cars,passenger_activity,1.5915106388409093,billion passenger-km
2. PASSENGERS.xlsx,Table 2.3a-i,capital_city_motorised_passenger_travel_by_mode,Hobart,financial_year,1984-85,Commercial vehicles,commercial_vehicles,passenger_activity,0.1953554617421946,billion passenger-km
2. PASSENGERS.xlsx,Table 2.3a-i,capital_city_motorised_passenger_travel_by_mode,Hobart,financial_year,1984-85,Motor cycles,motor_cycles,passenger_activity,0.013187063427955231,billion passenger-km
2. PASSENGERS.xlsx,Table 2.3a-i,capital_city_motorised_passenger_travel_by_mode,Hobart,financial_year,1984-85,Bus,bus,passenger_activity,0.10633094474492036,billion passenger-km
2. PASSENGERS.xlsx,Table 2.3a-i,capital_city_motorised_passenger_travel_by_mode,Hobart,financial_year,1984-85,Ferry,ferry,passenger_activity,0.00028534275000000005,billion passenger-km
2. PASSENGERS.xlsx,Table 2.3a-i,capital_city_motorised_passenger_travel_by_mode,Hobart,financial_year,1984-85,Total,total,passenger_activity,1.9066694515059794,billion passenger-km
2. PASSENGERS.xlsx,Table 2.3a-i,capital_city_motorised_passenger_travel_by_mode,Hobart,financial_year,1985-86,Passenger cars,passenger_cars,passenger_activity,1.6693152089178906,billion passenger-km
2. PASSENGERS.xlsx,Table 2.3a-i,capital_city_motorised_passenger_travel_by_mode,Hobart,financial_year,1985-86,Commercial vehicles,commercial_vehicles,passenger_activity,0.19471649565565852,billion passenger-km
2. PASSENGERS.xlsx,Table 2.3a-i,capital_city_motorised_passenger_travel_by_mode,Hobart,financial_year,1985-86,Motor cycles,motor_cycles,passenger_activity,0.012819706474303081,billion passenger-km
2. PASSENGERS.xlsx,Table 2.3a-i,capital_city_motorised_passenger_travel_by_mode,Hobart,financial_year,1985-86,Bus,bus,passenger_activity,0.10849025605196895,billion passenger-km
2. PASSENGERS.xlsx,Table 2.3a-i,capital_city_motorised_passenger_travel_by_mode,Hobart,financial_year,1985-86,Ferry,ferry,passenger_activity,0.000256808475,billion passenger-km
2. PASSENGERS.xlsx,Table 2.3a-i,capital_city_motorised_passenger_travel_by_mode,Hobart,financial_year,1985-86,Total,total,passenger_activity,1.985598475574821,billion passenger-km
2. PASSENGERS.xlsx,Table 2.3a-i,capital_city_motorised_passenger_travel_by_mode,Hobart,financial_year,1986-87,Passenger cars,passenger_cars,passenger_activity,1.6848965744466624,billion passenger-km
2. PASSENGERS.xlsx,Table 2.3a-i,capital_city_motorised_passenger_travel_by_mode,Hobart,financial_year,1986-87,Commercial vehicles,commercial_vehicles,passenger_activity,0.18776499418304032,billion passenger-km
2. PASSENGERS.xlsx,Table 2.3a-i,capital_city_motorised_passenger_travel_by_mode,Hobart,financial_year,1986-87,Motor cycles,motor_cycles,passenger_activity,0.012793710487763968,billion passenger-km
2. PASSENGERS.xlsx,Table 2.3a-i,capital_city_motorised_passenger_travel_by_mode,Hobart,financial_year,1986-87,Bus,bus,passenger_activity,0.10950464456551301,billion passenger-km
2. PASSENGERS.xlsx,Table 2.3a-i,capital_city_motorised_passenger_travel_by_mode,Hobart,financial_year,1986-87,Ferry,ferry,passenger_activity,0.00023112762750000004,billion passenger-km
2. PASSENGERS.xlsx,Table 2.3a-i,capital_city_motorised_passenger_travel_by_mode,Hobart,financial_year,1986-87,Total,total,passenger_activity,1.9951910513104798,billion passenger-km
2. PASSENGERS.xlsx,Table 2.3a-i,capital_city_motorised_passenger_travel_by_mode,Hobart,financial_year,1987-88,Passenger cars,passenger_cars,passenger_activity,1.746745215236744,billion passenger-km
2. PASSENGERS.xlsx,Table 2.3a-i,capital_city_motorised_passenger_travel_by_mode,Hobart,financial_year,1987-88,Commercial vehicles,commercial_vehicles,passenger_activity,0.1882312715795838,billion passenger-km
2. PASSENGERS.xlsx,Table 2.3a-i,capital_city_motorised_passenger_travel_by_mode,Hobart,financial_year,1987-88,Motor cycles,motor_cycles,passenger_activity,0.012596305161974778,billion passenger-km
2. PASSENGERS.xlsx,Table 2.3a-i,capital_city_motorised_passenger_travel_by_mode,Hobart,financial_year,1987-88,Bus,bus,passenger_activity,0.10481710600103433,billion passenger-km
2. PASSENGERS.xlsx,Table 2.3a-i,capital_city_motorised_passenger_travel_by_mode,Hobart,financial_year,1987-88,Ferry,ferry,passenger_activity,0.00020801486475000006,billion passenger-km
2. PASSENGERS.xlsx,Table 2.3a-i,capital_city_motorised_passenger_travel_by_mode,Hobart,financial_year,1987-88,Total,total,passenger_activity,2.052597912844087,billion passenger-km
2. PASSENGERS.xlsx,Table 2.3a-i,capital_city_motorised_passenger_travel_by_mode,Hobart,financial_year,1988-89,Passenger cars,passenger_cars,passenger_activity,1.8221741036018682,billion passenger-km
2. PASSENGERS.xlsx,Table 2.3a-i,capital_city_motorised_passenger_travel_by_mode,Hobart,financial_year,1988-89,Commercial vehicles,commercial_vehicles,passenger_activity,0.1874393191953544,billion passenger-km
2. PASSENGERS.xlsx,Table 2.3a-i,capital_city_motorised_passenger_travel_by_mode,Hobart,financial_year,1988-89,Motor cycles,motor_cycles,passenger_activity,0.013365185567841532,billion passenger-km
2. PASSENGERS.xlsx,Table 2.3a-i,capital_city_motorised_passenger_travel_by_mode,Hobart,financial_year,1988-89,Bus,bus,passenger_activity,0.0990939078445212,billion passenger-km
2. PASSENGERS.xlsx,Table 2.3a-i,capital_city_motorised_passenger_travel_by_mode,Hobart,financial_year,1988-89,Ferry,ferry,passenger_activity,0.00018721337827500007,billion passenger-km
2. PASSENGERS.xlsx,Table 2.3a-i,capital_city_motorised_passenger_travel_by_mode,Hobart,financial_year,1988-89,Total,total,passenger_activity,2.12225972958786,billion passenger-km
2. PASSENGERS.xlsx,Table 2.3a-i,capital_city_motorised_passenger_travel_by_mode,Hobart,financial_year,1989-90,Passenger cars,passenger_cars,passenger_activity,1.9051140020973196,billion passenger-km
2. PASSENGERS.xlsx,Table 2.3a-i,capital_city_motorised_passenger_travel_by_mode,Hobart,financial_year,1989-90,Commercial vehicles,commercial_vehicles,passenger_activity,0.18244160093645437,billion passenger-km
2. PASSENGERS.xlsx,Table 2.3a-i,capital_city_motorised_passenger_travel_by_mode,Hobart,financial_year,1989-90,Motor cycles,motor_cycles,passenger_activity,0.012248845561811189,billion passenger-km
2. PASSENGERS.xlsx,Table 2.3a-i,capital_city_motorised_passenger_travel_by_mode,Hobart,financial_year,1989-90,Bus,bus,passenger_activity,0.10600202871258027,billion passenger-km
2. PASSENGERS.xlsx,Table 2.3a-i,capital_city_motorised_passenger_travel_by_mode,Hobart,financial_year,1989-90,Ferry,ferry,passenger_activity,0.00016849204044750007,billion passenger-km
2. PASSENGERS.xlsx,Table 2.3a-i,capital_city_motorised_passenger_travel_by_mode,Hobart,financial_year,1989-90,Total,total,passenger_activity,2.2059749693486133,billion passenger-km
2. PASSENGERS.xlsx,Table 2.3a-i,capital_city_motorised_passenger_travel_by_mode,Hobart,financial_year,1990-91,Passenger cars,passenger_cars,passenger_activity,1.9191465588314347,billion passenger-km
2. PASSENGERS.xlsx,Table 2.3a-i,capital_city_motorised_passenger_travel_by_mode,Hobart,financial_year,1990-91,Commercial vehicles,commercial_vehicles,passenger_activity,0.1749325754523913,billion passenger-km
2. PASSENGERS.xlsx,Table 2.3a-i,capital_city_motorised_passenger_travel_by_mode,Hobart,financial_year,1990-91,Motor cycles,motor_cycles,passenger_activity,0.011237974693404927,billion passenger-km
2. PASSENGERS.xlsx,Table 2.3a-i,capital_city_motorised_passenger_travel_by_mode,Hobart,financial_year,1990-91,Bus,bus,passenger_activity,0.10145356968098934,billion passenger-km
2. PASSENGERS.xlsx,Table 2.3a-i,capital_city_motorised_passenger_travel_by_mode,Hobart,financial_year,1990-91,Ferry,ferry,passenger_activity,0.00015164283640275005,billion passenger-km
2. PASSENGERS.xlsx,Table 2.3a-i,capital_city_motorised_passenger_travel_by_mode,Hobart,financial_year,1990-91,Total,total,passenger_activity,2.206922321494623,billion passenger-km
2. PASSENGERS.xlsx,Table 2.3a-i,capital_city_motorised_passenger_travel_by_mode,Hobart,financial_year,1991-92,Passenger cars,passenger_cars,passenger_activity,1.9546549816890946,billion passenger-km
2. PASSENGERS.xlsx,Table 2.3a-i,capital_city_motorised_passenger_travel_by_mode,Hobart,financial_year,1991-92,Commercial vehicles,commercial_vehicles,passenger_activity,0.18094240621609856,billion passenger-km
2. PASSENGERS.xlsx,Table 2.3a-i,capital_city_motorised_passenger_travel_by_mode,Hobart,financial_year,1991-92,Motor cycles,motor_cycles,passenger_activity,0.011427389739459415,billion passenger-km
2. PASSENGERS.xlsx,Table 2.3a-i,capital_city_motorised_passenger_travel_by_mode,Hobart,financial_year,1991-92,Bus,bus,passenger_activity,0.10091621509531362,billion passenger-km
2. PASSENGERS.xlsx,Table 2.3a-i,capital_city_motorised_passenger_travel_by_mode,Hobart,financial_year,1991-92,Ferry,ferry,passenger_activity,0.00013647855276247505,billion passenger-km
2. PASSENGERS.xlsx,Table 2.3a-i,capital_city_motorised_passenger_travel_by_mode,Hobart,financial_year,1991-92,Total,total,passenger_activity,2.2480774712927287,billion passenger-km
2. PASSENGERS.xlsx,Table 2.3a-i,capital_city_motorised_passenger_travel_by_mode,Hobart,financial_year,1992-93,Passenger cars,passenger_cars,passenger_activity,2.0242353295051596,billion passenger-km
2. PASSENGERS.xlsx,Table 2.3a-i,capital_city_motorised_passenger_travel_by_mode,Hobart,financial_year,1992-93,Commercial vehicles,commercial_vehicles,passenger_activity,0.19368084111632977,billion passenger-km
2. PASSENGERS.xlsx,Table 2.3a-i,capital_city_motorised_passenger_travel_by_mode,Hobart,financial_year,1992-93,Motor cycles,motor_cycles,passenger_activity,0.011627647753373162,billion passenger-km
2. PASSENGERS.xlsx,Table 2.3a-i,capital_city_motorised_passenger_travel_by_mode,Hobart,financial_year,1992-93,Bus,bus,passenger_activity,0.10090420974248437,billion passenger-km
2. PASSENGERS.xlsx,Table 2.3a-i,capital_city_motorised_passenger_travel_by_mode,Hobart,financial_year,1992-93,Ferry,ferry,passenger_activity,0.00012283069748622756,billion passenger-km
2. PASSENGERS.xlsx,Table 2.3a-i,capital_city_motorised_passenger_travel_by_mode,Hobart,financial_year,1992-93,Total,total,passenger_activity,2.3305708588148324,billion passenger-km
2. PASSENGERS.xlsx,Table 2.3a-i,capital_city_motorised_passenger_travel_by_mode,Hobart,financial_year,1993-94,Passenger cars,passenger_cars,passenger_activity,2.066259750365528,billion passenger-km
2. PASSENGERS.xlsx,Table 2.3a-i,capital_city_motorised_passenger_travel_by_mode,Hobart,financial_year,1993-94,Commercial vehicles,commercial_vehicles,passenger_activity,0.20601086014664272,billion passenger-km
2. PASSENGERS.xlsx,Table 2.3a-i,capital_city_motorised_passenger_travel_by_mode,Hobart,financial_year,1993-94,Motor cycles,motor_cycles,passenger_activity,0.011549681734460616,billion passenger-km
2. PASSENGERS.xlsx,Table 2.3a-i,capital_city_motorised_passenger_travel_by_mode,Hobart,financial_year,1993-94,Bus,bus,passenger_activity,0.10235017350499205,billion passenger-km
2. PASSENGERS.xlsx,Table 2.3a-i,capital_city_motorised_passenger_travel_by_mode,Hobart,financial_year,1993-94,Ferry,ferry,passenger_activity,0.00011999999999999999,billion passenger-km
2. PASSENGERS.xlsx,Table 2.3a-i,capital_city_motorised_passenger_travel_by_mode,Hobart,financial_year,1993-94,Total,total,passenger_activity,2.3862904657516233,billion passenger-km
2. PASSENGERS.xlsx,Table 2.3a-i,capital_city_motorised_passenger_travel_by_mode,Hobart,financial_year,1994-95,Passenger cars,passenger_cars,passenger_activity,2.1042131739509466,billion passenger-km
2. PASSENGERS.xlsx,Table 2.3a-i,capital_city_motorised_passenger_travel_by_mode,Hobart,financial_year,1994-95,Commercial vehicles,commercial_vehicles,passenger_activity,0.21839319640301458,billion passenger-km
2. PASSENGERS.xlsx,Table 2.3a-i,capital_city_motorised_passenger_travel_by_mode,Hobart,financial_year,1994-95,Motor cycles,motor_cycles,passenger_activity,0.011540383329869305,billion passenger-km
2. PASSENGERS.xlsx,Table 2.3a-i,capital_city_motorised_passenger_travel_by_mode,Hobart,financial_year,1994-95,Bus,bus,passenger_activity,0.10352769080952866,billion passenger-km
2. PASSENGERS.xlsx,Table 2.3a-i,capital_city_motorised_passenger_travel_by_mode,Hobart,financial_year,1994-95,Ferry,ferry,passenger_activity,0.00011999999999999999,billion passenger-km
2. PASSENGERS.xlsx,Table 2.3a-i,capital_city_motorised_passenger_travel_by_mode,Hobart,financial_year,1994-95,Total,total,passenger_activity,2.4377944444933592,billion passenger-km
2. PASSENGERS.xlsx,Table 2.3a-i,capital_city_motorised_passenger_travel_by_mode,Hobart,financial_year,1995-96,Passenger cars,passenger_cars,passenger_activity,2.120510856329808,billion passenger-km
2. PASSENGERS.xlsx,Table 2.3a-i,capital_city_motorised_passenger_travel_by_mode,Hobart,financial_year,1995-96,Commercial vehicles,commercial_vehicles,passenger_activity,0.22296455459706208,billion passenger-km
2. PASSENGERS.xlsx,Table 2.3a-i,capital_city_motorised_passenger_travel_by_mode,Hobart,financial_year,1995-96,Motor cycles,motor_cycles,passenger_activity,0.011251738391916077,billion passenger-km
2. PASSENGERS.xlsx,Table 2.3a-i,capital_city_motorised_passenger_travel_by_mode,Hobart,financial_year,1995-96,Bus,bus,passenger_activity,0.10362990585511694,billion passenger-km
2. PASSENGERS.xlsx,Table 2.3a-i,capital_city_motorised_passenger_travel_by_mode,Hobart,financial_year,1995-96,Ferry,ferry,passenger_activity,0.00011999999999999999,billion passenger-km
2. PASSENGERS.xlsx,Table 2.3a-i,capital_city_motorised_passenger_travel_by_mode,Hobart,financial_year,1995-96,Total,total,passenger_activity,2.458477055173903,billion passenger-km
2. PASSENGERS.xlsx,Table 2.3a-i,capital_city_motorised_passenger_travel_by_mode,Hobart,financial_year,1996-97,Passenger cars,passenger_cars,passenger_activity,2.1225161000946895,billion passenger-km
2. PASSENGERS.xlsx,Table 2.3a-i,capital_city_motorised_passenger_travel_by_mode,Hobart,financial_year,1996-97,Commercial vehicles,commercial_vehicles,passenger_activity,0.2182361622021605,billion passenger-km
2. PASSENGERS.xlsx,Table 2.3a-i,capital_city_motorised_passenger_travel_by_mode,Hobart,financial_year,1996-97,Motor cycles,motor_cycles,passenger_activity,0.010980654246985907,billion passenger-km
2. PASSENGERS.xlsx,Table 2.3a-i,capital_city_motorised_passenger_travel_by_mode,Hobart,financial_year,1996-97,Bus,bus,passenger_activity,0.09970914234340694,billion passenger-km
2. PASSENGERS.xlsx,Table 2.3a-i,capital_city_motorised_passenger_travel_by_mode,Hobart,financial_year,1996-97,Ferry,ferry,passenger_activity,0.00011999999999999999,billion passenger-km
2. PASSENGERS.xlsx,Table 2.3a-i,capital_city_motorised_passenger_travel_by_mode,Hobart,financial_year,1996-97,Total,total,passenger_activity,2.451562058887243,billion passenger-km
2. PASSENGERS.xlsx,Table 2.3a-i,capital_city_motorised_passenger_travel_by_mode,Hobart,financial_year,1997-98,Passenger cars,passenger_cars,passenger_activity,2.0872921518224374,billion passenger-km
2. PASSENGERS.xlsx,Table 2.3a-i,capital_city_motorised_passenger_travel_by_mode,Hobart,financial_year,1997-98,Commercial vehicles,commercial_vehicles,passenger_activity,0.21999489484491394,billion passenger-km
2. PASSENGERS.xlsx,Table 2.3a-i,capital_city_motorised_passenger_travel_by_mode,Hobart,financial_year,1997-98,Motor cycles,motor_cycles,passenger_activity,0.010106548965670488,billion passenger-km
2. PASSENGERS.xlsx,Table 2.3a-i,capital_city_motorised_passenger_travel_by_mode,Hobart,financial_year,1997-98,Bus,bus,passenger_activity,0.09184975128504201,billion passenger-km
2. PASSENGERS.xlsx,Table 2.3a-i,capital_city_motorised_passenger_travel_by_mode,Hobart,financial_year,1997-98,Ferry,ferry,passenger_activity,0.00011999999999999999,billion passenger-km
2. PASSENGERS.xlsx,Table 2.3a-i,capital_city_motorised_passenger_travel_by_mode,Hobart,financial_year,1997-98,Total,total,passenger_activity,2.409363346918064,billion passenger-km
2. PASSENGERS.xlsx,Table 2.3a-i,capital_city_motorised_passenger_travel_by_mode,Hobart,financial_year,1998-99,Passenger cars,passenger_cars,passenger_activity,2.077789886068393,billion passenger-km
2. PASSENGERS.xlsx,Table 2.3a-i,capital_city_motorised_passenger_travel_by_mode,Hobart,financial_year,1998-99,Commercial vehicles,commercial_vehicles,passenger_activity,0.21994933376911668,billion passenger-km
2. PASSENGERS.xlsx,Table 2.3a-i,capital_city_motorised_passenger_travel_by_mode,Hobart,financial_year,1998-99,Motor cycles,motor_cycles,passenger_activity,0.009344083293977274,billion passenger-km
2. PASSENGERS.xlsx,Table 2.3a-i,capital_city_motorised_passenger_travel_by_mode,Hobart,financial_year,1998-99,Bus,bus,passenger_activity,0.09113460458687436,billion passenger-km
2. PASSENGERS.xlsx,Table 2.3a-i,capital_city_motorised_passenger_travel_by_mode,Hobart,financial_year,1998-99,Ferry,ferry,passenger_activity,0.00011999999999999999,billion passenger-km
2. PASSENGERS.xlsx,Table 2.3a-i,capital_city_motorised_passenger_travel_by_mode,Hobart,financial_year,1998-99,Total,total,passenger_activity,2.3983379077183606,billion passenger-km
2. PASSENGERS.xlsx,Table 2.3a-i,capital_city_motorised_passenger_travel_by_mode,Hobart,financial_year,1999-00,Passenger cars,passenger_cars,passenger_activity,2.0817928395834455,billion passenger-km
2. PASSENGERS.xlsx,Table 2.3a-i,capital_city_motorised_passenger_travel_by_mode,Hobart,financial_year,1999-00,Commercial vehicles,commercial_vehicles,passenger_activity,0.22115646292697783,billion passenger-km
2. PASSENGERS.xlsx,Table 2.3a-i,capital_city_motorised_passenger_travel_by_mode,Hobart,financial_year,1999-00,Motor cycles,motor_cycles,passenger_activity,0.009419324476162208,billion passenger-km
2. PASSENGERS.xlsx,Table 2.3a-i,capital_city_motorised_passenger_travel_by_mode,Hobart,financial_year,1999-00,Bus,bus,passenger_activity,0.09174248346373509,billion passenger-km
2. PASSENGERS.xlsx,Table 2.3a-i,capital_city_motorised_passenger_travel_by_mode,Hobart,financial_year,1999-00,Ferry,ferry,passenger_activity,0.00011999999999999999,billion passenger-km
2. PASSENGERS.xlsx,Table 2.3a-i,capital_city_motorised_passenger_travel_by_mode,Hobart,financial_year,1999-00,Total,total,passenger_activity,2.4042311104503207,billion passenger-km
2. PASSENGERS.xlsx,Table 2.3a-i,capital_city_motorised_passenger_travel_by_mode,Hobart,financial_year,2000-01,Passenger cars,passenger_cars,passenger_activity,2.024700707822645,billion passenger-km
2. PASSENGERS.xlsx,Table 2.3a-i,capital_city_motorised_passenger_travel_by_mode,Hobart,financial_year,2000-01,Commercial vehicles,commercial_vehicles,passenger_activity,0.22091813133729302,billion passenger-km
2. PASSENGERS.xlsx,Table 2.3a-i,capital_city_motorised_passenger_travel_by_mode,Hobart,financial_year,2000-01,Motor cycles,motor_cycles,passenger_activity,0.009651061397302573,billion passenger-km
2. PASSENGERS.xlsx,Table 2.3a-i,capital_city_motorised_passenger_travel_by_mode,Hobart,financial_year,2000-01,Bus,bus,passenger_activity,0.09245680990764794,billion passenger-km
2. PASSENGERS.xlsx,Table 2.3a-i,capital_city_motorised_passenger_travel_by_mode,Hobart,financial_year,2000-01,Ferry,ferry,passenger_activity,0.00011999999999999999,billion passenger-km
2. PASSENGERS.xlsx,Table 2.3a-i,capital_city_motorised_passenger_travel_by_mode,Hobart,financial_year,2000-01,Total,total,passenger_activity,2.347846710464889,billion passenger-km
2. PASSENGERS.xlsx,Table 2.3a-i,capital_city_motorised_passenger_travel_by_mode,Hobart,financial_year,2001-02,Passenger cars,passenger_cars,passenger_activity,2.0629824062627984,billion passenger-km
2. PASSENGERS.xlsx,Table 2.3a-i,capital_city_motorised_passenger_travel_by_mode,Hobart,financial_year,2001-02,Commercial vehicles,commercial_vehicles,passenger_activity,0.2281154726121017,billion passenger-km
2. PASSENGERS.xlsx,Table 2.3a-i,capital_city_motorised_passenger_travel_by_mode,Hobart,financial_year,2001-02,Motor cycles,motor_cycles,passenger_activity,0.010205407437823506,billion passenger-km
2. PASSENGERS.xlsx,Table 2.3a-i,capital_city_motorised_passenger_travel_by_mode,Hobart,financial_year,2001-02,Bus,bus,passenger_activity,0.09320477079049956,billion passenger-km
2. PASSENGERS.xlsx,Table 2.3a-i,capital_city_motorised_passenger_travel_by_mode,Hobart,financial_year,2001-02,Ferry,ferry,passenger_activity,0.00011999999999999999,billion passenger-km
2. PASSENGERS.xlsx,Table 2.3a-i,capital_city_motorised_passenger_travel_by_mode,Hobart,financial_year,2001-02,Total,total,passenger_activity,2.394628057103223,billion passenger-km
2. PASSENGERS.xlsx,Table 2.3a-i,capital_city_motorised_passenger_travel_by_mode,Hobart,financial_year,2002-03,Passenger cars,passenger_cars,passenger_activity,2.1387068134848155,billion passenger-km
2. PASSENGERS.xlsx,Table 2.3a-i,capital_city_motorised_passenger_travel_by_mode,Hobart,financial_year,2002-03,Commercial vehicles,commercial_vehicles,passenger_activity,0.23331707269242632,billion passenger-km
2. PASSENGERS.xlsx,Table 2.3a-i,capital_city_motorised_passenger_travel_by_mode,Hobart,financial_year,2002-03,Motor cycles,motor_cycles,passenger_activity,0.010015565331115915,billion passenger-km
2. PASSENGERS.xlsx,Table 2.3a-i,capital_city_motorised_passenger_travel_by_mode,Hobart,financial_year,2002-03,Bus,bus,passenger_activity,0.09405967553565242,billion passenger-km
2. PASSENGERS.xlsx,Table 2.3a-i,capital_city_motorised_passenger_travel_by_mode,Hobart,financial_year,2002-03,Ferry,ferry,passenger_activity,0.00011999999999999999,billion passenger-km
2. PASSENGERS.xlsx,Table 2.3a-i,capital_city_motorised_passenger_travel_by_mode,Hobart,financial_year,2002-03,Total,total,passenger_activity,2.47621912704401,billion passenger-km
2. PASSENGERS.xlsx,Table 2.3a-i,capital_city_motorised_passenger_travel_by_mode,Hobart,financial_year,2003-04,Passenger cars,passenger_cars,passenger_activity,2.2453237626852394,billion passenger-km
2. PASSENGERS.xlsx,Table 2.3a-i,capital_city_motorised_passenger_travel_by_mode,Hobart,financial_year,2003-04,Commercial vehicles,commercial_vehicles,passenger_activity,0.23867541587907626,billion passenger-km
2. PASSENGERS.xlsx,Table 2.3a-i,capital_city_motorised_passenger_travel_by_mode,Hobart,financial_year,2003-04,Motor cycles,motor_cycles,passenger_activity,0.010517843414602143,billion passenger-km
2. PASSENGERS.xlsx,Table 2.3a-i,capital_city_motorised_passenger_travel_by_mode,Hobart,financial_year,2003-04,Bus,bus,passenger_activity,0.09533522951910561,billion passenger-km
2. PASSENGERS.xlsx,Table 2.3a-i,capital_city_motorised_passenger_travel_by_mode,Hobart,financial_year,2003-04,Ferry,ferry,passenger_activity,0.00011999999999999999,billion passenger-km
2. PASSENGERS.xlsx,Table 2.3a-i,capital_city_motorised_passenger_travel_by_mode,Hobart,financial_year,2003-04,Total,total,passenger_activity,2.5899722514980232,billion passenger-km
2. PASSENGERS.xlsx,Table 2.3a-i,capital_city_motorised_passenger_travel_by_mode,Hobart,financial_year,2004-05,Passenger cars,passenger_cars,passenger_activity,2.204256254155325,billion passenger-km
2. PASSENGERS.xlsx,Table 2.3a-i,capital_city_motorised_passenger_travel_by_mode,Hobart,financial_year,2004-05,Commercial vehicles,commercial_vehicles,passenger_activity,0.2393729430125262,billion passenger-km
2. PASSENGERS.xlsx,Table 2.3a-i,capital_city_motorised_passenger_travel_by_mode,Hobart,financial_year,2004-05,Motor cycles,motor_cycles,passenger_activity,0.011260274744642189,billion passenger-km
2. PASSENGERS.xlsx,Table 2.3a-i,capital_city_motorised_passenger_travel_by_mode,Hobart,financial_year,2004-05,Bus,bus,passenger_activity,0.09589872269285125,billion passenger-km
2. PASSENGERS.xlsx,Table 2.3a-i,capital_city_motorised_passenger_travel_by_mode,Hobart,financial_year,2004-05,Ferry,ferry,passenger_activity,0.00011999999999999999,billion passenger-km
2. PASSENGERS.xlsx,Table 2.3a-i,capital_city_motorised_passenger_travel_by_mode,Hobart,financial_year,2004-05,Total,total,passenger_activity,2.5509081946053445,billion passenger-km
2. PASSENGERS.xlsx,Table 2.3a-i,capital_city_motorised_passenger_travel_by_mode,Hobart,financial_year,2005-06,Passenger cars,passenger_cars,passenger_activity,2.168168024549938,billion passenger-km
2. PASSENGERS.xlsx,Table 2.3a-i,capital_city_motorised_passenger_travel_by_mode,Hobart,financial_year,2005-06,Commercial vehicles,commercial_vehicles,passenger_activity,0.2444328371160504,billion passenger-km
2. PASSENGERS.xlsx,Table 2.3a-i,capital_city_motorised_passenger_travel_by_mode,Hobart,financial_year,2005-06,Motor cycles,motor_cycles,passenger_activity,0.01218683694080557,billion passenger-km
2. PASSENGERS.xlsx,Table 2.3a-i,capital_city_motorised_passenger_travel_by_mode,Hobart,financial_year,2005-06,Bus,bus,passenger_activity,0.09705459371033306,billion passenger-km
2. PASSENGERS.xlsx,Table 2.3a-i,capital_city_motorised_passenger_travel_by_mode,Hobart,financial_year,2005-06,Ferry,ferry,passenger_activity,0.000132,billion passenger-km
2. PASSENGERS.xlsx,Table 2.3a-i,capital_city_motorised_passenger_travel_by_mode,Hobart,financial_year,2005-06,Total,total,passenger_activity,2.5219742923171267,billion passenger-km
2. PASSENGERS.xlsx,Table 2.3a-i,capital_city_motorised_passenger_travel_by_mode,Hobart,financial_year,2006-07,Passenger cars,passenger_cars,passenger_activity,2.19380593455406,billion passenger-km
2. PASSENGERS.xlsx,Table 2.3a-i,capital_city_motorised_passenger_travel_by_mode,Hobart,financial_year,2006-07,Commercial vehicles,commercial_vehicles,passenger_activity,0.25387456691771215,billion passenger-km
2. PASSENGERS.xlsx,Table 2.3a-i,capital_city_motorised_passenger_travel_by_mode,Hobart,financial_year,2006-07,Motor cycles,motor_cycles,passenger_activity,0.013310457499511836,billion passenger-km
2. PASSENGERS.xlsx,Table 2.3a-i,capital_city_motorised_passenger_travel_by_mode,Hobart,financial_year,2006-07,Bus,bus,passenger_activity,0.09767396755116615,billion passenger-km
2. PASSENGERS.xlsx,Table 2.3a-i,capital_city_motorised_passenger_travel_by_mode,Hobart,financial_year,2006-07,Ferry,ferry,passenger_activity,0.00019800000000000002,billion passenger-km
2. PASSENGERS.xlsx,Table 2.3a-i,capital_city_motorised_passenger_travel_by_mode,Hobart,financial_year,2006-07,Total,total,passenger_activity,2.5588629265224503,billion passenger-km
2. PASSENGERS.xlsx,Table 2.3a-i,capital_city_motorised_passenger_travel_by_mode,Hobart,financial_year,2007-08,Passenger cars,passenger_cars,passenger_activity,2.194035278014691,billion passenger-km
2. PASSENGERS.xlsx,Table 2.3a-i,capital_city_motorised_passenger_travel_by_mode,Hobart,financial_year,2007-08,Commercial vehicles,commercial_vehicles,passenger_activity,0.2680303021485751,billion passenger-km
2. PASSENGERS.xlsx,Table 2.3a-i,capital_city_motorised_passenger_travel_by_mode,Hobart,financial_year,2007-08,Motor cycles,motor_cycles,passenger_activity,0.014306648808048033,billion passenger-km
2. PASSENGERS.xlsx,Table 2.3a-i,capital_city_motorised_passenger_travel_by_mode,Hobart,financial_year,2007-08,Bus,bus,passenger_activity,0.09609009233692539,billion passenger-km
2. PASSENGERS.xlsx,Table 2.3a-i,capital_city_motorised_passenger_travel_by_mode,Hobart,financial_year,2007-08,Ferry,ferry,passenger_activity,0.0002574,billion passenger-km
2. PASSENGERS.xlsx,Table 2.3a-i,capital_city_motorised_passenger_travel_by_mode,Hobart,financial_year,2007-08,Total,total,passenger_activity,2.5727197213082396,billion passenger-km
2. PASSENGERS.xlsx,Table 2.3a-i,capital_city_motorised_passenger_travel_by_mode,Hobart,financial_year,2008-09,Passenger cars,passenger_cars,passenger_activity,2.159987534297749,billion passenger-km
2. PASSENGERS.xlsx,Table 2.3a-i,capital_city_motorised_passenger_travel_by_mode,Hobart,financial_year,2008-09,Commercial vehicles,commercial_vehicles,passenger_activity,0.277092820569565,billion passenger-km
2. PASSENGERS.xlsx,Table 2.3a-i,capital_city_motorised_passenger_travel_by_mode,Hobart,financial_year,2008-09,Motor cycles,motor_cycles,passenger_activity,0.014746663468665688,billion passenger-km
2. PASSENGERS.xlsx,Table 2.3a-i,capital_city_motorised_passenger_travel_by_mode,Hobart,financial_year,2008-09,Bus,bus,passenger_activity,0.09969107447763412,billion passenger-km
2. PASSENGERS.xlsx,Table 2.3a-i,capital_city_motorised_passenger_travel_by_mode,Hobart,financial_year,2008-09,Ferry,ferry,passenger_activity,0.00033462000000000005,billion passenger-km
2. PASSENGERS.xlsx,Table 2.3a-i,capital_city_motorised_passenger_travel_by_mode,Hobart,financial_year,2008-09,Total,total,passenger_activity,2.5518527128136133,billion passenger-km
2. PASSENGERS.xlsx,Table 2.3a-i,capital_city_motorised_passenger_travel_by_mode,Hobart,financial_year,2009-10,Passenger cars,passenger_cars,passenger_activity,2.1352854432784976,billion passenger-km
2. PASSENGERS.xlsx,Table 2.3a-i,capital_city_motorised_passenger_travel_by_mode,Hobart,financial_year,2009-10,Commercial vehicles,commercial_vehicles,passenger_activity,0.2851509849692908,billion passenger-km
2. PASSENGERS.xlsx,Table 2.3a-i,capital_city_motorised_passenger_travel_by_mode,Hobart,financial_year,2009-10,Motor cycles,motor_cycles,passenger_activity,0.015072478959913232,billion passenger-km
2. PASSENGERS.xlsx,Table 2.3a-i,capital_city_motorised_passenger_travel_by_mode,Hobart,financial_year,2009-10,Bus,bus,passenger_activity,0.1007298421733078,billion passenger-km
2. PASSENGERS.xlsx,Table 2.3a-i,capital_city_motorised_passenger_travel_by_mode,Hobart,financial_year,2009-10,Ferry,ferry,passenger_activity,0.0003680820000000001,billion passenger-km
2. PASSENGERS.xlsx,Table 2.3a-i,capital_city_motorised_passenger_travel_by_mode,Hobart,financial_year,2009-10,Total,total,passenger_activity,2.5366068313810093,billion passenger-km
2. PASSENGERS.xlsx,Table 2.3a-i,capital_city_motorised_passenger_travel_by_mode,Hobart,financial_year,2010-11,Passenger cars,passenger_cars,passenger_activity,2.1234676008148816,billion passenger-km
2. PASSENGERS.xlsx,Table 2.3a-i,capital_city_motorised_passenger_travel_by_mode,Hobart,financial_year,2010-11,Commercial vehicles,commercial_vehicles,passenger_activity,0.29342433408416174,billion passenger-km
2. PASSENGERS.xlsx,Table 2.3a-i,capital_city_motorised_passenger_travel_by_mode,Hobart,financial_year,2010-11,Motor cycles,motor_cycles,passenger_activity,0.014777909151171553,billion passenger-km
2. PASSENGERS.xlsx,Table 2.3a-i,capital_city_motorised_passenger_travel_by_mode,Hobart,financial_year,2010-11,Bus,bus,passenger_activity,0.10525090920962459,billion passenger-km
2. PASSENGERS.xlsx,Table 2.3a-i,capital_city_motorised_passenger_travel_by_mode,Hobart,financial_year,2010-11,Ferry,ferry,passenger_activity,0.0003864861000000001,billion passenger-km
2. PASSENGERS.xlsx,Table 2.3a-i,capital_city_motorised_passenger_travel_by_mode,Hobart,financial_year,2010-11,Total,total,passenger_activity,2.5373072393598397,billion passenger-km
2. PASSENGERS.xlsx,Table 2.3a-i,capital_city_motorised_passenger_travel_by_mode,Hobart,financial_year,2011-12,Passenger cars,passenger_cars,passenger_activity,2.1180913388817193,billion passenger-km
2. PASSENGERS.xlsx,Table 2.3a-i,capital_city_motorised_passenger_travel_by_mode,Hobart,financial_year,2011-12,Commercial vehicles,commercial_vehicles,passenger_activity,0.3017850883603237,billion passenger-km
2. PASSENGERS.xlsx,Table 2.3a-i,capital_city_motorised_passenger_travel_by_mode,Hobart,financial_year,2011-12,Motor cycles,motor_cycles,passenger_activity,0.014353983867910909,billion passenger-km
2. PASSENGERS.xlsx,Table 2.3a-i,capital_city_motorised_passenger_travel_by_mode,Hobart,financial_year,2011-12,Bus,bus,passenger_activity,0.10437213532067635,billion passenger-km
2. PASSENGERS.xlsx,Table 2.3a-i,capital_city_motorised_passenger_travel_by_mode,Hobart,financial_year,2011-12,Ferry,ferry,passenger_activity,0.0003942158220000001,billion passenger-km
2. PASSENGERS.xlsx,Table 2.3a-i,capital_city_motorised_passenger_travel_by_mode,Hobart,financial_year,2011-12,Total,total,passenger_activity,2.5389967622526304,billion passenger-km
2. PASSENGERS.xlsx,Table 2.3a-i,capital_city_motorised_passenger_travel_by_mode,Hobart,financial_year,2012-13,Passenger cars,passenger_cars,passenger_activity,2.1350431395624905,billion passenger-km
2. PASSENGERS.xlsx,Table 2.3a-i,capital_city_motorised_passenger_travel_by_mode,Hobart,financial_year,2012-13,Commercial vehicles,commercial_vehicles,passenger_activity,0.30635747244382805,billion passenger-km
2. PASSENGERS.xlsx,Table 2.3a-i,capital_city_motorised_passenger_travel_by_mode,Hobart,financial_year,2012-13,Motor cycles,motor_cycles,passenger_activity,0.014619758207993225,billion passenger-km
2. PASSENGERS.xlsx,Table 2.3a-i,capital_city_motorised_passenger_travel_by_mode,Hobart,financial_year,2012-13,Bus,bus,passenger_activity,0.1015909042813648,billion passenger-km
2. PASSENGERS.xlsx,Table 2.3a-i,capital_city_motorised_passenger_travel_by_mode,Hobart,financial_year,2012-13,Ferry,ferry,passenger_activity,0.0003981579802200001,billion passenger-km
2. PASSENGERS.xlsx,Table 2.3a-i,capital_city_motorised_passenger_travel_by_mode,Hobart,financial_year,2012-13,Total,total,passenger_activity,2.5580094324758966,billion passenger-km
2. PASSENGERS.xlsx,Table 2.3a-i,capital_city_motorised_passenger_travel_by_mode,Hobart,financial_year,2013-14,Passenger cars,passenger_cars,passenger_activity,2.1498775046241247,billion passenger-km
2. PASSENGERS.xlsx,Table 2.3a-i,capital_city_motorised_passenger_travel_by_mode,Hobart,financial_year,2013-14,Commercial vehicles,commercial_vehicles,passenger_activity,0.3140751153830108,billion passenger-km
2. PASSENGERS.xlsx,Table 2.3a-i,capital_city_motorised_passenger_travel_by_mode,Hobart,financial_year,2013-14,Motor cycles,motor_cycles,passenger_activity,0.014834958441598933,billion passenger-km
2. PASSENGERS.xlsx,Table 2.3a-i,capital_city_motorised_passenger_travel_by_mode,Hobart,financial_year,2013-14,Bus,bus,passenger_activity,0.10391335115221789,billion passenger-km
2. PASSENGERS.xlsx,Table 2.3a-i,capital_city_motorised_passenger_travel_by_mode,Hobart,financial_year,2013-14,Ferry,ferry,passenger_activity,0.00041392661310000014,billion passenger-km
2. PASSENGERS.xlsx,Table 2.3a-i,capital_city_motorised_passenger_travel_by_mode,Hobart,financial_year,2013-14,Total,total,passenger_activity,2.5831148562140522,billion passenger-km
2. PASSENGERS.xlsx,Table 2.3a-i,capital_city_motorised_passenger_travel_by_mode,Hobart,financial_year,2014-15,Passenger cars,passenger_cars,passenger_activity,2.148670981721159,billion passenger-km
2. PASSENGERS.xlsx,Table 2.3a-i,capital_city_motorised_passenger_travel_by_mode,Hobart,financial_year,2014-15,Commercial vehicles,commercial_vehicles,passenger_activity,0.32385219983196306,billion passenger-km
2. PASSENGERS.xlsx,Table 2.3a-i,capital_city_motorised_passenger_travel_by_mode,Hobart,financial_year,2014-15,Motor cycles,motor_cycles,passenger_activity,0.015178898784362134,billion passenger-km
2. PASSENGERS.xlsx,Table 2.3a-i,capital_city_motorised_passenger_travel_by_mode,Hobart,financial_year,2014-15,Bus,bus,passenger_activity,0.10450404148752371,billion passenger-km
2. PASSENGERS.xlsx,Table 2.3a-i,capital_city_motorised_passenger_travel_by_mode,Hobart,financial_year,2014-15,Ferry,ferry,passenger_activity,0.00037793299456956536,billion passenger-km
2. PASSENGERS.xlsx,Table 2.3a-i,capital_city_motorised_passenger_travel_by_mode,Hobart,financial_year,2014-15,Total,total,passenger_activity,2.5925840548195773,billion passenger-km
2. PASSENGERS.xlsx,Table 2.3a-i,capital_city_motorised_passenger_travel_by_mode,Hobart,financial_year,2015-16,Passenger cars,passenger_cars,passenger_activity,2.134515494400887,billion passenger-km
2. PASSENGERS.xlsx,Table 2.3a-i,capital_city_motorised_passenger_travel_by_mode,Hobart,financial_year,2015-16,Commercial vehicles,commercial_vehicles,passenger_activity,0.33706472762825995,billion passenger-km
2. PASSENGERS.xlsx,Table 2.3a-i,capital_city_motorised_passenger_travel_by_mode,Hobart,financial_year,2015-16,Motor cycles,motor_cycles,passenger_activity,0.015506444094289761,billion passenger-km
2. PASSENGERS.xlsx,Table 2.3a-i,capital_city_motorised_passenger_travel_by_mode,Hobart,financial_year,2015-16,Bus,bus,passenger_activity,0.10471288615218702,billion passenger-km
2. PASSENGERS.xlsx,Table 2.3a-i,capital_city_motorised_passenger_travel_by_mode,Hobart,financial_year,2015-16,Ferry,ferry,passenger_activity,0.0004,billion passenger-km
2. PASSENGERS.xlsx,Table 2.3a-i,capital_city_motorised_passenger_travel_by_mode,Hobart,financial_year,2015-16,Total,total,passenger_activity,2.5921995522756234,billion passenger-km
2. PASSENGERS.xlsx,Table 2.3a-i,capital_city_motorised_passenger_travel_by_mode,Hobart,financial_year,2016-17,Passenger cars,passenger_cars,passenger_activity,2.113915973021687,billion passenger-km
2. PASSENGERS.xlsx,Table 2.3a-i,capital_city_motorised_passenger_travel_by_mode,Hobart,financial_year,2016-17,Commercial vehicles,commercial_vehicles,passenger_activity,0.3505590279034239,billion passenger-km
2. PASSENGERS.xlsx,Table 2.3a-i,capital_city_motorised_passenger_travel_by_mode,Hobart,financial_year,2016-17,Motor cycles,motor_cycles,passenger_activity,0.01567543332202933,billion passenger-km
2. PASSENGERS.xlsx,Table 2.3a-i,capital_city_motorised_passenger_travel_by_mode,Hobart,financial_year,2016-17,Bus,bus,passenger_activity,0.10610217770310675,billion passenger-km
2. PASSENGERS.xlsx,Table 2.3a-i,capital_city_motorised_passenger_travel_by_mode,Hobart,financial_year,2016-17,Ferry,ferry,passenger_activity,0.0004,billion passenger-km
2. PASSENGERS.xlsx,Table 2.3a-i,capital_city_motorised_passenger_travel_by_mode,Hobart,financial_year,2016-17,Total,total,passenger_activity,2.5866526119502473,billion passenger-km
2. PASSENGERS.xlsx,Table 2.3a-i,capital_city_motorised_passenger_travel_by_mode,Hobart,financial_year,2017-18,Passenger cars,passenger_cars,passenger_activity,2.164858681489043,billion passenger-km
2. PASSENGERS.xlsx,Table 2.3a-i,capital_city_motorised_passenger_travel_by_mode,Hobart,financial_year,2017-18,Commercial vehicles,commercial_vehicles,passenger_activity,0.3677910340597906,billion passenger-km
2. PASSENGERS.xlsx,Table 2.3a-i,capital_city_motorised_passenger_travel_by_mode,Hobart,financial_year,2017-18,Motor cycles,motor_cycles,passenger_activity,0.015863538521893684,billion passenger-km
2. PASSENGERS.xlsx,Table 2.3a-i,capital_city_motorised_passenger_travel_by_mode,Hobart,financial_year,2017-18,Bus,bus,passenger_activity,0.10840866149856565,billion passenger-km
2. PASSENGERS.xlsx,Table 2.3a-i,capital_city_motorised_passenger_travel_by_mode,Hobart,financial_year,2017-18,Ferry,ferry,passenger_activity,0.0008,billion passenger-km
2. PASSENGERS.xlsx,Table 2.3a-i,capital_city_motorised_passenger_travel_by_mode,Hobart,financial_year,2017-18,Total,total,passenger_activity,2.657721915569293,billion passenger-km
2. PASSENGERS.xlsx,Table 2.3a-i,capital_city_motorised_passenger_travel_by_mode,Hobart,financial_year,2018-19,Passenger cars,passenger_cars,passenger_activity,2.168814254961352,billion passenger-km
2. PASSENGERS.xlsx,Table 2.3a-i,capital_city_motorised_passenger_travel_by_mode,Hobart,financial_year,2018-19,Commercial vehicles,commercial_vehicles,passenger_activity,0.37113220498311306,billion passenger-km
2. PASSENGERS.xlsx,Table 2.3a-i,capital_city_motorised_passenger_travel_by_mode,Hobart,financial_year,2018-19,Motor cycles,motor_cycles,passenger_activity,0.015752970964186062,billion passenger-km
2. PASSENGERS.xlsx,Table 2.3a-i,capital_city_motorised_passenger_travel_by_mode,Hobart,financial_year,2018-19,Bus,bus,passenger_activity,0.11081326205338779,billion passenger-km
2. PASSENGERS.xlsx,Table 2.3a-i,capital_city_motorised_passenger_travel_by_mode,Hobart,financial_year,2018-19,Ferry,ferry,passenger_activity,0.0008,billion passenger-km
2. PASSENGERS.xlsx,Table 2.3a-i,capital_city_motorised_passenger_travel_by_mode,Hobart,financial_year,2018-19,Total,total,passenger_activity,2.6673126929620383,billion passenger-km
2. PASSENGERS.xlsx,Table 2.3a-i,capital_city_motorised_passenger_travel_by_mode,Hobart,financial_year,2019-20,Passenger cars,passenger_cars,passenger_activity,2.0057158894537266,billion passenger-km
2. PASSENGERS.xlsx,Table 2.3a-i,capital_city_motorised_passenger_travel_by_mode,Hobart,financial_year,2019-20,Commercial vehicles,commercial_vehicles,passenger_activity,0.3669100534582476,billion passenger-km
2. PASSENGERS.xlsx,Table 2.3a-i,capital_city_motorised_passenger_travel_by_mode,Hobart,financial_year,2019-20,Motor cycles,motor_cycles,passenger_activity,0.013140474780387754,billion passenger-km
2. PASSENGERS.xlsx,Table 2.3a-i,capital_city_motorised_passenger_travel_by_mode,Hobart,financial_year,2019-20,Bus,bus,passenger_activity,0.09025599927466206,billion passenger-km
2. PASSENGERS.xlsx,Table 2.3a-i,capital_city_motorised_passenger_travel_by_mode,Hobart,financial_year,2019-20,Ferry,ferry,passenger_activity,0.0006400000000000002,billion passenger-km
2. PASSENGERS.xlsx,Table 2.3a-i,capital_city_motorised_passenger_travel_by_mode,Hobart,financial_year,2019-20,Total,total,passenger_activity,2.476662416967024,billion passenger-km
2. PASSENGERS.xlsx,Table 2.3a-i,capital_city_motorised_passenger_travel_by_mode,Hobart,financial_year,2020-21,Passenger cars,passenger_cars,passenger_activity,2.0786286065992186,billion passenger-km
2. PASSENGERS.xlsx,Table 2.3a-i,capital_city_motorised_passenger_travel_by_mode,Hobart,financial_year,2020-21,Commercial vehicles,commercial_vehicles,passenger_activity,0.37262134437894734,billion passenger-km
2. PASSENGERS.xlsx,Table 2.3a-i,capital_city_motorised_passenger_travel_by_mode,Hobart,financial_year,2020-21,Motor cycles,motor_cycles,passenger_activity,0.013666093771603263,billion passenger-km
2. PASSENGERS.xlsx,Table 2.3a-i,capital_city_motorised_passenger_travel_by_mode,Hobart,financial_year,2020-21,Bus,bus,passenger_activity,0.0829694245977646,billion passenger-km
2. PASSENGERS.xlsx,Table 2.3a-i,capital_city_motorised_passenger_travel_by_mode,Hobart,financial_year,2020-21,Ferry,ferry,passenger_activity,0.0005120000000000001,billion passenger-km
2. PASSENGERS.xlsx,Table 2.3a-i,capital_city_motorised_passenger_travel_by_mode,Hobart,financial_year,2020-21,Total,total,passenger_activity,2.5483974693475338,billion passenger-km
2. PASSENGERS.xlsx,Table 2.3a-i,capital_city_motorised_passenger_travel_by_mode,Hobart,financial_year,2021-22,Passenger cars,passenger_cars,passenger_activity,1.9989797147303479,billion passenger-km
2. PASSENGERS.xlsx,Table 2.3a-i,capital_city_motorised_passenger_travel_by_mode,Hobart,financial_year,2021-22,Commercial vehicles,commercial_vehicles,passenger_activity,0.37621372687410687,billion passenger-km
2. PASSENGERS.xlsx,Table 2.3a-i,capital_city_motorised_passenger_travel_by_mode,Hobart,financial_year,2021-22,Motor cycles,motor_cycles,passenger_activity,0.01407607658475136,billion passenger-km
2. PASSENGERS.xlsx,Table 2.3a-i,capital_city_motorised_passenger_travel_by_mode,Hobart,financial_year,2021-22,Bus,bus,passenger_activity,0.0825332115033044,billion passenger-km
2. PASSENGERS.xlsx,Table 2.3a-i,capital_city_motorised_passenger_travel_by_mode,Hobart,financial_year,2021-22,Ferry,ferry,passenger_activity,0.0011,billion passenger-km
2. PASSENGERS.xlsx,Table 2.3a-i,capital_city_motorised_passenger_travel_by_mode,Hobart,financial_year,2021-22,Total,total,passenger_activity,2.4729027296925103,billion passenger-km
2. PASSENGERS.xlsx,Table 2.3a-i,capital_city_motorised_passenger_travel_by_mode,Hobart,financial_year,2022-23,Passenger cars,passenger_cars,passenger_activity,1.9328773174569573,billion passenger-km
2. PASSENGERS.xlsx,Table 2.3a-i,capital_city_motorised_passenger_travel_by_mode,Hobart,financial_year,2022-23,Commercial vehicles,commercial_vehicles,passenger_activity,0.3830547035887195,billion passenger-km
2. PASSENGERS.xlsx,Table 2.3a-i,capital_city_motorised_passenger_travel_by_mode,Hobart,financial_year,2022-23,Motor cycles,motor_cycles,passenger_activity,0.014534680033822758,billion passenger-km
2. PASSENGERS.xlsx,Table 2.3a-i,capital_city_motorised_passenger_travel_by_mode,Hobart,financial_year,2022-23,Bus,bus,passenger_activity,0.0859534372477525,billion passenger-km
2. PASSENGERS.xlsx,Table 2.3a-i,capital_city_motorised_passenger_travel_by_mode,Hobart,financial_year,2022-23,Ferry,ferry,passenger_activity,0.001375,billion passenger-km
2. PASSENGERS.xlsx,Table 2.3a-i,capital_city_motorised_passenger_travel_by_mode,Hobart,financial_year,2022-23,Total,total,passenger_activity,2.4177951383272522,billion passenger-km
2. PASSENGERS.xlsx,Table 2.3a-i,capital_city_motorised_passenger_travel_by_mode,Hobart,financial_year,2023-24,Passenger cars,passenger_cars,passenger_activity,1.942167608118987,billion passenger-km
2. PASSENGERS.xlsx,Table 2.3a-i,capital_city_motorised_passenger_travel_by_mode,Hobart,financial_year,2023-24,Commercial vehicles,commercial_vehicles,passenger_activity,0.3897527053686826,billion passenger-km
2. PASSENGERS.xlsx,Table 2.3a-i,capital_city_motorised_passenger_travel_by_mode,Hobart,financial_year,2023-24,Motor cycles,motor_cycles,passenger_activity,0.014533433696078854,billion passenger-km
2. PASSENGERS.xlsx,Table 2.3a-i,capital_city_motorised_passenger_travel_by_mode,Hobart,financial_year,2023-24,Bus,bus,passenger_activity,0.08303386004474131,billion passenger-km
2. PASSENGERS.xlsx,Table 2.3a-i,capital_city_motorised_passenger_travel_by_mode,Hobart,financial_year,2023-24,Ferry,ferry,passenger_activity,0.001375,billion passenger-km
2. PASSENGERS.xlsx,Table 2.3a-i,capital_city_motorised_passenger_travel_by_mode,Hobart,financial_year,2023-24,Total,total,passenger_activity,2.430862607228489,billion passenger-km
2. PASSENGERS.xlsx,Table 2.3a-i,capital_city_motorised_passenger_travel_by_mode,Hobart,financial_year,2024-25,Passenger cars,passenger_cars,passenger_activity,1.9510498093694904,billion passenger-km
2. PASSENGERS.xlsx,Table 2.3a-i,capital_city_motorised_passenger_travel_by_mode,Hobart,financial_year,2024-25,Commercial vehicles,commercial_vehicles,passenger_activity,0.3903129273672355,billion passenger-km
2. PASSENGERS.xlsx,Table 2.3a-i,capital_city_motorised_passenger_travel_by_mode,Hobart,financial_year,2024-25,Motor cycles,motor_cycles,passenger_activity,0.01470000403794034,billion passenger-km
2. PASSENGERS.xlsx,Table 2.3a-i,capital_city_motorised_passenger_travel_by_mode,Hobart,financial_year,2024-25,Bus,bus,passenger_activity,0.08508855527146708,billion passenger-km
2. PASSENGERS.xlsx,Table 2.3a-i,capital_city_motorised_passenger_travel_by_mode,Hobart,financial_year,2024-25,Ferry,ferry,passenger_activity,0.001375,billion passenger-km
2. PASSENGERS.xlsx,Table 2.3a-i,capital_city_motorised_passenger_travel_by_mode,Hobart,financial_year,2024-25,Total,total,passenger_activity,2.442526296046133,billion passenger-km
2. PASSENGERS.xlsx,Table 2.3a-i,capital_city_motorised_passenger_travel_by_mode,Darwin,financial_year,1976-77,Passenger cars,passenger_cars,passenger_activity,0.333745450442242,billion passenger-km
2. PASSENGERS.xlsx,Table 2.3a-i,capital_city_motorised_passenger_travel_by_mode,Darwin,financial_year,1976-77,Commercial vehicles,commercial_vehicles,passenger_activity,0.09117147427780889,billion passenger-km
2. PASSENGERS.xlsx,Table 2.3a-i,capital_city_motorised_passenger_travel_by_mode,Darwin,financial_year,1976-77,Motor cycles,motor_cycles,passenger_activity,0.008288777029281949,billion passenger-km
2. PASSENGERS.xlsx,Table 2.3a-i,capital_city_motorised_passenger_travel_by_mode,Darwin,financial_year,1976-77,Bus,bus,passenger_activity,0.008779164224792463,billion passenger-km
2. PASSENGERS.xlsx,Table 2.3a-i,capital_city_motorised_passenger_travel_by_mode,Darwin,financial_year,1976-77,Total,total,passenger_activity,0.44198486597412534,billion passenger-km
2. PASSENGERS.xlsx,Table 2.3a-i,capital_city_motorised_passenger_travel_by_mode,Darwin,financial_year,1977-78,Passenger cars,passenger_cars,passenger_activity,0.3463168422102639,billion passenger-km
2. PASSENGERS.xlsx,Table 2.3a-i,capital_city_motorised_passenger_travel_by_mode,Darwin,financial_year,1977-78,Commercial vehicles,commercial_vehicles,passenger_activity,0.09573350430807484,billion passenger-km
2. PASSENGERS.xlsx,Table 2.3a-i,capital_city_motorised_passenger_travel_by_mode,Darwin,financial_year,1977-78,Motor cycles,motor_cycles,passenger_activity,0.008995866886269958,billion passenger-km
2. PASSENGERS.xlsx,Table 2.3a-i,capital_city_motorised_passenger_travel_by_mode,Darwin,financial_year,1977-78,Bus,bus,passenger_activity,0.009858108892954983,billion passenger-km
2. PASSENGERS.xlsx,Table 2.3a-i,capital_city_motorised_passenger_travel_by_mode,Darwin,financial_year,1977-78,Total,total,passenger_activity,0.4609043222975637,billion passenger-km
2. PASSENGERS.xlsx,Table 2.3a-i,capital_city_motorised_passenger_travel_by_mode,Darwin,financial_year,1978-79,Passenger cars,passenger_cars,passenger_activity,0.3665339881710238,billion passenger-km
2. PASSENGERS.xlsx,Table 2.3a-i,capital_city_motorised_passenger_travel_by_mode,Darwin,financial_year,1978-79,Commercial vehicles,commercial_vehicles,passenger_activity,0.10151961531294978,billion passenger-km
2. PASSENGERS.xlsx,Table 2.3a-i,capital_city_motorised_passenger_travel_by_mode,Darwin,financial_year,1978-79,Motor cycles,motor_cycles,passenger_activity,0.009693960911327888,billion passenger-km
2. PASSENGERS.xlsx,Table 2.3a-i,capital_city_motorised_passenger_travel_by_mode,Darwin,financial_year,1978-79,Bus,bus,passenger_activity,0.010969272944044223,billion passenger-km
2. PASSENGERS.xlsx,Table 2.3a-i,capital_city_motorised_passenger_travel_by_mode,Darwin,financial_year,1978-79,Total,total,passenger_activity,0.4887168373393457,billion passenger-km
2. PASSENGERS.xlsx,Table 2.3a-i,capital_city_motorised_passenger_travel_by_mode,Darwin,financial_year,1979-80,Passenger cars,passenger_cars,passenger_activity,0.38325438523189825,billion passenger-km
2. PASSENGERS.xlsx,Table 2.3a-i,capital_city_motorised_passenger_travel_by_mode,Darwin,financial_year,1979-80,Commercial vehicles,commercial_vehicles,passenger_activity,0.103712608419304,billion passenger-km
2. PASSENGERS.xlsx,Table 2.3a-i,capital_city_motorised_passenger_travel_by_mode,Darwin,financial_year,1979-80,Motor cycles,motor_cycles,passenger_activity,0.010993411924880082,billion passenger-km
2. PASSENGERS.xlsx,Table 2.3a-i,capital_city_motorised_passenger_travel_by_mode,Darwin,financial_year,1979-80,Bus,bus,passenger_activity,0.016867158424591487,billion passenger-km
2. PASSENGERS.xlsx,Table 2.3a-i,capital_city_motorised_passenger_travel_by_mode,Darwin,financial_year,1979-80,Total,total,passenger_activity,0.5148275640006739,billion passenger-km
2. PASSENGERS.xlsx,Table 2.3a-i,capital_city_motorised_passenger_travel_by_mode,Darwin,financial_year,1980-81,Passenger cars,passenger_cars,passenger_activity,0.4096568925272711,billion passenger-km
2. PASSENGERS.xlsx,Table 2.3a-i,capital_city_motorised_passenger_travel_by_mode,Darwin,financial_year,1980-81,Commercial vehicles,commercial_vehicles,passenger_activity,0.10766739189630994,billion passenger-km
2. PASSENGERS.xlsx,Table 2.3a-i,capital_city_motorised_passenger_travel_by_mode,Darwin,financial_year,1980-81,Motor cycles,motor_cycles,passenger_activity,0.012398468197709076,billion passenger-km
2. PASSENGERS.xlsx,Table 2.3a-i,capital_city_motorised_passenger_travel_by_mode,Darwin,financial_year,1980-81,Bus,bus,passenger_activity,0.022823646246130744,billion passenger-km
2. PASSENGERS.xlsx,Table 2.3a-i,capital_city_motorised_passenger_travel_by_mode,Darwin,financial_year,1980-81,Total,total,passenger_activity,0.5525463988674209,billion passenger-km
2. PASSENGERS.xlsx,Table 2.3a-i,capital_city_motorised_passenger_travel_by_mode,Darwin,financial_year,1981-82,Passenger cars,passenger_cars,passenger_activity,0.4524731512851368,billion passenger-km
2. PASSENGERS.xlsx,Table 2.3a-i,capital_city_motorised_passenger_travel_by_mode,Darwin,financial_year,1981-82,Commercial vehicles,commercial_vehicles,passenger_activity,0.10906752867808092,billion passenger-km
2. PASSENGERS.xlsx,Table 2.3a-i,capital_city_motorised_passenger_travel_by_mode,Darwin,financial_year,1981-82,Motor cycles,motor_cycles,passenger_activity,0.014686280227749133,billion passenger-km
2. PASSENGERS.xlsx,Table 2.3a-i,capital_city_motorised_passenger_travel_by_mode,Darwin,financial_year,1981-82,Bus,bus,passenger_activity,0.02639809876570389,billion passenger-km
2. PASSENGERS.xlsx,Table 2.3a-i,capital_city_motorised_passenger_travel_by_mode,Darwin,financial_year,1981-82,Total,total,passenger_activity,0.6026250589566707,billion passenger-km
2. PASSENGERS.xlsx,Table 2.3a-i,capital_city_motorised_passenger_travel_by_mode,Darwin,financial_year,1982-83,Passenger cars,passenger_cars,passenger_activity,0.46555261039556145,billion passenger-km
2. PASSENGERS.xlsx,Table 2.3a-i,capital_city_motorised_passenger_travel_by_mode,Darwin,financial_year,1982-83,Commercial vehicles,commercial_vehicles,passenger_activity,0.1041749658504863,billion passenger-km
2. PASSENGERS.xlsx,Table 2.3a-i,capital_city_motorised_passenger_travel_by_mode,Darwin,financial_year,1982-83,Motor cycles,motor_cycles,passenger_activity,0.015186270204222174,billion passenger-km
2. PASSENGERS.xlsx,Table 2.3a-i,capital_city_motorised_passenger_travel_by_mode,Darwin,financial_year,1982-83,Bus,bus,passenger_activity,0.030967312358996815,billion passenger-km
2. PASSENGERS.xlsx,Table 2.3a-i,capital_city_motorised_passenger_travel_by_mode,Darwin,financial_year,1982-83,Total,total,passenger_activity,0.6158811588092667,billion passenger-km
2. PASSENGERS.xlsx,Table 2.3a-i,capital_city_motorised_passenger_travel_by_mode,Darwin,financial_year,1983-84,Passenger cars,passenger_cars,passenger_activity,0.5090073939444459,billion passenger-km
2. PASSENGERS.xlsx,Table 2.3a-i,capital_city_motorised_passenger_travel_by_mode,Darwin,financial_year,1983-84,Commercial vehicles,commercial_vehicles,passenger_activity,0.1089217652641946,billion passenger-km
2. PASSENGERS.xlsx,Table 2.3a-i,capital_city_motorised_passenger_travel_by_mode,Darwin,financial_year,1983-84,Motor cycles,motor_cycles,passenger_activity,0.015821616061014315,billion passenger-km
2. PASSENGERS.xlsx,Table 2.3a-i,capital_city_motorised_passenger_travel_by_mode,Darwin,financial_year,1983-84,Bus,bus,passenger_activity,0.03135272892279213,billion passenger-km
2. PASSENGERS.xlsx,Table 2.3a-i,capital_city_motorised_passenger_travel_by_mode,Darwin,financial_year,1983-84,Total,total,passenger_activity,0.665103504192447,billion passenger-km
2. PASSENGERS.xlsx,Table 2.3a-i,capital_city_motorised_passenger_travel_by_mode,Darwin,financial_year,1984-85,Passenger cars,passenger_cars,passenger_activity,0.5520589121384201,billion passenger-km
2. PASSENGERS.xlsx,Table 2.3a-i,capital_city_motorised_passenger_travel_by_mode,Darwin,financial_year,1984-85,Commercial vehicles,commercial_vehicles,passenger_activity,0.11148779368919988,billion passenger-km
2. PASSENGERS.xlsx,Table 2.3a-i,capital_city_motorised_passenger_travel_by_mode,Darwin,financial_year,1984-85,Motor cycles,motor_cycles,passenger_activity,0.01614362685220759,billion passenger-km
2. PASSENGERS.xlsx,Table 2.3a-i,capital_city_motorised_passenger_travel_by_mode,Darwin,financial_year,1984-85,Bus,bus,passenger_activity,0.03181476790384159,billion passenger-km
2. PASSENGERS.xlsx,Table 2.3a-i,capital_city_motorised_passenger_travel_by_mode,Darwin,financial_year,1984-85,Total,total,passenger_activity,0.7115051005836692,billion passenger-km
2. PASSENGERS.xlsx,Table 2.3a-i,capital_city_motorised_passenger_travel_by_mode,Darwin,financial_year,1985-86,Passenger cars,passenger_cars,passenger_activity,0.6055220338268716,billion passenger-km
2. PASSENGERS.xlsx,Table 2.3a-i,capital_city_motorised_passenger_travel_by_mode,Darwin,financial_year,1985-86,Commercial vehicles,commercial_vehicles,passenger_activity,0.11578961094959139,billion passenger-km
2. PASSENGERS.xlsx,Table 2.3a-i,capital_city_motorised_passenger_travel_by_mode,Darwin,financial_year,1985-86,Motor cycles,motor_cycles,passenger_activity,0.014770847642893645,billion passenger-km
2. PASSENGERS.xlsx,Table 2.3a-i,capital_city_motorised_passenger_travel_by_mode,Darwin,financial_year,1985-86,Bus,bus,passenger_activity,0.03276854945882533,billion passenger-km
2. PASSENGERS.xlsx,Table 2.3a-i,capital_city_motorised_passenger_travel_by_mode,Darwin,financial_year,1985-86,Total,total,passenger_activity,0.768851041878182,billion passenger-km
2. PASSENGERS.xlsx,Table 2.3a-i,capital_city_motorised_passenger_travel_by_mode,Darwin,financial_year,1986-87,Passenger cars,passenger_cars,passenger_activity,0.6312191841491085,billion passenger-km
2. PASSENGERS.xlsx,Table 2.3a-i,capital_city_motorised_passenger_travel_by_mode,Darwin,financial_year,1986-87,Commercial vehicles,commercial_vehicles,passenger_activity,0.11829460495367686,billion passenger-km
2. PASSENGERS.xlsx,Table 2.3a-i,capital_city_motorised_passenger_travel_by_mode,Darwin,financial_year,1986-87,Motor cycles,motor_cycles,passenger_activity,0.01388593928679295,billion passenger-km
2. PASSENGERS.xlsx,Table 2.3a-i,capital_city_motorised_passenger_travel_by_mode,Darwin,financial_year,1986-87,Bus,bus,passenger_activity,0.030079619910412515,billion passenger-km
2. PASSENGERS.xlsx,Table 2.3a-i,capital_city_motorised_passenger_travel_by_mode,Darwin,financial_year,1986-87,Total,total,passenger_activity,0.7934793482999908,billion passenger-km
2. PASSENGERS.xlsx,Table 2.3a-i,capital_city_motorised_passenger_travel_by_mode,Darwin,financial_year,1987-88,Passenger cars,passenger_cars,passenger_activity,0.6501481434213072,billion passenger-km
2. PASSENGERS.xlsx,Table 2.3a-i,capital_city_motorised_passenger_travel_by_mode,Darwin,financial_year,1987-88,Commercial vehicles,commercial_vehicles,passenger_activity,0.12162835004788618,billion passenger-km
2. PASSENGERS.xlsx,Table 2.3a-i,capital_city_motorised_passenger_travel_by_mode,Darwin,financial_year,1987-88,Motor cycles,motor_cycles,passenger_activity,0.013049618038645709,billion passenger-km
2. PASSENGERS.xlsx,Table 2.3a-i,capital_city_motorised_passenger_travel_by_mode,Darwin,financial_year,1987-88,Bus,bus,passenger_activity,0.03612413022589362,billion passenger-km
2. PASSENGERS.xlsx,Table 2.3a-i,capital_city_motorised_passenger_travel_by_mode,Darwin,financial_year,1987-88,Total,total,passenger_activity,0.8209502417337328,billion passenger-km
2. PASSENGERS.xlsx,Table 2.3a-i,capital_city_motorised_passenger_travel_by_mode,Darwin,financial_year,1988-89,Passenger cars,passenger_cars,passenger_activity,0.6600020470806596,billion passenger-km
2. PASSENGERS.xlsx,Table 2.3a-i,capital_city_motorised_passenger_travel_by_mode,Darwin,financial_year,1988-89,Commercial vehicles,commercial_vehicles,passenger_activity,0.12338286596832998,billion passenger-km
2. PASSENGERS.xlsx,Table 2.3a-i,capital_city_motorised_passenger_travel_by_mode,Darwin,financial_year,1988-89,Motor cycles,motor_cycles,passenger_activity,0.013341291312578763,billion passenger-km
2. PASSENGERS.xlsx,Table 2.3a-i,capital_city_motorised_passenger_travel_by_mode,Darwin,financial_year,1988-89,Bus,bus,passenger_activity,0.046067834969480845,billion passenger-km
2. PASSENGERS.xlsx,Table 2.3a-i,capital_city_motorised_passenger_travel_by_mode,Darwin,financial_year,1988-89,Total,total,passenger_activity,0.8427940393310492,billion passenger-km
2. PASSENGERS.xlsx,Table 2.3a-i,capital_city_motorised_passenger_travel_by_mode,Darwin,financial_year,1989-90,Passenger cars,passenger_cars,passenger_activity,0.6806080685691386,billion passenger-km
2. PASSENGERS.xlsx,Table 2.3a-i,capital_city_motorised_passenger_travel_by_mode,Darwin,financial_year,1989-90,Commercial vehicles,commercial_vehicles,passenger_activity,0.1203167510357047,billion passenger-km
2. PASSENGERS.xlsx,Table 2.3a-i,capital_city_motorised_passenger_travel_by_mode,Darwin,financial_year,1989-90,Motor cycles,motor_cycles,passenger_activity,0.011818158812946303,billion passenger-km
2. PASSENGERS.xlsx,Table 2.3a-i,capital_city_motorised_passenger_travel_by_mode,Darwin,financial_year,1989-90,Bus,bus,passenger_activity,0.046408612104656057,billion passenger-km
2. PASSENGERS.xlsx,Table 2.3a-i,capital_city_motorised_passenger_travel_by_mode,Darwin,financial_year,1989-90,Total,total,passenger_activity,0.8591515905224457,billion passenger-km
2. PASSENGERS.xlsx,Table 2.3a-i,capital_city_motorised_passenger_travel_by_mode,Darwin,financial_year,1990-91,Passenger cars,passenger_cars,passenger_activity,0.6851216066158441,billion passenger-km
2. PASSENGERS.xlsx,Table 2.3a-i,capital_city_motorised_passenger_travel_by_mode,Darwin,financial_year,1990-91,Commercial vehicles,commercial_vehicles,passenger_activity,0.11540858237204626,billion passenger-km
2. PASSENGERS.xlsx,Table 2.3a-i,capital_city_motorised_passenger_travel_by_mode,Darwin,financial_year,1990-91,Motor cycles,motor_cycles,passenger_activity,0.010463759292056512,billion passenger-km
2. PASSENGERS.xlsx,Table 2.3a-i,capital_city_motorised_passenger_travel_by_mode,Darwin,financial_year,1990-91,Bus,bus,passenger_activity,0.051455597290604616,billion passenger-km
2. PASSENGERS.xlsx,Table 2.3a-i,capital_city_motorised_passenger_travel_by_mode,Darwin,financial_year,1990-91,Total,total,passenger_activity,0.8624495455705516,billion passenger-km
2. PASSENGERS.xlsx,Table 2.3a-i,capital_city_motorised_passenger_travel_by_mode,Darwin,financial_year,1991-92,Passenger cars,passenger_cars,passenger_activity,0.7022841264179667,billion passenger-km
2. PASSENGERS.xlsx,Table 2.3a-i,capital_city_motorised_passenger_travel_by_mode,Darwin,financial_year,1991-92,Commercial vehicles,commercial_vehicles,passenger_activity,0.11738871420586207,billion passenger-km
2. PASSENGERS.xlsx,Table 2.3a-i,capital_city_motorised_passenger_travel_by_mode,Darwin,financial_year,1991-92,Motor cycles,motor_cycles,passenger_activity,0.010281824777079214,billion passenger-km
2. PASSENGERS.xlsx,Table 2.3a-i,capital_city_motorised_passenger_travel_by_mode,Darwin,financial_year,1991-92,Bus,bus,passenger_activity,0.0518728211985006,billion passenger-km
2. PASSENGERS.xlsx,Table 2.3a-i,capital_city_motorised_passenger_travel_by_mode,Darwin,financial_year,1991-92,Total,total,passenger_activity,0.8818274865994085,billion passenger-km
2. PASSENGERS.xlsx,Table 2.3a-i,capital_city_motorised_passenger_travel_by_mode,Darwin,financial_year,1992-93,Passenger cars,passenger_cars,passenger_activity,0.7246570694495663,billion passenger-km
2. PASSENGERS.xlsx,Table 2.3a-i,capital_city_motorised_passenger_travel_by_mode,Darwin,financial_year,1992-93,Commercial vehicles,commercial_vehicles,passenger_activity,0.12163197393773076,billion passenger-km
2. PASSENGERS.xlsx,Table 2.3a-i,capital_city_motorised_passenger_travel_by_mode,Darwin,financial_year,1992-93,Motor cycles,motor_cycles,passenger_activity,0.010179918597108768,billion passenger-km
2. PASSENGERS.xlsx,Table 2.3a-i,capital_city_motorised_passenger_travel_by_mode,Darwin,financial_year,1992-93,Bus,bus,passenger_activity,0.050107405309992886,billion passenger-km
2. PASSENGERS.xlsx,Table 2.3a-i,capital_city_motorised_passenger_travel_by_mode,Darwin,financial_year,1992-93,Total,total,passenger_activity,0.9065763672943987,billion passenger-km
2. PASSENGERS.xlsx,Table 2.3a-i,capital_city_motorised_passenger_travel_by_mode,Darwin,financial_year,1993-94,Passenger cars,passenger_cars,passenger_activity,0.7432707170347376,billion passenger-km
2. PASSENGERS.xlsx,Table 2.3a-i,capital_city_motorised_passenger_travel_by_mode,Darwin,financial_year,1993-94,Commercial vehicles,commercial_vehicles,passenger_activity,0.12686309945147986,billion passenger-km
2. PASSENGERS.xlsx,Table 2.3a-i,capital_city_motorised_passenger_travel_by_mode,Darwin,financial_year,1993-94,Motor cycles,motor_cycles,passenger_activity,0.00979446241917491,billion passenger-km
2. PASSENGERS.xlsx,Table 2.3a-i,capital_city_motorised_passenger_travel_by_mode,Darwin,financial_year,1993-94,Bus,bus,passenger_activity,0.05218220948649846,billion passenger-km
2. PASSENGERS.xlsx,Table 2.3a-i,capital_city_motorised_passenger_travel_by_mode,Darwin,financial_year,1993-94,Total,total,passenger_activity,0.9321104883918908,billion passenger-km
2. PASSENGERS.xlsx,Table 2.3a-i,capital_city_motorised_passenger_travel_by_mode,Darwin,financial_year,1994-95,Passenger cars,passenger_cars,passenger_activity,0.7895196486202292,billion passenger-km
2. PASSENGERS.xlsx,Table 2.3a-i,capital_city_motorised_passenger_travel_by_mode,Darwin,financial_year,1994-95,Commercial vehicles,commercial_vehicles,passenger_activity,0.13615139074092433,billion passenger-km
2. PASSENGERS.xlsx,Table 2.3a-i,capital_city_motorised_passenger_travel_by_mode,Darwin,financial_year,1994-95,Motor cycles,motor_cycles,passenger_activity,0.00948759827140375,billion passenger-km
2. PASSENGERS.xlsx,Table 2.3a-i,capital_city_motorised_passenger_travel_by_mode,Darwin,financial_year,1994-95,Bus,bus,passenger_activity,0.056715338185945846,billion passenger-km
2. PASSENGERS.xlsx,Table 2.3a-i,capital_city_motorised_passenger_travel_by_mode,Darwin,financial_year,1994-95,Total,total,passenger_activity,0.9918739758185031,billion passenger-km
2. PASSENGERS.xlsx,Table 2.3a-i,capital_city_motorised_passenger_travel_by_mode,Darwin,financial_year,1995-96,Passenger cars,passenger_cars,passenger_activity,0.8274092294199062,billion passenger-km
2. PASSENGERS.xlsx,Table 2.3a-i,capital_city_motorised_passenger_travel_by_mode,Darwin,financial_year,1995-96,Commercial vehicles,commercial_vehicles,passenger_activity,0.14325140873008063,billion passenger-km
2. PASSENGERS.xlsx,Table 2.3a-i,capital_city_motorised_passenger_travel_by_mode,Darwin,financial_year,1995-96,Motor cycles,motor_cycles,passenger_activity,0.009008156952113938,billion passenger-km
2. PASSENGERS.xlsx,Table 2.3a-i,capital_city_motorised_passenger_travel_by_mode,Darwin,financial_year,1995-96,Bus,bus,passenger_activity,0.06138758003782399,billion passenger-km
2. PASSENGERS.xlsx,Table 2.3a-i,capital_city_motorised_passenger_travel_by_mode,Darwin,financial_year,1995-96,Total,total,passenger_activity,1.0410563751399249,billion passenger-km
2. PASSENGERS.xlsx,Table 2.3a-i,capital_city_motorised_passenger_travel_by_mode,Darwin,financial_year,1996-97,Passenger cars,passenger_cars,passenger_activity,0.843543339520957,billion passenger-km
2. PASSENGERS.xlsx,Table 2.3a-i,capital_city_motorised_passenger_travel_by_mode,Darwin,financial_year,1996-97,Commercial vehicles,commercial_vehicles,passenger_activity,0.14864607641703478,billion passenger-km
2. PASSENGERS.xlsx,Table 2.3a-i,capital_city_motorised_passenger_travel_by_mode,Darwin,financial_year,1996-97,Motor cycles,motor_cycles,passenger_activity,0.008823400615895125,billion passenger-km
2. PASSENGERS.xlsx,Table 2.3a-i,capital_city_motorised_passenger_travel_by_mode,Darwin,financial_year,1996-97,Bus,bus,passenger_activity,0.0622864773692501,billion passenger-km
2. PASSENGERS.xlsx,Table 2.3a-i,capital_city_motorised_passenger_travel_by_mode,Darwin,financial_year,1996-97,Total,total,passenger_activity,1.063299293923137,billion passenger-km
2. PASSENGERS.xlsx,Table 2.3a-i,capital_city_motorised_passenger_travel_by_mode,Darwin,financial_year,1997-98,Passenger cars,passenger_cars,passenger_activity,0.8590819869700353,billion passenger-km
2. PASSENGERS.xlsx,Table 2.3a-i,capital_city_motorised_passenger_travel_by_mode,Darwin,financial_year,1997-98,Commercial vehicles,commercial_vehicles,passenger_activity,0.1560202431527877,billion passenger-km
2. PASSENGERS.xlsx,Table 2.3a-i,capital_city_motorised_passenger_travel_by_mode,Darwin,financial_year,1997-98,Motor cycles,motor_cycles,passenger_activity,0.008373496012700635,billion passenger-km
2. PASSENGERS.xlsx,Table 2.3a-i,capital_city_motorised_passenger_travel_by_mode,Darwin,financial_year,1997-98,Bus,bus,passenger_activity,0.058139129734813874,billion passenger-km
2. PASSENGERS.xlsx,Table 2.3a-i,capital_city_motorised_passenger_travel_by_mode,Darwin,financial_year,1997-98,Total,total,passenger_activity,1.0816148558703376,billion passenger-km
2. PASSENGERS.xlsx,Table 2.3a-i,capital_city_motorised_passenger_travel_by_mode,Darwin,financial_year,1998-99,Passenger cars,passenger_cars,passenger_activity,0.8714887528299491,billion passenger-km
2. PASSENGERS.xlsx,Table 2.3a-i,capital_city_motorised_passenger_travel_by_mode,Darwin,financial_year,1998-99,Commercial vehicles,commercial_vehicles,passenger_activity,0.1585048858031641,billion passenger-km
2. PASSENGERS.xlsx,Table 2.3a-i,capital_city_motorised_passenger_travel_by_mode,Darwin,financial_year,1998-99,Motor cycles,motor_cycles,passenger_activity,0.007945518393099645,billion passenger-km
2. PASSENGERS.xlsx,Table 2.3a-i,capital_city_motorised_passenger_travel_by_mode,Darwin,financial_year,1998-99,Bus,bus,passenger_activity,0.057947799669132355,billion passenger-km
2. PASSENGERS.xlsx,Table 2.3a-i,capital_city_motorised_passenger_travel_by_mode,Darwin,financial_year,1998-99,Total,total,passenger_activity,1.0958869566953453,billion passenger-km
2. PASSENGERS.xlsx,Table 2.3a-i,capital_city_motorised_passenger_travel_by_mode,Darwin,financial_year,1999-00,Passenger cars,passenger_cars,passenger_activity,0.8815536887153923,billion passenger-km
2. PASSENGERS.xlsx,Table 2.3a-i,capital_city_motorised_passenger_travel_by_mode,Darwin,financial_year,1999-00,Commercial vehicles,commercial_vehicles,passenger_activity,0.15893305163592214,billion passenger-km
2. PASSENGERS.xlsx,Table 2.3a-i,capital_city_motorised_passenger_travel_by_mode,Darwin,financial_year,1999-00,Motor cycles,motor_cycles,passenger_activity,0.007969156875795622,billion passenger-km
2. PASSENGERS.xlsx,Table 2.3a-i,capital_city_motorised_passenger_travel_by_mode,Darwin,financial_year,1999-00,Bus,bus,passenger_activity,0.05947583730994178,billion passenger-km
2. PASSENGERS.xlsx,Table 2.3a-i,capital_city_motorised_passenger_travel_by_mode,Darwin,financial_year,1999-00,Total,total,passenger_activity,1.1079317345370518,billion passenger-km
2. PASSENGERS.xlsx,Table 2.3a-i,capital_city_motorised_passenger_travel_by_mode,Darwin,financial_year,2000-01,Passenger cars,passenger_cars,passenger_activity,0.8524432291791642,billion passenger-km
2. PASSENGERS.xlsx,Table 2.3a-i,capital_city_motorised_passenger_travel_by_mode,Darwin,financial_year,2000-01,Commercial vehicles,commercial_vehicles,passenger_activity,0.15827996971269712,billion passenger-km
2. PASSENGERS.xlsx,Table 2.3a-i,capital_city_motorised_passenger_travel_by_mode,Darwin,financial_year,2000-01,Motor cycles,motor_cycles,passenger_activity,0.008201937217920875,billion passenger-km
2. PASSENGERS.xlsx,Table 2.3a-i,capital_city_motorised_passenger_travel_by_mode,Darwin,financial_year,2000-01,Bus,bus,passenger_activity,0.061484966487771395,billion passenger-km
2. PASSENGERS.xlsx,Table 2.3a-i,capital_city_motorised_passenger_travel_by_mode,Darwin,financial_year,2000-01,Total,total,passenger_activity,1.0804101025975537,billion passenger-km
2. PASSENGERS.xlsx,Table 2.3a-i,capital_city_motorised_passenger_travel_by_mode,Darwin,financial_year,2001-02,Passenger cars,passenger_cars,passenger_activity,0.8558320223874424,billion passenger-km
2. PASSENGERS.xlsx,Table 2.3a-i,capital_city_motorised_passenger_travel_by_mode,Darwin,financial_year,2001-02,Commercial vehicles,commercial_vehicles,passenger_activity,0.1636066656747155,billion passenger-km
2. PASSENGERS.xlsx,Table 2.3a-i,capital_city_motorised_passenger_travel_by_mode,Darwin,financial_year,2001-02,Motor cycles,motor_cycles,passenger_activity,0.008693236012463645,billion passenger-km
2. PASSENGERS.xlsx,Table 2.3a-i,capital_city_motorised_passenger_travel_by_mode,Darwin,financial_year,2001-02,Bus,bus,passenger_activity,0.06255646516428791,billion passenger-km
2. PASSENGERS.xlsx,Table 2.3a-i,capital_city_motorised_passenger_travel_by_mode,Darwin,financial_year,2001-02,Total,total,passenger_activity,1.0906883892389094,billion passenger-km
2. PASSENGERS.xlsx,Table 2.3a-i,capital_city_motorised_passenger_travel_by_mode,Darwin,financial_year,2002-03,Passenger cars,passenger_cars,passenger_activity,0.8651323587203826,billion passenger-km
2. PASSENGERS.xlsx,Table 2.3a-i,capital_city_motorised_passenger_travel_by_mode,Darwin,financial_year,2002-03,Commercial vehicles,commercial_vehicles,passenger_activity,0.16667527456757994,billion passenger-km
2. PASSENGERS.xlsx,Table 2.3a-i,capital_city_motorised_passenger_travel_by_mode,Darwin,financial_year,2002-03,Motor cycles,motor_cycles,passenger_activity,0.008449239313653963,billion passenger-km
2. PASSENGERS.xlsx,Table 2.3a-i,capital_city_motorised_passenger_travel_by_mode,Darwin,financial_year,2002-03,Bus,bus,passenger_activity,0.06563875555779632,billion passenger-km
2. PASSENGERS.xlsx,Table 2.3a-i,capital_city_motorised_passenger_travel_by_mode,Darwin,financial_year,2002-03,Total,total,passenger_activity,1.105895628159413,billion passenger-km
2. PASSENGERS.xlsx,Table 2.3a-i,capital_city_motorised_passenger_travel_by_mode,Darwin,financial_year,2003-04,Passenger cars,passenger_cars,passenger_activity,0.8948997210972466,billion passenger-km
2. PASSENGERS.xlsx,Table 2.3a-i,capital_city_motorised_passenger_travel_by_mode,Darwin,financial_year,2003-04,Commercial vehicles,commercial_vehicles,passenger_activity,0.17161274387850547,billion passenger-km
2. PASSENGERS.xlsx,Table 2.3a-i,capital_city_motorised_passenger_travel_by_mode,Darwin,financial_year,2003-04,Motor cycles,motor_cycles,passenger_activity,0.008870021242917766,billion passenger-km
2. PASSENGERS.xlsx,Table 2.3a-i,capital_city_motorised_passenger_travel_by_mode,Darwin,financial_year,2003-04,Bus,bus,passenger_activity,0.06677170800260923,billion passenger-km
2. PASSENGERS.xlsx,Table 2.3a-i,capital_city_motorised_passenger_travel_by_mode,Darwin,financial_year,2003-04,Total,total,passenger_activity,1.1421541942212792,billion passenger-km
2. PASSENGERS.xlsx,Table 2.3a-i,capital_city_motorised_passenger_travel_by_mode,Darwin,financial_year,2004-05,Passenger cars,passenger_cars,passenger_activity,0.8826998860270344,billion passenger-km
2. PASSENGERS.xlsx,Table 2.3a-i,capital_city_motorised_passenger_travel_by_mode,Darwin,financial_year,2004-05,Commercial vehicles,commercial_vehicles,passenger_activity,0.17420461062632997,billion passenger-km
2. PASSENGERS.xlsx,Table 2.3a-i,capital_city_motorised_passenger_travel_by_mode,Darwin,financial_year,2004-05,Motor cycles,motor_cycles,passenger_activity,0.009662134290460922,billion passenger-km
2. PASSENGERS.xlsx,Table 2.3a-i,capital_city_motorised_passenger_travel_by_mode,Darwin,financial_year,2004-05,Bus,bus,passenger_activity,0.0675871253042342,billion passenger-km
2. PASSENGERS.xlsx,Table 2.3a-i,capital_city_motorised_passenger_travel_by_mode,Darwin,financial_year,2004-05,Total,total,passenger_activity,1.1341537562480597,billion passenger-km
2. PASSENGERS.xlsx,Table 2.3a-i,capital_city_motorised_passenger_travel_by_mode,Darwin,financial_year,2005-06,Passenger cars,passenger_cars,passenger_activity,0.8740441639330011,billion passenger-km
2. PASSENGERS.xlsx,Table 2.3a-i,capital_city_motorised_passenger_travel_by_mode,Darwin,financial_year,2005-06,Commercial vehicles,commercial_vehicles,passenger_activity,0.17986744527949108,billion passenger-km
2. PASSENGERS.xlsx,Table 2.3a-i,capital_city_motorised_passenger_travel_by_mode,Darwin,financial_year,2005-06,Motor cycles,motor_cycles,passenger_activity,0.010643583869808626,billion passenger-km
2. PASSENGERS.xlsx,Table 2.3a-i,capital_city_motorised_passenger_travel_by_mode,Darwin,financial_year,2005-06,Bus,bus,passenger_activity,0.06953064544396514,billion passenger-km
2. PASSENGERS.xlsx,Table 2.3a-i,capital_city_motorised_passenger_travel_by_mode,Darwin,financial_year,2005-06,Total,total,passenger_activity,1.134085838526266,billion passenger-km
2. PASSENGERS.xlsx,Table 2.3a-i,capital_city_motorised_passenger_travel_by_mode,Darwin,financial_year,2006-07,Passenger cars,passenger_cars,passenger_activity,0.9015773730240192,billion passenger-km
2. PASSENGERS.xlsx,Table 2.3a-i,capital_city_motorised_passenger_travel_by_mode,Darwin,financial_year,2006-07,Commercial vehicles,commercial_vehicles,passenger_activity,0.1886120813231077,billion passenger-km
2. PASSENGERS.xlsx,Table 2.3a-i,capital_city_motorised_passenger_travel_by_mode,Darwin,financial_year,2006-07,Motor cycles,motor_cycles,passenger_activity,0.011823268104066174,billion passenger-km
2. PASSENGERS.xlsx,Table 2.3a-i,capital_city_motorised_passenger_travel_by_mode,Darwin,financial_year,2006-07,Bus,bus,passenger_activity,0.07050946193504776,billion passenger-km
2. PASSENGERS.xlsx,Table 2.3a-i,capital_city_motorised_passenger_travel_by_mode,Darwin,financial_year,2006-07,Total,total,passenger_activity,1.1725221843862408,billion passenger-km
2. PASSENGERS.xlsx,Table 2.3a-i,capital_city_motorised_passenger_travel_by_mode,Darwin,financial_year,2007-08,Passenger cars,passenger_cars,passenger_activity,0.9348502586265024,billion passenger-km
2. PASSENGERS.xlsx,Table 2.3a-i,capital_city_motorised_passenger_travel_by_mode,Darwin,financial_year,2007-08,Commercial vehicles,commercial_vehicles,passenger_activity,0.1991119583796243,billion passenger-km
2. PASSENGERS.xlsx,Table 2.3a-i,capital_city_motorised_passenger_travel_by_mode,Darwin,financial_year,2007-08,Motor cycles,motor_cycles,passenger_activity,0.012942927390977318,billion passenger-km
2. PASSENGERS.xlsx,Table 2.3a-i,capital_city_motorised_passenger_travel_by_mode,Darwin,financial_year,2007-08,Bus,bus,passenger_activity,0.07261892310544664,billion passenger-km
2. PASSENGERS.xlsx,Table 2.3a-i,capital_city_motorised_passenger_travel_by_mode,Darwin,financial_year,2007-08,Total,total,passenger_activity,1.2195240675025507,billion passenger-km
2. PASSENGERS.xlsx,Table 2.3a-i,capital_city_motorised_passenger_travel_by_mode,Darwin,financial_year,2008-09,Passenger cars,passenger_cars,passenger_activity,0.9528361058017435,billion passenger-km
2. PASSENGERS.xlsx,Table 2.3a-i,capital_city_motorised_passenger_travel_by_mode,Darwin,financial_year,2008-09,Commercial vehicles,commercial_vehicles,passenger_activity,0.20845382947886118,billion passenger-km
2. PASSENGERS.xlsx,Table 2.3a-i,capital_city_motorised_passenger_travel_by_mode,Darwin,financial_year,2008-09,Motor cycles,motor_cycles,passenger_activity,0.013871644557331421,billion passenger-km
2. PASSENGERS.xlsx,Table 2.3a-i,capital_city_motorised_passenger_travel_by_mode,Darwin,financial_year,2008-09,Bus,bus,passenger_activity,0.07554378187710284,billion passenger-km
2. PASSENGERS.xlsx,Table 2.3a-i,capital_city_motorised_passenger_travel_by_mode,Darwin,financial_year,2008-09,Total,total,passenger_activity,1.250705361715039,billion passenger-km
2. PASSENGERS.xlsx,Table 2.3a-i,capital_city_motorised_passenger_travel_by_mode,Darwin,financial_year,2009-10,Passenger cars,passenger_cars,passenger_activity,0.9545334849119335,billion passenger-km
2. PASSENGERS.xlsx,Table 2.3a-i,capital_city_motorised_passenger_travel_by_mode,Darwin,financial_year,2009-10,Commercial vehicles,commercial_vehicles,passenger_activity,0.21881451141550534,billion passenger-km
2. PASSENGERS.xlsx,Table 2.3a-i,capital_city_motorised_passenger_travel_by_mode,Darwin,financial_year,2009-10,Motor cycles,motor_cycles,passenger_activity,0.014557783151931316,billion passenger-km
2. PASSENGERS.xlsx,Table 2.3a-i,capital_city_motorised_passenger_travel_by_mode,Darwin,financial_year,2009-10,Bus,bus,passenger_activity,0.07883245216800483,billion passenger-km
2. PASSENGERS.xlsx,Table 2.3a-i,capital_city_motorised_passenger_travel_by_mode,Darwin,financial_year,2009-10,Total,total,passenger_activity,1.266738231647375,billion passenger-km
2. PASSENGERS.xlsx,Table 2.3a-i,capital_city_motorised_passenger_travel_by_mode,Darwin,financial_year,2010-11,Passenger cars,passenger_cars,passenger_activity,0.9590060224555055,billion passenger-km
2. PASSENGERS.xlsx,Table 2.3a-i,capital_city_motorised_passenger_travel_by_mode,Darwin,financial_year,2010-11,Commercial vehicles,commercial_vehicles,passenger_activity,0.22721001853795425,billion passenger-km
2. PASSENGERS.xlsx,Table 2.3a-i,capital_city_motorised_passenger_travel_by_mode,Darwin,financial_year,2010-11,Motor cycles,motor_cycles,passenger_activity,0.013928085261657877,billion passenger-km
2. PASSENGERS.xlsx,Table 2.3a-i,capital_city_motorised_passenger_travel_by_mode,Darwin,financial_year,2010-11,Bus,bus,passenger_activity,0.08066651599327881,billion passenger-km
2. PASSENGERS.xlsx,Table 2.3a-i,capital_city_motorised_passenger_travel_by_mode,Darwin,financial_year,2010-11,Total,total,passenger_activity,1.2808106422483965,billion passenger-km
2. PASSENGERS.xlsx,Table 2.3a-i,capital_city_motorised_passenger_travel_by_mode,Darwin,financial_year,2011-12,Passenger cars,passenger_cars,passenger_activity,0.9655413554882041,billion passenger-km
2. PASSENGERS.xlsx,Table 2.3a-i,capital_city_motorised_passenger_travel_by_mode,Darwin,financial_year,2011-12,Commercial vehicles,commercial_vehicles,passenger_activity,0.23374872770611504,billion passenger-km
2. PASSENGERS.xlsx,Table 2.3a-i,capital_city_motorised_passenger_travel_by_mode,Darwin,financial_year,2011-12,Motor cycles,motor_cycles,passenger_activity,0.01325961528319609,billion passenger-km
2. PASSENGERS.xlsx,Table 2.3a-i,capital_city_motorised_passenger_travel_by_mode,Darwin,financial_year,2011-12,Bus,bus,passenger_activity,0.0824165214030488,billion passenger-km
2. PASSENGERS.xlsx,Table 2.3a-i,capital_city_motorised_passenger_travel_by_mode,Darwin,financial_year,2011-12,Total,total,passenger_activity,1.294966219880564,billion passenger-km
2. PASSENGERS.xlsx,Table 2.3a-i,capital_city_motorised_passenger_travel_by_mode,Darwin,financial_year,2012-13,Passenger cars,passenger_cars,passenger_activity,0.9934147214137568,billion passenger-km
2. PASSENGERS.xlsx,Table 2.3a-i,capital_city_motorised_passenger_travel_by_mode,Darwin,financial_year,2012-13,Commercial vehicles,commercial_vehicles,passenger_activity,0.24325162129197664,billion passenger-km
2. PASSENGERS.xlsx,Table 2.3a-i,capital_city_motorised_passenger_travel_by_mode,Darwin,financial_year,2012-13,Motor cycles,motor_cycles,passenger_activity,0.013655173425081057,billion passenger-km
2. PASSENGERS.xlsx,Table 2.3a-i,capital_city_motorised_passenger_travel_by_mode,Darwin,financial_year,2012-13,Bus,bus,passenger_activity,0.10071135369857226,billion passenger-km
2. PASSENGERS.xlsx,Table 2.3a-i,capital_city_motorised_passenger_travel_by_mode,Darwin,financial_year,2012-13,Total,total,passenger_activity,1.3510328698293868,billion passenger-km
2. PASSENGERS.xlsx,Table 2.3a-i,capital_city_motorised_passenger_travel_by_mode,Darwin,financial_year,2013-14,Passenger cars,passenger_cars,passenger_activity,1.0175113257399437,billion passenger-km
2. PASSENGERS.xlsx,Table 2.3a-i,capital_city_motorised_passenger_travel_by_mode,Darwin,financial_year,2013-14,Commercial vehicles,commercial_vehicles,passenger_activity,0.2513518964317144,billion passenger-km
2. PASSENGERS.xlsx,Table 2.3a-i,capital_city_motorised_passenger_travel_by_mode,Darwin,financial_year,2013-14,Motor cycles,motor_cycles,passenger_activity,0.013962459509743421,billion passenger-km
2. PASSENGERS.xlsx,Table 2.3a-i,capital_city_motorised_passenger_travel_by_mode,Darwin,financial_year,2013-14,Bus,bus,passenger_activity,0.11771180439404161,billion passenger-km
2. PASSENGERS.xlsx,Table 2.3a-i,capital_city_motorised_passenger_travel_by_mode,Darwin,financial_year,2013-14,Total,total,passenger_activity,1.400537486075443,billion passenger-km
2. PASSENGERS.xlsx,Table 2.3a-i,capital_city_motorised_passenger_travel_by_mode,Darwin,financial_year,2014-15,Passenger cars,passenger_cars,passenger_activity,1.0176298904043553,billion passenger-km
2. PASSENGERS.xlsx,Table 2.3a-i,capital_city_motorised_passenger_travel_by_mode,Darwin,financial_year,2014-15,Commercial vehicles,commercial_vehicles,passenger_activity,0.25814085446754365,billion passenger-km
2. PASSENGERS.xlsx,Table 2.3a-i,capital_city_motorised_passenger_travel_by_mode,Darwin,financial_year,2014-15,Motor cycles,motor_cycles,passenger_activity,0.014171896402389571,billion passenger-km
2. PASSENGERS.xlsx,Table 2.3a-i,capital_city_motorised_passenger_travel_by_mode,Darwin,financial_year,2014-15,Bus,bus,passenger_activity,0.12053382486078754,billion passenger-km
2. PASSENGERS.xlsx,Table 2.3a-i,capital_city_motorised_passenger_travel_by_mode,Darwin,financial_year,2014-15,Total,total,passenger_activity,1.410476466135076,billion passenger-km
2. PASSENGERS.xlsx,Table 2.3a-i,capital_city_motorised_passenger_travel_by_mode,Darwin,financial_year,2015-16,Passenger cars,passenger_cars,passenger_activity,1.0211927581946942,billion passenger-km
2. PASSENGERS.xlsx,Table 2.3a-i,capital_city_motorised_passenger_travel_by_mode,Darwin,financial_year,2015-16,Commercial vehicles,commercial_vehicles,passenger_activity,0.2603743583049375,billion passenger-km
2. PASSENGERS.xlsx,Table 2.3a-i,capital_city_motorised_passenger_travel_by_mode,Darwin,financial_year,2015-16,Motor cycles,motor_cycles,passenger_activity,0.014313615366413466,billion passenger-km
2. PASSENGERS.xlsx,Table 2.3a-i,capital_city_motorised_passenger_travel_by_mode,Darwin,financial_year,2015-16,Bus,bus,passenger_activity,0.12288570904700008,billion passenger-km
2. PASSENGERS.xlsx,Table 2.3a-i,capital_city_motorised_passenger_travel_by_mode,Darwin,financial_year,2015-16,Total,total,passenger_activity,1.4187664409130452,billion passenger-km
2. PASSENGERS.xlsx,Table 2.3a-i,capital_city_motorised_passenger_travel_by_mode,Darwin,financial_year,2016-17,Passenger cars,passenger_cars,passenger_activity,1.045531951327159,billion passenger-km
2. PASSENGERS.xlsx,Table 2.3a-i,capital_city_motorised_passenger_travel_by_mode,Darwin,financial_year,2016-17,Commercial vehicles,commercial_vehicles,passenger_activity,0.2718736487222038,billion passenger-km
2. PASSENGERS.xlsx,Table 2.3a-i,capital_city_motorised_passenger_travel_by_mode,Darwin,financial_year,2016-17,Motor cycles,motor_cycles,passenger_activity,0.014384467762477215,billion passenger-km
2. PASSENGERS.xlsx,Table 2.3a-i,capital_city_motorised_passenger_travel_by_mode,Darwin,financial_year,2016-17,Bus,bus,passenger_activity,0.1249325148897355,billion passenger-km
2. PASSENGERS.xlsx,Table 2.3a-i,capital_city_motorised_passenger_travel_by_mode,Darwin,financial_year,2016-17,Total,total,passenger_activity,1.4567225827015755,billion passenger-km
2. PASSENGERS.xlsx,Table 2.3a-i,capital_city_motorised_passenger_travel_by_mode,Darwin,financial_year,2017-18,Passenger cars,passenger_cars,passenger_activity,1.0768855199055154,billion passenger-km
2. PASSENGERS.xlsx,Table 2.3a-i,capital_city_motorised_passenger_travel_by_mode,Darwin,financial_year,2017-18,Commercial vehicles,commercial_vehicles,passenger_activity,0.285245030961004,billion passenger-km
2. PASSENGERS.xlsx,Table 2.3a-i,capital_city_motorised_passenger_travel_by_mode,Darwin,financial_year,2017-18,Motor cycles,motor_cycles,passenger_activity,0.014393192139204163,billion passenger-km
2. PASSENGERS.xlsx,Table 2.3a-i,capital_city_motorised_passenger_travel_by_mode,Darwin,financial_year,2017-18,Bus,bus,passenger_activity,0.12656390836731735,billion passenger-km
2. PASSENGERS.xlsx,Table 2.3a-i,capital_city_motorised_passenger_travel_by_mode,Darwin,financial_year,2017-18,Total,total,passenger_activity,1.503087651373041,billion passenger-km
2. PASSENGERS.xlsx,Table 2.3a-i,capital_city_motorised_passenger_travel_by_mode,Darwin,financial_year,2018-19,Passenger cars,passenger_cars,passenger_activity,1.0778065505148842,billion passenger-km
2. PASSENGERS.xlsx,Table 2.3a-i,capital_city_motorised_passenger_travel_by_mode,Darwin,financial_year,2018-19,Commercial vehicles,commercial_vehicles,passenger_activity,0.28512890491432996,billion passenger-km
2. PASSENGERS.xlsx,Table 2.3a-i,capital_city_motorised_passenger_travel_by_mode,Darwin,financial_year,2018-19,Motor cycles,motor_cycles,passenger_activity,0.013993949284857638,billion passenger-km
2. PASSENGERS.xlsx,Table 2.3a-i,capital_city_motorised_passenger_travel_by_mode,Darwin,financial_year,2018-19,Bus,bus,passenger_activity,0.1217848417550578,billion passenger-km
2. PASSENGERS.xlsx,Table 2.3a-i,capital_city_motorised_passenger_travel_by_mode,Darwin,financial_year,2018-19,Total,total,passenger_activity,1.4987142464691294,billion passenger-km
2. PASSENGERS.xlsx,Table 2.3a-i,capital_city_motorised_passenger_travel_by_mode,Darwin,financial_year,2019-20,Passenger cars,passenger_cars,passenger_activity,1.0400908611160389,billion passenger-km
2. PASSENGERS.xlsx,Table 2.3a-i,capital_city_motorised_passenger_travel_by_mode,Darwin,financial_year,2019-20,Commercial vehicles,commercial_vehicles,passenger_activity,0.2781392876583289,billion passenger-km
2. PASSENGERS.xlsx,Table 2.3a-i,capital_city_motorised_passenger_travel_by_mode,Darwin,financial_year,2019-20,Motor cycles,motor_cycles,passenger_activity,0.012125175565115621,billion passenger-km
2. PASSENGERS.xlsx,Table 2.3a-i,capital_city_motorised_passenger_travel_by_mode,Darwin,financial_year,2019-20,Bus,bus,passenger_activity,0.0811542189473684,billion passenger-km
2. PASSENGERS.xlsx,Table 2.3a-i,capital_city_motorised_passenger_travel_by_mode,Darwin,financial_year,2019-20,Total,total,passenger_activity,1.4115095432868519,billion passenger-km
2. PASSENGERS.xlsx,Table 2.3a-i,capital_city_motorised_passenger_travel_by_mode,Darwin,financial_year,2020-21,Passenger cars,passenger_cars,passenger_activity,1.0986295881410777,billion passenger-km
2. PASSENGERS.xlsx,Table 2.3a-i,capital_city_motorised_passenger_travel_by_mode,Darwin,financial_year,2020-21,Commercial vehicles,commercial_vehicles,passenger_activity,0.2831532095352126,billion passenger-km
2. PASSENGERS.xlsx,Table 2.3a-i,capital_city_motorised_passenger_travel_by_mode,Darwin,financial_year,2020-21,Motor cycles,motor_cycles,passenger_activity,0.012246427320766778,billion passenger-km
2. PASSENGERS.xlsx,Table 2.3a-i,capital_city_motorised_passenger_travel_by_mode,Darwin,financial_year,2020-21,Bus,bus,passenger_activity,0.06973344000000001,billion passenger-km
2. PASSENGERS.xlsx,Table 2.3a-i,capital_city_motorised_passenger_travel_by_mode,Darwin,financial_year,2020-21,Total,total,passenger_activity,1.463762664997057,billion passenger-km
2. PASSENGERS.xlsx,Table 2.3a-i,capital_city_motorised_passenger_travel_by_mode,Darwin,financial_year,2021-22,Passenger cars,passenger_cars,passenger_activity,1.0462053962403286,billion passenger-km
2. PASSENGERS.xlsx,Table 2.3a-i,capital_city_motorised_passenger_travel_by_mode,Darwin,financial_year,2021-22,Commercial vehicles,commercial_vehicles,passenger_activity,0.28658637644588186,billion passenger-km
2. PASSENGERS.xlsx,Table 2.3a-i,capital_city_motorised_passenger_travel_by_mode,Darwin,financial_year,2021-22,Motor cycles,motor_cycles,passenger_activity,0.012491355867182115,billion passenger-km
2. PASSENGERS.xlsx,Table 2.3a-i,capital_city_motorised_passenger_travel_by_mode,Darwin,financial_year,2021-22,Bus,bus,passenger_activity,0.06963789109311741,billion passenger-km
2. PASSENGERS.xlsx,Table 2.3a-i,capital_city_motorised_passenger_travel_by_mode,Darwin,financial_year,2021-22,Total,total,passenger_activity,1.41492101964651,billion passenger-km
2. PASSENGERS.xlsx,Table 2.3a-i,capital_city_motorised_passenger_travel_by_mode,Darwin,financial_year,2022-23,Passenger cars,passenger_cars,passenger_activity,1.0325754030150354,billion passenger-km
2. PASSENGERS.xlsx,Table 2.3a-i,capital_city_motorised_passenger_travel_by_mode,Darwin,financial_year,2022-23,Commercial vehicles,commercial_vehicles,passenger_activity,0.28829032532809296,billion passenger-km
2. PASSENGERS.xlsx,Table 2.3a-i,capital_city_motorised_passenger_travel_by_mode,Darwin,financial_year,2022-23,Motor cycles,motor_cycles,passenger_activity,0.012430152401143915,billion passenger-km
2. PASSENGERS.xlsx,Table 2.3a-i,capital_city_motorised_passenger_travel_by_mode,Darwin,financial_year,2022-23,Bus,bus,passenger_activity,0.07336201036775081,billion passenger-km
2. PASSENGERS.xlsx,Table 2.3a-i,capital_city_motorised_passenger_travel_by_mode,Darwin,financial_year,2022-23,Total,total,passenger_activity,1.406657891112023,billion passenger-km
2. PASSENGERS.xlsx,Table 2.3a-i,capital_city_motorised_passenger_travel_by_mode,Darwin,financial_year,2023-24,Passenger cars,passenger_cars,passenger_activity,1.037228193982675,billion passenger-km
2. PASSENGERS.xlsx,Table 2.3a-i,capital_city_motorised_passenger_travel_by_mode,Darwin,financial_year,2023-24,Commercial vehicles,commercial_vehicles,passenger_activity,0.29273382599318826,billion passenger-km
2. PASSENGERS.xlsx,Table 2.3a-i,capital_city_motorised_passenger_travel_by_mode,Darwin,financial_year,2023-24,Motor cycles,motor_cycles,passenger_activity,0.01238244807066104,billion passenger-km
2. PASSENGERS.xlsx,Table 2.3a-i,capital_city_motorised_passenger_travel_by_mode,Darwin,financial_year,2023-24,Bus,bus,passenger_activity,0.07413526651112318,billion passenger-km
2. PASSENGERS.xlsx,Table 2.3a-i,capital_city_motorised_passenger_travel_by_mode,Darwin,financial_year,2023-24,Total,total,passenger_activity,1.4164797345576476,billion passenger-km
2. PASSENGERS.xlsx,Table 2.3a-i,capital_city_motorised_passenger_travel_by_mode,Darwin,financial_year,2024-25,Passenger cars,passenger_cars,passenger_activity,1.052748266009004,billion passenger-km
2. PASSENGERS.xlsx,Table 2.3a-i,capital_city_motorised_passenger_travel_by_mode,Darwin,financial_year,2024-25,Commercial vehicles,commercial_vehicles,passenger_activity,0.2961921938640354,billion passenger-km
2. PASSENGERS.xlsx,Table 2.3a-i,capital_city_motorised_passenger_travel_by_mode,Darwin,financial_year,2024-25,Motor cycles,motor_cycles,passenger_activity,0.011796363631644005,billion passenger-km
2. PASSENGERS.xlsx,Table 2.3a-i,capital_city_motorised_passenger_travel_by_mode,Darwin,financial_year,2024-25,Bus,bus,passenger_activity,0.07483160694519804,billion passenger-km
2. PASSENGERS.xlsx,Table 2.3a-i,capital_city_motorised_passenger_travel_by_mode,Darwin,financial_year,2024-25,Total,total,passenger_activity,1.4355684304498815,billion passenger-km
2. PASSENGERS.xlsx,Table 2.3a-i,capital_city_motorised_passenger_travel_by_mode,Canberra,financial_year,1976-77,Passenger cars,passenger_cars,passenger_activity,1.9923303637912186,billion passenger-km
2. PASSENGERS.xlsx,Table 2.3a-i,capital_city_motorised_passenger_travel_by_mode,Canberra,financial_year,1976-77,Commercial vehicles,commercial_vehicles,passenger_activity,0.16431590701857557,billion passenger-km
2. PASSENGERS.xlsx,Table 2.3a-i,capital_city_motorised_passenger_travel_by_mode,Canberra,financial_year,1976-77,Motor cycles,motor_cycles,passenger_activity,0.02135071357918752,billion passenger-km
2. PASSENGERS.xlsx,Table 2.3a-i,capital_city_motorised_passenger_travel_by_mode,Canberra,financial_year,1976-77,Bus,bus,passenger_activity,0.09272028811972952,billion passenger-km
2. PASSENGERS.xlsx,Table 2.3a-i,capital_city_motorised_passenger_travel_by_mode,Canberra,financial_year,1976-77,Total,total,passenger_activity,2.2707172725087115,billion passenger-km
2. PASSENGERS.xlsx,Table 2.3a-i,capital_city_motorised_passenger_travel_by_mode,Canberra,financial_year,1977-78,Passenger cars,passenger_cars,passenger_activity,2.0777909470890785,billion passenger-km
2. PASSENGERS.xlsx,Table 2.3a-i,capital_city_motorised_passenger_travel_by_mode,Canberra,financial_year,1977-78,Commercial vehicles,commercial_vehicles,passenger_activity,0.17543460876833647,billion passenger-km
2. PASSENGERS.xlsx,Table 2.3a-i,capital_city_motorised_passenger_travel_by_mode,Canberra,financial_year,1977-78,Motor cycles,motor_cycles,passenger_activity,0.023003177411456167,billion passenger-km
2. PASSENGERS.xlsx,Table 2.3a-i,capital_city_motorised_passenger_travel_by_mode,Canberra,financial_year,1977-78,Bus,bus,passenger_activity,0.09563985170096499,billion passenger-km
2. PASSENGERS.xlsx,Table 2.3a-i,capital_city_motorised_passenger_travel_by_mode,Canberra,financial_year,1977-78,Total,total,passenger_activity,2.371868584969836,billion passenger-km
2. PASSENGERS.xlsx,Table 2.3a-i,capital_city_motorised_passenger_travel_by_mode,Canberra,financial_year,1978-79,Passenger cars,passenger_cars,passenger_activity,2.1518566641608396,billion passenger-km
2. PASSENGERS.xlsx,Table 2.3a-i,capital_city_motorised_passenger_travel_by_mode,Canberra,financial_year,1978-79,Commercial vehicles,commercial_vehicles,passenger_activity,0.1812421896421978,billion passenger-km
2. PASSENGERS.xlsx,Table 2.3a-i,capital_city_motorised_passenger_travel_by_mode,Canberra,financial_year,1978-79,Motor cycles,motor_cycles,passenger_activity,0.024605725402203554,billion passenger-km
2. PASSENGERS.xlsx,Table 2.3a-i,capital_city_motorised_passenger_travel_by_mode,Canberra,financial_year,1978-79,Bus,bus,passenger_activity,0.1079709878778932,billion passenger-km
2. PASSENGERS.xlsx,Table 2.3a-i,capital_city_motorised_passenger_travel_by_mode,Canberra,financial_year,1978-79,Total,total,passenger_activity,2.465675567083134,billion passenger-km
2. PASSENGERS.xlsx,Table 2.3a-i,capital_city_motorised_passenger_travel_by_mode,Canberra,financial_year,1979-80,Passenger cars,passenger_cars,passenger_activity,2.1718834000283436,billion passenger-km
2. PASSENGERS.xlsx,Table 2.3a-i,capital_city_motorised_passenger_travel_by_mode,Canberra,financial_year,1979-80,Commercial vehicles,commercial_vehicles,passenger_activity,0.1803631540951857,billion passenger-km
2. PASSENGERS.xlsx,Table 2.3a-i,capital_city_motorised_passenger_travel_by_mode,Canberra,financial_year,1979-80,Motor cycles,motor_cycles,passenger_activity,0.027175463077591302,billion passenger-km
2. PASSENGERS.xlsx,Table 2.3a-i,capital_city_motorised_passenger_travel_by_mode,Canberra,financial_year,1979-80,Bus,bus,passenger_activity,0.12483360841564271,billion passenger-km
2. PASSENGERS.xlsx,Table 2.3a-i,capital_city_motorised_passenger_travel_by_mode,Canberra,financial_year,1979-80,Total,total,passenger_activity,2.504255625616763,billion passenger-km
2. PASSENGERS.xlsx,Table 2.3a-i,capital_city_motorised_passenger_travel_by_mode,Canberra,financial_year,1980-81,Passenger cars,passenger_cars,passenger_activity,2.2040916019992642,billion passenger-km
2. PASSENGERS.xlsx,Table 2.3a-i,capital_city_motorised_passenger_travel_by_mode,Canberra,financial_year,1980-81,Commercial vehicles,commercial_vehicles,passenger_activity,0.18455952972104106,billion passenger-km
2. PASSENGERS.xlsx,Table 2.3a-i,capital_city_motorised_passenger_travel_by_mode,Canberra,financial_year,1980-81,Motor cycles,motor_cycles,passenger_activity,0.029423798306576234,billion passenger-km
2. PASSENGERS.xlsx,Table 2.3a-i,capital_city_motorised_passenger_travel_by_mode,Canberra,financial_year,1980-81,Bus,bus,passenger_activity,0.12116045352299878,billion passenger-km
2. PASSENGERS.xlsx,Table 2.3a-i,capital_city_motorised_passenger_travel_by_mode,Canberra,financial_year,1980-81,Total,total,passenger_activity,2.5392353835498804,billion passenger-km
2. PASSENGERS.xlsx,Table 2.3a-i,capital_city_motorised_passenger_travel_by_mode,Canberra,financial_year,1981-82,Passenger cars,passenger_cars,passenger_activity,2.337152774087532,billion passenger-km
2. PASSENGERS.xlsx,Table 2.3a-i,capital_city_motorised_passenger_travel_by_mode,Canberra,financial_year,1981-82,Commercial vehicles,commercial_vehicles,passenger_activity,0.19009538625966171,billion passenger-km
2. PASSENGERS.xlsx,Table 2.3a-i,capital_city_motorised_passenger_travel_by_mode,Canberra,financial_year,1981-82,Motor cycles,motor_cycles,passenger_activity,0.03303788397833342,billion passenger-km
2. PASSENGERS.xlsx,Table 2.3a-i,capital_city_motorised_passenger_travel_by_mode,Canberra,financial_year,1981-82,Bus,bus,passenger_activity,0.11755560872037034,billion passenger-km
2. PASSENGERS.xlsx,Table 2.3a-i,capital_city_motorised_passenger_travel_by_mode,Canberra,financial_year,1981-82,Total,total,passenger_activity,2.6778416530458973,billion passenger-km
2. PASSENGERS.xlsx,Table 2.3a-i,capital_city_motorised_passenger_travel_by_mode,Canberra,financial_year,1982-83,Passenger cars,passenger_cars,passenger_activity,2.3717918074678477,billion passenger-km
2. PASSENGERS.xlsx,Table 2.3a-i,capital_city_motorised_passenger_travel_by_mode,Canberra,financial_year,1982-83,Commercial vehicles,commercial_vehicles,passenger_activity,0.18687998647598908,billion passenger-km
2. PASSENGERS.xlsx,Table 2.3a-i,capital_city_motorised_passenger_travel_by_mode,Canberra,financial_year,1982-83,Motor cycles,motor_cycles,passenger_activity,0.034463077216079684,billion passenger-km
2. PASSENGERS.xlsx,Table 2.3a-i,capital_city_motorised_passenger_travel_by_mode,Canberra,financial_year,1982-83,Bus,bus,passenger_activity,0.140744357548355,billion passenger-km
2. PASSENGERS.xlsx,Table 2.3a-i,capital_city_motorised_passenger_travel_by_mode,Canberra,financial_year,1982-83,Total,total,passenger_activity,2.733879228708272,billion passenger-km
2. PASSENGERS.xlsx,Table 2.3a-i,capital_city_motorised_passenger_travel_by_mode,Canberra,financial_year,1983-84,Passenger cars,passenger_cars,passenger_activity,2.490200613513401,billion passenger-km
2. PASSENGERS.xlsx,Table 2.3a-i,capital_city_motorised_passenger_travel_by_mode,Canberra,financial_year,1983-84,Commercial vehicles,commercial_vehicles,passenger_activity,0.20293892278449913,billion passenger-km
2. PASSENGERS.xlsx,Table 2.3a-i,capital_city_motorised_passenger_travel_by_mode,Canberra,financial_year,1983-84,Motor cycles,motor_cycles,passenger_activity,0.03643848369491565,billion passenger-km
2. PASSENGERS.xlsx,Table 2.3a-i,capital_city_motorised_passenger_travel_by_mode,Canberra,financial_year,1983-84,Bus,bus,passenger_activity,0.1599122668111171,billion passenger-km
2. PASSENGERS.xlsx,Table 2.3a-i,capital_city_motorised_passenger_travel_by_mode,Canberra,financial_year,1983-84,Total,total,passenger_activity,2.889490286803933,billion passenger-km
2. PASSENGERS.xlsx,Table 2.3a-i,capital_city_motorised_passenger_travel_by_mode,Canberra,financial_year,1984-85,Passenger cars,passenger_cars,passenger_activity,2.6160553610326818,billion passenger-km
2. PASSENGERS.xlsx,Table 2.3a-i,capital_city_motorised_passenger_travel_by_mode,Canberra,financial_year,1984-85,Commercial vehicles,commercial_vehicles,passenger_activity,0.21413807500584803,billion passenger-km
2. PASSENGERS.xlsx,Table 2.3a-i,capital_city_motorised_passenger_travel_by_mode,Canberra,financial_year,1984-85,Motor cycles,motor_cycles,passenger_activity,0.037949503495699595,billion passenger-km
2. PASSENGERS.xlsx,Table 2.3a-i,capital_city_motorised_passenger_travel_by_mode,Canberra,financial_year,1984-85,Bus,bus,passenger_activity,0.16939110896506118,billion passenger-km
2. PASSENGERS.xlsx,Table 2.3a-i,capital_city_motorised_passenger_travel_by_mode,Canberra,financial_year,1984-85,Total,total,passenger_activity,3.0375340484992903,billion passenger-km
2. PASSENGERS.xlsx,Table 2.3a-i,capital_city_motorised_passenger_travel_by_mode,Canberra,financial_year,1985-86,Passenger cars,passenger_cars,passenger_activity,2.7420481167476436,billion passenger-km
2. PASSENGERS.xlsx,Table 2.3a-i,capital_city_motorised_passenger_travel_by_mode,Canberra,financial_year,1985-86,Commercial vehicles,commercial_vehicles,passenger_activity,0.22237962467905073,billion passenger-km
2. PASSENGERS.xlsx,Table 2.3a-i,capital_city_motorised_passenger_travel_by_mode,Canberra,financial_year,1985-86,Motor cycles,motor_cycles,passenger_activity,0.03577855060428821,billion passenger-km
2. PASSENGERS.xlsx,Table 2.3a-i,capital_city_motorised_passenger_travel_by_mode,Canberra,financial_year,1985-86,Bus,bus,passenger_activity,0.16455895351426789,billion passenger-km
2. PASSENGERS.xlsx,Table 2.3a-i,capital_city_motorised_passenger_travel_by_mode,Canberra,financial_year,1985-86,Total,total,passenger_activity,3.1647652455452504,billion passenger-km
2. PASSENGERS.xlsx,Table 2.3a-i,capital_city_motorised_passenger_travel_by_mode,Canberra,financial_year,1986-87,Passenger cars,passenger_cars,passenger_activity,2.8229904410620885,billion passenger-km
2. PASSENGERS.xlsx,Table 2.3a-i,capital_city_motorised_passenger_travel_by_mode,Canberra,financial_year,1986-87,Commercial vehicles,commercial_vehicles,passenger_activity,0.22822257607586452,billion passenger-km
2. PASSENGERS.xlsx,Table 2.3a-i,capital_city_motorised_passenger_travel_by_mode,Canberra,financial_year,1986-87,Motor cycles,motor_cycles,passenger_activity,0.03496940218856016,billion passenger-km
2. PASSENGERS.xlsx,Table 2.3a-i,capital_city_motorised_passenger_travel_by_mode,Canberra,financial_year,1986-87,Bus,bus,passenger_activity,0.17369253671351012,billion passenger-km
2. PASSENGERS.xlsx,Table 2.3a-i,capital_city_motorised_passenger_travel_by_mode,Canberra,financial_year,1986-87,Total,total,passenger_activity,3.259874956040023,billion passenger-km
2. PASSENGERS.xlsx,Table 2.3a-i,capital_city_motorised_passenger_travel_by_mode,Canberra,financial_year,1987-88,Passenger cars,passenger_cars,passenger_activity,2.9868784059871234,billion passenger-km
2. PASSENGERS.xlsx,Table 2.3a-i,capital_city_motorised_passenger_travel_by_mode,Canberra,financial_year,1987-88,Commercial vehicles,commercial_vehicles,passenger_activity,0.23851168460597727,billion passenger-km
2. PASSENGERS.xlsx,Table 2.3a-i,capital_city_motorised_passenger_travel_by_mode,Canberra,financial_year,1987-88,Motor cycles,motor_cycles,passenger_activity,0.03459273849660488,billion passenger-km
2. PASSENGERS.xlsx,Table 2.3a-i,capital_city_motorised_passenger_travel_by_mode,Canberra,financial_year,1987-88,Bus,bus,passenger_activity,0.18016985843239142,billion passenger-km
2. PASSENGERS.xlsx,Table 2.3a-i,capital_city_motorised_passenger_travel_by_mode,Canberra,financial_year,1987-88,Total,total,passenger_activity,3.4401526875220965,billion passenger-km
2. PASSENGERS.xlsx,Table 2.3a-i,capital_city_motorised_passenger_travel_by_mode,Canberra,financial_year,1988-89,Passenger cars,passenger_cars,passenger_activity,3.158406004139702,billion passenger-km
2. PASSENGERS.xlsx,Table 2.3a-i,capital_city_motorised_passenger_travel_by_mode,Canberra,financial_year,1988-89,Commercial vehicles,commercial_vehicles,passenger_activity,0.24740764925413078,billion passenger-km
2. PASSENGERS.xlsx,Table 2.3a-i,capital_city_motorised_passenger_travel_by_mode,Canberra,financial_year,1988-89,Motor cycles,motor_cycles,passenger_activity,0.03724555879454846,billion passenger-km
2. PASSENGERS.xlsx,Table 2.3a-i,capital_city_motorised_passenger_travel_by_mode,Canberra,financial_year,1988-89,Bus,bus,passenger_activity,0.18053503555106115,billion passenger-km
2. PASSENGERS.xlsx,Table 2.3a-i,capital_city_motorised_passenger_travel_by_mode,Canberra,financial_year,1988-89,Total,total,passenger_activity,3.6235942477394425,billion passenger-km
2. PASSENGERS.xlsx,Table 2.3a-i,capital_city_motorised_passenger_travel_by_mode,Canberra,financial_year,1989-90,Passenger cars,passenger_cars,passenger_activity,3.2937575868598232,billion passenger-km
2. PASSENGERS.xlsx,Table 2.3a-i,capital_city_motorised_passenger_travel_by_mode,Canberra,financial_year,1989-90,Commercial vehicles,commercial_vehicles,passenger_activity,0.2504339187585951,billion passenger-km
2. PASSENGERS.xlsx,Table 2.3a-i,capital_city_motorised_passenger_travel_by_mode,Canberra,financial_year,1989-90,Motor cycles,motor_cycles,passenger_activity,0.03463844593502663,billion passenger-km
2. PASSENGERS.xlsx,Table 2.3a-i,capital_city_motorised_passenger_travel_by_mode,Canberra,financial_year,1989-90,Bus,bus,passenger_activity,0.18656922626304373,billion passenger-km
2. PASSENGERS.xlsx,Table 2.3a-i,capital_city_motorised_passenger_travel_by_mode,Canberra,financial_year,1989-90,Total,total,passenger_activity,3.7653991778164886,billion passenger-km
2. PASSENGERS.xlsx,Table 2.3a-i,capital_city_motorised_passenger_travel_by_mode,Canberra,financial_year,1990-91,Passenger cars,passenger_cars,passenger_activity,3.3423535594107947,billion passenger-km
2. PASSENGERS.xlsx,Table 2.3a-i,capital_city_motorised_passenger_travel_by_mode,Canberra,financial_year,1990-91,Commercial vehicles,commercial_vehicles,passenger_activity,0.24582003529304694,billion passenger-km
2. PASSENGERS.xlsx,Table 2.3a-i,capital_city_motorised_passenger_travel_by_mode,Canberra,financial_year,1990-91,Motor cycles,motor_cycles,passenger_activity,0.032253921899084034,billion passenger-km
2. PASSENGERS.xlsx,Table 2.3a-i,capital_city_motorised_passenger_travel_by_mode,Canberra,financial_year,1990-91,Bus,bus,passenger_activity,0.18800646024741016,billion passenger-km
2. PASSENGERS.xlsx,Table 2.3a-i,capital_city_motorised_passenger_travel_by_mode,Canberra,financial_year,1990-91,Total,total,passenger_activity,3.8084339768503357,billion passenger-km
2. PASSENGERS.xlsx,Table 2.3a-i,capital_city_motorised_passenger_travel_by_mode,Canberra,financial_year,1991-92,Passenger cars,passenger_cars,passenger_activity,3.449099688656203,billion passenger-km
2. PASSENGERS.xlsx,Table 2.3a-i,capital_city_motorised_passenger_travel_by_mode,Canberra,financial_year,1991-92,Commercial vehicles,commercial_vehicles,passenger_activity,0.24964356919802275,billion passenger-km
2. PASSENGERS.xlsx,Table 2.3a-i,capital_city_motorised_passenger_travel_by_mode,Canberra,financial_year,1991-92,Motor cycles,motor_cycles,passenger_activity,0.029368324541372937,billion passenger-km
2. PASSENGERS.xlsx,Table 2.3a-i,capital_city_motorised_passenger_travel_by_mode,Canberra,financial_year,1991-92,Bus,bus,passenger_activity,0.1854704790317663,billion passenger-km
2. PASSENGERS.xlsx,Table 2.3a-i,capital_city_motorised_passenger_travel_by_mode,Canberra,financial_year,1991-92,Total,total,passenger_activity,3.913582061427365,billion passenger-km
2. PASSENGERS.xlsx,Table 2.3a-i,capital_city_motorised_passenger_travel_by_mode,Canberra,financial_year,1992-93,Passenger cars,passenger_cars,passenger_activity,3.5929303074787318,billion passenger-km
2. PASSENGERS.xlsx,Table 2.3a-i,capital_city_motorised_passenger_travel_by_mode,Canberra,financial_year,1992-93,Commercial vehicles,commercial_vehicles,passenger_activity,0.25627627524348057,billion passenger-km
2. PASSENGERS.xlsx,Table 2.3a-i,capital_city_motorised_passenger_travel_by_mode,Canberra,financial_year,1992-93,Motor cycles,motor_cycles,passenger_activity,0.028035655313234868,billion passenger-km
2. PASSENGERS.xlsx,Table 2.3a-i,capital_city_motorised_passenger_travel_by_mode,Canberra,financial_year,1992-93,Bus,bus,passenger_activity,0.18233125420673593,billion passenger-km
2. PASSENGERS.xlsx,Table 2.3a-i,capital_city_motorised_passenger_travel_by_mode,Canberra,financial_year,1992-93,Total,total,passenger_activity,4.059573492242183,billion passenger-km
2. PASSENGERS.xlsx,Table 2.3a-i,capital_city_motorised_passenger_travel_by_mode,Canberra,financial_year,1993-94,Passenger cars,passenger_cars,passenger_activity,3.6968075791191874,billion passenger-km
2. PASSENGERS.xlsx,Table 2.3a-i,capital_city_motorised_passenger_travel_by_mode,Canberra,financial_year,1993-94,Commercial vehicles,commercial_vehicles,passenger_activity,0.26404825797471404,billion passenger-km
2. PASSENGERS.xlsx,Table 2.3a-i,capital_city_motorised_passenger_travel_by_mode,Canberra,financial_year,1993-94,Motor cycles,motor_cycles,passenger_activity,0.026826087928269585,billion passenger-km
2. PASSENGERS.xlsx,Table 2.3a-i,capital_city_motorised_passenger_travel_by_mode,Canberra,financial_year,1993-94,Bus,bus,passenger_activity,0.17943807033595358,billion passenger-km
2. PASSENGERS.xlsx,Table 2.3a-i,capital_city_motorised_passenger_travel_by_mode,Canberra,financial_year,1993-94,Total,total,passenger_activity,4.167119995358124,billion passenger-km
2. PASSENGERS.xlsx,Table 2.3a-i,capital_city_motorised_passenger_travel_by_mode,Canberra,financial_year,1994-95,Passenger cars,passenger_cars,passenger_activity,3.7932353735466307,billion passenger-km
2. PASSENGERS.xlsx,Table 2.3a-i,capital_city_motorised_passenger_travel_by_mode,Canberra,financial_year,1994-95,Commercial vehicles,commercial_vehicles,passenger_activity,0.2796683214688238,billion passenger-km
2. PASSENGERS.xlsx,Table 2.3a-i,capital_city_motorised_passenger_travel_by_mode,Canberra,financial_year,1994-95,Motor cycles,motor_cycles,passenger_activity,0.026269859872800165,billion passenger-km
2. PASSENGERS.xlsx,Table 2.3a-i,capital_city_motorised_passenger_travel_by_mode,Canberra,financial_year,1994-95,Bus,bus,passenger_activity,0.1881749816585801,billion passenger-km
2. PASSENGERS.xlsx,Table 2.3a-i,capital_city_motorised_passenger_travel_by_mode,Canberra,financial_year,1994-95,Total,total,passenger_activity,4.287348536546834,billion passenger-km
2. PASSENGERS.xlsx,Table 2.3a-i,capital_city_motorised_passenger_travel_by_mode,Canberra,financial_year,1995-96,Passenger cars,passenger_cars,passenger_activity,3.822437236707236,billion passenger-km
2. PASSENGERS.xlsx,Table 2.3a-i,capital_city_motorised_passenger_travel_by_mode,Canberra,financial_year,1995-96,Commercial vehicles,commercial_vehicles,passenger_activity,0.28752918180518616,billion passenger-km
2. PASSENGERS.xlsx,Table 2.3a-i,capital_city_motorised_passenger_travel_by_mode,Canberra,financial_year,1995-96,Motor cycles,motor_cycles,passenger_activity,0.025304591792847622,billion passenger-km
2. PASSENGERS.xlsx,Table 2.3a-i,capital_city_motorised_passenger_travel_by_mode,Canberra,financial_year,1995-96,Bus,bus,passenger_activity,0.19186616745036636,billion passenger-km
2. PASSENGERS.xlsx,Table 2.3a-i,capital_city_motorised_passenger_travel_by_mode,Canberra,financial_year,1995-96,Total,total,passenger_activity,4.327137177755636,billion passenger-km
2. PASSENGERS.xlsx,Table 2.3a-i,capital_city_motorised_passenger_travel_by_mode,Canberra,financial_year,1996-97,Passenger cars,passenger_cars,passenger_activity,3.8286814301015126,billion passenger-km
2. PASSENGERS.xlsx,Table 2.3a-i,capital_city_motorised_passenger_travel_by_mode,Canberra,financial_year,1996-97,Commercial vehicles,commercial_vehicles,passenger_activity,0.28487258999502385,billion passenger-km
2. PASSENGERS.xlsx,Table 2.3a-i,capital_city_motorised_passenger_travel_by_mode,Canberra,financial_year,1996-97,Motor cycles,motor_cycles,passenger_activity,0.02496304348107867,billion passenger-km
2. PASSENGERS.xlsx,Table 2.3a-i,capital_city_motorised_passenger_travel_by_mode,Canberra,financial_year,1996-97,Bus,bus,passenger_activity,0.19510939269982402,billion passenger-km
2. PASSENGERS.xlsx,Table 2.3a-i,capital_city_motorised_passenger_travel_by_mode,Canberra,financial_year,1996-97,Total,total,passenger_activity,4.33362645627744,billion passenger-km
2. PASSENGERS.xlsx,Table 2.3a-i,capital_city_motorised_passenger_travel_by_mode,Canberra,financial_year,1997-98,Passenger cars,passenger_cars,passenger_activity,3.844712057459061,billion passenger-km
2. PASSENGERS.xlsx,Table 2.3a-i,capital_city_motorised_passenger_travel_by_mode,Canberra,financial_year,1997-98,Commercial vehicles,commercial_vehicles,passenger_activity,0.2912176545197936,billion passenger-km
2. PASSENGERS.xlsx,Table 2.3a-i,capital_city_motorised_passenger_travel_by_mode,Canberra,financial_year,1997-98,Motor cycles,motor_cycles,passenger_activity,0.02381183234758719,billion passenger-km
2. PASSENGERS.xlsx,Table 2.3a-i,capital_city_motorised_passenger_travel_by_mode,Canberra,financial_year,1997-98,Bus,bus,passenger_activity,0.19204345128794145,billion passenger-km
2. PASSENGERS.xlsx,Table 2.3a-i,capital_city_motorised_passenger_travel_by_mode,Canberra,financial_year,1997-98,Total,total,passenger_activity,4.351784995614383,billion passenger-km
2. PASSENGERS.xlsx,Table 2.3a-i,capital_city_motorised_passenger_travel_by_mode,Canberra,financial_year,1998-99,Passenger cars,passenger_cars,passenger_activity,3.9343976770926616,billion passenger-km
2. PASSENGERS.xlsx,Table 2.3a-i,capital_city_motorised_passenger_travel_by_mode,Canberra,financial_year,1998-99,Commercial vehicles,commercial_vehicles,passenger_activity,0.29418980506114234,billion passenger-km
2. PASSENGERS.xlsx,Table 2.3a-i,capital_city_motorised_passenger_travel_by_mode,Canberra,financial_year,1998-99,Motor cycles,motor_cycles,passenger_activity,0.02287976485599284,billion passenger-km
2. PASSENGERS.xlsx,Table 2.3a-i,capital_city_motorised_passenger_travel_by_mode,Canberra,financial_year,1998-99,Bus,bus,passenger_activity,0.1827625780236227,billion passenger-km
2. PASSENGERS.xlsx,Table 2.3a-i,capital_city_motorised_passenger_travel_by_mode,Canberra,financial_year,1998-99,Total,total,passenger_activity,4.43422982503342,billion passenger-km
2. PASSENGERS.xlsx,Table 2.3a-i,capital_city_motorised_passenger_travel_by_mode,Canberra,financial_year,1999-00,Passenger cars,passenger_cars,passenger_activity,4.0199314701611435,billion passenger-km
2. PASSENGERS.xlsx,Table 2.3a-i,capital_city_motorised_passenger_travel_by_mode,Canberra,financial_year,1999-00,Commercial vehicles,commercial_vehicles,passenger_activity,0.2968484526289777,billion passenger-km
2. PASSENGERS.xlsx,Table 2.3a-i,capital_city_motorised_passenger_travel_by_mode,Canberra,financial_year,1999-00,Motor cycles,motor_cycles,passenger_activity,0.023222849935011676,billion passenger-km
2. PASSENGERS.xlsx,Table 2.3a-i,capital_city_motorised_passenger_travel_by_mode,Canberra,financial_year,1999-00,Bus,bus,passenger_activity,0.18345286404180863,billion passenger-km
2. PASSENGERS.xlsx,Table 2.3a-i,capital_city_motorised_passenger_travel_by_mode,Canberra,financial_year,1999-00,Total,total,passenger_activity,4.523455636766942,billion passenger-km
2. PASSENGERS.xlsx,Table 2.3a-i,capital_city_motorised_passenger_travel_by_mode,Canberra,financial_year,2000-01,Passenger cars,passenger_cars,passenger_activity,3.9461954585330687,billion passenger-km
2. PASSENGERS.xlsx,Table 2.3a-i,capital_city_motorised_passenger_travel_by_mode,Canberra,financial_year,2000-01,Commercial vehicles,commercial_vehicles,passenger_activity,0.297939958333277,billion passenger-km
2. PASSENGERS.xlsx,Table 2.3a-i,capital_city_motorised_passenger_travel_by_mode,Canberra,financial_year,2000-01,Motor cycles,motor_cycles,passenger_activity,0.024003904375807877,billion passenger-km
2. PASSENGERS.xlsx,Table 2.3a-i,capital_city_motorised_passenger_travel_by_mode,Canberra,financial_year,2000-01,Bus,bus,passenger_activity,0.1809827743384779,billion passenger-km
2. PASSENGERS.xlsx,Table 2.3a-i,capital_city_motorised_passenger_travel_by_mode,Canberra,financial_year,2000-01,Total,total,passenger_activity,4.449122095580631,billion passenger-km
2. PASSENGERS.xlsx,Table 2.3a-i,capital_city_motorised_passenger_travel_by_mode,Canberra,financial_year,2001-02,Passenger cars,passenger_cars,passenger_activity,4.023233888884502,billion passenger-km
2. PASSENGERS.xlsx,Table 2.3a-i,capital_city_motorised_passenger_travel_by_mode,Canberra,financial_year,2001-02,Commercial vehicles,commercial_vehicles,passenger_activity,0.3093816071733428,billion passenger-km
2. PASSENGERS.xlsx,Table 2.3a-i,capital_city_motorised_passenger_travel_by_mode,Canberra,financial_year,2001-02,Motor cycles,motor_cycles,passenger_activity,0.025567310004531656,billion passenger-km
2. PASSENGERS.xlsx,Table 2.3a-i,capital_city_motorised_passenger_travel_by_mode,Canberra,financial_year,2001-02,Bus,bus,passenger_activity,0.18391091831898657,billion passenger-km
2. PASSENGERS.xlsx,Table 2.3a-i,capital_city_motorised_passenger_travel_by_mode,Canberra,financial_year,2001-02,Total,total,passenger_activity,4.542093724381363,billion passenger-km
2. PASSENGERS.xlsx,Table 2.3a-i,capital_city_motorised_passenger_travel_by_mode,Canberra,financial_year,2002-03,Passenger cars,passenger_cars,passenger_activity,4.155363341455717,billion passenger-km
2. PASSENGERS.xlsx,Table 2.3a-i,capital_city_motorised_passenger_travel_by_mode,Canberra,financial_year,2002-03,Commercial vehicles,commercial_vehicles,passenger_activity,0.3181582221078469,billion passenger-km
2. PASSENGERS.xlsx,Table 2.3a-i,capital_city_motorised_passenger_travel_by_mode,Canberra,financial_year,2002-03,Motor cycles,motor_cycles,passenger_activity,0.025083544288323077,billion passenger-km
2. PASSENGERS.xlsx,Table 2.3a-i,capital_city_motorised_passenger_travel_by_mode,Canberra,financial_year,2002-03,Bus,bus,passenger_activity,0.19163980821294913,billion passenger-km
2. PASSENGERS.xlsx,Table 2.3a-i,capital_city_motorised_passenger_travel_by_mode,Canberra,financial_year,2002-03,Total,total,passenger_activity,4.690244916064837,billion passenger-km
2. PASSENGERS.xlsx,Table 2.3a-i,capital_city_motorised_passenger_travel_by_mode,Canberra,financial_year,2003-04,Passenger cars,passenger_cars,passenger_activity,4.3372501623300055,billion passenger-km
2. PASSENGERS.xlsx,Table 2.3a-i,capital_city_motorised_passenger_travel_by_mode,Canberra,financial_year,2003-04,Commercial vehicles,commercial_vehicles,passenger_activity,0.32595275768094184,billion passenger-km
2. PASSENGERS.xlsx,Table 2.3a-i,capital_city_motorised_passenger_travel_by_mode,Canberra,financial_year,2003-04,Motor cycles,motor_cycles,passenger_activity,0.026195431640724767,billion passenger-km
2. PASSENGERS.xlsx,Table 2.3a-i,capital_city_motorised_passenger_travel_by_mode,Canberra,financial_year,2003-04,Bus,bus,passenger_activity,0.19385457602515033,billion passenger-km
2. PASSENGERS.xlsx,Table 2.3a-i,capital_city_motorised_passenger_travel_by_mode,Canberra,financial_year,2003-04,Total,total,passenger_activity,4.883252927676822,billion passenger-km
2. PASSENGERS.xlsx,Table 2.3a-i,capital_city_motorised_passenger_travel_by_mode,Canberra,financial_year,2004-05,Passenger cars,passenger_cars,passenger_activity,4.337619149227731,billion passenger-km
2. PASSENGERS.xlsx,Table 2.3a-i,capital_city_motorised_passenger_travel_by_mode,Canberra,financial_year,2004-05,Commercial vehicles,commercial_vehicles,passenger_activity,0.32576425318482627,billion passenger-km
2. PASSENGERS.xlsx,Table 2.3a-i,capital_city_motorised_passenger_travel_by_mode,Canberra,financial_year,2004-05,Motor cycles,motor_cycles,passenger_activity,0.028085223637788134,billion passenger-km
2. PASSENGERS.xlsx,Table 2.3a-i,capital_city_motorised_passenger_travel_by_mode,Canberra,financial_year,2004-05,Bus,bus,passenger_activity,0.19684252391780596,billion passenger-km
2. PASSENGERS.xlsx,Table 2.3a-i,capital_city_motorised_passenger_travel_by_mode,Canberra,financial_year,2004-05,Total,total,passenger_activity,4.8883111499681515,billion passenger-km
2. PASSENGERS.xlsx,Table 2.3a-i,capital_city_motorised_passenger_travel_by_mode,Canberra,financial_year,2005-06,Passenger cars,passenger_cars,passenger_activity,4.28055441471228,billion passenger-km
2. PASSENGERS.xlsx,Table 2.3a-i,capital_city_motorised_passenger_travel_by_mode,Canberra,financial_year,2005-06,Commercial vehicles,commercial_vehicles,passenger_activity,0.3312552330514043,billion passenger-km
2. PASSENGERS.xlsx,Table 2.3a-i,capital_city_motorised_passenger_travel_by_mode,Canberra,financial_year,2005-06,Motor cycles,motor_cycles,passenger_activity,0.03046092195296808,billion passenger-km
2. PASSENGERS.xlsx,Table 2.3a-i,capital_city_motorised_passenger_travel_by_mode,Canberra,financial_year,2005-06,Bus,bus,passenger_activity,0.19974064741306885,billion passenger-km
2. PASSENGERS.xlsx,Table 2.3a-i,capital_city_motorised_passenger_travel_by_mode,Canberra,financial_year,2005-06,Total,total,passenger_activity,4.842011217129722,billion passenger-km
2. PASSENGERS.xlsx,Table 2.3a-i,capital_city_motorised_passenger_travel_by_mode,Canberra,financial_year,2006-07,Passenger cars,passenger_cars,passenger_activity,4.327723483785223,billion passenger-km
2. PASSENGERS.xlsx,Table 2.3a-i,capital_city_motorised_passenger_travel_by_mode,Canberra,financial_year,2006-07,Commercial vehicles,commercial_vehicles,passenger_activity,0.3441504301629899,billion passenger-km
2. PASSENGERS.xlsx,Table 2.3a-i,capital_city_motorised_passenger_travel_by_mode,Canberra,financial_year,2006-07,Motor cycles,motor_cycles,passenger_activity,0.03351810723209689,billion passenger-km
2. PASSENGERS.xlsx,Table 2.3a-i,capital_city_motorised_passenger_travel_by_mode,Canberra,financial_year,2006-07,Bus,bus,passenger_activity,0.1975885437480227,billion passenger-km
2. PASSENGERS.xlsx,Table 2.3a-i,capital_city_motorised_passenger_travel_by_mode,Canberra,financial_year,2006-07,Total,total,passenger_activity,4.902980564928333,billion passenger-km
2. PASSENGERS.xlsx,Table 2.3a-i,capital_city_motorised_passenger_travel_by_mode,Canberra,financial_year,2007-08,Passenger cars,passenger_cars,passenger_activity,4.348463974376128,billion passenger-km
2. PASSENGERS.xlsx,Table 2.3a-i,capital_city_motorised_passenger_travel_by_mode,Canberra,financial_year,2007-08,Commercial vehicles,commercial_vehicles,passenger_activity,0.3590490621818578,billion passenger-km
2. PASSENGERS.xlsx,Table 2.3a-i,capital_city_motorised_passenger_travel_by_mode,Canberra,financial_year,2007-08,Motor cycles,motor_cycles,passenger_activity,0.036477288688449405,billion passenger-km
2. PASSENGERS.xlsx,Table 2.3a-i,capital_city_motorised_passenger_travel_by_mode,Canberra,financial_year,2007-08,Bus,bus,passenger_activity,0.19900311216799937,billion passenger-km
2. PASSENGERS.xlsx,Table 2.3a-i,capital_city_motorised_passenger_travel_by_mode,Canberra,financial_year,2007-08,Total,total,passenger_activity,4.942993437414435,billion passenger-km
2. PASSENGERS.xlsx,Table 2.3a-i,capital_city_motorised_passenger_travel_by_mode,Canberra,financial_year,2008-09,Passenger cars,passenger_cars,passenger_activity,4.351059712888723,billion passenger-km
2. PASSENGERS.xlsx,Table 2.3a-i,capital_city_motorised_passenger_travel_by_mode,Canberra,financial_year,2008-09,Commercial vehicles,commercial_vehicles,passenger_activity,0.36721417511592463,billion passenger-km
2. PASSENGERS.xlsx,Table 2.3a-i,capital_city_motorised_passenger_travel_by_mode,Canberra,financial_year,2008-09,Motor cycles,motor_cycles,passenger_activity,0.03878353023313303,billion passenger-km
2. PASSENGERS.xlsx,Table 2.3a-i,capital_city_motorised_passenger_travel_by_mode,Canberra,financial_year,2008-09,Bus,bus,passenger_activity,0.2027565027581021,billion passenger-km
2. PASSENGERS.xlsx,Table 2.3a-i,capital_city_motorised_passenger_travel_by_mode,Canberra,financial_year,2008-09,Total,total,passenger_activity,4.959813920995884,billion passenger-km
2. PASSENGERS.xlsx,Table 2.3a-i,capital_city_motorised_passenger_travel_by_mode,Canberra,financial_year,2009-10,Passenger cars,passenger_cars,passenger_activity,4.383869502011305,billion passenger-km
2. PASSENGERS.xlsx,Table 2.3a-i,capital_city_motorised_passenger_travel_by_mode,Canberra,financial_year,2009-10,Commercial vehicles,commercial_vehicles,passenger_activity,0.3786419333154189,billion passenger-km
2. PASSENGERS.xlsx,Table 2.3a-i,capital_city_motorised_passenger_travel_by_mode,Canberra,financial_year,2009-10,Motor cycles,motor_cycles,passenger_activity,0.04085261563263359,billion passenger-km
2. PASSENGERS.xlsx,Table 2.3a-i,capital_city_motorised_passenger_travel_by_mode,Canberra,financial_year,2009-10,Bus,bus,passenger_activity,0.19645841107200002,billion passenger-km
2. PASSENGERS.xlsx,Table 2.3a-i,capital_city_motorised_passenger_travel_by_mode,Canberra,financial_year,2009-10,Total,total,passenger_activity,4.999822462031358,billion passenger-km
2. PASSENGERS.xlsx,Table 2.3a-i,capital_city_motorised_passenger_travel_by_mode,Canberra,financial_year,2010-11,Passenger cars,passenger_cars,passenger_activity,4.427738100804855,billion passenger-km
2. PASSENGERS.xlsx,Table 2.3a-i,capital_city_motorised_passenger_travel_by_mode,Canberra,financial_year,2010-11,Commercial vehicles,commercial_vehicles,passenger_activity,0.3921237984397159,billion passenger-km
2. PASSENGERS.xlsx,Table 2.3a-i,capital_city_motorised_passenger_travel_by_mode,Canberra,financial_year,2010-11,Motor cycles,motor_cycles,passenger_activity,0.03975152809584927,billion passenger-km
2. PASSENGERS.xlsx,Table 2.3a-i,capital_city_motorised_passenger_travel_by_mode,Canberra,financial_year,2010-11,Bus,bus,passenger_activity,0.1961002942500084,billion passenger-km
2. PASSENGERS.xlsx,Table 2.3a-i,capital_city_motorised_passenger_travel_by_mode,Canberra,financial_year,2010-11,Total,total,passenger_activity,5.055713721590429,billion passenger-km
2. PASSENGERS.xlsx,Table 2.3a-i,capital_city_motorised_passenger_travel_by_mode,Canberra,financial_year,2011-12,Passenger cars,passenger_cars,passenger_activity,4.5050353859150185,billion passenger-km
2. PASSENGERS.xlsx,Table 2.3a-i,capital_city_motorised_passenger_travel_by_mode,Canberra,financial_year,2011-12,Commercial vehicles,commercial_vehicles,passenger_activity,0.4050862840249593,billion passenger-km
2. PASSENGERS.xlsx,Table 2.3a-i,capital_city_motorised_passenger_travel_by_mode,Canberra,financial_year,2011-12,Motor cycles,motor_cycles,passenger_activity,0.0384254763871801,billion passenger-km
2. PASSENGERS.xlsx,Table 2.3a-i,capital_city_motorised_passenger_travel_by_mode,Canberra,financial_year,2011-12,Bus,bus,passenger_activity,0.20052303582830694,billion passenger-km
2. PASSENGERS.xlsx,Table 2.3a-i,capital_city_motorised_passenger_travel_by_mode,Canberra,financial_year,2011-12,Total,total,passenger_activity,5.149070182155465,billion passenger-km
2. PASSENGERS.xlsx,Table 2.3a-i,capital_city_motorised_passenger_travel_by_mode,Canberra,financial_year,2012-13,Passenger cars,passenger_cars,passenger_activity,4.623159763104509,billion passenger-km
2. PASSENGERS.xlsx,Table 2.3a-i,capital_city_motorised_passenger_travel_by_mode,Canberra,financial_year,2012-13,Commercial vehicles,commercial_vehicles,passenger_activity,0.417149418705478,billion passenger-km
2. PASSENGERS.xlsx,Table 2.3a-i,capital_city_motorised_passenger_travel_by_mode,Canberra,financial_year,2012-13,Motor cycles,motor_cycles,passenger_activity,0.038468657955969654,billion passenger-km
2. PASSENGERS.xlsx,Table 2.3a-i,capital_city_motorised_passenger_travel_by_mode,Canberra,financial_year,2012-13,Bus,bus,passenger_activity,0.20786400814607592,billion passenger-km
2. PASSENGERS.xlsx,Table 2.3a-i,capital_city_motorised_passenger_travel_by_mode,Canberra,financial_year,2012-13,Total,total,passenger_activity,5.286641847912032,billion passenger-km
2. PASSENGERS.xlsx,Table 2.3a-i,capital_city_motorised_passenger_travel_by_mode,Canberra,financial_year,2013-14,Passenger cars,passenger_cars,passenger_activity,4.678521086845025,billion passenger-km
2. PASSENGERS.xlsx,Table 2.3a-i,capital_city_motorised_passenger_travel_by_mode,Canberra,financial_year,2013-14,Commercial vehicles,commercial_vehicles,passenger_activity,0.4301408068473215,billion passenger-km
2. PASSENGERS.xlsx,Table 2.3a-i,capital_city_motorised_passenger_travel_by_mode,Canberra,financial_year,2013-14,Motor cycles,motor_cycles,passenger_activity,0.03880237693193395,billion passenger-km
2. PASSENGERS.xlsx,Table 2.3a-i,capital_city_motorised_passenger_travel_by_mode,Canberra,financial_year,2013-14,Bus,bus,passenger_activity,0.20780874404699132,billion passenger-km
2. PASSENGERS.xlsx,Table 2.3a-i,capital_city_motorised_passenger_travel_by_mode,Canberra,financial_year,2013-14,Total,total,passenger_activity,5.355273014671272,billion passenger-km
2. PASSENGERS.xlsx,Table 2.3a-i,capital_city_motorised_passenger_travel_by_mode,Canberra,financial_year,2014-15,Passenger cars,passenger_cars,passenger_activity,4.716320709537911,billion passenger-km
2. PASSENGERS.xlsx,Table 2.3a-i,capital_city_motorised_passenger_travel_by_mode,Canberra,financial_year,2014-15,Commercial vehicles,commercial_vehicles,passenger_activity,0.4426257541656576,billion passenger-km
2. PASSENGERS.xlsx,Table 2.3a-i,capital_city_motorised_passenger_travel_by_mode,Canberra,financial_year,2014-15,Motor cycles,motor_cycles,passenger_activity,0.03890985462992071,billion passenger-km
2. PASSENGERS.xlsx,Table 2.3a-i,capital_city_motorised_passenger_travel_by_mode,Canberra,financial_year,2014-15,Bus,bus,passenger_activity,0.21050276838984117,billion passenger-km
2. PASSENGERS.xlsx,Table 2.3a-i,capital_city_motorised_passenger_travel_by_mode,Canberra,financial_year,2014-15,Total,total,passenger_activity,5.408359086723331,billion passenger-km
2. PASSENGERS.xlsx,Table 2.3a-i,capital_city_motorised_passenger_travel_by_mode,Canberra,financial_year,2015-16,Passenger cars,passenger_cars,passenger_activity,4.729752162028435,billion passenger-km
2. PASSENGERS.xlsx,Table 2.3a-i,capital_city_motorised_passenger_travel_by_mode,Canberra,financial_year,2015-16,Commercial vehicles,commercial_vehicles,passenger_activity,0.4556117333196627,billion passenger-km
2. PASSENGERS.xlsx,Table 2.3a-i,capital_city_motorised_passenger_travel_by_mode,Canberra,financial_year,2015-16,Motor cycles,motor_cycles,passenger_activity,0.03906549404844039,billion passenger-km
2. PASSENGERS.xlsx,Table 2.3a-i,capital_city_motorised_passenger_travel_by_mode,Canberra,financial_year,2015-16,Bus,bus,passenger_activity,0.2164252478879778,billion passenger-km
2. PASSENGERS.xlsx,Table 2.3a-i,capital_city_motorised_passenger_travel_by_mode,Canberra,financial_year,2015-16,Total,total,passenger_activity,5.440854637284516,billion passenger-km
2. PASSENGERS.xlsx,Table 2.3a-i,capital_city_motorised_passenger_travel_by_mode,Canberra,financial_year,2016-17,Passenger cars,passenger_cars,passenger_activity,4.761743977725144,billion passenger-km
2. PASSENGERS.xlsx,Table 2.3a-i,capital_city_motorised_passenger_travel_by_mode,Canberra,financial_year,2016-17,Commercial vehicles,commercial_vehicles,passenger_activity,0.4732443400580412,billion passenger-km
2. PASSENGERS.xlsx,Table 2.3a-i,capital_city_motorised_passenger_travel_by_mode,Canberra,financial_year,2016-17,Motor cycles,motor_cycles,passenger_activity,0.038946734946533126,billion passenger-km
2. PASSENGERS.xlsx,Table 2.3a-i,capital_city_motorised_passenger_travel_by_mode,Canberra,financial_year,2016-17,Bus,bus,passenger_activity,0.2223423037364599,billion passenger-km
2. PASSENGERS.xlsx,Table 2.3a-i,capital_city_motorised_passenger_travel_by_mode,Canberra,financial_year,2016-17,Total,total,passenger_activity,5.496277356466178,billion passenger-km
2. PASSENGERS.xlsx,Table 2.3a-i,capital_city_motorised_passenger_travel_by_mode,Canberra,financial_year,2017-18,Passenger cars,passenger_cars,passenger_activity,4.792771164918735,billion passenger-km
2. PASSENGERS.xlsx,Table 2.3a-i,capital_city_motorised_passenger_travel_by_mode,Canberra,financial_year,2017-18,Commercial vehicles,commercial_vehicles,passenger_activity,0.49268158117810124,billion passenger-km
2. PASSENGERS.xlsx,Table 2.3a-i,capital_city_motorised_passenger_travel_by_mode,Canberra,financial_year,2017-18,Motor cycles,motor_cycles,passenger_activity,0.03875200127180046,billion passenger-km
2. PASSENGERS.xlsx,Table 2.3a-i,capital_city_motorised_passenger_travel_by_mode,Canberra,financial_year,2017-18,Bus,bus,passenger_activity,0.23293074908657596,billion passenger-km
2. PASSENGERS.xlsx,Table 2.3a-i,capital_city_motorised_passenger_travel_by_mode,Canberra,financial_year,2017-18,Total,total,passenger_activity,5.557135496455212,billion passenger-km
2. PASSENGERS.xlsx,Table 2.3a-i,capital_city_motorised_passenger_travel_by_mode,Canberra,financial_year,2018-19,Passenger cars,passenger_cars,passenger_activity,4.7773288937748495,billion passenger-km
2. PASSENGERS.xlsx,Table 2.3a-i,capital_city_motorised_passenger_travel_by_mode,Canberra,financial_year,2018-19,Commercial vehicles,commercial_vehicles,passenger_activity,0.4965796404287988,billion passenger-km
2. PASSENGERS.xlsx,Table 2.3a-i,capital_city_motorised_passenger_travel_by_mode,Canberra,financial_year,2018-19,Motor cycles,motor_cycles,passenger_activity,0.0380070130532483,billion passenger-km
2. PASSENGERS.xlsx,Table 2.3a-i,capital_city_motorised_passenger_travel_by_mode,Canberra,financial_year,2018-19,Light rail,light_rail,passenger_activity,0.0097006,billion passenger-km
2. PASSENGERS.xlsx,Table 2.3a-i,capital_city_motorised_passenger_travel_by_mode,Canberra,financial_year,2018-19,Bus,bus,passenger_activity,0.23443870805649467,billion passenger-km
2. PASSENGERS.xlsx,Table 2.3a-i,capital_city_motorised_passenger_travel_by_mode,Canberra,financial_year,2018-19,Total,total,passenger_activity,5.556054855313391,billion passenger-km
2. PASSENGERS.xlsx,Table 2.3a-i,capital_city_motorised_passenger_travel_by_mode,Canberra,financial_year,2019-20,Passenger cars,passenger_cars,passenger_activity,4.51411089006794,billion passenger-km
2. PASSENGERS.xlsx,Table 2.3a-i,capital_city_motorised_passenger_travel_by_mode,Canberra,financial_year,2019-20,Commercial vehicles,commercial_vehicles,passenger_activity,0.48652365725520047,billion passenger-km
2. PASSENGERS.xlsx,Table 2.3a-i,capital_city_motorised_passenger_travel_by_mode,Canberra,financial_year,2019-20,Motor cycles,motor_cycles,passenger_activity,0.03325234872947891,billion passenger-km
2. PASSENGERS.xlsx,Table 2.3a-i,capital_city_motorised_passenger_travel_by_mode,Canberra,financial_year,2019-20,Light rail,light_rail,passenger_activity,0.040702749999999996,billion passenger-km
2. PASSENGERS.xlsx,Table 2.3a-i,capital_city_motorised_passenger_travel_by_mode,Canberra,financial_year,2019-20,Bus,bus,passenger_activity,0.1742085477394441,billion passenger-km
2. PASSENGERS.xlsx,Table 2.3a-i,capital_city_motorised_passenger_travel_by_mode,Canberra,financial_year,2019-20,Total,total,passenger_activity,5.248798193792064,billion passenger-km
2. PASSENGERS.xlsx,Table 2.3a-i,capital_city_motorised_passenger_travel_by_mode,Canberra,financial_year,2020-21,Passenger cars,passenger_cars,passenger_activity,4.768175525220005,billion passenger-km
2. PASSENGERS.xlsx,Table 2.3a-i,capital_city_motorised_passenger_travel_by_mode,Canberra,financial_year,2020-21,Commercial vehicles,commercial_vehicles,passenger_activity,0.4983242067146632,billion passenger-km
2. PASSENGERS.xlsx,Table 2.3a-i,capital_city_motorised_passenger_travel_by_mode,Canberra,financial_year,2020-21,Motor cycles,motor_cycles,passenger_activity,0.03424991919136328,billion passenger-km
2. PASSENGERS.xlsx,Table 2.3a-i,capital_city_motorised_passenger_travel_by_mode,Canberra,financial_year,2020-21,Light rail,light_rail,passenger_activity,0.03325024582681726,billion passenger-km
2. PASSENGERS.xlsx,Table 2.3a-i,capital_city_motorised_passenger_travel_by_mode,Canberra,financial_year,2020-21,Bus,bus,passenger_activity,0.14497644169676743,billion passenger-km
2. PASSENGERS.xlsx,Table 2.3a-i,capital_city_motorised_passenger_travel_by_mode,Canberra,financial_year,2020-21,Total,total,passenger_activity,5.478976338649616,billion passenger-km
2. PASSENGERS.xlsx,Table 2.3a-i,capital_city_motorised_passenger_travel_by_mode,Canberra,financial_year,2021-22,Passenger cars,passenger_cars,passenger_activity,4.457261363332278,billion passenger-km
2. PASSENGERS.xlsx,Table 2.3a-i,capital_city_motorised_passenger_travel_by_mode,Canberra,financial_year,2021-22,Commercial vehicles,commercial_vehicles,passenger_activity,0.5123141908445622,billion passenger-km
2. PASSENGERS.xlsx,Table 2.3a-i,capital_city_motorised_passenger_travel_by_mode,Canberra,financial_year,2021-22,Motor cycles,motor_cycles,passenger_activity,0.034934917575190544,billion passenger-km
2. PASSENGERS.xlsx,Table 2.3a-i,capital_city_motorised_passenger_travel_by_mode,Canberra,financial_year,2021-22,Light rail,light_rail,passenger_activity,0.026439875,billion passenger-km
2. PASSENGERS.xlsx,Table 2.3a-i,capital_city_motorised_passenger_travel_by_mode,Canberra,financial_year,2021-22,Bus,bus,passenger_activity,0.11772860099577713,billion passenger-km
2. PASSENGERS.xlsx,Table 2.3a-i,capital_city_motorised_passenger_travel_by_mode,Canberra,financial_year,2021-22,Total,total,passenger_activity,5.1486789477478085,billion passenger-km
2. PASSENGERS.xlsx,Table 2.3a-i,capital_city_motorised_passenger_travel_by_mode,Canberra,financial_year,2022-23,Passenger cars,passenger_cars,passenger_activity,4.778817746170474,billion passenger-km
2. PASSENGERS.xlsx,Table 2.3a-i,capital_city_motorised_passenger_travel_by_mode,Canberra,financial_year,2022-23,Commercial vehicles,commercial_vehicles,passenger_activity,0.5240836058862706,billion passenger-km
2. PASSENGERS.xlsx,Table 2.3a-i,capital_city_motorised_passenger_travel_by_mode,Canberra,financial_year,2022-23,Motor cycles,motor_cycles,passenger_activity,0.03592501003038203,billion passenger-km
2. PASSENGERS.xlsx,Table 2.3a-i,capital_city_motorised_passenger_travel_by_mode,Canberra,financial_year,2022-23,Light rail,light_rail,passenger_activity,0.04225538515,billion passenger-km
2. PASSENGERS.xlsx,Table 2.3a-i,capital_city_motorised_passenger_travel_by_mode,Canberra,financial_year,2022-23,Bus,bus,passenger_activity,0.16881879553310525,billion passenger-km
2. PASSENGERS.xlsx,Table 2.3a-i,capital_city_motorised_passenger_travel_by_mode,Canberra,financial_year,2022-23,Total,total,passenger_activity,5.5499005427702315,billion passenger-km
2. PASSENGERS.xlsx,Table 2.3a-i,capital_city_motorised_passenger_travel_by_mode,Canberra,financial_year,2023-24,Passenger cars,passenger_cars,passenger_activity,4.9048863736087895,billion passenger-km
2. PASSENGERS.xlsx,Table 2.3a-i,capital_city_motorised_passenger_travel_by_mode,Canberra,financial_year,2023-24,Commercial vehicles,commercial_vehicles,passenger_activity,0.5415186476906462,billion passenger-km
2. PASSENGERS.xlsx,Table 2.3a-i,capital_city_motorised_passenger_travel_by_mode,Canberra,financial_year,2023-24,Motor cycles,motor_cycles,passenger_activity,0.03595363431066591,billion passenger-km
2. PASSENGERS.xlsx,Table 2.3a-i,capital_city_motorised_passenger_travel_by_mode,Canberra,financial_year,2023-24,Light rail,light_rail,passenger_activity,0.047508193425000005,billion passenger-km
2. PASSENGERS.xlsx,Table 2.3a-i,capital_city_motorised_passenger_travel_by_mode,Canberra,financial_year,2023-24,Bus,bus,passenger_activity,0.18930741184866196,billion passenger-km
2. PASSENGERS.xlsx,Table 2.3a-i,capital_city_motorised_passenger_travel_by_mode,Canberra,financial_year,2023-24,Total,total,passenger_activity,5.719174260883764,billion passenger-km
2. PASSENGERS.xlsx,Table 2.3a-i,capital_city_motorised_passenger_travel_by_mode,Canberra,financial_year,2024-25,Passenger cars,passenger_cars,passenger_activity,4.984848714152939,billion passenger-km
2. PASSENGERS.xlsx,Table 2.3a-i,capital_city_motorised_passenger_travel_by_mode,Canberra,financial_year,2024-25,Commercial vehicles,commercial_vehicles,passenger_activity,0.5485032945333783,billion passenger-km
2. PASSENGERS.xlsx,Table 2.3a-i,capital_city_motorised_passenger_travel_by_mode,Canberra,financial_year,2024-25,Motor cycles,motor_cycles,passenger_activity,0.03705175673852408,billion passenger-km
2. PASSENGERS.xlsx,Table 2.3a-i,capital_city_motorised_passenger_travel_by_mode,Canberra,financial_year,2024-25,Light rail,light_rail,passenger_activity,0.045889250000000006,billion passenger-km
2. PASSENGERS.xlsx,Table 2.3a-i,capital_city_motorised_passenger_travel_by_mode,Canberra,financial_year,2024-25,Bus,bus,passenger_activity,0.19265367746963566,billion passenger-km
2. PASSENGERS.xlsx,Table 2.3a-i,capital_city_motorised_passenger_travel_by_mode,Canberra,financial_year,2024-25,Total,total,passenger_activity,5.8089466928944775,billion passenger-km
2. PASSENGERS.xlsx,Table 2.3a-i,capital_city_motorised_passenger_travel_by_mode,Australian capital cities,financial_year,1976-77,Passenger cars,passenger_cars,passenger_activity,73.73038597376465,billion passenger-km
2. PASSENGERS.xlsx,Table 2.3a-i,capital_city_motorised_passenger_travel_by_mode,Australian capital cities,financial_year,1976-77,Commercial vehicles,commercial_vehicles,passenger_activity,6.702399823418949,billion passenger-km
2. PASSENGERS.xlsx,Table 2.3a-i,capital_city_motorised_passenger_travel_by_mode,Australian capital cities,financial_year,1976-77,Motor cycles,motor_cycles,passenger_activity,0.8188154360184657,billion passenger-km
2. PASSENGERS.xlsx,Table 2.3a-i,capital_city_motorised_passenger_travel_by_mode,Australian capital cities,financial_year,1976-77,Heavy rail,heavy_rail,passenger_activity,5.929595675903795,billion passenger-km
2. PASSENGERS.xlsx,Table 2.3a-i,capital_city_motorised_passenger_travel_by_mode,Australian capital cities,financial_year,1976-77,Light rail,light_rail,passenger_activity,0.5439645591593576,billion passenger-km
2. PASSENGERS.xlsx,Table 2.3a-i,capital_city_motorised_passenger_travel_by_mode,Australian capital cities,financial_year,1976-77,Bus,bus,passenger_activity,3.7491195790984486,billion passenger-km
2. PASSENGERS.xlsx,Table 2.3a-i,capital_city_motorised_passenger_travel_by_mode,Australian capital cities,financial_year,1976-77,Ferry,ferry,passenger_activity,0.12775104656359254,billion passenger-km
2. PASSENGERS.xlsx,Table 2.3a-i,capital_city_motorised_passenger_travel_by_mode,Australian capital cities,financial_year,1976-77,Total,total,passenger_activity,91.60203209392726,billion passenger-km
2. PASSENGERS.xlsx,Table 2.3a-i,capital_city_motorised_passenger_travel_by_mode,Australian capital cities,financial_year,1977-78,Passenger cars,passenger_cars,passenger_activity,76.58128021156901,billion passenger-km
2. PASSENGERS.xlsx,Table 2.3a-i,capital_city_motorised_passenger_travel_by_mode,Australian capital cities,financial_year,1977-78,Commercial vehicles,commercial_vehicles,passenger_activity,7.110323555990467,billion passenger-km
2. PASSENGERS.xlsx,Table 2.3a-i,capital_city_motorised_passenger_travel_by_mode,Australian capital cities,financial_year,1977-78,Motor cycles,motor_cycles,passenger_activity,0.8262544032336179,billion passenger-km
2. PASSENGERS.xlsx,Table 2.3a-i,capital_city_motorised_passenger_travel_by_mode,Australian capital cities,financial_year,1977-78,Heavy rail,heavy_rail,passenger_activity,5.823012753354566,billion passenger-km
2. PASSENGERS.xlsx,Table 2.3a-i,capital_city_motorised_passenger_travel_by_mode,Australian capital cities,financial_year,1977-78,Light rail,light_rail,passenger_activity,0.5363839510471308,billion passenger-km
2. PASSENGERS.xlsx,Table 2.3a-i,capital_city_motorised_passenger_travel_by_mode,Australian capital cities,financial_year,1977-78,Bus,bus,passenger_activity,3.835233178482322,billion passenger-km
2. PASSENGERS.xlsx,Table 2.3a-i,capital_city_motorised_passenger_travel_by_mode,Australian capital cities,financial_year,1977-78,Ferry,ferry,passenger_activity,0.12162578638892578,billion passenger-km
2. PASSENGERS.xlsx,Table 2.3a-i,capital_city_motorised_passenger_travel_by_mode,Australian capital cities,financial_year,1977-78,Total,total,passenger_activity,94.83411384006604,billion passenger-km
2. PASSENGERS.xlsx,Table 2.3a-i,capital_city_motorised_passenger_travel_by_mode,Australian capital cities,financial_year,1978-79,Passenger cars,passenger_cars,passenger_activity,78.971058948935,billion passenger-km
2. PASSENGERS.xlsx,Table 2.3a-i,capital_city_motorised_passenger_travel_by_mode,Australian capital cities,financial_year,1978-79,Commercial vehicles,commercial_vehicles,passenger_activity,7.279447835740961,billion passenger-km
2. PASSENGERS.xlsx,Table 2.3a-i,capital_city_motorised_passenger_travel_by_mode,Australian capital cities,financial_year,1978-79,Motor cycles,motor_cycles,passenger_activity,0.8322876481791001,billion passenger-km
2. PASSENGERS.xlsx,Table 2.3a-i,capital_city_motorised_passenger_travel_by_mode,Australian capital cities,financial_year,1978-79,Heavy rail,heavy_rail,passenger_activity,5.72163832350754,billion passenger-km
2. PASSENGERS.xlsx,Table 2.3a-i,capital_city_motorised_passenger_travel_by_mode,Australian capital cities,financial_year,1978-79,Light rail,light_rail,passenger_activity,0.5418801541510545,billion passenger-km
2. PASSENGERS.xlsx,Table 2.3a-i,capital_city_motorised_passenger_travel_by_mode,Australian capital cities,financial_year,1978-79,Bus,bus,passenger_activity,3.8259468517135558,billion passenger-km
2. PASSENGERS.xlsx,Table 2.3a-i,capital_city_motorised_passenger_travel_by_mode,Australian capital cities,financial_year,1978-79,Ferry,ferry,passenger_activity,0.1204021092077775,billion passenger-km
2. PASSENGERS.xlsx,Table 2.3a-i,capital_city_motorised_passenger_travel_by_mode,Australian capital cities,financial_year,1978-79,Total,total,passenger_activity,97.29266187143499,billion passenger-km
2. PASSENGERS.xlsx,Table 2.3a-i,capital_city_motorised_passenger_travel_by_mode,Australian capital cities,financial_year,1979-80,Passenger cars,passenger_cars,passenger_activity,79.45471983748469,billion passenger-km
2. PASSENGERS.xlsx,Table 2.3a-i,capital_city_motorised_passenger_travel_by_mode,Australian capital cities,financial_year,1979-80,Commercial vehicles,commercial_vehicles,passenger_activity,7.164662468703445,billion passenger-km
2. PASSENGERS.xlsx,Table 2.3a-i,capital_city_motorised_passenger_travel_by_mode,Australian capital cities,financial_year,1979-80,Motor cycles,motor_cycles,passenger_activity,0.8832852457707172,billion passenger-km
2. PASSENGERS.xlsx,Table 2.3a-i,capital_city_motorised_passenger_travel_by_mode,Australian capital cities,financial_year,1979-80,Heavy rail,heavy_rail,passenger_activity,5.837883713830412,billion passenger-km
2. PASSENGERS.xlsx,Table 2.3a-i,capital_city_motorised_passenger_travel_by_mode,Australian capital cities,financial_year,1979-80,Light rail,light_rail,passenger_activity,0.5424312450219022,billion passenger-km
2. PASSENGERS.xlsx,Table 2.3a-i,capital_city_motorised_passenger_travel_by_mode,Australian capital cities,financial_year,1979-80,Bus,bus,passenger_activity,3.9453250469924748,billion passenger-km
2. PASSENGERS.xlsx,Table 2.3a-i,capital_city_motorised_passenger_travel_by_mode,Australian capital cities,financial_year,1979-80,Ferry,ferry,passenger_activity,0.1297878222015925,billion passenger-km
2. PASSENGERS.xlsx,Table 2.3a-i,capital_city_motorised_passenger_travel_by_mode,Australian capital cities,financial_year,1979-80,Total,total,passenger_activity,97.95809538000523,billion passenger-km
2. PASSENGERS.xlsx,Table 2.3a-i,capital_city_motorised_passenger_travel_by_mode,Australian capital cities,financial_year,1980-81,Passenger cars,passenger_cars,passenger_activity,80.76817259656046,billion passenger-km
2. PASSENGERS.xlsx,Table 2.3a-i,capital_city_motorised_passenger_travel_by_mode,Australian capital cities,financial_year,1980-81,Commercial vehicles,commercial_vehicles,passenger_activity,7.201544016357963,billion passenger-km
2. PASSENGERS.xlsx,Table 2.3a-i,capital_city_motorised_passenger_travel_by_mode,Australian capital cities,financial_year,1980-81,Motor cycles,motor_cycles,passenger_activity,0.9230268756969499,billion passenger-km
2. PASSENGERS.xlsx,Table 2.3a-i,capital_city_motorised_passenger_travel_by_mode,Australian capital cities,financial_year,1980-81,Heavy rail,heavy_rail,passenger_activity,5.897480315096016,billion passenger-km
2. PASSENGERS.xlsx,Table 2.3a-i,capital_city_motorised_passenger_travel_by_mode,Australian capital cities,financial_year,1980-81,Light rail,light_rail,passenger_activity,0.5476422815595701,billion passenger-km
2. PASSENGERS.xlsx,Table 2.3a-i,capital_city_motorised_passenger_travel_by_mode,Australian capital cities,financial_year,1980-81,Bus,bus,passenger_activity,4.020995423446843,billion passenger-km
2. PASSENGERS.xlsx,Table 2.3a-i,capital_city_motorised_passenger_travel_by_mode,Australian capital cities,financial_year,1980-81,Ferry,ferry,passenger_activity,0.12956457116694037,billion passenger-km
2. PASSENGERS.xlsx,Table 2.3a-i,capital_city_motorised_passenger_travel_by_mode,Australian capital cities,financial_year,1980-81,Total,total,passenger_activity,99.48842607988475,billion passenger-km
2. PASSENGERS.xlsx,Table 2.3a-i,capital_city_motorised_passenger_travel_by_mode,Australian capital cities,financial_year,1981-82,Passenger cars,passenger_cars,passenger_activity,85.06705268827214,billion passenger-km
2. PASSENGERS.xlsx,Table 2.3a-i,capital_city_motorised_passenger_travel_by_mode,Australian capital cities,financial_year,1981-82,Commercial vehicles,commercial_vehicles,passenger_activity,7.346896405252517,billion passenger-km
2. PASSENGERS.xlsx,Table 2.3a-i,capital_city_motorised_passenger_travel_by_mode,Australian capital cities,financial_year,1981-82,Motor cycles,motor_cycles,passenger_activity,1.0044024140977845,billion passenger-km
2. PASSENGERS.xlsx,Table 2.3a-i,capital_city_motorised_passenger_travel_by_mode,Australian capital cities,financial_year,1981-82,Heavy rail,heavy_rail,passenger_activity,5.89477919459602,billion passenger-km
2. PASSENGERS.xlsx,Table 2.3a-i,capital_city_motorised_passenger_travel_by_mode,Australian capital cities,financial_year,1981-82,Light rail,light_rail,passenger_activity,0.5586086646348597,billion passenger-km
2. PASSENGERS.xlsx,Table 2.3a-i,capital_city_motorised_passenger_travel_by_mode,Australian capital cities,financial_year,1981-82,Bus,bus,passenger_activity,4.038803453162926,billion passenger-km
2. PASSENGERS.xlsx,Table 2.3a-i,capital_city_motorised_passenger_travel_by_mode,Australian capital cities,financial_year,1981-82,Ferry,ferry,passenger_activity,0.14549696444325058,billion passenger-km
2. PASSENGERS.xlsx,Table 2.3a-i,capital_city_motorised_passenger_travel_by_mode,Australian capital cities,financial_year,1981-82,Total,total,passenger_activity,104.05603978445951,billion passenger-km
2. PASSENGERS.xlsx,Table 2.3a-i,capital_city_motorised_passenger_travel_by_mode,Australian capital cities,financial_year,1982-83,Passenger cars,passenger_cars,passenger_activity,85.48440562813369,billion passenger-km
2. PASSENGERS.xlsx,Table 2.3a-i,capital_city_motorised_passenger_travel_by_mode,Australian capital cities,financial_year,1982-83,Commercial vehicles,commercial_vehicles,passenger_activity,7.18708616102751,billion passenger-km
2. PASSENGERS.xlsx,Table 2.3a-i,capital_city_motorised_passenger_travel_by_mode,Australian capital cities,financial_year,1982-83,Motor cycles,motor_cycles,passenger_activity,1.0149059414204844,billion passenger-km
2. PASSENGERS.xlsx,Table 2.3a-i,capital_city_motorised_passenger_travel_by_mode,Australian capital cities,financial_year,1982-83,Heavy rail,heavy_rail,passenger_activity,5.687010098502483,billion passenger-km
2. PASSENGERS.xlsx,Table 2.3a-i,capital_city_motorised_passenger_travel_by_mode,Australian capital cities,financial_year,1982-83,Light rail,light_rail,passenger_activity,0.551764249523869,billion passenger-km
2. PASSENGERS.xlsx,Table 2.3a-i,capital_city_motorised_passenger_travel_by_mode,Australian capital cities,financial_year,1982-83,Bus,bus,passenger_activity,4.095288178817014,billion passenger-km
2. PASSENGERS.xlsx,Table 2.3a-i,capital_city_motorised_passenger_travel_by_mode,Australian capital cities,financial_year,1982-83,Ferry,ferry,passenger_activity,0.14950236901292668,billion passenger-km
2. PASSENGERS.xlsx,Table 2.3a-i,capital_city_motorised_passenger_travel_by_mode,Australian capital cities,financial_year,1982-83,Total,total,passenger_activity,104.16996262643796,billion passenger-km
2. PASSENGERS.xlsx,Table 2.3a-i,capital_city_motorised_passenger_travel_by_mode,Australian capital cities,financial_year,1983-84,Passenger cars,passenger_cars,passenger_activity,89.52850346955483,billion passenger-km
2. PASSENGERS.xlsx,Table 2.3a-i,capital_city_motorised_passenger_travel_by_mode,Australian capital cities,financial_year,1983-84,Commercial vehicles,commercial_vehicles,passenger_activity,7.72173617508888,billion passenger-km
2. PASSENGERS.xlsx,Table 2.3a-i,capital_city_motorised_passenger_travel_by_mode,Australian capital cities,financial_year,1983-84,Motor cycles,motor_cycles,passenger_activity,1.0417592298967406,billion passenger-km
2. PASSENGERS.xlsx,Table 2.3a-i,capital_city_motorised_passenger_travel_by_mode,Australian capital cities,financial_year,1983-84,Heavy rail,heavy_rail,passenger_activity,5.695656429127502,billion passenger-km
2. PASSENGERS.xlsx,Table 2.3a-i,capital_city_motorised_passenger_travel_by_mode,Australian capital cities,financial_year,1983-84,Light rail,light_rail,passenger_activity,0.5636012024732712,billion passenger-km
2. PASSENGERS.xlsx,Table 2.3a-i,capital_city_motorised_passenger_travel_by_mode,Australian capital cities,financial_year,1983-84,Bus,bus,passenger_activity,4.096465367476075,billion passenger-km
2. PASSENGERS.xlsx,Table 2.3a-i,capital_city_motorised_passenger_travel_by_mode,Australian capital cities,financial_year,1983-84,Ferry,ferry,passenger_activity,0.15301448005436039,billion passenger-km
2. PASSENGERS.xlsx,Table 2.3a-i,capital_city_motorised_passenger_travel_by_mode,Australian capital cities,financial_year,1983-84,Total,total,passenger_activity,108.80073635367165,billion passenger-km
2. PASSENGERS.xlsx,Table 2.3a-i,capital_city_motorised_passenger_travel_by_mode,Australian capital cities,financial_year,1984-85,Passenger cars,passenger_cars,passenger_activity,93.03428956139469,billion passenger-km
2. PASSENGERS.xlsx,Table 2.3a-i,capital_city_motorised_passenger_travel_by_mode,Australian capital cities,financial_year,1984-85,Commercial vehicles,commercial_vehicles,passenger_activity,8.069938534475021,billion passenger-km
2. PASSENGERS.xlsx,Table 2.3a-i,capital_city_motorised_passenger_travel_by_mode,Australian capital cities,financial_year,1984-85,Motor cycles,motor_cycles,passenger_activity,1.062928279576756,billion passenger-km
2. PASSENGERS.xlsx,Table 2.3a-i,capital_city_motorised_passenger_travel_by_mode,Australian capital cities,financial_year,1984-85,Heavy rail,heavy_rail,passenger_activity,5.696111894868608,billion passenger-km
2. PASSENGERS.xlsx,Table 2.3a-i,capital_city_motorised_passenger_travel_by_mode,Australian capital cities,financial_year,1984-85,Light rail,light_rail,passenger_activity,0.617904189814412,billion passenger-km
2. PASSENGERS.xlsx,Table 2.3a-i,capital_city_motorised_passenger_travel_by_mode,Australian capital cities,financial_year,1984-85,Bus,bus,passenger_activity,4.198718239754976,billion passenger-km
2. PASSENGERS.xlsx,Table 2.3a-i,capital_city_motorised_passenger_travel_by_mode,Australian capital cities,financial_year,1984-85,Ferry,ferry,passenger_activity,0.15665209332924812,billion passenger-km
2. PASSENGERS.xlsx,Table 2.3a-i,capital_city_motorised_passenger_travel_by_mode,Australian capital cities,financial_year,1984-85,Total,total,passenger_activity,112.8365427932137,billion passenger-km
2. PASSENGERS.xlsx,Table 2.3a-i,capital_city_motorised_passenger_travel_by_mode,Australian capital cities,financial_year,1985-86,Passenger cars,passenger_cars,passenger_activity,96.53002237713413,billion passenger-km
2. PASSENGERS.xlsx,Table 2.3a-i,capital_city_motorised_passenger_travel_by_mode,Australian capital cities,financial_year,1985-86,Commercial vehicles,commercial_vehicles,passenger_activity,8.37686709158511,billion passenger-km
2. PASSENGERS.xlsx,Table 2.3a-i,capital_city_motorised_passenger_travel_by_mode,Australian capital cities,financial_year,1985-86,Motor cycles,motor_cycles,passenger_activity,0.9917842149981729,billion passenger-km
2. PASSENGERS.xlsx,Table 2.3a-i,capital_city_motorised_passenger_travel_by_mode,Australian capital cities,financial_year,1985-86,Heavy rail,heavy_rail,passenger_activity,6.136877839779364,billion passenger-km
2. PASSENGERS.xlsx,Table 2.3a-i,capital_city_motorised_passenger_travel_by_mode,Australian capital cities,financial_year,1985-86,Light rail,light_rail,passenger_activity,0.6398195943318142,billion passenger-km
2. PASSENGERS.xlsx,Table 2.3a-i,capital_city_motorised_passenger_travel_by_mode,Australian capital cities,financial_year,1985-86,Bus,bus,passenger_activity,4.333106136224149,billion passenger-km
2. PASSENGERS.xlsx,Table 2.3a-i,capital_city_motorised_passenger_travel_by_mode,Australian capital cities,financial_year,1985-86,Ferry,ferry,passenger_activity,0.1611105941812938,billion passenger-km
2. PASSENGERS.xlsx,Table 2.3a-i,capital_city_motorised_passenger_travel_by_mode,Australian capital cities,financial_year,1985-86,Total,total,passenger_activity,117.16958784823403,billion passenger-km
2. PASSENGERS.xlsx,Table 2.3a-i,capital_city_motorised_passenger_travel_by_mode,Australian capital cities,financial_year,1986-87,Passenger cars,passenger_cars,passenger_activity,98.92677558637838,billion passenger-km
2. PASSENGERS.xlsx,Table 2.3a-i,capital_city_motorised_passenger_travel_by_mode,Australian capital cities,financial_year,1986-87,Commercial vehicles,commercial_vehicles,passenger_activity,8.591952273307486,billion passenger-km
2. PASSENGERS.xlsx,Table 2.3a-i,capital_city_motorised_passenger_travel_by_mode,Australian capital cities,financial_year,1986-87,Motor cycles,motor_cycles,passenger_activity,0.9593324510084381,billion passenger-km
2. PASSENGERS.xlsx,Table 2.3a-i,capital_city_motorised_passenger_travel_by_mode,Australian capital cities,financial_year,1986-87,Heavy rail,heavy_rail,passenger_activity,6.334981034732294,billion passenger-km
2. PASSENGERS.xlsx,Table 2.3a-i,capital_city_motorised_passenger_travel_by_mode,Australian capital cities,financial_year,1986-87,Light rail,light_rail,passenger_activity,0.6499856058324144,billion passenger-km
2. PASSENGERS.xlsx,Table 2.3a-i,capital_city_motorised_passenger_travel_by_mode,Australian capital cities,financial_year,1986-87,Bus,bus,passenger_activity,4.48324106318482,billion passenger-km
2. PASSENGERS.xlsx,Table 2.3a-i,capital_city_motorised_passenger_travel_by_mode,Australian capital cities,financial_year,1986-87,Ferry,ferry,passenger_activity,0.17534416927591567,billion passenger-km
2. PASSENGERS.xlsx,Table 2.3a-i,capital_city_motorised_passenger_travel_by_mode,Australian capital cities,financial_year,1986-87,Total,total,passenger_activity,120.12161218371975,billion passenger-km
2. PASSENGERS.xlsx,Table 2.3a-i,capital_city_motorised_passenger_travel_by_mode,Australian capital cities,financial_year,1987-88,Passenger cars,passenger_cars,passenger_activity,103.80325058282762,billion passenger-km
2. PASSENGERS.xlsx,Table 2.3a-i,capital_city_motorised_passenger_travel_by_mode,Australian capital cities,financial_year,1987-88,Commercial vehicles,commercial_vehicles,passenger_activity,8.991941339200821,billion passenger-km
2. PASSENGERS.xlsx,Table 2.3a-i,capital_city_motorised_passenger_travel_by_mode,Australian capital cities,financial_year,1987-88,Motor cycles,motor_cycles,passenger_activity,0.9401935541163535,billion passenger-km
2. PASSENGERS.xlsx,Table 2.3a-i,capital_city_motorised_passenger_travel_by_mode,Australian capital cities,financial_year,1987-88,Heavy rail,heavy_rail,passenger_activity,6.587004899717019,billion passenger-km
2. PASSENGERS.xlsx,Table 2.3a-i,capital_city_motorised_passenger_travel_by_mode,Australian capital cities,financial_year,1987-88,Light rail,light_rail,passenger_activity,0.6665243682899059,billion passenger-km
2. PASSENGERS.xlsx,Table 2.3a-i,capital_city_motorised_passenger_travel_by_mode,Australian capital cities,financial_year,1987-88,Bus,bus,passenger_activity,4.666133187727759,billion passenger-km
2. PASSENGERS.xlsx,Table 2.3a-i,capital_city_motorised_passenger_travel_by_mode,Australian capital cities,financial_year,1987-88,Ferry,ferry,passenger_activity,0.1517314185843234,billion passenger-km
2. PASSENGERS.xlsx,Table 2.3a-i,capital_city_motorised_passenger_travel_by_mode,Australian capital cities,financial_year,1987-88,Total,total,passenger_activity,125.80677935046378,billion passenger-km
2. PASSENGERS.xlsx,Table 2.3a-i,capital_city_motorised_passenger_travel_by_mode,Australian capital cities,financial_year,1988-89,Passenger cars,passenger_cars,passenger_activity,108.60869612229011,billion passenger-km
2. PASSENGERS.xlsx,Table 2.3a-i,capital_city_motorised_passenger_travel_by_mode,Australian capital cities,financial_year,1988-89,Commercial vehicles,commercial_vehicles,passenger_activity,9.350442997692985,billion passenger-km
2. PASSENGERS.xlsx,Table 2.3a-i,capital_city_motorised_passenger_travel_by_mode,Australian capital cities,financial_year,1988-89,Motor cycles,motor_cycles,passenger_activity,1.0049095691390877,billion passenger-km
2. PASSENGERS.xlsx,Table 2.3a-i,capital_city_motorised_passenger_travel_by_mode,Australian capital cities,financial_year,1988-89,Heavy rail,heavy_rail,passenger_activity,6.82618271937437,billion passenger-km
2. PASSENGERS.xlsx,Table 2.3a-i,capital_city_motorised_passenger_travel_by_mode,Australian capital cities,financial_year,1988-89,Light rail,light_rail,passenger_activity,0.6968554210548327,billion passenger-km
2. PASSENGERS.xlsx,Table 2.3a-i,capital_city_motorised_passenger_travel_by_mode,Australian capital cities,financial_year,1988-89,Bus,bus,passenger_activity,4.773211488382271,billion passenger-km
2. PASSENGERS.xlsx,Table 2.3a-i,capital_city_motorised_passenger_travel_by_mode,Australian capital cities,financial_year,1988-89,Ferry,ferry,passenger_activity,0.16763876714565795,billion passenger-km
2. PASSENGERS.xlsx,Table 2.3a-i,capital_city_motorised_passenger_travel_by_mode,Australian capital cities,financial_year,1988-89,Total,total,passenger_activity,131.42793708507932,billion passenger-km
2. PASSENGERS.xlsx,Table 2.3a-i,capital_city_motorised_passenger_travel_by_mode,Australian capital cities,financial_year,1989-90,Passenger cars,passenger_cars,passenger_activity,111.5024911959045,billion passenger-km
2. PASSENGERS.xlsx,Table 2.3a-i,capital_city_motorised_passenger_travel_by_mode,Australian capital cities,financial_year,1989-90,Commercial vehicles,commercial_vehicles,passenger_activity,9.367652437080025,billion passenger-km
2. PASSENGERS.xlsx,Table 2.3a-i,capital_city_motorised_passenger_travel_by_mode,Australian capital cities,financial_year,1989-90,Motor cycles,motor_cycles,passenger_activity,0.9212160913730854,billion passenger-km
2. PASSENGERS.xlsx,Table 2.3a-i,capital_city_motorised_passenger_travel_by_mode,Australian capital cities,financial_year,1989-90,Heavy rail,heavy_rail,passenger_activity,6.87449045974142,billion passenger-km
2. PASSENGERS.xlsx,Table 2.3a-i,capital_city_motorised_passenger_travel_by_mode,Australian capital cities,financial_year,1989-90,Light rail,light_rail,passenger_activity,0.5582576081764892,billion passenger-km
2. PASSENGERS.xlsx,Table 2.3a-i,capital_city_motorised_passenger_travel_by_mode,Australian capital cities,financial_year,1989-90,Bus,bus,passenger_activity,4.822457467691642,billion passenger-km
2. PASSENGERS.xlsx,Table 2.3a-i,capital_city_motorised_passenger_travel_by_mode,Australian capital cities,financial_year,1989-90,Ferry,ferry,passenger_activity,0.18356980242993676,billion passenger-km
2. PASSENGERS.xlsx,Table 2.3a-i,capital_city_motorised_passenger_travel_by_mode,Australian capital cities,financial_year,1989-90,Total,total,passenger_activity,134.23013506239707,billion passenger-km
2. PASSENGERS.xlsx,Table 2.3a-i,capital_city_motorised_passenger_travel_by_mode,Australian capital cities,financial_year,1990-91,Passenger cars,passenger_cars,passenger_activity,111.40406526762945,billion passenger-km
2. PASSENGERS.xlsx,Table 2.3a-i,capital_city_motorised_passenger_travel_by_mode,Australian capital cities,financial_year,1990-91,Commercial vehicles,commercial_vehicles,passenger_activity,9.017907085792272,billion passenger-km
2. PASSENGERS.xlsx,Table 2.3a-i,capital_city_motorised_passenger_travel_by_mode,Australian capital cities,financial_year,1990-91,Motor cycles,motor_cycles,passenger_activity,0.8447305312742205,billion passenger-km
2. PASSENGERS.xlsx,Table 2.3a-i,capital_city_motorised_passenger_travel_by_mode,Australian capital cities,financial_year,1990-91,Heavy rail,heavy_rail,passenger_activity,6.927549857070503,billion passenger-km
2. PASSENGERS.xlsx,Table 2.3a-i,capital_city_motorised_passenger_travel_by_mode,Australian capital cities,financial_year,1990-91,Light rail,light_rail,passenger_activity,0.6204743620238135,billion passenger-km
2. PASSENGERS.xlsx,Table 2.3a-i,capital_city_motorised_passenger_travel_by_mode,Australian capital cities,financial_year,1990-91,Bus,bus,passenger_activity,4.90925740935865,billion passenger-km
2. PASSENGERS.xlsx,Table 2.3a-i,capital_city_motorised_passenger_travel_by_mode,Australian capital cities,financial_year,1990-91,Ferry,ferry,passenger_activity,0.15066272348772786,billion passenger-km
2. PASSENGERS.xlsx,Table 2.3a-i,capital_city_motorised_passenger_travel_by_mode,Australian capital cities,financial_year,1990-91,Total,total,passenger_activity,133.87464723663666,billion passenger-km
2. PASSENGERS.xlsx,Table 2.3a-i,capital_city_motorised_passenger_travel_by_mode,Australian capital cities,financial_year,1991-92,Passenger cars,passenger_cars,passenger_activity,113.49611647666276,billion passenger-km
2. PASSENGERS.xlsx,Table 2.3a-i,capital_city_motorised_passenger_travel_by_mode,Australian capital cities,financial_year,1991-92,Commercial vehicles,commercial_vehicles,passenger_activity,9.113280480631943,billion passenger-km
2. PASSENGERS.xlsx,Table 2.3a-i,capital_city_motorised_passenger_travel_by_mode,Australian capital cities,financial_year,1991-92,Motor cycles,motor_cycles,passenger_activity,0.8395208926574717,billion passenger-km
2. PASSENGERS.xlsx,Table 2.3a-i,capital_city_motorised_passenger_travel_by_mode,Australian capital cities,financial_year,1991-92,Heavy rail,heavy_rail,passenger_activity,6.948258535896933,billion passenger-km
2. PASSENGERS.xlsx,Table 2.3a-i,capital_city_motorised_passenger_travel_by_mode,Australian capital cities,financial_year,1991-92,Light rail,light_rail,passenger_activity,0.6191566128171326,billion passenger-km
2. PASSENGERS.xlsx,Table 2.3a-i,capital_city_motorised_passenger_travel_by_mode,Australian capital cities,financial_year,1991-92,Bus,bus,passenger_activity,4.857368198034859,billion passenger-km
2. PASSENGERS.xlsx,Table 2.3a-i,capital_city_motorised_passenger_travel_by_mode,Australian capital cities,financial_year,1991-92,Ferry,ferry,passenger_activity,0.13227987512764358,billion passenger-km
2. PASSENGERS.xlsx,Table 2.3a-i,capital_city_motorised_passenger_travel_by_mode,Australian capital cities,financial_year,1991-92,Total,total,passenger_activity,136.00598107182876,billion passenger-km
2. PASSENGERS.xlsx,Table 2.3a-i,capital_city_motorised_passenger_travel_by_mode,Australian capital cities,financial_year,1992-93,Passenger cars,passenger_cars,passenger_activity,116.85650593828505,billion passenger-km
2. PASSENGERS.xlsx,Table 2.3a-i,capital_city_motorised_passenger_travel_by_mode,Australian capital cities,financial_year,1992-93,Commercial vehicles,commercial_vehicles,passenger_activity,9.350936961137759,billion passenger-km
2. PASSENGERS.xlsx,Table 2.3a-i,capital_city_motorised_passenger_travel_by_mode,Australian capital cities,financial_year,1992-93,Motor cycles,motor_cycles,passenger_activity,0.8327698813722898,billion passenger-km
2. PASSENGERS.xlsx,Table 2.3a-i,capital_city_motorised_passenger_travel_by_mode,Australian capital cities,financial_year,1992-93,Heavy rail,heavy_rail,passenger_activity,6.8943752579250495,billion passenger-km
2. PASSENGERS.xlsx,Table 2.3a-i,capital_city_motorised_passenger_travel_by_mode,Australian capital cities,financial_year,1992-93,Light rail,light_rail,passenger_activity,0.5391103003022315,billion passenger-km
2. PASSENGERS.xlsx,Table 2.3a-i,capital_city_motorised_passenger_travel_by_mode,Australian capital cities,financial_year,1992-93,Bus,bus,passenger_activity,4.800065488797395,billion passenger-km
2. PASSENGERS.xlsx,Table 2.3a-i,capital_city_motorised_passenger_travel_by_mode,Australian capital cities,financial_year,1992-93,Ferry,ferry,passenger_activity,0.1139373417182507,billion passenger-km
2. PASSENGERS.xlsx,Table 2.3a-i,capital_city_motorised_passenger_travel_by_mode,Australian capital cities,financial_year,1992-93,Total,total,passenger_activity,139.38770116953805,billion passenger-km
2. PASSENGERS.xlsx,Table 2.3a-i,capital_city_motorised_passenger_travel_by_mode,Australian capital cities,financial_year,1993-94,Passenger cars,passenger_cars,passenger_activity,119.79941286074963,billion passenger-km
2. PASSENGERS.xlsx,Table 2.3a-i,capital_city_motorised_passenger_travel_by_mode,Australian capital cities,financial_year,1993-94,Commercial vehicles,commercial_vehicles,passenger_activity,9.747706804000682,billion passenger-km
2. PASSENGERS.xlsx,Table 2.3a-i,capital_city_motorised_passenger_travel_by_mode,Australian capital cities,financial_year,1993-94,Motor cycles,motor_cycles,passenger_activity,0.8072857414343828,billion passenger-km
2. PASSENGERS.xlsx,Table 2.3a-i,capital_city_motorised_passenger_travel_by_mode,Australian capital cities,financial_year,1993-94,Heavy rail,heavy_rail,passenger_activity,7.131895205369925,billion passenger-km
2. PASSENGERS.xlsx,Table 2.3a-i,capital_city_motorised_passenger_travel_by_mode,Australian capital cities,financial_year,1993-94,Light rail,light_rail,passenger_activity,0.537720263732826,billion passenger-km
2. PASSENGERS.xlsx,Table 2.3a-i,capital_city_motorised_passenger_travel_by_mode,Australian capital cities,financial_year,1993-94,Bus,bus,passenger_activity,4.863695805888504,billion passenger-km
2. PASSENGERS.xlsx,Table 2.3a-i,capital_city_motorised_passenger_travel_by_mode,Australian capital cities,financial_year,1993-94,Ferry,ferry,passenger_activity,0.11902511294673729,billion passenger-km
2. PASSENGERS.xlsx,Table 2.3a-i,capital_city_motorised_passenger_travel_by_mode,Australian capital cities,financial_year,1993-94,Total,total,passenger_activity,143.0067417941227,billion passenger-km
2. PASSENGERS.xlsx,Table 2.3a-i,capital_city_motorised_passenger_travel_by_mode,Australian capital cities,financial_year,1994-95,Passenger cars,passenger_cars,passenger_activity,123.6971133553041,billion passenger-km
2. PASSENGERS.xlsx,Table 2.3a-i,capital_city_motorised_passenger_travel_by_mode,Australian capital cities,financial_year,1994-95,Commercial vehicles,commercial_vehicles,passenger_activity,10.414759592446716,billion passenger-km
2. PASSENGERS.xlsx,Table 2.3a-i,capital_city_motorised_passenger_travel_by_mode,Australian capital cities,financial_year,1994-95,Motor cycles,motor_cycles,passenger_activity,0.7875716636228725,billion passenger-km
2. PASSENGERS.xlsx,Table 2.3a-i,capital_city_motorised_passenger_travel_by_mode,Australian capital cities,financial_year,1994-95,Heavy rail,heavy_rail,passenger_activity,7.527033471076514,billion passenger-km
2. PASSENGERS.xlsx,Table 2.3a-i,capital_city_motorised_passenger_travel_by_mode,Australian capital cities,financial_year,1994-95,Light rail,light_rail,passenger_activity,0.5390241840531591,billion passenger-km
2. PASSENGERS.xlsx,Table 2.3a-i,capital_city_motorised_passenger_travel_by_mode,Australian capital cities,financial_year,1994-95,Bus,bus,passenger_activity,5.031217247352163,billion passenger-km
2. PASSENGERS.xlsx,Table 2.3a-i,capital_city_motorised_passenger_travel_by_mode,Australian capital cities,financial_year,1994-95,Ferry,ferry,passenger_activity,0.1281690692532811,billion passenger-km
2. PASSENGERS.xlsx,Table 2.3a-i,capital_city_motorised_passenger_travel_by_mode,Australian capital cities,financial_year,1994-95,Total,total,passenger_activity,148.12488858310883,billion passenger-km
2. PASSENGERS.xlsx,Table 2.3a-i,capital_city_motorised_passenger_travel_by_mode,Australian capital cities,financial_year,1995-96,Passenger cars,passenger_cars,passenger_activity,125.42896347123462,billion passenger-km
2. PASSENGERS.xlsx,Table 2.3a-i,capital_city_motorised_passenger_travel_by_mode,Australian capital cities,financial_year,1995-96,Commercial vehicles,commercial_vehicles,passenger_activity,10.745336623486029,billion passenger-km
2. PASSENGERS.xlsx,Table 2.3a-i,capital_city_motorised_passenger_travel_by_mode,Australian capital cities,financial_year,1995-96,Motor cycles,motor_cycles,passenger_activity,0.7529185073592797,billion passenger-km
2. PASSENGERS.xlsx,Table 2.3a-i,capital_city_motorised_passenger_travel_by_mode,Australian capital cities,financial_year,1995-96,Heavy rail,heavy_rail,passenger_activity,7.747267082298284,billion passenger-km
2. PASSENGERS.xlsx,Table 2.3a-i,capital_city_motorised_passenger_travel_by_mode,Australian capital cities,financial_year,1995-96,Light rail,light_rail,passenger_activity,0.5458008112646254,billion passenger-km
2. PASSENGERS.xlsx,Table 2.3a-i,capital_city_motorised_passenger_travel_by_mode,Australian capital cities,financial_year,1995-96,Bus,bus,passenger_activity,5.1192896814927655,billion passenger-km
2. PASSENGERS.xlsx,Table 2.3a-i,capital_city_motorised_passenger_travel_by_mode,Australian capital cities,financial_year,1995-96,Ferry,ferry,passenger_activity,0.1317026568039267,billion passenger-km
2. PASSENGERS.xlsx,Table 2.3a-i,capital_city_motorised_passenger_travel_by_mode,Australian capital cities,financial_year,1995-96,Total,total,passenger_activity,150.47127883393955,billion passenger-km
2. PASSENGERS.xlsx,Table 2.3a-i,capital_city_motorised_passenger_travel_by_mode,Australian capital cities,financial_year,1996-97,Passenger cars,passenger_cars,passenger_activity,126.15615381206169,billion passenger-km
2. PASSENGERS.xlsx,Table 2.3a-i,capital_city_motorised_passenger_travel_by_mode,Australian capital cities,financial_year,1996-97,Commercial vehicles,commercial_vehicles,passenger_activity,10.813535663516845,billion passenger-km
2. PASSENGERS.xlsx,Table 2.3a-i,capital_city_motorised_passenger_travel_by_mode,Australian capital cities,financial_year,1996-97,Motor cycles,motor_cycles,passenger_activity,0.7432587749222384,billion passenger-km
2. PASSENGERS.xlsx,Table 2.3a-i,capital_city_motorised_passenger_travel_by_mode,Australian capital cities,financial_year,1996-97,Heavy rail,heavy_rail,passenger_activity,7.944413771742501,billion passenger-km
2. PASSENGERS.xlsx,Table 2.3a-i,capital_city_motorised_passenger_travel_by_mode,Australian capital cities,financial_year,1996-97,Light rail,light_rail,passenger_activity,0.5446426455690212,billion passenger-km
2. PASSENGERS.xlsx,Table 2.3a-i,capital_city_motorised_passenger_travel_by_mode,Australian capital cities,financial_year,1996-97,Bus,bus,passenger_activity,5.170043128219432,billion passenger-km
2. PASSENGERS.xlsx,Table 2.3a-i,capital_city_motorised_passenger_travel_by_mode,Australian capital cities,financial_year,1996-97,Ferry,ferry,passenger_activity,0.13769833462567127,billion passenger-km
2. PASSENGERS.xlsx,Table 2.3a-i,capital_city_motorised_passenger_travel_by_mode,Australian capital cities,financial_year,1996-97,Total,total,passenger_activity,151.50974613065736,billion passenger-km
2. PASSENGERS.xlsx,Table 2.3a-i,capital_city_motorised_passenger_travel_by_mode,Australian capital cities,financial_year,1997-98,Passenger cars,passenger_cars,passenger_activity,128.1486528474607,billion passenger-km
2. PASSENGERS.xlsx,Table 2.3a-i,capital_city_motorised_passenger_travel_by_mode,Australian capital cities,financial_year,1997-98,Commercial vehicles,commercial_vehicles,passenger_activity,11.193637200685075,billion passenger-km
2. PASSENGERS.xlsx,Table 2.3a-i,capital_city_motorised_passenger_travel_by_mode,Australian capital cities,financial_year,1997-98,Motor cycles,motor_cycles,passenger_activity,0.709019781456509,billion passenger-km
2. PASSENGERS.xlsx,Table 2.3a-i,capital_city_motorised_passenger_travel_by_mode,Australian capital cities,financial_year,1997-98,Heavy rail,heavy_rail,passenger_activity,7.915921757531647,billion passenger-km
2. PASSENGERS.xlsx,Table 2.3a-i,capital_city_motorised_passenger_travel_by_mode,Australian capital cities,financial_year,1997-98,Light rail,light_rail,passenger_activity,0.5433117112135339,billion passenger-km
2. PASSENGERS.xlsx,Table 2.3a-i,capital_city_motorised_passenger_travel_by_mode,Australian capital cities,financial_year,1997-98,Bus,bus,passenger_activity,5.233901482665126,billion passenger-km
2. PASSENGERS.xlsx,Table 2.3a-i,capital_city_motorised_passenger_travel_by_mode,Australian capital cities,financial_year,1997-98,Ferry,ferry,passenger_activity,0.1355383402156138,billion passenger-km
2. PASSENGERS.xlsx,Table 2.3a-i,capital_city_motorised_passenger_travel_by_mode,Australian capital cities,financial_year,1997-98,Total,total,passenger_activity,153.8799831212282,billion passenger-km
2. PASSENGERS.xlsx,Table 2.3a-i,capital_city_motorised_passenger_travel_by_mode,Australian capital cities,financial_year,1998-99,Passenger cars,passenger_cars,passenger_activity,131.42082626306308,billion passenger-km
2. PASSENGERS.xlsx,Table 2.3a-i,capital_city_motorised_passenger_travel_by_mode,Australian capital cities,financial_year,1998-99,Commercial vehicles,commercial_vehicles,passenger_activity,11.35067386467294,billion passenger-km
2. PASSENGERS.xlsx,Table 2.3a-i,capital_city_motorised_passenger_travel_by_mode,Australian capital cities,financial_year,1998-99,Motor cycles,motor_cycles,passenger_activity,0.677172059506024,billion passenger-km
2. PASSENGERS.xlsx,Table 2.3a-i,capital_city_motorised_passenger_travel_by_mode,Australian capital cities,financial_year,1998-99,Heavy rail,heavy_rail,passenger_activity,8.083720054714517,billion passenger-km
2. PASSENGERS.xlsx,Table 2.3a-i,capital_city_motorised_passenger_travel_by_mode,Australian capital cities,financial_year,1998-99,Light rail,light_rail,passenger_activity,0.5601548810281285,billion passenger-km
2. PASSENGERS.xlsx,Table 2.3a-i,capital_city_motorised_passenger_travel_by_mode,Australian capital cities,financial_year,1998-99,Bus,bus,passenger_activity,5.193150714781701,billion passenger-km
2. PASSENGERS.xlsx,Table 2.3a-i,capital_city_motorised_passenger_travel_by_mode,Australian capital cities,financial_year,1998-99,Ferry,ferry,passenger_activity,0.13537479593327487,billion passenger-km
2. PASSENGERS.xlsx,Table 2.3a-i,capital_city_motorised_passenger_travel_by_mode,Australian capital cities,financial_year,1998-99,Total,total,passenger_activity,157.42107263369965,billion passenger-km
2. PASSENGERS.xlsx,Table 2.3a-i,capital_city_motorised_passenger_travel_by_mode,Australian capital cities,financial_year,1999-00,Passenger cars,passenger_cars,passenger_activity,134.56553086076232,billion passenger-km
2. PASSENGERS.xlsx,Table 2.3a-i,capital_city_motorised_passenger_travel_by_mode,Australian capital cities,financial_year,1999-00,Commercial vehicles,commercial_vehicles,passenger_activity,11.49351505938551,billion passenger-km
2. PASSENGERS.xlsx,Table 2.3a-i,capital_city_motorised_passenger_travel_by_mode,Australian capital cities,financial_year,1999-00,Motor cycles,motor_cycles,passenger_activity,0.6858255482993681,billion passenger-km
2. PASSENGERS.xlsx,Table 2.3a-i,capital_city_motorised_passenger_travel_by_mode,Australian capital cities,financial_year,1999-00,Heavy rail,heavy_rail,passenger_activity,8.422481088301593,billion passenger-km
2. PASSENGERS.xlsx,Table 2.3a-i,capital_city_motorised_passenger_travel_by_mode,Australian capital cities,financial_year,1999-00,Light rail,light_rail,passenger_activity,0.5954273296341701,billion passenger-km
2. PASSENGERS.xlsx,Table 2.3a-i,capital_city_motorised_passenger_travel_by_mode,Australian capital cities,financial_year,1999-00,Bus,bus,passenger_activity,5.265315892313109,billion passenger-km
2. PASSENGERS.xlsx,Table 2.3a-i,capital_city_motorised_passenger_travel_by_mode,Australian capital cities,financial_year,1999-00,Ferry,ferry,passenger_activity,0.13580547683338268,billion passenger-km
2. PASSENGERS.xlsx,Table 2.3a-i,capital_city_motorised_passenger_travel_by_mode,Australian capital cities,financial_year,1999-00,Total,total,passenger_activity,161.16390125552945,billion passenger-km
2. PASSENGERS.xlsx,Table 2.3a-i,capital_city_motorised_passenger_travel_by_mode,Australian capital cities,financial_year,2000-01,Passenger cars,passenger_cars,passenger_activity,133.95362752252709,billion passenger-km
2. PASSENGERS.xlsx,Table 2.3a-i,capital_city_motorised_passenger_travel_by_mode,Australian capital cities,financial_year,2000-01,Commercial vehicles,commercial_vehicles,passenger_activity,11.630812947584964,billion passenger-km
2. PASSENGERS.xlsx,Table 2.3a-i,capital_city_motorised_passenger_travel_by_mode,Australian capital cities,financial_year,2000-01,Motor cycles,motor_cycles,passenger_activity,0.7069207767509175,billion passenger-km
2. PASSENGERS.xlsx,Table 2.3a-i,capital_city_motorised_passenger_travel_by_mode,Australian capital cities,financial_year,2000-01,Heavy rail,heavy_rail,passenger_activity,8.9756123421492,billion passenger-km
2. PASSENGERS.xlsx,Table 2.3a-i,capital_city_motorised_passenger_travel_by_mode,Australian capital cities,financial_year,2000-01,Light rail,light_rail,passenger_activity,0.6125515745071174,billion passenger-km
2. PASSENGERS.xlsx,Table 2.3a-i,capital_city_motorised_passenger_travel_by_mode,Australian capital cities,financial_year,2000-01,Bus,bus,passenger_activity,5.320993969413593,billion passenger-km
2. PASSENGERS.xlsx,Table 2.3a-i,capital_city_motorised_passenger_travel_by_mode,Australian capital cities,financial_year,2000-01,Ferry,ferry,passenger_activity,0.1508600666036113,billion passenger-km
2. PASSENGERS.xlsx,Table 2.3a-i,capital_city_motorised_passenger_travel_by_mode,Australian capital cities,financial_year,2000-01,Total,total,passenger_activity,161.35137919953644,billion passenger-km
2. PASSENGERS.xlsx,Table 2.3a-i,capital_city_motorised_passenger_travel_by_mode,Australian capital cities,financial_year,2001-02,Passenger cars,passenger_cars,passenger_activity,136.72175273627403,billion passenger-km
2. PASSENGERS.xlsx,Table 2.3a-i,capital_city_motorised_passenger_travel_by_mode,Australian capital cities,financial_year,2001-02,Commercial vehicles,commercial_vehicles,passenger_activity,11.995013165026492,billion passenger-km
2. PASSENGERS.xlsx,Table 2.3a-i,capital_city_motorised_passenger_travel_by_mode,Australian capital cities,financial_year,2001-02,Motor cycles,motor_cycles,passenger_activity,0.7505785643597719,billion passenger-km
2. PASSENGERS.xlsx,Table 2.3a-i,capital_city_motorised_passenger_travel_by_mode,Australian capital cities,financial_year,2001-02,Heavy rail,heavy_rail,passenger_activity,8.746387286093594,billion passenger-km
2. PASSENGERS.xlsx,Table 2.3a-i,capital_city_motorised_passenger_travel_by_mode,Australian capital cities,financial_year,2001-02,Light rail,light_rail,passenger_activity,0.6209904784441077,billion passenger-km
2. PASSENGERS.xlsx,Table 2.3a-i,capital_city_motorised_passenger_travel_by_mode,Australian capital cities,financial_year,2001-02,Bus,bus,passenger_activity,5.296734299148573,billion passenger-km
2. PASSENGERS.xlsx,Table 2.3a-i,capital_city_motorised_passenger_travel_by_mode,Australian capital cities,financial_year,2001-02,Ferry,ferry,passenger_activity,0.14018498284761663,billion passenger-km
2. PASSENGERS.xlsx,Table 2.3a-i,capital_city_motorised_passenger_travel_by_mode,Australian capital cities,financial_year,2001-02,Total,total,passenger_activity,164.27164151219415,billion passenger-km
2. PASSENGERS.xlsx,Table 2.3a-i,capital_city_motorised_passenger_travel_by_mode,Australian capital cities,financial_year,2002-03,Passenger cars,passenger_cars,passenger_activity,139.7527415968463,billion passenger-km
2. PASSENGERS.xlsx,Table 2.3a-i,capital_city_motorised_passenger_travel_by_mode,Australian capital cities,financial_year,2002-03,Commercial vehicles,commercial_vehicles,passenger_activity,12.304386195654953,billion passenger-km
2. PASSENGERS.xlsx,Table 2.3a-i,capital_city_motorised_passenger_travel_by_mode,Australian capital cities,financial_year,2002-03,Motor cycles,motor_cycles,passenger_activity,0.7377644829145352,billion passenger-km
2. PASSENGERS.xlsx,Table 2.3a-i,capital_city_motorised_passenger_travel_by_mode,Australian capital cities,financial_year,2002-03,Heavy rail,heavy_rail,passenger_activity,8.83850233755987,billion passenger-km
2. PASSENGERS.xlsx,Table 2.3a-i,capital_city_motorised_passenger_travel_by_mode,Australian capital cities,financial_year,2002-03,Light rail,light_rail,passenger_activity,0.6301385260624242,billion passenger-km
2. PASSENGERS.xlsx,Table 2.3a-i,capital_city_motorised_passenger_travel_by_mode,Australian capital cities,financial_year,2002-03,Bus,bus,passenger_activity,5.3629552613021305,billion passenger-km
2. PASSENGERS.xlsx,Table 2.3a-i,capital_city_motorised_passenger_travel_by_mode,Australian capital cities,financial_year,2002-03,Ferry,ferry,passenger_activity,0.13963541398297086,billion passenger-km
2. PASSENGERS.xlsx,Table 2.3a-i,capital_city_motorised_passenger_travel_by_mode,Australian capital cities,financial_year,2002-03,Total,total,passenger_activity,167.76612381432318,billion passenger-km
2. PASSENGERS.xlsx,Table 2.3a-i,capital_city_motorised_passenger_travel_by_mode,Australian capital cities,financial_year,2003-04,Passenger cars,passenger_cars,passenger_activity,145.90204286339085,billion passenger-km
2. PASSENGERS.xlsx,Table 2.3a-i,capital_city_motorised_passenger_travel_by_mode,Australian capital cities,financial_year,2003-04,Commercial vehicles,commercial_vehicles,passenger_activity,12.647257207930423,billion passenger-km
2. PASSENGERS.xlsx,Table 2.3a-i,capital_city_motorised_passenger_travel_by_mode,Australian capital cities,financial_year,2003-04,Motor cycles,motor_cycles,passenger_activity,0.7755392714047317,billion passenger-km
2. PASSENGERS.xlsx,Table 2.3a-i,capital_city_motorised_passenger_travel_by_mode,Australian capital cities,financial_year,2003-04,Heavy rail,heavy_rail,passenger_activity,9.016224039502287,billion passenger-km
2. PASSENGERS.xlsx,Table 2.3a-i,capital_city_motorised_passenger_travel_by_mode,Australian capital cities,financial_year,2003-04,Light rail,light_rail,passenger_activity,0.6294394569300297,billion passenger-km
2. PASSENGERS.xlsx,Table 2.3a-i,capital_city_motorised_passenger_travel_by_mode,Australian capital cities,financial_year,2003-04,Bus,bus,passenger_activity,5.4114734527011255,billion passenger-km
2. PASSENGERS.xlsx,Table 2.3a-i,capital_city_motorised_passenger_travel_by_mode,Australian capital cities,financial_year,2003-04,Ferry,ferry,passenger_activity,0.1460732683743568,billion passenger-km
2. PASSENGERS.xlsx,Table 2.3a-i,capital_city_motorised_passenger_travel_by_mode,Australian capital cities,financial_year,2003-04,Total,total,passenger_activity,174.52804956023382,billion passenger-km
2. PASSENGERS.xlsx,Table 2.3a-i,capital_city_motorised_passenger_travel_by_mode,Australian capital cities,financial_year,2004-05,Passenger cars,passenger_cars,passenger_activity,146.79996989118794,billion passenger-km
2. PASSENGERS.xlsx,Table 2.3a-i,capital_city_motorised_passenger_travel_by_mode,Australian capital cities,financial_year,2004-05,Commercial vehicles,commercial_vehicles,passenger_activity,12.707696471823631,billion passenger-km
2. PASSENGERS.xlsx,Table 2.3a-i,capital_city_motorised_passenger_travel_by_mode,Australian capital cities,financial_year,2004-05,Motor cycles,motor_cycles,passenger_activity,0.8355783434284195,billion passenger-km
2. PASSENGERS.xlsx,Table 2.3a-i,capital_city_motorised_passenger_travel_by_mode,Australian capital cities,financial_year,2004-05,Heavy rail,heavy_rail,passenger_activity,9.138252020607988,billion passenger-km
2. PASSENGERS.xlsx,Table 2.3a-i,capital_city_motorised_passenger_travel_by_mode,Australian capital cities,financial_year,2004-05,Light rail,light_rail,passenger_activity,0.640852608641374,billion passenger-km
2. PASSENGERS.xlsx,Table 2.3a-i,capital_city_motorised_passenger_travel_by_mode,Australian capital cities,financial_year,2004-05,Bus,bus,passenger_activity,5.493789999562673,billion passenger-km
2. PASSENGERS.xlsx,Table 2.3a-i,capital_city_motorised_passenger_travel_by_mode,Australian capital cities,financial_year,2004-05,Ferry,ferry,passenger_activity,0.15121220413885536,billion passenger-km
2. PASSENGERS.xlsx,Table 2.3a-i,capital_city_motorised_passenger_travel_by_mode,Australian capital cities,financial_year,2004-05,Total,total,passenger_activity,175.76735153939086,billion passenger-km
2. PASSENGERS.xlsx,Table 2.3a-i,capital_city_motorised_passenger_travel_by_mode,Australian capital cities,financial_year,2005-06,Passenger cars,passenger_cars,passenger_activity,144.7661937579719,billion passenger-km
2. PASSENGERS.xlsx,Table 2.3a-i,capital_city_motorised_passenger_travel_by_mode,Australian capital cities,financial_year,2005-06,Commercial vehicles,commercial_vehicles,passenger_activity,12.945702048304202,billion passenger-km
2. PASSENGERS.xlsx,Table 2.3a-i,capital_city_motorised_passenger_travel_by_mode,Australian capital cities,financial_year,2005-06,Motor cycles,motor_cycles,passenger_activity,0.9090180650818165,billion passenger-km
2. PASSENGERS.xlsx,Table 2.3a-i,capital_city_motorised_passenger_travel_by_mode,Australian capital cities,financial_year,2005-06,Heavy rail,heavy_rail,passenger_activity,9.661917135019062,billion passenger-km
2. PASSENGERS.xlsx,Table 2.3a-i,capital_city_motorised_passenger_travel_by_mode,Australian capital cities,financial_year,2005-06,Light rail,light_rail,passenger_activity,0.6581225432211651,billion passenger-km
2. PASSENGERS.xlsx,Table 2.3a-i,capital_city_motorised_passenger_travel_by_mode,Australian capital cities,financial_year,2005-06,Bus,bus,passenger_activity,5.667285019352381,billion passenger-km
2. PASSENGERS.xlsx,Table 2.3a-i,capital_city_motorised_passenger_travel_by_mode,Australian capital cities,financial_year,2005-06,Ferry,ferry,passenger_activity,0.1530963840600799,billion passenger-km
2. PASSENGERS.xlsx,Table 2.3a-i,capital_city_motorised_passenger_travel_by_mode,Australian capital cities,financial_year,2005-06,Total,total,passenger_activity,174.76133495301065,billion passenger-km
2. PASSENGERS.xlsx,Table 2.3a-i,capital_city_motorised_passenger_travel_by_mode,Australian capital cities,financial_year,2006-07,Passenger cars,passenger_cars,passenger_activity,146.33090944675666,billion passenger-km
2. PASSENGERS.xlsx,Table 2.3a-i,capital_city_motorised_passenger_travel_by_mode,Australian capital cities,financial_year,2006-07,Commercial vehicles,commercial_vehicles,passenger_activity,13.447318158190479,billion passenger-km
2. PASSENGERS.xlsx,Table 2.3a-i,capital_city_motorised_passenger_travel_by_mode,Australian capital cities,financial_year,2006-07,Motor cycles,motor_cycles,passenger_activity,0.9835886285835451,billion passenger-km
2. PASSENGERS.xlsx,Table 2.3a-i,capital_city_motorised_passenger_travel_by_mode,Australian capital cities,financial_year,2006-07,Heavy rail,heavy_rail,passenger_activity,10.193648861325467,billion passenger-km
2. PASSENGERS.xlsx,Table 2.3a-i,capital_city_motorised_passenger_travel_by_mode,Australian capital cities,financial_year,2006-07,Light rail,light_rail,passenger_activity,0.6716968508678286,billion passenger-km
2. PASSENGERS.xlsx,Table 2.3a-i,capital_city_motorised_passenger_travel_by_mode,Australian capital cities,financial_year,2006-07,Bus,bus,passenger_activity,5.83794096639275,billion passenger-km
2. PASSENGERS.xlsx,Table 2.3a-i,capital_city_motorised_passenger_travel_by_mode,Australian capital cities,financial_year,2006-07,Ferry,ferry,passenger_activity,0.15554298384818163,billion passenger-km
2. PASSENGERS.xlsx,Table 2.3a-i,capital_city_motorised_passenger_travel_by_mode,Australian capital cities,financial_year,2006-07,Total,total,passenger_activity,177.6206458959649,billion passenger-km
2. PASSENGERS.xlsx,Table 2.3a-i,capital_city_motorised_passenger_travel_by_mode,Australian capital cities,financial_year,2007-08,Passenger cars,passenger_cars,passenger_activity,147.56173298600802,billion passenger-km
2. PASSENGERS.xlsx,Table 2.3a-i,capital_city_motorised_passenger_travel_by_mode,Australian capital cities,financial_year,2007-08,Commercial vehicles,commercial_vehicles,passenger_activity,14.177411380397665,billion passenger-km
2. PASSENGERS.xlsx,Table 2.3a-i,capital_city_motorised_passenger_travel_by_mode,Australian capital cities,financial_year,2007-08,Motor cycles,motor_cycles,passenger_activity,1.0548868313604305,billion passenger-km
2. PASSENGERS.xlsx,Table 2.3a-i,capital_city_motorised_passenger_travel_by_mode,Australian capital cities,financial_year,2007-08,Heavy rail,heavy_rail,passenger_activity,11.104734021098011,billion passenger-km
2. PASSENGERS.xlsx,Table 2.3a-i,capital_city_motorised_passenger_travel_by_mode,Australian capital cities,financial_year,2007-08,Light rail,light_rail,passenger_activity,0.6881376122013045,billion passenger-km
2. PASSENGERS.xlsx,Table 2.3a-i,capital_city_motorised_passenger_travel_by_mode,Australian capital cities,financial_year,2007-08,Bus,bus,passenger_activity,6.056505833649699,billion passenger-km
2. PASSENGERS.xlsx,Table 2.3a-i,capital_city_motorised_passenger_travel_by_mode,Australian capital cities,financial_year,2007-08,Ferry,ferry,passenger_activity,0.1548662460555042,billion passenger-km
2. PASSENGERS.xlsx,Table 2.3a-i,capital_city_motorised_passenger_travel_by_mode,Australian capital cities,financial_year,2007-08,Total,total,passenger_activity,180.79827491077063,billion passenger-km
2. PASSENGERS.xlsx,Table 2.3a-i,capital_city_motorised_passenger_travel_by_mode,Australian capital cities,financial_year,2008-09,Passenger cars,passenger_cars,passenger_activity,147.25374567539902,billion passenger-km
2. PASSENGERS.xlsx,Table 2.3a-i,capital_city_motorised_passenger_travel_by_mode,Australian capital cities,financial_year,2008-09,Commercial vehicles,commercial_vehicles,passenger_activity,14.617903157934899,billion passenger-km
2. PASSENGERS.xlsx,Table 2.3a-i,capital_city_motorised_passenger_travel_by_mode,Australian capital cities,financial_year,2008-09,Motor cycles,motor_cycles,passenger_activity,1.1172664319295382,billion passenger-km
2. PASSENGERS.xlsx,Table 2.3a-i,capital_city_motorised_passenger_travel_by_mode,Australian capital cities,financial_year,2008-09,Heavy rail,heavy_rail,passenger_activity,11.622578515146186,billion passenger-km
2. PASSENGERS.xlsx,Table 2.3a-i,capital_city_motorised_passenger_travel_by_mode,Australian capital cities,financial_year,2008-09,Light rail,light_rail,passenger_activity,0.7551604166666666,billion passenger-km
2. PASSENGERS.xlsx,Table 2.3a-i,capital_city_motorised_passenger_travel_by_mode,Australian capital cities,financial_year,2008-09,Bus,bus,passenger_activity,6.280133250138818,billion passenger-km
2. PASSENGERS.xlsx,Table 2.3a-i,capital_city_motorised_passenger_travel_by_mode,Australian capital cities,financial_year,2008-09,Ferry,ferry,passenger_activity,0.16263868987898972,billion passenger-km
2. PASSENGERS.xlsx,Table 2.3a-i,capital_city_motorised_passenger_travel_by_mode,Australian capital cities,financial_year,2008-09,Total,total,passenger_activity,181.80942613709414,billion passenger-km
2. PASSENGERS.xlsx,Table 2.3a-i,capital_city_motorised_passenger_travel_by_mode,Australian capital cities,financial_year,2009-10,Passenger cars,passenger_cars,passenger_activity,148.50896189969436,billion passenger-km
2. PASSENGERS.xlsx,Table 2.3a-i,capital_city_motorised_passenger_travel_by_mode,Australian capital cities,financial_year,2009-10,Commercial vehicles,commercial_vehicles,passenger_activity,15.412587476872128,billion passenger-km
2. PASSENGERS.xlsx,Table 2.3a-i,capital_city_motorised_passenger_travel_by_mode,Australian capital cities,financial_year,2009-10,Motor cycles,motor_cycles,passenger_activity,1.1547007355994263,billion passenger-km
2. PASSENGERS.xlsx,Table 2.3a-i,capital_city_motorised_passenger_travel_by_mode,Australian capital cities,financial_year,2009-10,Heavy rail,heavy_rail,passenger_activity,11.562656302537683,billion passenger-km
2. PASSENGERS.xlsx,Table 2.3a-i,capital_city_motorised_passenger_travel_by_mode,Australian capital cities,financial_year,2009-10,Light rail,light_rail,passenger_activity,0.747877,billion passenger-km
2. PASSENGERS.xlsx,Table 2.3a-i,capital_city_motorised_passenger_travel_by_mode,Australian capital cities,financial_year,2009-10,Bus,bus,passenger_activity,6.437108178565148,billion passenger-km
2. PASSENGERS.xlsx,Table 2.3a-i,capital_city_motorised_passenger_travel_by_mode,Australian capital cities,financial_year,2009-10,Ferry,ferry,passenger_activity,0.16471089948038042,billion passenger-km
2. PASSENGERS.xlsx,Table 2.3a-i,capital_city_motorised_passenger_travel_by_mode,Australian capital cities,financial_year,2009-10,Total,total,passenger_activity,183.9886024927491,billion passenger-km
2. PASSENGERS.xlsx,Table 2.3a-i,capital_city_motorised_passenger_travel_by_mode,Australian capital cities,financial_year,2010-11,Passenger cars,passenger_cars,passenger_activity,150.57735988249794,billion passenger-km
2. PASSENGERS.xlsx,Table 2.3a-i,capital_city_motorised_passenger_travel_by_mode,Australian capital cities,financial_year,2010-11,Commercial vehicles,commercial_vehicles,passenger_activity,15.849177330075099,billion passenger-km
2. PASSENGERS.xlsx,Table 2.3a-i,capital_city_motorised_passenger_travel_by_mode,Australian capital cities,financial_year,2010-11,Motor cycles,motor_cycles,passenger_activity,1.1327238593008961,billion passenger-km
2. PASSENGERS.xlsx,Table 2.3a-i,capital_city_motorised_passenger_travel_by_mode,Australian capital cities,financial_year,2010-11,Heavy rail,heavy_rail,passenger_activity,11.78206353239543,billion passenger-km
2. PASSENGERS.xlsx,Table 2.3a-i,capital_city_motorised_passenger_travel_by_mode,Australian capital cities,financial_year,2010-11,Light rail,light_rail,passenger_activity,0.778655228,billion passenger-km
2. PASSENGERS.xlsx,Table 2.3a-i,capital_city_motorised_passenger_travel_by_mode,Australian capital cities,financial_year,2010-11,Bus,bus,passenger_activity,6.6619602020574575,billion passenger-km
2. PASSENGERS.xlsx,Table 2.3a-i,capital_city_motorised_passenger_travel_by_mode,Australian capital cities,financial_year,2010-11,Ferry,ferry,passenger_activity,0.15902211770038596,billion passenger-km
2. PASSENGERS.xlsx,Table 2.3a-i,capital_city_motorised_passenger_travel_by_mode,Australian capital cities,financial_year,2010-11,Total,total,passenger_activity,186.9409621520272,billion passenger-km
2. PASSENGERS.xlsx,Table 2.3a-i,capital_city_motorised_passenger_travel_by_mode,Australian capital cities,financial_year,2011-12,Passenger cars,passenger_cars,passenger_activity,152.1907128390978,billion passenger-km
2. PASSENGERS.xlsx,Table 2.3a-i,capital_city_motorised_passenger_travel_by_mode,Australian capital cities,financial_year,2011-12,Commercial vehicles,commercial_vehicles,passenger_activity,16.3177533862729,billion passenger-km
2. PASSENGERS.xlsx,Table 2.3a-i,capital_city_motorised_passenger_travel_by_mode,Australian capital cities,financial_year,2011-12,Motor cycles,motor_cycles,passenger_activity,1.1012604092571667,billion passenger-km
2. PASSENGERS.xlsx,Table 2.3a-i,capital_city_motorised_passenger_travel_by_mode,Australian capital cities,financial_year,2011-12,Heavy rail,heavy_rail,passenger_activity,11.931110154419763,billion passenger-km
2. PASSENGERS.xlsx,Table 2.3a-i,capital_city_motorised_passenger_travel_by_mode,Australian capital cities,financial_year,2011-12,Light rail,light_rail,passenger_activity,0.817841168,billion passenger-km
2. PASSENGERS.xlsx,Table 2.3a-i,capital_city_motorised_passenger_travel_by_mode,Australian capital cities,financial_year,2011-12,Bus,bus,passenger_activity,6.990029600280906,billion passenger-km
2. PASSENGERS.xlsx,Table 2.3a-i,capital_city_motorised_passenger_travel_by_mode,Australian capital cities,financial_year,2011-12,Ferry,ferry,passenger_activity,0.1685095944633148,billion passenger-km
2. PASSENGERS.xlsx,Table 2.3a-i,capital_city_motorised_passenger_travel_by_mode,Australian capital cities,financial_year,2011-12,Total,total,passenger_activity,189.51721715179187,billion passenger-km
2. PASSENGERS.xlsx,Table 2.3a-i,capital_city_motorised_passenger_travel_by_mode,Australian capital cities,financial_year,2012-13,Passenger cars,passenger_cars,passenger_activity,155.81301619145674,billion passenger-km
2. PASSENGERS.xlsx,Table 2.3a-i,capital_city_motorised_passenger_travel_by_mode,Australian capital cities,financial_year,2012-13,Commercial vehicles,commercial_vehicles,passenger_activity,16.754263577102208,billion passenger-km
2. PASSENGERS.xlsx,Table 2.3a-i,capital_city_motorised_passenger_travel_by_mode,Australian capital cities,financial_year,2012-13,Motor cycles,motor_cycles,passenger_activity,1.126288475511491,billion passenger-km
2. PASSENGERS.xlsx,Table 2.3a-i,capital_city_motorised_passenger_travel_by_mode,Australian capital cities,financial_year,2012-13,Heavy rail,heavy_rail,passenger_activity,12.012909607079067,billion passenger-km
2. PASSENGERS.xlsx,Table 2.3a-i,capital_city_motorised_passenger_travel_by_mode,Australian capital cities,financial_year,2012-13,Light rail,light_rail,passenger_activity,0.786984335,billion passenger-km
2. PASSENGERS.xlsx,Table 2.3a-i,capital_city_motorised_passenger_travel_by_mode,Australian capital cities,financial_year,2012-13,Bus,bus,passenger_activity,6.988485930030085,billion passenger-km
2. PASSENGERS.xlsx,Table 2.3a-i,capital_city_motorised_passenger_travel_by_mode,Australian capital cities,financial_year,2012-13,Ferry,ferry,passenger_activity,0.17507481877597889,billion passenger-km
2. PASSENGERS.xlsx,Table 2.3a-i,capital_city_motorised_passenger_travel_by_mode,Australian capital cities,financial_year,2012-13,Total,total,passenger_activity,193.65702293495556,billion passenger-km
2. PASSENGERS.xlsx,Table 2.3a-i,capital_city_motorised_passenger_travel_by_mode,Australian capital cities,financial_year,2013-14,Passenger cars,passenger_cars,passenger_activity,158.53012443722565,billion passenger-km
2. PASSENGERS.xlsx,Table 2.3a-i,capital_city_motorised_passenger_travel_by_mode,Australian capital cities,financial_year,2013-14,Commercial vehicles,commercial_vehicles,passenger_activity,17.18982185815713,billion passenger-km
2. PASSENGERS.xlsx,Table 2.3a-i,capital_city_motorised_passenger_travel_by_mode,Australian capital cities,financial_year,2013-14,Motor cycles,motor_cycles,passenger_activity,1.1505715256398454,billion passenger-km
2. PASSENGERS.xlsx,Table 2.3a-i,capital_city_motorised_passenger_travel_by_mode,Australian capital cities,financial_year,2013-14,Heavy rail,heavy_rail,passenger_activity,12.151759586130028,billion passenger-km
2. PASSENGERS.xlsx,Table 2.3a-i,capital_city_motorised_passenger_travel_by_mode,Australian capital cities,financial_year,2013-14,Light rail,light_rail,passenger_activity,0.7670201600000001,billion passenger-km
2. PASSENGERS.xlsx,Table 2.3a-i,capital_city_motorised_passenger_travel_by_mode,Australian capital cities,financial_year,2013-14,Bus,bus,passenger_activity,7.110469834658614,billion passenger-km
2. PASSENGERS.xlsx,Table 2.3a-i,capital_city_motorised_passenger_travel_by_mode,Australian capital cities,financial_year,2013-14,Ferry,ferry,passenger_activity,0.186652799973087,billion passenger-km
2. PASSENGERS.xlsx,Table 2.3a-i,capital_city_motorised_passenger_travel_by_mode,Australian capital cities,financial_year,2013-14,Total,total,passenger_activity,197.0864202017843,billion passenger-km
2. PASSENGERS.xlsx,Table 2.3a-i,capital_city_motorised_passenger_travel_by_mode,Australian capital cities,financial_year,2014-15,Passenger cars,passenger_cars,passenger_activity,160.59609580185662,billion passenger-km
2. PASSENGERS.xlsx,Table 2.3a-i,capital_city_motorised_passenger_travel_by_mode,Australian capital cities,financial_year,2014-15,Commercial vehicles,commercial_vehicles,passenger_activity,17.665042198789273,billion passenger-km
2. PASSENGERS.xlsx,Table 2.3a-i,capital_city_motorised_passenger_travel_by_mode,Australian capital cities,financial_year,2014-15,Motor cycles,motor_cycles,passenger_activity,1.1672863679108825,billion passenger-km
2. PASSENGERS.xlsx,Table 2.3a-i,capital_city_motorised_passenger_travel_by_mode,Australian capital cities,financial_year,2014-15,Heavy rail,heavy_rail,passenger_activity,12.5295599696733,billion passenger-km
2. PASSENGERS.xlsx,Table 2.3a-i,capital_city_motorised_passenger_travel_by_mode,Australian capital cities,financial_year,2014-15,Light rail,light_rail,passenger_activity,0.7984125052,billion passenger-km
2. PASSENGERS.xlsx,Table 2.3a-i,capital_city_motorised_passenger_travel_by_mode,Australian capital cities,financial_year,2014-15,Bus,bus,passenger_activity,7.0740730968796655,billion passenger-km
2. PASSENGERS.xlsx,Table 2.3a-i,capital_city_motorised_passenger_travel_by_mode,Australian capital cities,financial_year,2014-15,Ferry,ferry,passenger_activity,0.17519062693992052,billion passenger-km
2. PASSENGERS.xlsx,Table 2.3a-i,capital_city_motorised_passenger_travel_by_mode,Australian capital cities,financial_year,2014-15,Total,total,passenger_activity,200.00566056724966,billion passenger-km
2. PASSENGERS.xlsx,Table 2.3a-i,capital_city_motorised_passenger_travel_by_mode,Australian capital cities,financial_year,2015-16,Passenger cars,passenger_cars,passenger_activity,161.8544901805498,billion passenger-km
2. PASSENGERS.xlsx,Table 2.3a-i,capital_city_motorised_passenger_travel_by_mode,Australian capital cities,financial_year,2015-16,Commercial vehicles,commercial_vehicles,passenger_activity,18.213445633893432,billion passenger-km
2. PASSENGERS.xlsx,Table 2.3a-i,capital_city_motorised_passenger_travel_by_mode,Australian capital cities,financial_year,2015-16,Motor cycles,motor_cycles,passenger_activity,1.1855067207617633,billion passenger-km
2. PASSENGERS.xlsx,Table 2.3a-i,capital_city_motorised_passenger_travel_by_mode,Australian capital cities,financial_year,2015-16,Heavy rail,heavy_rail,passenger_activity,13.005716798042435,billion passenger-km
2. PASSENGERS.xlsx,Table 2.3a-i,capital_city_motorised_passenger_travel_by_mode,Australian capital cities,financial_year,2015-16,Light rail,light_rail,passenger_activity,0.8691629666462373,billion passenger-km
2. PASSENGERS.xlsx,Table 2.3a-i,capital_city_motorised_passenger_travel_by_mode,Australian capital cities,financial_year,2015-16,Bus,bus,passenger_activity,7.0827881108575115,billion passenger-km
2. PASSENGERS.xlsx,Table 2.3a-i,capital_city_motorised_passenger_travel_by_mode,Australian capital cities,financial_year,2015-16,Ferry,ferry,passenger_activity,0.18956211765200873,billion passenger-km
2. PASSENGERS.xlsx,Table 2.3a-i,capital_city_motorised_passenger_travel_by_mode,Australian capital cities,financial_year,2015-16,Total,total,passenger_activity,202.40067252840316,billion passenger-km
2. PASSENGERS.xlsx,Table 2.3a-i,capital_city_motorised_passenger_travel_by_mode,Australian capital cities,financial_year,2016-17,Passenger cars,passenger_cars,passenger_activity,162.98051288129358,billion passenger-km
2. PASSENGERS.xlsx,Table 2.3a-i,capital_city_motorised_passenger_travel_by_mode,Australian capital cities,financial_year,2016-17,Commercial vehicles,commercial_vehicles,passenger_activity,18.90503272294482,billion passenger-km
2. PASSENGERS.xlsx,Table 2.3a-i,capital_city_motorised_passenger_travel_by_mode,Australian capital cities,financial_year,2016-17,Motor cycles,motor_cycles,passenger_activity,1.1937055543164419,billion passenger-km
2. PASSENGERS.xlsx,Table 2.3a-i,capital_city_motorised_passenger_travel_by_mode,Australian capital cities,financial_year,2016-17,Heavy rail,heavy_rail,passenger_activity,13.486159293587894,billion passenger-km
2. PASSENGERS.xlsx,Table 2.3a-i,capital_city_motorised_passenger_travel_by_mode,Australian capital cities,financial_year,2016-17,Light rail,light_rail,passenger_activity,0.880631027579991,billion passenger-km
2. PASSENGERS.xlsx,Table 2.3a-i,capital_city_motorised_passenger_travel_by_mode,Australian capital cities,financial_year,2016-17,Bus,bus,passenger_activity,7.0829353310767615,billion passenger-km
2. PASSENGERS.xlsx,Table 2.3a-i,capital_city_motorised_passenger_travel_by_mode,Australian capital cities,financial_year,2016-17,Ferry,ferry,passenger_activity,0.1989759228176791,billion passenger-km
2. PASSENGERS.xlsx,Table 2.3a-i,capital_city_motorised_passenger_travel_by_mode,Australian capital cities,financial_year,2016-17,Total,total,passenger_activity,204.72795273361714,billion passenger-km
2. PASSENGERS.xlsx,Table 2.3a-i,capital_city_motorised_passenger_travel_by_mode,Australian capital cities,financial_year,2017-18,Passenger cars,passenger_cars,passenger_activity,163.75866417633762,billion passenger-km
2. PASSENGERS.xlsx,Table 2.3a-i,capital_city_motorised_passenger_travel_by_mode,Australian capital cities,financial_year,2017-18,Commercial vehicles,commercial_vehicles,passenger_activity,19.662286089354946,billion passenger-km
2. PASSENGERS.xlsx,Table 2.3a-i,capital_city_motorised_passenger_travel_by_mode,Australian capital cities,financial_year,2017-18,Motor cycles,motor_cycles,passenger_activity,1.1879526139350967,billion passenger-km
2. PASSENGERS.xlsx,Table 2.3a-i,capital_city_motorised_passenger_travel_by_mode,Australian capital cities,financial_year,2017-18,Heavy rail,heavy_rail,passenger_activity,14.053806921538607,billion passenger-km
2. PASSENGERS.xlsx,Table 2.3a-i,capital_city_motorised_passenger_travel_by_mode,Australian capital cities,financial_year,2017-18,Light rail,light_rail,passenger_activity,0.891727627579991,billion passenger-km
2. PASSENGERS.xlsx,Table 2.3a-i,capital_city_motorised_passenger_travel_by_mode,Australian capital cities,financial_year,2017-18,Bus,bus,passenger_activity,7.301183049051675,billion passenger-km
2. PASSENGERS.xlsx,Table 2.3a-i,capital_city_motorised_passenger_travel_by_mode,Australian capital cities,financial_year,2017-18,Ferry,ferry,passenger_activity,0.20595403258722625,billion passenger-km
2. PASSENGERS.xlsx,Table 2.3a-i,capital_city_motorised_passenger_travel_by_mode,Australian capital cities,financial_year,2017-18,Total,total,passenger_activity,207.06157451038516,billion passenger-km
2. PASSENGERS.xlsx,Table 2.3a-i,capital_city_motorised_passenger_travel_by_mode,Australian capital cities,financial_year,2018-19,Passenger cars,passenger_cars,passenger_activity,163.6355237285672,billion passenger-km
2. PASSENGERS.xlsx,Table 2.3a-i,capital_city_motorised_passenger_travel_by_mode,Australian capital cities,financial_year,2018-19,Commercial vehicles,commercial_vehicles,passenger_activity,19.870829114667004,billion passenger-km
2. PASSENGERS.xlsx,Table 2.3a-i,capital_city_motorised_passenger_travel_by_mode,Australian capital cities,financial_year,2018-19,Motor cycles,motor_cycles,passenger_activity,1.1772099942812169,billion passenger-km
2. PASSENGERS.xlsx,Table 2.3a-i,capital_city_motorised_passenger_travel_by_mode,Australian capital cities,financial_year,2018-19,Heavy rail,heavy_rail,passenger_activity,14.622040691967982,billion passenger-km
2. PASSENGERS.xlsx,Table 2.3a-i,capital_city_motorised_passenger_travel_by_mode,Australian capital cities,financial_year,2018-19,Light rail,light_rail,passenger_activity,0.8993000478122576,billion passenger-km
2. PASSENGERS.xlsx,Table 2.3a-i,capital_city_motorised_passenger_travel_by_mode,Australian capital cities,financial_year,2018-19,Bus,bus,passenger_activity,7.608197853797596,billion passenger-km
2. PASSENGERS.xlsx,Table 2.3a-i,capital_city_motorised_passenger_travel_by_mode,Australian capital cities,financial_year,2018-19,Ferry,ferry,passenger_activity,0.20495751794496866,billion passenger-km
2. PASSENGERS.xlsx,Table 2.3a-i,capital_city_motorised_passenger_travel_by_mode,Australian capital cities,financial_year,2018-19,Total,total,passenger_activity,208.01805894903822,billion passenger-km
2. PASSENGERS.xlsx,Table 2.3a-i,capital_city_motorised_passenger_travel_by_mode,Australian capital cities,financial_year,2019-20,Passenger cars,passenger_cars,passenger_activity,152.2854056730779,billion passenger-km
2. PASSENGERS.xlsx,Table 2.3a-i,capital_city_motorised_passenger_travel_by_mode,Australian capital cities,financial_year,2019-20,Commercial vehicles,commercial_vehicles,passenger_activity,19.487281586208134,billion passenger-km
2. PASSENGERS.xlsx,Table 2.3a-i,capital_city_motorised_passenger_travel_by_mode,Australian capital cities,financial_year,2019-20,Motor cycles,motor_cycles,passenger_activity,1.031633386034256,billion passenger-km
2. PASSENGERS.xlsx,Table 2.3a-i,capital_city_motorised_passenger_travel_by_mode,Australian capital cities,financial_year,2019-20,Heavy rail,heavy_rail,passenger_activity,11.662714562877747,billion passenger-km
2. PASSENGERS.xlsx,Table 2.3a-i,capital_city_motorised_passenger_travel_by_mode,Australian capital cities,financial_year,2019-20,Light rail,light_rail,passenger_activity,0.6817847499155927,billion passenger-km
2. PASSENGERS.xlsx,Table 2.3a-i,capital_city_motorised_passenger_travel_by_mode,Australian capital cities,financial_year,2019-20,Bus,bus,passenger_activity,6.026269108210376,billion passenger-km
2. PASSENGERS.xlsx,Table 2.3a-i,capital_city_motorised_passenger_travel_by_mode,Australian capital cities,financial_year,2019-20,Ferry,ferry,passenger_activity,0.15105333699342172,billion passenger-km
2. PASSENGERS.xlsx,Table 2.3a-i,capital_city_motorised_passenger_travel_by_mode,Australian capital cities,financial_year,2019-20,Total,total,passenger_activity,191.3261424033174,billion passenger-km
2. PASSENGERS.xlsx,Table 2.3a-i,capital_city_motorised_passenger_travel_by_mode,Australian capital cities,financial_year,2020-21,Passenger cars,passenger_cars,passenger_activity,151.67956460263312,billion passenger-km
2. PASSENGERS.xlsx,Table 2.3a-i,capital_city_motorised_passenger_travel_by_mode,Australian capital cities,financial_year,2020-21,Commercial vehicles,commercial_vehicles,passenger_activity,19.74496932814655,billion passenger-km
2. PASSENGERS.xlsx,Table 2.3a-i,capital_city_motorised_passenger_travel_by_mode,Australian capital cities,financial_year,2020-21,Motor cycles,motor_cycles,passenger_activity,1.058929835352411,billion passenger-km
2. PASSENGERS.xlsx,Table 2.3a-i,capital_city_motorised_passenger_travel_by_mode,Australian capital cities,financial_year,2020-21,Heavy rail,heavy_rail,passenger_activity,7.192934596826204,billion passenger-km
2. PASSENGERS.xlsx,Table 2.3a-i,capital_city_motorised_passenger_travel_by_mode,Australian capital cities,financial_year,2020-21,Light rail,light_rail,passenger_activity,0.37052853635007094,billion passenger-km
2. PASSENGERS.xlsx,Table 2.3a-i,capital_city_motorised_passenger_travel_by_mode,Australian capital cities,financial_year,2020-21,Bus,bus,passenger_activity,4.372250073758044,billion passenger-km
2. PASSENGERS.xlsx,Table 2.3a-i,capital_city_motorised_passenger_travel_by_mode,Australian capital cities,financial_year,2020-21,Ferry,ferry,passenger_activity,0.08795824691419057,billion passenger-km
2. PASSENGERS.xlsx,Table 2.3a-i,capital_city_motorised_passenger_travel_by_mode,Australian capital cities,financial_year,2020-21,Total,total,passenger_activity,184.50713521998057,billion passenger-km
2. PASSENGERS.xlsx,Table 2.3a-i,capital_city_motorised_passenger_travel_by_mode,Australian capital cities,financial_year,2021-22,Passenger cars,passenger_cars,passenger_activity,146.01149198352365,billion passenger-km
2. PASSENGERS.xlsx,Table 2.3a-i,capital_city_motorised_passenger_travel_by_mode,Australian capital cities,financial_year,2021-22,Commercial vehicles,commercial_vehicles,passenger_activity,20.23540055564899,billion passenger-km
2. PASSENGERS.xlsx,Table 2.3a-i,capital_city_motorised_passenger_travel_by_mode,Australian capital cities,financial_year,2021-22,Motor cycles,motor_cycles,passenger_activity,1.0988518088244712,billion passenger-km
2. PASSENGERS.xlsx,Table 2.3a-i,capital_city_motorised_passenger_travel_by_mode,Australian capital cities,financial_year,2021-22,Heavy rail,heavy_rail,passenger_activity,6.373183449637183,billion passenger-km
2. PASSENGERS.xlsx,Table 2.3a-i,capital_city_motorised_passenger_travel_by_mode,Australian capital cities,financial_year,2021-22,Light rail,light_rail,passenger_activity,0.4405578226891159,billion passenger-km
2. PASSENGERS.xlsx,Table 2.3a-i,capital_city_motorised_passenger_travel_by_mode,Australian capital cities,financial_year,2021-22,Bus,bus,passenger_activity,4.049984729225561,billion passenger-km
2. PASSENGERS.xlsx,Table 2.3a-i,capital_city_motorised_passenger_travel_by_mode,Australian capital cities,financial_year,2021-22,Ferry,ferry,passenger_activity,0.08370661141550816,billion passenger-km
2. PASSENGERS.xlsx,Table 2.3a-i,capital_city_motorised_passenger_travel_by_mode,Australian capital cities,financial_year,2021-22,Total,total,passenger_activity,178.29317696096453,billion passenger-km
2. PASSENGERS.xlsx,Table 2.3a-i,capital_city_motorised_passenger_travel_by_mode,Australian capital cities,financial_year,2022-23,Passenger cars,passenger_cars,passenger_activity,158.27668933390626,billion passenger-km
2. PASSENGERS.xlsx,Table 2.3a-i,capital_city_motorised_passenger_travel_by_mode,Australian capital cities,financial_year,2022-23,Commercial vehicles,commercial_vehicles,passenger_activity,20.797792493677274,billion passenger-km
2. PASSENGERS.xlsx,Table 2.3a-i,capital_city_motorised_passenger_travel_by_mode,Australian capital cities,financial_year,2022-23,Motor cycles,motor_cycles,passenger_activity,1.131907147716726,billion passenger-km
2. PASSENGERS.xlsx,Table 2.3a-i,capital_city_motorised_passenger_travel_by_mode,Australian capital cities,financial_year,2022-23,Heavy rail,heavy_rail,passenger_activity,10.222811313202065,billion passenger-km
2. PASSENGERS.xlsx,Table 2.3a-i,capital_city_motorised_passenger_travel_by_mode,Australian capital cities,financial_year,2022-23,Light rail,light_rail,passenger_activity,0.7939554239723404,billion passenger-km
2. PASSENGERS.xlsx,Table 2.3a-i,capital_city_motorised_passenger_travel_by_mode,Australian capital cities,financial_year,2022-23,Bus,bus,passenger_activity,5.794489508591601,billion passenger-km
2. PASSENGERS.xlsx,Table 2.3a-i,capital_city_motorised_passenger_travel_by_mode,Australian capital cities,financial_year,2022-23,Ferry,ferry,passenger_activity,0.16219331834475256,billion passenger-km
2. PASSENGERS.xlsx,Table 2.3a-i,capital_city_motorised_passenger_travel_by_mode,Australian capital cities,financial_year,2022-23,Total,total,passenger_activity,197.179838539411,billion passenger-km
2. PASSENGERS.xlsx,Table 2.3a-i,capital_city_motorised_passenger_travel_by_mode,Australian capital cities,financial_year,2023-24,Passenger cars,passenger_cars,passenger_activity,162.73529121483392,billion passenger-km
2. PASSENGERS.xlsx,Table 2.3a-i,capital_city_motorised_passenger_travel_by_mode,Australian capital cities,financial_year,2023-24,Commercial vehicles,commercial_vehicles,passenger_activity,21.345554758035924,billion passenger-km
2. PASSENGERS.xlsx,Table 2.3a-i,capital_city_motorised_passenger_travel_by_mode,Australian capital cities,financial_year,2023-24,Motor cycles,motor_cycles,passenger_activity,1.1518595634389988,billion passenger-km
2. PASSENGERS.xlsx,Table 2.3a-i,capital_city_motorised_passenger_travel_by_mode,Australian capital cities,financial_year,2023-24,Heavy rail,heavy_rail,passenger_activity,11.797258916171945,billion passenger-km
2. PASSENGERS.xlsx,Table 2.3a-i,capital_city_motorised_passenger_travel_by_mode,Australian capital cities,financial_year,2023-24,Light rail,light_rail,passenger_activity,0.8728677836736715,billion passenger-km
2. PASSENGERS.xlsx,Table 2.3a-i,capital_city_motorised_passenger_travel_by_mode,Australian capital cities,financial_year,2023-24,Bus,bus,passenger_activity,6.658463884061418,billion passenger-km
2. PASSENGERS.xlsx,Table 2.3a-i,capital_city_motorised_passenger_travel_by_mode,Australian capital cities,financial_year,2023-24,Ferry,ferry,passenger_activity,0.19649127712271022,billion passenger-km
2. PASSENGERS.xlsx,Table 2.3a-i,capital_city_motorised_passenger_travel_by_mode,Australian capital cities,financial_year,2023-24,Total,total,passenger_activity,204.75778739733857,billion passenger-km
2. PASSENGERS.xlsx,Table 2.3a-i,capital_city_motorised_passenger_travel_by_mode,Australian capital cities,financial_year,2024-25,Passenger cars,passenger_cars,passenger_activity,165.77029371163587,billion passenger-km
2. PASSENGERS.xlsx,Table 2.3a-i,capital_city_motorised_passenger_travel_by_mode,Australian capital cities,financial_year,2024-25,Commercial vehicles,commercial_vehicles,passenger_activity,21.673925008836182,billion passenger-km
2. PASSENGERS.xlsx,Table 2.3a-i,capital_city_motorised_passenger_travel_by_mode,Australian capital cities,financial_year,2024-25,Motor cycles,motor_cycles,passenger_activity,1.1638256687497912,billion passenger-km
2. PASSENGERS.xlsx,Table 2.3a-i,capital_city_motorised_passenger_travel_by_mode,Australian capital cities,financial_year,2024-25,Heavy rail,heavy_rail,passenger_activity,12.342008713137993,billion passenger-km
2. PASSENGERS.xlsx,Table 2.3a-i,capital_city_motorised_passenger_travel_by_mode,Australian capital cities,financial_year,2024-25,Light rail,light_rail,passenger_activity,0.9014005045462078,billion passenger-km
2. PASSENGERS.xlsx,Table 2.3a-i,capital_city_motorised_passenger_travel_by_mode,Australian capital cities,financial_year,2024-25,Bus,bus,passenger_activity,6.879208886848199,billion passenger-km
2. PASSENGERS.xlsx,Table 2.3a-i,capital_city_motorised_passenger_travel_by_mode,Australian capital cities,financial_year,2024-25,Ferry,ferry,passenger_activity,0.20579690769774883,billion passenger-km
2. PASSENGERS.xlsx,Table 2.3a-i,capital_city_motorised_passenger_travel_by_mode,Australian capital cities,financial_year,2024-25,Total,total,passenger_activity,208.93645940145203,billion passenger-km
