source_workbook,sheet,topic,section,period_type,period,variable,variable_slug,measure,value,unit
9. TRANSPORT ENERGY AND ENVIRONEMENT.xlsx,Table 9.3,transport_direct_ghg_by_mode,,financial_year,1974-75,Road vehicles (including off-road vehicles such as trail bikes),road_vehicles_including_off_road_vehicles_such_as_trail_bikes,direct_ghg_emissions,33.59644283807369,Mt CO2-e
9. TRANSPORT ENERGY AND ENVIRONEMENT.xlsx,Table 9.3,transport_direct_ghg_by_mode,,financial_year,1974-75,Rail (excluding electricity generation),rail_excluding_electricity_generation,direct_ghg_emissions,1.9032711248143122,Mt CO2-e
9. TRANSPORT ENERGY AND ENVIRONEMENT.xlsx,Table 9.3,transport_direct_ghg_by_mode,,financial_year,1974-75,Domestic maritime (including small craft),domestic_maritime_including_small_craft,direct_ghg_emissions,3.429004576792838,Mt CO2-e
9. TRANSPORT ENERGY AND ENVIRONEMENT.xlsx,Table 9.3,transport_direct_ghg_by_mode,,financial_year,1974-75,Domestic aviation (including general aviation),domestic_aviation_including_general_aviation,direct_ghg_emissions,2.8421379871726464,Mt CO2-e
9. TRANSPORT ENERGY AND ENVIRONEMENT.xlsx,Table 9.3,transport_direct_ghg_by_mode,,financial_year,1974-75,Total civil domestic (including off-road recreational vehicles),total_civil_domestic_including_off_road_recreational_vehicles,direct_ghg_emissions,41.770856526853485,Mt CO2-e
9. TRANSPORT ENERGY AND ENVIRONEMENT.xlsx,Table 9.3,transport_direct_ghg_by_mode,,financial_year,1975-76,Road vehicles (including off-road vehicles such as trail bikes),road_vehicles_including_off_road_vehicles_such_as_trail_bikes,direct_ghg_emissions,35.14548498534623,Mt CO2-e
9. TRANSPORT ENERGY AND ENVIRONEMENT.xlsx,Table 9.3,transport_direct_ghg_by_mode,,financial_year,1975-76,Rail (excluding electricity generation),rail_excluding_electricity_generation,direct_ghg_emissions,1.8947892997653537,Mt CO2-e
9. TRANSPORT ENERGY AND ENVIRONEMENT.xlsx,Table 9.3,transport_direct_ghg_by_mode,,financial_year,1975-76,Domestic maritime (including small craft),domestic_maritime_including_small_craft,direct_ghg_emissions,3.2751554184850566,Mt CO2-e
9. TRANSPORT ENERGY AND ENVIRONEMENT.xlsx,Table 9.3,transport_direct_ghg_by_mode,,financial_year,1975-76,Domestic aviation (including general aviation),domestic_aviation_including_general_aviation,direct_ghg_emissions,2.6219279102151147,Mt CO2-e
9. TRANSPORT ENERGY AND ENVIRONEMENT.xlsx,Table 9.3,transport_direct_ghg_by_mode,,financial_year,1975-76,Total civil domestic (including off-road recreational vehicles),total_civil_domestic_including_off_road_recreational_vehicles,direct_ghg_emissions,42.937357613811756,Mt CO2-e
9. TRANSPORT ENERGY AND ENVIRONEMENT.xlsx,Table 9.3,transport_direct_ghg_by_mode,,financial_year,1976-77,Road vehicles (including off-road vehicles such as trail bikes),road_vehicles_including_off_road_vehicles_such_as_trail_bikes,direct_ghg_emissions,37.20201884666569,Mt CO2-e
9. TRANSPORT ENERGY AND ENVIRONEMENT.xlsx,Table 9.3,transport_direct_ghg_by_mode,,financial_year,1976-77,Rail (excluding electricity generation),rail_excluding_electricity_generation,direct_ghg_emissions,1.9207095034256634,Mt CO2-e
9. TRANSPORT ENERGY AND ENVIRONEMENT.xlsx,Table 9.3,transport_direct_ghg_by_mode,,financial_year,1976-77,Domestic maritime (including small craft),domestic_maritime_including_small_craft,direct_ghg_emissions,3.574747933821746,Mt CO2-e
9. TRANSPORT ENERGY AND ENVIRONEMENT.xlsx,Table 9.3,transport_direct_ghg_by_mode,,financial_year,1976-77,Domestic aviation (including general aviation),domestic_aviation_including_general_aviation,direct_ghg_emissions,2.6022801466764323,Mt CO2-e
9. TRANSPORT ENERGY AND ENVIRONEMENT.xlsx,Table 9.3,transport_direct_ghg_by_mode,,financial_year,1976-77,Total civil domestic (including off-road recreational vehicles),total_civil_domestic_including_off_road_recreational_vehicles,direct_ghg_emissions,45.29975643058953,Mt CO2-e
9. TRANSPORT ENERGY AND ENVIRONEMENT.xlsx,Table 9.3,transport_direct_ghg_by_mode,,financial_year,1977-78,Road vehicles (including off-road vehicles such as trail bikes),road_vehicles_including_off_road_vehicles_such_as_trail_bikes,direct_ghg_emissions,38.76785480160431,Mt CO2-e
9. TRANSPORT ENERGY AND ENVIRONEMENT.xlsx,Table 9.3,transport_direct_ghg_by_mode,,financial_year,1977-78,Rail (excluding electricity generation),rail_excluding_electricity_generation,direct_ghg_emissions,1.9399791630093064,Mt CO2-e
9. TRANSPORT ENERGY AND ENVIRONEMENT.xlsx,Table 9.3,transport_direct_ghg_by_mode,,financial_year,1977-78,Domestic maritime (including small craft),domestic_maritime_including_small_craft,direct_ghg_emissions,3.926915200169031,Mt CO2-e
9. TRANSPORT ENERGY AND ENVIRONEMENT.xlsx,Table 9.3,transport_direct_ghg_by_mode,,financial_year,1977-78,Domestic aviation (including general aviation),domestic_aviation_including_general_aviation,direct_ghg_emissions,2.8655186531931056,Mt CO2-e
9. TRANSPORT ENERGY AND ENVIRONEMENT.xlsx,Table 9.3,transport_direct_ghg_by_mode,,financial_year,1977-78,Total civil domestic (including off-road recreational vehicles),total_civil_domestic_including_off_road_recreational_vehicles,direct_ghg_emissions,47.500267817975754,Mt CO2-e
9. TRANSPORT ENERGY AND ENVIRONEMENT.xlsx,Table 9.3,transport_direct_ghg_by_mode,,financial_year,1978-79,Road vehicles (including off-road vehicles such as trail bikes),road_vehicles_including_off_road_vehicles_such_as_trail_bikes,direct_ghg_emissions,40.583174833895434,Mt CO2-e
9. TRANSPORT ENERGY AND ENVIRONEMENT.xlsx,Table 9.3,transport_direct_ghg_by_mode,,financial_year,1978-79,Rail (excluding electricity generation),rail_excluding_electricity_generation,direct_ghg_emissions,1.9871796693838537,Mt CO2-e
9. TRANSPORT ENERGY AND ENVIRONEMENT.xlsx,Table 9.3,transport_direct_ghg_by_mode,,financial_year,1978-79,Domestic maritime (including small craft),domestic_maritime_including_small_craft,direct_ghg_emissions,3.5626129501435946,Mt CO2-e
9. TRANSPORT ENERGY AND ENVIRONEMENT.xlsx,Table 9.3,transport_direct_ghg_by_mode,,financial_year,1978-79,Domestic aviation (including general aviation),domestic_aviation_including_general_aviation,direct_ghg_emissions,2.71760308109126,Mt CO2-e
9. TRANSPORT ENERGY AND ENVIRONEMENT.xlsx,Table 9.3,transport_direct_ghg_by_mode,,financial_year,1978-79,Total civil domestic (including off-road recreational vehicles),total_civil_domestic_including_off_road_recreational_vehicles,direct_ghg_emissions,48.85057053451415,Mt CO2-e
9. TRANSPORT ENERGY AND ENVIRONEMENT.xlsx,Table 9.3,transport_direct_ghg_by_mode,,financial_year,1979-80,Road vehicles (including off-road vehicles such as trail bikes),road_vehicles_including_off_road_vehicles_such_as_trail_bikes,direct_ghg_emissions,41.32160890497364,Mt CO2-e
9. TRANSPORT ENERGY AND ENVIRONEMENT.xlsx,Table 9.3,transport_direct_ghg_by_mode,,financial_year,1979-80,Rail (excluding electricity generation),rail_excluding_electricity_generation,direct_ghg_emissions,1.9862495872176926,Mt CO2-e
9. TRANSPORT ENERGY AND ENVIRONEMENT.xlsx,Table 9.3,transport_direct_ghg_by_mode,,financial_year,1979-80,Domestic maritime (including small craft),domestic_maritime_including_small_craft,direct_ghg_emissions,3.738167691125646,Mt CO2-e
9. TRANSPORT ENERGY AND ENVIRONEMENT.xlsx,Table 9.3,transport_direct_ghg_by_mode,,financial_year,1979-80,Domestic aviation (including general aviation),domestic_aviation_including_general_aviation,direct_ghg_emissions,2.826527278441506,Mt CO2-e
9. TRANSPORT ENERGY AND ENVIRONEMENT.xlsx,Table 9.3,transport_direct_ghg_by_mode,,financial_year,1979-80,Total civil domestic (including off-road recreational vehicles),total_civil_domestic_including_off_road_recreational_vehicles,direct_ghg_emissions,49.87255346175848,Mt CO2-e
9. TRANSPORT ENERGY AND ENVIRONEMENT.xlsx,Table 9.3,transport_direct_ghg_by_mode,,financial_year,1980-81,Road vehicles (including off-road vehicles such as trail bikes),road_vehicles_including_off_road_vehicles_such_as_trail_bikes,direct_ghg_emissions,42.20378714951062,Mt CO2-e
9. TRANSPORT ENERGY AND ENVIRONEMENT.xlsx,Table 9.3,transport_direct_ghg_by_mode,,financial_year,1980-81,Rail (excluding electricity generation),rail_excluding_electricity_generation,direct_ghg_emissions,1.9529978548921927,Mt CO2-e
9. TRANSPORT ENERGY AND ENVIRONEMENT.xlsx,Table 9.3,transport_direct_ghg_by_mode,,financial_year,1980-81,Domestic maritime (including small craft),domestic_maritime_including_small_craft,direct_ghg_emissions,3.779134699793204,Mt CO2-e
9. TRANSPORT ENERGY AND ENVIRONEMENT.xlsx,Table 9.3,transport_direct_ghg_by_mode,,financial_year,1980-81,Domestic aviation (including general aviation),domestic_aviation_including_general_aviation,direct_ghg_emissions,2.809616664079514,Mt CO2-e
9. TRANSPORT ENERGY AND ENVIRONEMENT.xlsx,Table 9.3,transport_direct_ghg_by_mode,,financial_year,1980-81,Total civil domestic (including off-road recreational vehicles),total_civil_domestic_including_off_road_recreational_vehicles,direct_ghg_emissions,50.74553636827553,Mt CO2-e
9. TRANSPORT ENERGY AND ENVIRONEMENT.xlsx,Table 9.3,transport_direct_ghg_by_mode,,financial_year,1981-82,Road vehicles (including off-road vehicles such as trail bikes),road_vehicles_including_off_road_vehicles_such_as_trail_bikes,direct_ghg_emissions,44.20954407137266,Mt CO2-e
9. TRANSPORT ENERGY AND ENVIRONEMENT.xlsx,Table 9.3,transport_direct_ghg_by_mode,,financial_year,1981-82,Rail (excluding electricity generation),rail_excluding_electricity_generation,direct_ghg_emissions,1.9233220848569161,Mt CO2-e
9. TRANSPORT ENERGY AND ENVIRONEMENT.xlsx,Table 9.3,transport_direct_ghg_by_mode,,financial_year,1981-82,Domestic maritime (including small craft),domestic_maritime_including_small_craft,direct_ghg_emissions,3.257998193848769,Mt CO2-e
9. TRANSPORT ENERGY AND ENVIRONEMENT.xlsx,Table 9.3,transport_direct_ghg_by_mode,,financial_year,1981-82,Domestic aviation (including general aviation),domestic_aviation_including_general_aviation,direct_ghg_emissions,3.1467079594192366,Mt CO2-e
9. TRANSPORT ENERGY AND ENVIRONEMENT.xlsx,Table 9.3,transport_direct_ghg_by_mode,,financial_year,1981-82,Total civil domestic (including off-road recreational vehicles),total_civil_domestic_including_off_road_recreational_vehicles,direct_ghg_emissions,52.537572309497584,Mt CO2-e
9. TRANSPORT ENERGY AND ENVIRONEMENT.xlsx,Table 9.3,transport_direct_ghg_by_mode,,financial_year,1982-83,Road vehicles (including off-road vehicles such as trail bikes),road_vehicles_including_off_road_vehicles_such_as_trail_bikes,direct_ghg_emissions,43.72721037523189,Mt CO2-e
9. TRANSPORT ENERGY AND ENVIRONEMENT.xlsx,Table 9.3,transport_direct_ghg_by_mode,,financial_year,1982-83,Rail (excluding electricity generation),rail_excluding_electricity_generation,direct_ghg_emissions,1.7641589934956052,Mt CO2-e
9. TRANSPORT ENERGY AND ENVIRONEMENT.xlsx,Table 9.3,transport_direct_ghg_by_mode,,financial_year,1982-83,Domestic maritime (including small craft),domestic_maritime_including_small_craft,direct_ghg_emissions,2.975048534542032,Mt CO2-e
9. TRANSPORT ENERGY AND ENVIRONEMENT.xlsx,Table 9.3,transport_direct_ghg_by_mode,,financial_year,1982-83,Domestic aviation (including general aviation),domestic_aviation_including_general_aviation,direct_ghg_emissions,3.031549347267118,Mt CO2-e
9. TRANSPORT ENERGY AND ENVIRONEMENT.xlsx,Table 9.3,transport_direct_ghg_by_mode,,financial_year,1982-83,Total civil domestic (including off-road recreational vehicles),total_civil_domestic_including_off_road_recreational_vehicles,direct_ghg_emissions,51.49796725053665,Mt CO2-e
9. TRANSPORT ENERGY AND ENVIRONEMENT.xlsx,Table 9.3,transport_direct_ghg_by_mode,,financial_year,1983-84,Road vehicles (including off-road vehicles such as trail bikes),road_vehicles_including_off_road_vehicles_such_as_trail_bikes,direct_ghg_emissions,45.80276392519752,Mt CO2-e
9. TRANSPORT ENERGY AND ENVIRONEMENT.xlsx,Table 9.3,transport_direct_ghg_by_mode,,financial_year,1983-84,Rail (excluding electricity generation),rail_excluding_electricity_generation,direct_ghg_emissions,1.9205262145189526,Mt CO2-e
9. TRANSPORT ENERGY AND ENVIRONEMENT.xlsx,Table 9.3,transport_direct_ghg_by_mode,,financial_year,1983-84,Domestic maritime (including small craft),domestic_maritime_including_small_craft,direct_ghg_emissions,3.0369465116091052,Mt CO2-e
9. TRANSPORT ENERGY AND ENVIRONEMENT.xlsx,Table 9.3,transport_direct_ghg_by_mode,,financial_year,1983-84,Domestic aviation (including general aviation),domestic_aviation_including_general_aviation,direct_ghg_emissions,2.9569579805443142,Mt CO2-e
9. TRANSPORT ENERGY AND ENVIRONEMENT.xlsx,Table 9.3,transport_direct_ghg_by_mode,,financial_year,1983-84,Total civil domestic (including off-road recreational vehicles),total_civil_domestic_including_off_road_recreational_vehicles,direct_ghg_emissions,53.71719463186989,Mt CO2-e
9. TRANSPORT ENERGY AND ENVIRONEMENT.xlsx,Table 9.3,transport_direct_ghg_by_mode,,financial_year,1984-85,Road vehicles (including off-road vehicles such as trail bikes),road_vehicles_including_off_road_vehicles_such_as_trail_bikes,direct_ghg_emissions,47.58796659978911,Mt CO2-e
9. TRANSPORT ENERGY AND ENVIRONEMENT.xlsx,Table 9.3,transport_direct_ghg_by_mode,,financial_year,1984-85,Rail (excluding electricity generation),rail_excluding_electricity_generation,direct_ghg_emissions,2.0312698172930923,Mt CO2-e
9. TRANSPORT ENERGY AND ENVIRONEMENT.xlsx,Table 9.3,transport_direct_ghg_by_mode,,financial_year,1984-85,Domestic maritime (including small craft),domestic_maritime_including_small_craft,direct_ghg_emissions,2.89431953272753,Mt CO2-e
9. TRANSPORT ENERGY AND ENVIRONEMENT.xlsx,Table 9.3,transport_direct_ghg_by_mode,,financial_year,1984-85,Domestic aviation (including general aviation),domestic_aviation_including_general_aviation,direct_ghg_emissions,3.0387493217210952,Mt CO2-e
9. TRANSPORT ENERGY AND ENVIRONEMENT.xlsx,Table 9.3,transport_direct_ghg_by_mode,,financial_year,1984-85,Total civil domestic (including off-road recreational vehicles),total_civil_domestic_including_off_road_recreational_vehicles,direct_ghg_emissions,55.55230527153083,Mt CO2-e
9. TRANSPORT ENERGY AND ENVIRONEMENT.xlsx,Table 9.3,transport_direct_ghg_by_mode,,financial_year,1985-86,Road vehicles (including off-road vehicles such as trail bikes),road_vehicles_including_off_road_vehicles_such_as_trail_bikes,direct_ghg_emissions,48.75388892289116,Mt CO2-e
9. TRANSPORT ENERGY AND ENVIRONEMENT.xlsx,Table 9.3,transport_direct_ghg_by_mode,,financial_year,1985-86,Rail (excluding electricity generation),rail_excluding_electricity_generation,direct_ghg_emissions,1.977115185189592,Mt CO2-e
9. TRANSPORT ENERGY AND ENVIRONEMENT.xlsx,Table 9.3,transport_direct_ghg_by_mode,,financial_year,1985-86,Domestic maritime (including small craft),domestic_maritime_including_small_craft,direct_ghg_emissions,2.972968406496841,Mt CO2-e
9. TRANSPORT ENERGY AND ENVIRONEMENT.xlsx,Table 9.3,transport_direct_ghg_by_mode,,financial_year,1985-86,Domestic aviation (including general aviation),domestic_aviation_including_general_aviation,direct_ghg_emissions,3.266962820497819,Mt CO2-e
9. TRANSPORT ENERGY AND ENVIRONEMENT.xlsx,Table 9.3,transport_direct_ghg_by_mode,,financial_year,1985-86,Total civil domestic (including off-road recreational vehicles),total_civil_domestic_including_off_road_recreational_vehicles,direct_ghg_emissions,56.9709353350754,Mt CO2-e
9. TRANSPORT ENERGY AND ENVIRONEMENT.xlsx,Table 9.3,transport_direct_ghg_by_mode,,financial_year,1986-87,Road vehicles (including off-road vehicles such as trail bikes),road_vehicles_including_off_road_vehicles_such_as_trail_bikes,direct_ghg_emissions,49.66466653957722,Mt CO2-e
9. TRANSPORT ENERGY AND ENVIRONEMENT.xlsx,Table 9.3,transport_direct_ghg_by_mode,,financial_year,1986-87,Rail (excluding electricity generation),rail_excluding_electricity_generation,direct_ghg_emissions,2.0076425869539603,Mt CO2-e
9. TRANSPORT ENERGY AND ENVIRONEMENT.xlsx,Table 9.3,transport_direct_ghg_by_mode,,financial_year,1986-87,Domestic maritime (including small craft),domestic_maritime_including_small_craft,direct_ghg_emissions,2.9503229104369955,Mt CO2-e
9. TRANSPORT ENERGY AND ENVIRONEMENT.xlsx,Table 9.3,transport_direct_ghg_by_mode,,financial_year,1986-87,Domestic aviation (including general aviation),domestic_aviation_including_general_aviation,direct_ghg_emissions,3.3544932615462173,Mt CO2-e
9. TRANSPORT ENERGY AND ENVIRONEMENT.xlsx,Table 9.3,transport_direct_ghg_by_mode,,financial_year,1986-87,Total civil domestic (including off-road recreational vehicles),total_civil_domestic_including_off_road_recreational_vehicles,direct_ghg_emissions,57.977125298514395,Mt CO2-e
9. TRANSPORT ENERGY AND ENVIRONEMENT.xlsx,Table 9.3,transport_direct_ghg_by_mode,,financial_year,1987-88,Road vehicles (including off-road vehicles such as trail bikes),road_vehicles_including_off_road_vehicles_such_as_trail_bikes,direct_ghg_emissions,52.226424552005305,Mt CO2-e
9. TRANSPORT ENERGY AND ENVIRONEMENT.xlsx,Table 9.3,transport_direct_ghg_by_mode,,financial_year,1987-88,Rail (excluding electricity generation),rail_excluding_electricity_generation,direct_ghg_emissions,1.9766257872868713,Mt CO2-e
9. TRANSPORT ENERGY AND ENVIRONEMENT.xlsx,Table 9.3,transport_direct_ghg_by_mode,,financial_year,1987-88,Domestic maritime (including small craft),domestic_maritime_including_small_craft,direct_ghg_emissions,2.9190508294508466,Mt CO2-e
9. TRANSPORT ENERGY AND ENVIRONEMENT.xlsx,Table 9.3,transport_direct_ghg_by_mode,,financial_year,1987-88,Domestic aviation (including general aviation),domestic_aviation_including_general_aviation,direct_ghg_emissions,3.6257459926878446,Mt CO2-e
9. TRANSPORT ENERGY AND ENVIRONEMENT.xlsx,Table 9.3,transport_direct_ghg_by_mode,,financial_year,1987-88,Total civil domestic (including off-road recreational vehicles),total_civil_domestic_including_off_road_recreational_vehicles,direct_ghg_emissions,60.74784716143087,Mt CO2-e
9. TRANSPORT ENERGY AND ENVIRONEMENT.xlsx,Table 9.3,transport_direct_ghg_by_mode,,financial_year,1988-89,Road vehicles (including off-road vehicles such as trail bikes),road_vehicles_including_off_road_vehicles_such_as_trail_bikes,direct_ghg_emissions,54.28531491807355,Mt CO2-e
9. TRANSPORT ENERGY AND ENVIRONEMENT.xlsx,Table 9.3,transport_direct_ghg_by_mode,,financial_year,1988-89,Rail (excluding electricity generation),rail_excluding_electricity_generation,direct_ghg_emissions,1.8123325855056445,Mt CO2-e
9. TRANSPORT ENERGY AND ENVIRONEMENT.xlsx,Table 9.3,transport_direct_ghg_by_mode,,financial_year,1988-89,Domestic maritime (including small craft),domestic_maritime_including_small_craft,direct_ghg_emissions,2.6897229388927437,Mt CO2-e
9. TRANSPORT ENERGY AND ENVIRONEMENT.xlsx,Table 9.3,transport_direct_ghg_by_mode,,financial_year,1988-89,Domestic aviation (including general aviation),domestic_aviation_including_general_aviation,direct_ghg_emissions,3.5611577582861083,Mt CO2-e
9. TRANSPORT ENERGY AND ENVIRONEMENT.xlsx,Table 9.3,transport_direct_ghg_by_mode,,financial_year,1988-89,Total civil domestic (including off-road recreational vehicles),total_civil_domestic_including_off_road_recreational_vehicles,direct_ghg_emissions,62.34852820075805,Mt CO2-e
9. TRANSPORT ENERGY AND ENVIRONEMENT.xlsx,Table 9.3,transport_direct_ghg_by_mode,,financial_year,1989-90,Road vehicles (including off-road vehicles such as trail bikes),road_vehicles_including_off_road_vehicles_such_as_trail_bikes,direct_ghg_emissions,55.596833534122396,Mt CO2-e
9. TRANSPORT ENERGY AND ENVIRONEMENT.xlsx,Table 9.3,transport_direct_ghg_by_mode,,financial_year,1989-90,Rail (excluding electricity generation),rail_excluding_electricity_generation,direct_ghg_emissions,1.7457133412700208,Mt CO2-e
9. TRANSPORT ENERGY AND ENVIRONEMENT.xlsx,Table 9.3,transport_direct_ghg_by_mode,,financial_year,1989-90,Domestic maritime (including small craft),domestic_maritime_including_small_craft,direct_ghg_emissions,2.4594406321261872,Mt CO2-e
9. TRANSPORT ENERGY AND ENVIRONEMENT.xlsx,Table 9.3,transport_direct_ghg_by_mode,,financial_year,1989-90,Domestic aviation (including general aviation),domestic_aviation_including_general_aviation,direct_ghg_emissions,2.85309700889202,Mt CO2-e
9. TRANSPORT ENERGY AND ENVIRONEMENT.xlsx,Table 9.3,transport_direct_ghg_by_mode,,financial_year,1989-90,Total civil domestic (including off-road recreational vehicles),total_civil_domestic_including_off_road_recreational_vehicles,direct_ghg_emissions,62.655084516410625,Mt CO2-e
9. TRANSPORT ENERGY AND ENVIRONEMENT.xlsx,Table 9.3,transport_direct_ghg_by_mode,,financial_year,1990-91,Road vehicles (including off-road vehicles such as trail bikes),road_vehicles_including_off_road_vehicles_such_as_trail_bikes,direct_ghg_emissions,54.55242612610865,Mt CO2-e
9. TRANSPORT ENERGY AND ENVIRONEMENT.xlsx,Table 9.3,transport_direct_ghg_by_mode,,financial_year,1990-91,Rail (excluding electricity generation),rail_excluding_electricity_generation,direct_ghg_emissions,1.7372553663610417,Mt CO2-e
9. TRANSPORT ENERGY AND ENVIRONEMENT.xlsx,Table 9.3,transport_direct_ghg_by_mode,,financial_year,1990-91,Domestic maritime (including small craft),domestic_maritime_including_small_craft,direct_ghg_emissions,2.161825084282755,Mt CO2-e
9. TRANSPORT ENERGY AND ENVIRONEMENT.xlsx,Table 9.3,transport_direct_ghg_by_mode,,financial_year,1990-91,Domestic aviation (including general aviation),domestic_aviation_including_general_aviation,direct_ghg_emissions,3.5434337887348253,Mt CO2-e
9. TRANSPORT ENERGY AND ENVIRONEMENT.xlsx,Table 9.3,transport_direct_ghg_by_mode,,financial_year,1990-91,Total civil domestic (including off-road recreational vehicles),total_civil_domestic_including_off_road_recreational_vehicles,direct_ghg_emissions,61.99494036548727,Mt CO2-e
9. TRANSPORT ENERGY AND ENVIRONEMENT.xlsx,Table 9.3,transport_direct_ghg_by_mode,,financial_year,1991-92,Road vehicles (including off-road vehicles such as trail bikes),road_vehicles_including_off_road_vehicles_such_as_trail_bikes,direct_ghg_emissions,55.26303893432962,Mt CO2-e
9. TRANSPORT ENERGY AND ENVIRONEMENT.xlsx,Table 9.3,transport_direct_ghg_by_mode,,financial_year,1991-92,Rail (excluding electricity generation),rail_excluding_electricity_generation,direct_ghg_emissions,1.6888458466948766,Mt CO2-e
9. TRANSPORT ENERGY AND ENVIRONEMENT.xlsx,Table 9.3,transport_direct_ghg_by_mode,,financial_year,1991-92,Domestic maritime (including small craft),domestic_maritime_including_small_craft,direct_ghg_emissions,2.2186548069348566,Mt CO2-e
9. TRANSPORT ENERGY AND ENVIRONEMENT.xlsx,Table 9.3,transport_direct_ghg_by_mode,,financial_year,1991-92,Domestic aviation (including general aviation),domestic_aviation_including_general_aviation,direct_ghg_emissions,3.846549007228149,Mt CO2-e
9. TRANSPORT ENERGY AND ENVIRONEMENT.xlsx,Table 9.3,transport_direct_ghg_by_mode,,financial_year,1991-92,Total civil domestic (including off-road recreational vehicles),total_civil_domestic_including_off_road_recreational_vehicles,direct_ghg_emissions,63.0170885951875,Mt CO2-e
9. TRANSPORT ENERGY AND ENVIRONEMENT.xlsx,Table 9.3,transport_direct_ghg_by_mode,,financial_year,1992-93,Road vehicles (including off-road vehicles such as trail bikes),road_vehicles_including_off_road_vehicles_such_as_trail_bikes,direct_ghg_emissions,57.00955492789158,Mt CO2-e
9. TRANSPORT ENERGY AND ENVIRONEMENT.xlsx,Table 9.3,transport_direct_ghg_by_mode,,financial_year,1992-93,Rail (excluding electricity generation),rail_excluding_electricity_generation,direct_ghg_emissions,1.6914928599692953,Mt CO2-e
9. TRANSPORT ENERGY AND ENVIRONEMENT.xlsx,Table 9.3,transport_direct_ghg_by_mode,,financial_year,1992-93,Domestic maritime (including small craft),domestic_maritime_including_small_craft,direct_ghg_emissions,2.035003525862151,Mt CO2-e
9. TRANSPORT ENERGY AND ENVIRONEMENT.xlsx,Table 9.3,transport_direct_ghg_by_mode,,financial_year,1992-93,Domestic aviation (including general aviation),domestic_aviation_including_general_aviation,direct_ghg_emissions,4.036539191412691,Mt CO2-e
9. TRANSPORT ENERGY AND ENVIRONEMENT.xlsx,Table 9.3,transport_direct_ghg_by_mode,,financial_year,1992-93,Total civil domestic (including off-road recreational vehicles),total_civil_domestic_including_off_road_recreational_vehicles,direct_ghg_emissions,64.77259050513571,Mt CO2-e
9. TRANSPORT ENERGY AND ENVIRONEMENT.xlsx,Table 9.3,transport_direct_ghg_by_mode,,financial_year,1993-94,Road vehicles (including off-road vehicles such as trail bikes),road_vehicles_including_off_road_vehicles_such_as_trail_bikes,direct_ghg_emissions,58.57736206426308,Mt CO2-e
9. TRANSPORT ENERGY AND ENVIRONEMENT.xlsx,Table 9.3,transport_direct_ghg_by_mode,,financial_year,1993-94,Rail (excluding electricity generation),rail_excluding_electricity_generation,direct_ghg_emissions,1.7918670537462675,Mt CO2-e
9. TRANSPORT ENERGY AND ENVIRONEMENT.xlsx,Table 9.3,transport_direct_ghg_by_mode,,financial_year,1993-94,Domestic maritime (including small craft),domestic_maritime_including_small_craft,direct_ghg_emissions,1.9079453771799517,Mt CO2-e
9. TRANSPORT ENERGY AND ENVIRONEMENT.xlsx,Table 9.3,transport_direct_ghg_by_mode,,financial_year,1993-94,Domestic aviation (including general aviation),domestic_aviation_including_general_aviation,direct_ghg_emissions,4.272106800328207,Mt CO2-e
9. TRANSPORT ENERGY AND ENVIRONEMENT.xlsx,Table 9.3,transport_direct_ghg_by_mode,,financial_year,1993-94,Total civil domestic (including off-road recreational vehicles),total_civil_domestic_including_off_road_recreational_vehicles,direct_ghg_emissions,66.5492812955175,Mt CO2-e
9. TRANSPORT ENERGY AND ENVIRONEMENT.xlsx,Table 9.3,transport_direct_ghg_by_mode,,financial_year,1994-95,Road vehicles (including off-road vehicles such as trail bikes),road_vehicles_including_off_road_vehicles_such_as_trail_bikes,direct_ghg_emissions,60.88238087617045,Mt CO2-e
9. TRANSPORT ENERGY AND ENVIRONEMENT.xlsx,Table 9.3,transport_direct_ghg_by_mode,,financial_year,1994-95,Rail (excluding electricity generation),rail_excluding_electricity_generation,direct_ghg_emissions,1.7468171821345941,Mt CO2-e
9. TRANSPORT ENERGY AND ENVIRONEMENT.xlsx,Table 9.3,transport_direct_ghg_by_mode,,financial_year,1994-95,Domestic maritime (including small craft),domestic_maritime_including_small_craft,direct_ghg_emissions,2.4048377325254253,Mt CO2-e
9. TRANSPORT ENERGY AND ENVIRONEMENT.xlsx,Table 9.3,transport_direct_ghg_by_mode,,financial_year,1994-95,Domestic aviation (including general aviation),domestic_aviation_including_general_aviation,direct_ghg_emissions,5.036435805779959,Mt CO2-e
9. TRANSPORT ENERGY AND ENVIRONEMENT.xlsx,Table 9.3,transport_direct_ghg_by_mode,,financial_year,1994-95,Total civil domestic (including off-road recreational vehicles),total_civil_domestic_including_off_road_recreational_vehicles,direct_ghg_emissions,70.07047159661043,Mt CO2-e
9. TRANSPORT ENERGY AND ENVIRONEMENT.xlsx,Table 9.3,transport_direct_ghg_by_mode,,financial_year,1995-96,Road vehicles (including off-road vehicles such as trail bikes),road_vehicles_including_off_road_vehicles_such_as_trail_bikes,direct_ghg_emissions,62.344961391407686,Mt CO2-e
9. TRANSPORT ENERGY AND ENVIRONEMENT.xlsx,Table 9.3,transport_direct_ghg_by_mode,,financial_year,1995-96,Rail (excluding electricity generation),rail_excluding_electricity_generation,direct_ghg_emissions,1.6995357119501846,Mt CO2-e
9. TRANSPORT ENERGY AND ENVIRONEMENT.xlsx,Table 9.3,transport_direct_ghg_by_mode,,financial_year,1995-96,Domestic maritime (including small craft),domestic_maritime_including_small_craft,direct_ghg_emissions,2.526179491537394,Mt CO2-e
9. TRANSPORT ENERGY AND ENVIRONEMENT.xlsx,Table 9.3,transport_direct_ghg_by_mode,,financial_year,1995-96,Domestic aviation (including general aviation),domestic_aviation_including_general_aviation,direct_ghg_emissions,5.528843679347391,Mt CO2-e
9. TRANSPORT ENERGY AND ENVIRONEMENT.xlsx,Table 9.3,transport_direct_ghg_by_mode,,financial_year,1995-96,Total civil domestic (including off-road recreational vehicles),total_civil_domestic_including_off_road_recreational_vehicles,direct_ghg_emissions,72.09952027424265,Mt CO2-e
9. TRANSPORT ENERGY AND ENVIRONEMENT.xlsx,Table 9.3,transport_direct_ghg_by_mode,,financial_year,1996-97,Road vehicles (including off-road vehicles such as trail bikes),road_vehicles_including_off_road_vehicles_such_as_trail_bikes,direct_ghg_emissions,63.38332091945153,Mt CO2-e
9. TRANSPORT ENERGY AND ENVIRONEMENT.xlsx,Table 9.3,transport_direct_ghg_by_mode,,financial_year,1996-97,Rail (excluding electricity generation),rail_excluding_electricity_generation,direct_ghg_emissions,1.7310295478522362,Mt CO2-e
9. TRANSPORT ENERGY AND ENVIRONEMENT.xlsx,Table 9.3,transport_direct_ghg_by_mode,,financial_year,1996-97,Domestic maritime (including small craft),domestic_maritime_including_small_craft,direct_ghg_emissions,2.521446213810623,Mt CO2-e
9. TRANSPORT ENERGY AND ENVIRONEMENT.xlsx,Table 9.3,transport_direct_ghg_by_mode,,financial_year,1996-97,Domestic aviation (including general aviation),domestic_aviation_including_general_aviation,direct_ghg_emissions,5.9041990099197905,Mt CO2-e
9. TRANSPORT ENERGY AND ENVIRONEMENT.xlsx,Table 9.3,transport_direct_ghg_by_mode,,financial_year,1996-97,Total civil domestic (including off-road recreational vehicles),total_civil_domestic_including_off_road_recreational_vehicles,direct_ghg_emissions,73.53999569103418,Mt CO2-e
9. TRANSPORT ENERGY AND ENVIRONEMENT.xlsx,Table 9.3,transport_direct_ghg_by_mode,,financial_year,1997-98,Road vehicles (including off-road vehicles such as trail bikes),road_vehicles_including_off_road_vehicles_such_as_trail_bikes,direct_ghg_emissions,64.43442852840681,Mt CO2-e
9. TRANSPORT ENERGY AND ENVIRONEMENT.xlsx,Table 9.3,transport_direct_ghg_by_mode,,financial_year,1997-98,Rail (excluding electricity generation),rail_excluding_electricity_generation,direct_ghg_emissions,1.7712111949740708,Mt CO2-e
9. TRANSPORT ENERGY AND ENVIRONEMENT.xlsx,Table 9.3,transport_direct_ghg_by_mode,,financial_year,1997-98,Domestic maritime (including small craft),domestic_maritime_including_small_craft,direct_ghg_emissions,2.2360025679035167,Mt CO2-e
9. TRANSPORT ENERGY AND ENVIRONEMENT.xlsx,Table 9.3,transport_direct_ghg_by_mode,,financial_year,1997-98,Domestic aviation (including general aviation),domestic_aviation_including_general_aviation,direct_ghg_emissions,5.354018230136926,Mt CO2-e
9. TRANSPORT ENERGY AND ENVIRONEMENT.xlsx,Table 9.3,transport_direct_ghg_by_mode,,financial_year,1997-98,Total civil domestic (including off-road recreational vehicles),total_civil_domestic_including_off_road_recreational_vehicles,direct_ghg_emissions,73.79566052142133,Mt CO2-e
9. TRANSPORT ENERGY AND ENVIRONEMENT.xlsx,Table 9.3,transport_direct_ghg_by_mode,,financial_year,1998-99,Road vehicles (including off-road vehicles such as trail bikes),road_vehicles_including_off_road_vehicles_such_as_trail_bikes,direct_ghg_emissions,65.60518044944322,Mt CO2-e
9. TRANSPORT ENERGY AND ENVIRONEMENT.xlsx,Table 9.3,transport_direct_ghg_by_mode,,financial_year,1998-99,Rail (excluding electricity generation),rail_excluding_electricity_generation,direct_ghg_emissions,1.821751088089654,Mt CO2-e
9. TRANSPORT ENERGY AND ENVIRONEMENT.xlsx,Table 9.3,transport_direct_ghg_by_mode,,financial_year,1998-99,Domestic maritime (including small craft),domestic_maritime_including_small_craft,direct_ghg_emissions,2.1407116480275485,Mt CO2-e
9. TRANSPORT ENERGY AND ENVIRONEMENT.xlsx,Table 9.3,transport_direct_ghg_by_mode,,financial_year,1998-99,Domestic aviation (including general aviation),domestic_aviation_including_general_aviation,direct_ghg_emissions,5.155329732234089,Mt CO2-e
9. TRANSPORT ENERGY AND ENVIRONEMENT.xlsx,Table 9.3,transport_direct_ghg_by_mode,,financial_year,1998-99,Total civil domestic (including off-road recreational vehicles),total_civil_domestic_including_off_road_recreational_vehicles,direct_ghg_emissions,74.72297291779452,Mt CO2-e
9. TRANSPORT ENERGY AND ENVIRONEMENT.xlsx,Table 9.3,transport_direct_ghg_by_mode,,financial_year,1999-00,Road vehicles (including off-road vehicles such as trail bikes),road_vehicles_including_off_road_vehicles_such_as_trail_bikes,direct_ghg_emissions,66.85624022126287,Mt CO2-e
9. TRANSPORT ENERGY AND ENVIRONEMENT.xlsx,Table 9.3,transport_direct_ghg_by_mode,,financial_year,1999-00,Rail (excluding electricity generation),rail_excluding_electricity_generation,direct_ghg_emissions,1.8761657203585267,Mt CO2-e
9. TRANSPORT ENERGY AND ENVIRONEMENT.xlsx,Table 9.3,transport_direct_ghg_by_mode,,financial_year,1999-00,Domestic maritime (including small craft),domestic_maritime_including_small_craft,direct_ghg_emissions,2.2112519563347286,Mt CO2-e
9. TRANSPORT ENERGY AND ENVIRONEMENT.xlsx,Table 9.3,transport_direct_ghg_by_mode,,financial_year,1999-00,Domestic aviation (including general aviation),domestic_aviation_including_general_aviation,direct_ghg_emissions,5.391218406753464,Mt CO2-e
9. TRANSPORT ENERGY AND ENVIRONEMENT.xlsx,Table 9.3,transport_direct_ghg_by_mode,,financial_year,1999-00,Total civil domestic (including off-road recreational vehicles),total_civil_domestic_including_off_road_recreational_vehicles,direct_ghg_emissions,76.3348763047096,Mt CO2-e
9. TRANSPORT ENERGY AND ENVIRONEMENT.xlsx,Table 9.3,transport_direct_ghg_by_mode,,financial_year,2000-01,Road vehicles (including off-road vehicles such as trail bikes),road_vehicles_including_off_road_vehicles_such_as_trail_bikes,direct_ghg_emissions,66.37735970618762,Mt CO2-e
9. TRANSPORT ENERGY AND ENVIRONEMENT.xlsx,Table 9.3,transport_direct_ghg_by_mode,,financial_year,2000-01,Rail (excluding electricity generation),rail_excluding_electricity_generation,direct_ghg_emissions,1.8461921012909925,Mt CO2-e
9. TRANSPORT ENERGY AND ENVIRONEMENT.xlsx,Table 9.3,transport_direct_ghg_by_mode,,financial_year,2000-01,Domestic maritime (including small craft),domestic_maritime_including_small_craft,direct_ghg_emissions,2.1458183189529967,Mt CO2-e
9. TRANSPORT ENERGY AND ENVIRONEMENT.xlsx,Table 9.3,transport_direct_ghg_by_mode,,financial_year,2000-01,Domestic aviation (including general aviation),domestic_aviation_including_general_aviation,direct_ghg_emissions,6.008429441095022,Mt CO2-e
9. TRANSPORT ENERGY AND ENVIRONEMENT.xlsx,Table 9.3,transport_direct_ghg_by_mode,,financial_year,2000-01,Total civil domestic (including off-road recreational vehicles),total_civil_domestic_including_off_road_recreational_vehicles,direct_ghg_emissions,76.37779956752662,Mt CO2-e
9. TRANSPORT ENERGY AND ENVIRONEMENT.xlsx,Table 9.3,transport_direct_ghg_by_mode,,financial_year,2001-02,Road vehicles (including off-road vehicles such as trail bikes),road_vehicles_including_off_road_vehicles_such_as_trail_bikes,direct_ghg_emissions,68.21645559395621,Mt CO2-e
9. TRANSPORT ENERGY AND ENVIRONEMENT.xlsx,Table 9.3,transport_direct_ghg_by_mode,,financial_year,2001-02,Rail (excluding electricity generation),rail_excluding_electricity_generation,direct_ghg_emissions,1.9306805840647974,Mt CO2-e
9. TRANSPORT ENERGY AND ENVIRONEMENT.xlsx,Table 9.3,transport_direct_ghg_by_mode,,financial_year,2001-02,Domestic maritime (including small craft),domestic_maritime_including_small_craft,direct_ghg_emissions,2.2349990630079217,Mt CO2-e
9. TRANSPORT ENERGY AND ENVIRONEMENT.xlsx,Table 9.3,transport_direct_ghg_by_mode,,financial_year,2001-02,Domestic aviation (including general aviation),domestic_aviation_including_general_aviation,direct_ghg_emissions,5.386941849809739,Mt CO2-e
9. TRANSPORT ENERGY AND ENVIRONEMENT.xlsx,Table 9.3,transport_direct_ghg_by_mode,,financial_year,2001-02,Total civil domestic (including off-road recreational vehicles),total_civil_domestic_including_off_road_recreational_vehicles,direct_ghg_emissions,77.76907709083868,Mt CO2-e
9. TRANSPORT ENERGY AND ENVIRONEMENT.xlsx,Table 9.3,transport_direct_ghg_by_mode,,financial_year,2002-03,Road vehicles (including off-road vehicles such as trail bikes),road_vehicles_including_off_road_vehicles_such_as_trail_bikes,direct_ghg_emissions,69.98910957766927,Mt CO2-e
9. TRANSPORT ENERGY AND ENVIRONEMENT.xlsx,Table 9.3,transport_direct_ghg_by_mode,,financial_year,2002-03,Rail (excluding electricity generation),rail_excluding_electricity_generation,direct_ghg_emissions,1.982783465874123,Mt CO2-e
9. TRANSPORT ENERGY AND ENVIRONEMENT.xlsx,Table 9.3,transport_direct_ghg_by_mode,,financial_year,2002-03,Domestic maritime (including small craft),domestic_maritime_including_small_craft,direct_ghg_emissions,2.346739675194323,Mt CO2-e
9. TRANSPORT ENERGY AND ENVIRONEMENT.xlsx,Table 9.3,transport_direct_ghg_by_mode,,financial_year,2002-03,Domestic aviation (including general aviation),domestic_aviation_including_general_aviation,direct_ghg_emissions,5.139520837724573,Mt CO2-e
9. TRANSPORT ENERGY AND ENVIRONEMENT.xlsx,Table 9.3,transport_direct_ghg_by_mode,,financial_year,2002-03,Total civil domestic (including off-road recreational vehicles),total_civil_domestic_including_off_road_recreational_vehicles,direct_ghg_emissions,79.45815355646229,Mt CO2-e
9. TRANSPORT ENERGY AND ENVIRONEMENT.xlsx,Table 9.3,transport_direct_ghg_by_mode,,financial_year,2003-04,Road vehicles (including off-road vehicles such as trail bikes),road_vehicles_including_off_road_vehicles_such_as_trail_bikes,direct_ghg_emissions,72.865900370587,Mt CO2-e
9. TRANSPORT ENERGY AND ENVIRONEMENT.xlsx,Table 9.3,transport_direct_ghg_by_mode,,financial_year,2003-04,Rail (excluding electricity generation),rail_excluding_electricity_generation,direct_ghg_emissions,2.1184104584129195,Mt CO2-e
9. TRANSPORT ENERGY AND ENVIRONEMENT.xlsx,Table 9.3,transport_direct_ghg_by_mode,,financial_year,2003-04,Domestic maritime (including small craft),domestic_maritime_including_small_craft,direct_ghg_emissions,2.479843126606795,Mt CO2-e
9. TRANSPORT ENERGY AND ENVIRONEMENT.xlsx,Table 9.3,transport_direct_ghg_by_mode,,financial_year,2003-04,Domestic aviation (including general aviation),domestic_aviation_including_general_aviation,direct_ghg_emissions,5.3765258996186445,Mt CO2-e
9. TRANSPORT ENERGY AND ENVIRONEMENT.xlsx,Table 9.3,transport_direct_ghg_by_mode,,financial_year,2003-04,Total civil domestic (including off-road recreational vehicles),total_civil_domestic_including_off_road_recreational_vehicles,direct_ghg_emissions,82.84067985522536,Mt CO2-e
9. TRANSPORT ENERGY AND ENVIRONEMENT.xlsx,Table 9.3,transport_direct_ghg_by_mode,,financial_year,2004-05,Road vehicles (including off-road vehicles such as trail bikes),road_vehicles_including_off_road_vehicles_such_as_trail_bikes,direct_ghg_emissions,73.239605452702,Mt CO2-e
9. TRANSPORT ENERGY AND ENVIRONEMENT.xlsx,Table 9.3,transport_direct_ghg_by_mode,,financial_year,2004-05,Rail (excluding electricity generation),rail_excluding_electricity_generation,direct_ghg_emissions,2.296422988461829,Mt CO2-e
9. TRANSPORT ENERGY AND ENVIRONEMENT.xlsx,Table 9.3,transport_direct_ghg_by_mode,,financial_year,2004-05,Domestic maritime (including small craft),domestic_maritime_including_small_craft,direct_ghg_emissions,2.514792878878717,Mt CO2-e
9. TRANSPORT ENERGY AND ENVIRONEMENT.xlsx,Table 9.3,transport_direct_ghg_by_mode,,financial_year,2004-05,Domestic aviation (including general aviation),domestic_aviation_including_general_aviation,direct_ghg_emissions,5.868021699072447,Mt CO2-e
9. TRANSPORT ENERGY AND ENVIRONEMENT.xlsx,Table 9.3,transport_direct_ghg_by_mode,,financial_year,2004-05,Total civil domestic (including off-road recreational vehicles),total_civil_domestic_including_off_road_recreational_vehicles,direct_ghg_emissions,83.91884301911499,Mt CO2-e
9. TRANSPORT ENERGY AND ENVIRONEMENT.xlsx,Table 9.3,transport_direct_ghg_by_mode,,financial_year,2005-06,Road vehicles (including off-road vehicles such as trail bikes),road_vehicles_including_off_road_vehicles_such_as_trail_bikes,direct_ghg_emissions,72.84523031561386,Mt CO2-e
9. TRANSPORT ENERGY AND ENVIRONEMENT.xlsx,Table 9.3,transport_direct_ghg_by_mode,,financial_year,2005-06,Rail (excluding electricity generation),rail_excluding_electricity_generation,direct_ghg_emissions,2.3097359493583305,Mt CO2-e
9. TRANSPORT ENERGY AND ENVIRONEMENT.xlsx,Table 9.3,transport_direct_ghg_by_mode,,financial_year,2005-06,Domestic maritime (including small craft),domestic_maritime_including_small_craft,direct_ghg_emissions,2.4701615830864174,Mt CO2-e
9. TRANSPORT ENERGY AND ENVIRONEMENT.xlsx,Table 9.3,transport_direct_ghg_by_mode,,financial_year,2005-06,Domestic aviation (including general aviation),domestic_aviation_including_general_aviation,direct_ghg_emissions,6.20636793188902,Mt CO2-e
9. TRANSPORT ENERGY AND ENVIRONEMENT.xlsx,Table 9.3,transport_direct_ghg_by_mode,,financial_year,2005-06,Total civil domestic (including off-road recreational vehicles),total_civil_domestic_including_off_road_recreational_vehicles,direct_ghg_emissions,83.83149577994763,Mt CO2-e
9. TRANSPORT ENERGY AND ENVIRONEMENT.xlsx,Table 9.3,transport_direct_ghg_by_mode,,financial_year,2006-07,Road vehicles (including off-road vehicles such as trail bikes),road_vehicles_including_off_road_vehicles_such_as_trail_bikes,direct_ghg_emissions,74.1814756918605,Mt CO2-e
9. TRANSPORT ENERGY AND ENVIRONEMENT.xlsx,Table 9.3,transport_direct_ghg_by_mode,,financial_year,2006-07,Rail (excluding electricity generation),rail_excluding_electricity_generation,direct_ghg_emissions,2.4894609915461365,Mt CO2-e
9. TRANSPORT ENERGY AND ENVIRONEMENT.xlsx,Table 9.3,transport_direct_ghg_by_mode,,financial_year,2006-07,Domestic maritime (including small craft),domestic_maritime_including_small_craft,direct_ghg_emissions,2.532767941867126,Mt CO2-e
9. TRANSPORT ENERGY AND ENVIRONEMENT.xlsx,Table 9.3,transport_direct_ghg_by_mode,,financial_year,2006-07,Domestic aviation (including general aviation),domestic_aviation_including_general_aviation,direct_ghg_emissions,6.715291885777323,Mt CO2-e
9. TRANSPORT ENERGY AND ENVIRONEMENT.xlsx,Table 9.3,transport_direct_ghg_by_mode,,financial_year,2006-07,Total civil domestic (including off-road recreational vehicles),total_civil_domestic_including_off_road_recreational_vehicles,direct_ghg_emissions,85.91899651105108,Mt CO2-e
9. TRANSPORT ENERGY AND ENVIRONEMENT.xlsx,Table 9.3,transport_direct_ghg_by_mode,,financial_year,2007-08,Road vehicles (including off-road vehicles such as trail bikes),road_vehicles_including_off_road_vehicles_such_as_trail_bikes,direct_ghg_emissions,75.20686268440662,Mt CO2-e
9. TRANSPORT ENERGY AND ENVIRONEMENT.xlsx,Table 9.3,transport_direct_ghg_by_mode,,financial_year,2007-08,Rail (excluding electricity generation),rail_excluding_electricity_generation,direct_ghg_emissions,2.5701352468191723,Mt CO2-e
9. TRANSPORT ENERGY AND ENVIRONEMENT.xlsx,Table 9.3,transport_direct_ghg_by_mode,,financial_year,2007-08,Domestic maritime (including small craft),domestic_maritime_including_small_craft,direct_ghg_emissions,2.514442861108323,Mt CO2-e
9. TRANSPORT ENERGY AND ENVIRONEMENT.xlsx,Table 9.3,transport_direct_ghg_by_mode,,financial_year,2007-08,Domestic aviation (including general aviation),domestic_aviation_including_general_aviation,direct_ghg_emissions,7.219774457021711,Mt CO2-e
9. TRANSPORT ENERGY AND ENVIRONEMENT.xlsx,Table 9.3,transport_direct_ghg_by_mode,,financial_year,2007-08,Total civil domestic (including off-road recreational vehicles),total_civil_domestic_including_off_road_recreational_vehicles,direct_ghg_emissions,87.51121524935583,Mt CO2-e
9. TRANSPORT ENERGY AND ENVIRONEMENT.xlsx,Table 9.3,transport_direct_ghg_by_mode,,financial_year,2008-09,Road vehicles (including off-road vehicles such as trail bikes),road_vehicles_including_off_road_vehicles_such_as_trail_bikes,direct_ghg_emissions,74.92916722591653,Mt CO2-e
9. TRANSPORT ENERGY AND ENVIRONEMENT.xlsx,Table 9.3,transport_direct_ghg_by_mode,,financial_year,2008-09,Rail (excluding electricity generation),rail_excluding_electricity_generation,direct_ghg_emissions,2.5672656829545626,Mt CO2-e
9. TRANSPORT ENERGY AND ENVIRONEMENT.xlsx,Table 9.3,transport_direct_ghg_by_mode,,financial_year,2008-09,Domestic maritime (including small craft),domestic_maritime_including_small_craft,direct_ghg_emissions,2.3790325806438535,Mt CO2-e
9. TRANSPORT ENERGY AND ENVIRONEMENT.xlsx,Table 9.3,transport_direct_ghg_by_mode,,financial_year,2008-09,Domestic aviation (including general aviation),domestic_aviation_including_general_aviation,direct_ghg_emissions,7.4000959753509905,Mt CO2-e
9. TRANSPORT ENERGY AND ENVIRONEMENT.xlsx,Table 9.3,transport_direct_ghg_by_mode,,financial_year,2008-09,Total civil domestic (including off-road recreational vehicles),total_civil_domestic_including_off_road_recreational_vehicles,direct_ghg_emissions,87.27556146486593,Mt CO2-e
9. TRANSPORT ENERGY AND ENVIRONEMENT.xlsx,Table 9.3,transport_direct_ghg_by_mode,,financial_year,2009-10,Road vehicles (including off-road vehicles such as trail bikes),road_vehicles_including_off_road_vehicles_such_as_trail_bikes,direct_ghg_emissions,75.85990138580974,Mt CO2-e
9. TRANSPORT ENERGY AND ENVIRONEMENT.xlsx,Table 9.3,transport_direct_ghg_by_mode,,financial_year,2009-10,Rail (excluding electricity generation),rail_excluding_electricity_generation,direct_ghg_emissions,2.668284884232654,Mt CO2-e
9. TRANSPORT ENERGY AND ENVIRONEMENT.xlsx,Table 9.3,transport_direct_ghg_by_mode,,financial_year,2009-10,Domestic maritime (including small craft),domestic_maritime_including_small_craft,direct_ghg_emissions,2.5024725789150013,Mt CO2-e
9. TRANSPORT ENERGY AND ENVIRONEMENT.xlsx,Table 9.3,transport_direct_ghg_by_mode,,financial_year,2009-10,Domestic aviation (including general aviation),domestic_aviation_including_general_aviation,direct_ghg_emissions,7.517687692188312,Mt CO2-e
9. TRANSPORT ENERGY AND ENVIRONEMENT.xlsx,Table 9.3,transport_direct_ghg_by_mode,,financial_year,2009-10,Total civil domestic (including off-road recreational vehicles),total_civil_domestic_including_off_road_recreational_vehicles,direct_ghg_emissions,88.5483465411457,Mt CO2-e
9. TRANSPORT ENERGY AND ENVIRONEMENT.xlsx,Table 9.3,transport_direct_ghg_by_mode,,financial_year,2010-11,Road vehicles (including off-road vehicles such as trail bikes),road_vehicles_including_off_road_vehicles_such_as_trail_bikes,direct_ghg_emissions,75.51225239819549,Mt CO2-e
9. TRANSPORT ENERGY AND ENVIRONEMENT.xlsx,Table 9.3,transport_direct_ghg_by_mode,,financial_year,2010-11,Rail (excluding electricity generation),rail_excluding_electricity_generation,direct_ghg_emissions,2.746948233697122,Mt CO2-e
9. TRANSPORT ENERGY AND ENVIRONEMENT.xlsx,Table 9.3,transport_direct_ghg_by_mode,,financial_year,2010-11,Domestic maritime (including small craft),domestic_maritime_including_small_craft,direct_ghg_emissions,2.53278635330234,Mt CO2-e
9. TRANSPORT ENERGY AND ENVIRONEMENT.xlsx,Table 9.3,transport_direct_ghg_by_mode,,financial_year,2010-11,Domestic aviation (including general aviation),domestic_aviation_including_general_aviation,direct_ghg_emissions,7.179417552318583,Mt CO2-e
9. TRANSPORT ENERGY AND ENVIRONEMENT.xlsx,Table 9.3,transport_direct_ghg_by_mode,,financial_year,2010-11,Total civil domestic (including off-road recreational vehicles),total_civil_domestic_including_off_road_recreational_vehicles,direct_ghg_emissions,87.97140453751354,Mt CO2-e
9. TRANSPORT ENERGY AND ENVIRONEMENT.xlsx,Table 9.3,transport_direct_ghg_by_mode,,financial_year,2011-12,Road vehicles (including off-road vehicles such as trail bikes),road_vehicles_including_off_road_vehicles_such_as_trail_bikes,direct_ghg_emissions,76.38839365230757,Mt CO2-e
9. TRANSPORT ENERGY AND ENVIRONEMENT.xlsx,Table 9.3,transport_direct_ghg_by_mode,,financial_year,2011-12,Rail (excluding electricity generation),rail_excluding_electricity_generation,direct_ghg_emissions,2.886481789337678,Mt CO2-e
9. TRANSPORT ENERGY AND ENVIRONEMENT.xlsx,Table 9.3,transport_direct_ghg_by_mode,,financial_year,2011-12,Domestic maritime (including small craft),domestic_maritime_including_small_craft,direct_ghg_emissions,2.38509425296771,Mt CO2-e
9. TRANSPORT ENERGY AND ENVIRONEMENT.xlsx,Table 9.3,transport_direct_ghg_by_mode,,financial_year,2011-12,Domestic aviation (including general aviation),domestic_aviation_including_general_aviation,direct_ghg_emissions,8.567805189014882,Mt CO2-e
9. TRANSPORT ENERGY AND ENVIRONEMENT.xlsx,Table 9.3,transport_direct_ghg_by_mode,,financial_year,2011-12,Total civil domestic (including off-road recreational vehicles),total_civil_domestic_including_off_road_recreational_vehicles,direct_ghg_emissions,90.22777488362783,Mt CO2-e
9. TRANSPORT ENERGY AND ENVIRONEMENT.xlsx,Table 9.3,transport_direct_ghg_by_mode,,financial_year,2012-13,Road vehicles (including off-road vehicles such as trail bikes),road_vehicles_including_off_road_vehicles_such_as_trail_bikes,direct_ghg_emissions,76.63448112453321,Mt CO2-e
9. TRANSPORT ENERGY AND ENVIRONEMENT.xlsx,Table 9.3,transport_direct_ghg_by_mode,,financial_year,2012-13,Rail (excluding electricity generation),rail_excluding_electricity_generation,direct_ghg_emissions,3.007163846291362,Mt CO2-e
9. TRANSPORT ENERGY AND ENVIRONEMENT.xlsx,Table 9.3,transport_direct_ghg_by_mode,,financial_year,2012-13,Domestic maritime (including small craft),domestic_maritime_including_small_craft,direct_ghg_emissions,2.352428281236891,Mt CO2-e
9. TRANSPORT ENERGY AND ENVIRONEMENT.xlsx,Table 9.3,transport_direct_ghg_by_mode,,financial_year,2012-13,Domestic aviation (including general aviation),domestic_aviation_including_general_aviation,direct_ghg_emissions,9.092739657025918,Mt CO2-e
9. TRANSPORT ENERGY AND ENVIRONEMENT.xlsx,Table 9.3,transport_direct_ghg_by_mode,,financial_year,2012-13,Total civil domestic (including off-road recreational vehicles),total_civil_domestic_including_off_road_recreational_vehicles,direct_ghg_emissions,91.08681290908739,Mt CO2-e
9. TRANSPORT ENERGY AND ENVIRONEMENT.xlsx,Table 9.3,transport_direct_ghg_by_mode,,financial_year,2013-14,Road vehicles (including off-road vehicles such as trail bikes),road_vehicles_including_off_road_vehicles_such_as_trail_bikes,direct_ghg_emissions,77.52113466835524,Mt CO2-e
9. TRANSPORT ENERGY AND ENVIRONEMENT.xlsx,Table 9.3,transport_direct_ghg_by_mode,,financial_year,2013-14,Rail (excluding electricity generation),rail_excluding_electricity_generation,direct_ghg_emissions,3.157217519668812,Mt CO2-e
9. TRANSPORT ENERGY AND ENVIRONEMENT.xlsx,Table 9.3,transport_direct_ghg_by_mode,,financial_year,2013-14,Domestic maritime (including small craft),domestic_maritime_including_small_craft,direct_ghg_emissions,2.368970757373413,Mt CO2-e
9. TRANSPORT ENERGY AND ENVIRONEMENT.xlsx,Table 9.3,transport_direct_ghg_by_mode,,financial_year,2013-14,Domestic aviation (including general aviation),domestic_aviation_including_general_aviation,direct_ghg_emissions,9.265130859115725,Mt CO2-e
9. TRANSPORT ENERGY AND ENVIRONEMENT.xlsx,Table 9.3,transport_direct_ghg_by_mode,,financial_year,2013-14,Total civil domestic (including off-road recreational vehicles),total_civil_domestic_including_off_road_recreational_vehicles,direct_ghg_emissions,92.31245380451321,Mt CO2-e
9. TRANSPORT ENERGY AND ENVIRONEMENT.xlsx,Table 9.3,transport_direct_ghg_by_mode,,financial_year,2014-15,Road vehicles (including off-road vehicles such as trail bikes),road_vehicles_including_off_road_vehicles_such_as_trail_bikes,direct_ghg_emissions,77.02865489906881,Mt CO2-e
9. TRANSPORT ENERGY AND ENVIRONEMENT.xlsx,Table 9.3,transport_direct_ghg_by_mode,,financial_year,2014-15,Rail (excluding electricity generation),rail_excluding_electricity_generation,direct_ghg_emissions,3.3053728471731314,Mt CO2-e
9. TRANSPORT ENERGY AND ENVIRONEMENT.xlsx,Table 9.3,transport_direct_ghg_by_mode,,financial_year,2014-15,Domestic maritime (including small craft),domestic_maritime_including_small_craft,direct_ghg_emissions,1.8828330884986464,Mt CO2-e
9. TRANSPORT ENERGY AND ENVIRONEMENT.xlsx,Table 9.3,transport_direct_ghg_by_mode,,financial_year,2014-15,Domestic aviation (including general aviation),domestic_aviation_including_general_aviation,direct_ghg_emissions,9.342075692964348,Mt CO2-e
9. TRANSPORT ENERGY AND ENVIRONEMENT.xlsx,Table 9.3,transport_direct_ghg_by_mode,,financial_year,2014-15,Total civil domestic (including off-road recreational vehicles),total_civil_domestic_including_off_road_recreational_vehicles,direct_ghg_emissions,91.55893652770493,Mt CO2-e
9. TRANSPORT ENERGY AND ENVIRONEMENT.xlsx,Table 9.3,transport_direct_ghg_by_mode,,financial_year,2015-16,Road vehicles (including off-road vehicles such as trail bikes),road_vehicles_including_off_road_vehicles_such_as_trail_bikes,direct_ghg_emissions,79.50654541858074,Mt CO2-e
9. TRANSPORT ENERGY AND ENVIRONEMENT.xlsx,Table 9.3,transport_direct_ghg_by_mode,,financial_year,2015-16,Rail (excluding electricity generation),rail_excluding_electricity_generation,direct_ghg_emissions,3.387996276974785,Mt CO2-e
9. TRANSPORT ENERGY AND ENVIRONEMENT.xlsx,Table 9.3,transport_direct_ghg_by_mode,,financial_year,2015-16,Domestic maritime (including small craft),domestic_maritime_including_small_craft,direct_ghg_emissions,1.9008873211772952,Mt CO2-e
9. TRANSPORT ENERGY AND ENVIRONEMENT.xlsx,Table 9.3,transport_direct_ghg_by_mode,,financial_year,2015-16,Domestic aviation (including general aviation),domestic_aviation_including_general_aviation,direct_ghg_emissions,9.524449711771087,Mt CO2-e
9. TRANSPORT ENERGY AND ENVIRONEMENT.xlsx,Table 9.3,transport_direct_ghg_by_mode,,financial_year,2015-16,Total civil domestic (including off-road recreational vehicles),total_civil_domestic_including_off_road_recreational_vehicles,direct_ghg_emissions,94.31987872850391,Mt CO2-e
9. TRANSPORT ENERGY AND ENVIRONEMENT.xlsx,Table 9.3,transport_direct_ghg_by_mode,,financial_year,2016-17,Road vehicles (including off-road vehicles such as trail bikes),road_vehicles_including_off_road_vehicles_such_as_trail_bikes,direct_ghg_emissions,79.84996451802739,Mt CO2-e
9. TRANSPORT ENERGY AND ENVIRONEMENT.xlsx,Table 9.3,transport_direct_ghg_by_mode,,financial_year,2016-17,Rail (excluding electricity generation),rail_excluding_electricity_generation,direct_ghg_emissions,3.5193504168455867,Mt CO2-e
9. TRANSPORT ENERGY AND ENVIRONEMENT.xlsx,Table 9.3,transport_direct_ghg_by_mode,,financial_year,2016-17,Domestic maritime (including small craft),domestic_maritime_including_small_craft,direct_ghg_emissions,1.9722095292300175,Mt CO2-e
9. TRANSPORT ENERGY AND ENVIRONEMENT.xlsx,Table 9.3,transport_direct_ghg_by_mode,,financial_year,2016-17,Domestic aviation (including general aviation),domestic_aviation_including_general_aviation,direct_ghg_emissions,9.425496349875791,Mt CO2-e
9. TRANSPORT ENERGY AND ENVIRONEMENT.xlsx,Table 9.3,transport_direct_ghg_by_mode,,financial_year,2016-17,Total civil domestic (including off-road recreational vehicles),total_civil_domestic_including_off_road_recreational_vehicles,direct_ghg_emissions,94.76702081397877,Mt CO2-e
9. TRANSPORT ENERGY AND ENVIRONEMENT.xlsx,Table 9.3,transport_direct_ghg_by_mode,,financial_year,2017-18,Road vehicles (including off-road vehicles such as trail bikes),road_vehicles_including_off_road_vehicles_such_as_trail_bikes,direct_ghg_emissions,82.93677721046464,Mt CO2-e
9. TRANSPORT ENERGY AND ENVIRONEMENT.xlsx,Table 9.3,transport_direct_ghg_by_mode,,financial_year,2017-18,Rail (excluding electricity generation),rail_excluding_electricity_generation,direct_ghg_emissions,3.5989226788748634,Mt CO2-e
9. TRANSPORT ENERGY AND ENVIRONEMENT.xlsx,Table 9.3,transport_direct_ghg_by_mode,,financial_year,2017-18,Domestic maritime (including small craft),domestic_maritime_including_small_craft,direct_ghg_emissions,2.0725445604851034,Mt CO2-e
9. TRANSPORT ENERGY AND ENVIRONEMENT.xlsx,Table 9.3,transport_direct_ghg_by_mode,,financial_year,2017-18,Domestic aviation (including general aviation),domestic_aviation_including_general_aviation,direct_ghg_emissions,8.890106782060197,Mt CO2-e
9. TRANSPORT ENERGY AND ENVIRONEMENT.xlsx,Table 9.3,transport_direct_ghg_by_mode,,financial_year,2017-18,Total civil domestic (including off-road recreational vehicles),total_civil_domestic_including_off_road_recreational_vehicles,direct_ghg_emissions,97.4983512318848,Mt CO2-e
9. TRANSPORT ENERGY AND ENVIRONEMENT.xlsx,Table 9.3,transport_direct_ghg_by_mode,,financial_year,2018-19,Road vehicles (including off-road vehicles such as trail bikes),road_vehicles_including_off_road_vehicles_such_as_trail_bikes,direct_ghg_emissions,82.74063033914513,Mt CO2-e
9. TRANSPORT ENERGY AND ENVIRONEMENT.xlsx,Table 9.3,transport_direct_ghg_by_mode,,financial_year,2018-19,Rail (excluding electricity generation),rail_excluding_electricity_generation,direct_ghg_emissions,3.598985602745515,Mt CO2-e
9. TRANSPORT ENERGY AND ENVIRONEMENT.xlsx,Table 9.3,transport_direct_ghg_by_mode,,financial_year,2018-19,Domestic maritime (including small craft),domestic_maritime_including_small_craft,direct_ghg_emissions,2.2248766799796917,Mt CO2-e
9. TRANSPORT ENERGY AND ENVIRONEMENT.xlsx,Table 9.3,transport_direct_ghg_by_mode,,financial_year,2018-19,Domestic aviation (including general aviation),domestic_aviation_including_general_aviation,direct_ghg_emissions,8.359613402259809,Mt CO2-e
9. TRANSPORT ENERGY AND ENVIRONEMENT.xlsx,Table 9.3,transport_direct_ghg_by_mode,,financial_year,2018-19,Total civil domestic (including off-road recreational vehicles),total_civil_domestic_including_off_road_recreational_vehicles,direct_ghg_emissions,96.92410602413014,Mt CO2-e
9. TRANSPORT ENERGY AND ENVIRONEMENT.xlsx,Table 9.3,transport_direct_ghg_by_mode,,financial_year,2019-20,Road vehicles (including off-road vehicles such as trail bikes),road_vehicles_including_off_road_vehicles_such_as_trail_bikes,direct_ghg_emissions,80.61270367867155,Mt CO2-e
9. TRANSPORT ENERGY AND ENVIRONEMENT.xlsx,Table 9.3,transport_direct_ghg_by_mode,,financial_year,2019-20,Rail (excluding electricity generation),rail_excluding_electricity_generation,direct_ghg_emissions,3.5515490203054245,Mt CO2-e
9. TRANSPORT ENERGY AND ENVIRONEMENT.xlsx,Table 9.3,transport_direct_ghg_by_mode,,financial_year,2019-20,Domestic maritime (including small craft),domestic_maritime_including_small_craft,direct_ghg_emissions,2.043297687306535,Mt CO2-e
9. TRANSPORT ENERGY AND ENVIRONEMENT.xlsx,Table 9.3,transport_direct_ghg_by_mode,,financial_year,2019-20,Domestic aviation (including general aviation),domestic_aviation_including_general_aviation,direct_ghg_emissions,6.557905130700557,Mt CO2-e
9. TRANSPORT ENERGY AND ENVIRONEMENT.xlsx,Table 9.3,transport_direct_ghg_by_mode,,financial_year,2019-20,Total civil domestic (including off-road recreational vehicles),total_civil_domestic_including_off_road_recreational_vehicles,direct_ghg_emissions,92.76545551698408,Mt CO2-e
9. TRANSPORT ENERGY AND ENVIRONEMENT.xlsx,Table 9.3,transport_direct_ghg_by_mode,,financial_year,2020-21,Road vehicles (including off-road vehicles such as trail bikes),road_vehicles_including_off_road_vehicles_such_as_trail_bikes,direct_ghg_emissions,80.07257771189937,Mt CO2-e
9. TRANSPORT ENERGY AND ENVIRONEMENT.xlsx,Table 9.3,transport_direct_ghg_by_mode,,financial_year,2020-21,Rail (excluding electricity generation),rail_excluding_electricity_generation,direct_ghg_emissions,3.6767673793889206,Mt CO2-e
9. TRANSPORT ENERGY AND ENVIRONEMENT.xlsx,Table 9.3,transport_direct_ghg_by_mode,,financial_year,2020-21,Domestic maritime (including small craft),domestic_maritime_including_small_craft,direct_ghg_emissions,1.7923587765213982,Mt CO2-e
9. TRANSPORT ENERGY AND ENVIRONEMENT.xlsx,Table 9.3,transport_direct_ghg_by_mode,,financial_year,2020-21,Domestic aviation (including general aviation),domestic_aviation_including_general_aviation,direct_ghg_emissions,4.334092784332052,Mt CO2-e
9. TRANSPORT ENERGY AND ENVIRONEMENT.xlsx,Table 9.3,transport_direct_ghg_by_mode,,financial_year,2020-21,Total civil domestic (including off-road recreational vehicles),total_civil_domestic_including_off_road_recreational_vehicles,direct_ghg_emissions,89.87579665214174,Mt CO2-e
9. TRANSPORT ENERGY AND ENVIRONEMENT.xlsx,Table 9.3,transport_direct_ghg_by_mode,,financial_year,2021-22,Road vehicles (including off-road vehicles such as trail bikes),road_vehicles_including_off_road_vehicles_such_as_trail_bikes,direct_ghg_emissions,79.62333755560032,Mt CO2-e
9. TRANSPORT ENERGY AND ENVIRONEMENT.xlsx,Table 9.3,transport_direct_ghg_by_mode,,financial_year,2021-22,Rail (excluding electricity generation),rail_excluding_electricity_generation,direct_ghg_emissions,3.6520117071697427,Mt CO2-e
9. TRANSPORT ENERGY AND ENVIRONEMENT.xlsx,Table 9.3,transport_direct_ghg_by_mode,,financial_year,2021-22,Domestic maritime (including small craft),domestic_maritime_including_small_craft,direct_ghg_emissions,1.8451397112457286,Mt CO2-e
9. TRANSPORT ENERGY AND ENVIRONEMENT.xlsx,Table 9.3,transport_direct_ghg_by_mode,,financial_year,2021-22,Domestic aviation (including general aviation),domestic_aviation_including_general_aviation,direct_ghg_emissions,5.70991829160315,Mt CO2-e
9. TRANSPORT ENERGY AND ENVIRONEMENT.xlsx,Table 9.3,transport_direct_ghg_by_mode,,financial_year,2021-22,Total civil domestic (including off-road recreational vehicles),total_civil_domestic_including_off_road_recreational_vehicles,direct_ghg_emissions,90.83040726561893,Mt CO2-e
9. TRANSPORT ENERGY AND ENVIRONEMENT.xlsx,Table 9.3,transport_direct_ghg_by_mode,,financial_year,2022-23,Road vehicles (including off-road vehicles such as trail bikes),road_vehicles_including_off_road_vehicles_such_as_trail_bikes,direct_ghg_emissions,84.10731964382522,Mt CO2-e
9. TRANSPORT ENERGY AND ENVIRONEMENT.xlsx,Table 9.3,transport_direct_ghg_by_mode,,financial_year,2022-23,Rail (excluding electricity generation),rail_excluding_electricity_generation,direct_ghg_emissions,3.689826055522236,Mt CO2-e
9. TRANSPORT ENERGY AND ENVIRONEMENT.xlsx,Table 9.3,transport_direct_ghg_by_mode,,financial_year,2022-23,Domestic maritime (including small craft),domestic_maritime_including_small_craft,direct_ghg_emissions,1.998867701957263,Mt CO2-e
9. TRANSPORT ENERGY AND ENVIRONEMENT.xlsx,Table 9.3,transport_direct_ghg_by_mode,,financial_year,2022-23,Domestic aviation (including general aviation),domestic_aviation_including_general_aviation,direct_ghg_emissions,8.91615933374831,Mt CO2-e
9. TRANSPORT ENERGY AND ENVIRONEMENT.xlsx,Table 9.3,transport_direct_ghg_by_mode,,financial_year,2022-23,Total civil domestic (including off-road recreational vehicles),total_civil_domestic_including_off_road_recreational_vehicles,direct_ghg_emissions,98.71217273505303,Mt CO2-e
9. TRANSPORT ENERGY AND ENVIRONEMENT.xlsx,Table 9.3,transport_direct_ghg_by_mode,,financial_year,2023-24,Road vehicles (including off-road vehicles such as trail bikes),road_vehicles_including_off_road_vehicles_such_as_trail_bikes,direct_ghg_emissions,85.33518723207473,Mt CO2-e
9. TRANSPORT ENERGY AND ENVIRONEMENT.xlsx,Table 9.3,transport_direct_ghg_by_mode,,financial_year,2023-24,Rail (excluding electricity generation),rail_excluding_electricity_generation,direct_ghg_emissions,3.721757641723913,Mt CO2-e
9. TRANSPORT ENERGY AND ENVIRONEMENT.xlsx,Table 9.3,transport_direct_ghg_by_mode,,financial_year,2023-24,Domestic maritime (including small craft),domestic_maritime_including_small_craft,direct_ghg_emissions,2.0812646038337754,Mt CO2-e
9. TRANSPORT ENERGY AND ENVIRONEMENT.xlsx,Table 9.3,transport_direct_ghg_by_mode,,financial_year,2023-24,Domestic aviation (including general aviation),domestic_aviation_including_general_aviation,direct_ghg_emissions,9.522160303448707,Mt CO2-e
9. TRANSPORT ENERGY AND ENVIRONEMENT.xlsx,Table 9.3,transport_direct_ghg_by_mode,,financial_year,2023-24,Total civil domestic (including off-road recreational vehicles),total_civil_domestic_including_off_road_recreational_vehicles,direct_ghg_emissions,100.66036978108113,Mt CO2-e
9. TRANSPORT ENERGY AND ENVIRONEMENT.xlsx,Table 9.3,transport_direct_ghg_by_mode,,financial_year,2024-25,Road vehicles (including off-road vehicles such as trail bikes),road_vehicles_including_off_road_vehicles_such_as_trail_bikes,direct_ghg_emissions,85.50020798124834,Mt CO2-e
9. TRANSPORT ENERGY AND ENVIRONEMENT.xlsx,Table 9.3,transport_direct_ghg_by_mode,,financial_year,2024-25,Rail (excluding electricity generation),rail_excluding_electricity_generation,direct_ghg_emissions,3.785917082247783,Mt CO2-e
9. TRANSPORT ENERGY AND ENVIRONEMENT.xlsx,Table 9.3,transport_direct_ghg_by_mode,,financial_year,2024-25,Domestic maritime (including small craft),domestic_maritime_including_small_craft,direct_ghg_emissions,2.086920061792498,Mt CO2-e
9. TRANSPORT ENERGY AND ENVIRONEMENT.xlsx,Table 9.3,transport_direct_ghg_by_mode,,financial_year,2024-25,Domestic aviation (including general aviation),domestic_aviation_including_general_aviation,direct_ghg_emissions,9.81945542252128,Mt CO2-e
9. TRANSPORT ENERGY AND ENVIRONEMENT.xlsx,Table 9.3,transport_direct_ghg_by_mode,,financial_year,2024-25,Total civil domestic (including off-road recreational vehicles),total_civil_domestic_including_off_road_recreational_vehicles,direct_ghg_emissions,101.19250054780989,Mt CO2-e
9. TRANSPORT ENERGY AND ENVIRONEMENT.xlsx,Table 9.4,road_direct_ghg_by_vehicle_type,,financial_year,1989-90,Cars,cars,direct_ghg_emissions,35.428015759754786,Mt CO2-e
9. TRANSPORT ENERGY AND ENVIRONEMENT.xlsx,Table 9.4,road_direct_ghg_by_vehicle_type,,financial_year,1989-90,Light commercial vehicles,light_commercial_vehicles,direct_ghg_emissions,7.748590909317886,Mt CO2-e
9. TRANSPORT ENERGY AND ENVIRONEMENT.xlsx,Table 9.4,road_direct_ghg_by_vehicle_type,,financial_year,1989-90,Articulated trucks,articulated_trucks,direct_ghg_emissions,5.684568573863154,Mt CO2-e
9. TRANSPORT ENERGY AND ENVIRONEMENT.xlsx,Table 9.4,road_direct_ghg_by_vehicle_type,,financial_year,1989-90,Rigid and other trucks,rigid_and_other_trucks,direct_ghg_emissions,5.142324611095839,Mt CO2-e
9. TRANSPORT ENERGY AND ENVIRONEMENT.xlsx,Table 9.4,road_direct_ghg_by_vehicle_type,,financial_year,1989-90,Buses,buses,direct_ghg_emissions,1.2763834007368486,Mt CO2-e
9. TRANSPORT ENERGY AND ENVIRONEMENT.xlsx,Table 9.4,road_direct_ghg_by_vehicle_type,,financial_year,1989-90,Motor cycles,motor_cycles,direct_ghg_emissions,0.25612849008462835,Mt CO2-e
9. TRANSPORT ENERGY AND ENVIRONEMENT.xlsx,Table 9.4,road_direct_ghg_by_vehicle_type,,financial_year,1989-90,Total road,total_road,direct_ghg_emissions,55.53601174485314,Mt CO2-e
9. TRANSPORT ENERGY AND ENVIRONEMENT.xlsx,Table 9.4,road_direct_ghg_by_vehicle_type,,financial_year,1990-91,Cars,cars,direct_ghg_emissions,35.33849422377381,Mt CO2-e
9. TRANSPORT ENERGY AND ENVIRONEMENT.xlsx,Table 9.4,road_direct_ghg_by_vehicle_type,,financial_year,1990-91,Light commercial vehicles,light_commercial_vehicles,direct_ghg_emissions,7.488340647676661,Mt CO2-e
9. TRANSPORT ENERGY AND ENVIRONEMENT.xlsx,Table 9.4,road_direct_ghg_by_vehicle_type,,financial_year,1990-91,Articulated trucks,articulated_trucks,direct_ghg_emissions,5.600778807190176,Mt CO2-e
9. TRANSPORT ENERGY AND ENVIRONEMENT.xlsx,Table 9.4,road_direct_ghg_by_vehicle_type,,financial_year,1990-91,Rigid and other trucks,rigid_and_other_trucks,direct_ghg_emissions,4.59894147579418,Mt CO2-e
9. TRANSPORT ENERGY AND ENVIRONEMENT.xlsx,Table 9.4,road_direct_ghg_by_vehicle_type,,financial_year,1990-91,Buses,buses,direct_ghg_emissions,1.2345838568218972,Mt CO2-e
9. TRANSPORT ENERGY AND ENVIRONEMENT.xlsx,Table 9.4,road_direct_ghg_by_vehicle_type,,financial_year,1990-91,Motor cycles,motor_cycles,direct_ghg_emissions,0.2305291354757076,Mt CO2-e
9. TRANSPORT ENERGY AND ENVIRONEMENT.xlsx,Table 9.4,road_direct_ghg_by_vehicle_type,,financial_year,1990-91,Total road,total_road,direct_ghg_emissions,54.49166814673242,Mt CO2-e
9. TRANSPORT ENERGY AND ENVIRONEMENT.xlsx,Table 9.4,road_direct_ghg_by_vehicle_type,,financial_year,1991-92,Cars,cars,direct_ghg_emissions,35.98537327310993,Mt CO2-e
9. TRANSPORT ENERGY AND ENVIRONEMENT.xlsx,Table 9.4,road_direct_ghg_by_vehicle_type,,financial_year,1991-92,Light commercial vehicles,light_commercial_vehicles,direct_ghg_emissions,7.712749143339383,Mt CO2-e
9. TRANSPORT ENERGY AND ENVIRONEMENT.xlsx,Table 9.4,road_direct_ghg_by_vehicle_type,,financial_year,1991-92,Articulated trucks,articulated_trucks,direct_ghg_emissions,5.64994671460127,Mt CO2-e
9. TRANSPORT ENERGY AND ENVIRONEMENT.xlsx,Table 9.4,road_direct_ghg_by_vehicle_type,,financial_year,1991-92,Rigid and other trucks,rigid_and_other_trucks,direct_ghg_emissions,4.430282200762833,Mt CO2-e
9. TRANSPORT ENERGY AND ENVIRONEMENT.xlsx,Table 9.4,road_direct_ghg_by_vehicle_type,,financial_year,1991-92,Buses,buses,direct_ghg_emissions,1.1920255217856646,Mt CO2-e
9. TRANSPORT ENERGY AND ENVIRONEMENT.xlsx,Table 9.4,road_direct_ghg_by_vehicle_type,,financial_year,1991-92,Motor cycles,motor_cycles,direct_ghg_emissions,0.23024105112374532,Mt CO2-e
9. TRANSPORT ENERGY AND ENVIRONEMENT.xlsx,Table 9.4,road_direct_ghg_by_vehicle_type,,financial_year,1991-92,Total road,total_road,direct_ghg_emissions,55.20061790472282,Mt CO2-e
9. TRANSPORT ENERGY AND ENVIRONEMENT.xlsx,Table 9.4,road_direct_ghg_by_vehicle_type,,financial_year,1992-93,Cars,cars,direct_ghg_emissions,37.14987713671481,Mt CO2-e
9. TRANSPORT ENERGY AND ENVIRONEMENT.xlsx,Table 9.4,road_direct_ghg_by_vehicle_type,,financial_year,1992-93,Light commercial vehicles,light_commercial_vehicles,direct_ghg_emissions,7.942144239367924,Mt CO2-e
9. TRANSPORT ENERGY AND ENVIRONEMENT.xlsx,Table 9.4,road_direct_ghg_by_vehicle_type,,financial_year,1992-93,Articulated trucks,articulated_trucks,direct_ghg_emissions,6.070465575383474,Mt CO2-e
9. TRANSPORT ENERGY AND ENVIRONEMENT.xlsx,Table 9.4,road_direct_ghg_by_vehicle_type,,financial_year,1992-93,Rigid and other trucks,rigid_and_other_trucks,direct_ghg_emissions,4.368349830282224,Mt CO2-e
9. TRANSPORT ENERGY AND ENVIRONEMENT.xlsx,Table 9.4,road_direct_ghg_by_vehicle_type,,financial_year,1992-93,Buses,buses,direct_ghg_emissions,1.1831667008561038,Mt CO2-e
9. TRANSPORT ENERGY AND ENVIRONEMENT.xlsx,Table 9.4,road_direct_ghg_by_vehicle_type,,financial_year,1992-93,Motor cycles,motor_cycles,direct_ghg_emissions,0.23056212620641336,Mt CO2-e
9. TRANSPORT ENERGY AND ENVIRONEMENT.xlsx,Table 9.4,road_direct_ghg_by_vehicle_type,,financial_year,1992-93,Total road,total_road,direct_ghg_emissions,56.944565608810954,Mt CO2-e
9. TRANSPORT ENERGY AND ENVIRONEMENT.xlsx,Table 9.4,road_direct_ghg_by_vehicle_type,,financial_year,1993-94,Cars,cars,direct_ghg_emissions,38.115577364524725,Mt CO2-e
9. TRANSPORT ENERGY AND ENVIRONEMENT.xlsx,Table 9.4,road_direct_ghg_by_vehicle_type,,financial_year,1993-94,Light commercial vehicles,light_commercial_vehicles,direct_ghg_emissions,8.179748096878585,Mt CO2-e
9. TRANSPORT ENERGY AND ENVIRONEMENT.xlsx,Table 9.4,road_direct_ghg_by_vehicle_type,,financial_year,1993-94,Articulated trucks,articulated_trucks,direct_ghg_emissions,6.251974830440715,Mt CO2-e
9. TRANSPORT ENERGY AND ENVIRONEMENT.xlsx,Table 9.4,road_direct_ghg_by_vehicle_type,,financial_year,1993-94,Rigid and other trucks,rigid_and_other_trucks,direct_ghg_emissions,4.520641270828912,Mt CO2-e
9. TRANSPORT ENERGY AND ENVIRONEMENT.xlsx,Table 9.4,road_direct_ghg_by_vehicle_type,,financial_year,1993-94,Buses,buses,direct_ghg_emissions,1.2151249703171652,Mt CO2-e
9. TRANSPORT ENERGY AND ENVIRONEMENT.xlsx,Table 9.4,road_direct_ghg_by_vehicle_type,,financial_year,1993-94,Motor cycles,motor_cycles,direct_ghg_emissions,0.22714278278831287,Mt CO2-e
9. TRANSPORT ENERGY AND ENVIRONEMENT.xlsx,Table 9.4,road_direct_ghg_by_vehicle_type,,financial_year,1993-94,Total road,total_road,direct_ghg_emissions,58.51020931577841,Mt CO2-e
9. TRANSPORT ENERGY AND ENVIRONEMENT.xlsx,Table 9.4,road_direct_ghg_by_vehicle_type,,financial_year,1994-95,Cars,cars,direct_ghg_emissions,39.19865657397941,Mt CO2-e
9. TRANSPORT ENERGY AND ENVIRONEMENT.xlsx,Table 9.4,road_direct_ghg_by_vehicle_type,,financial_year,1994-95,Light commercial vehicles,light_commercial_vehicles,direct_ghg_emissions,8.660178898385412,Mt CO2-e
9. TRANSPORT ENERGY AND ENVIRONEMENT.xlsx,Table 9.4,road_direct_ghg_by_vehicle_type,,financial_year,1994-95,Articulated trucks,articulated_trucks,direct_ghg_emissions,6.727732264541961,Mt CO2-e
9. TRANSPORT ENERGY AND ENVIRONEMENT.xlsx,Table 9.4,road_direct_ghg_by_vehicle_type,,financial_year,1994-95,Rigid and other trucks,rigid_and_other_trucks,direct_ghg_emissions,4.762708538601594,Mt CO2-e
9. TRANSPORT ENERGY AND ENVIRONEMENT.xlsx,Table 9.4,road_direct_ghg_by_vehicle_type,,financial_year,1994-95,Buses,buses,direct_ghg_emissions,1.2387443463457257,Mt CO2-e
9. TRANSPORT ENERGY AND ENVIRONEMENT.xlsx,Table 9.4,road_direct_ghg_by_vehicle_type,,financial_year,1994-95,Motor cycles,motor_cycles,direct_ghg_emissions,0.22486619167061891,Mt CO2-e
9. TRANSPORT ENERGY AND ENVIRONEMENT.xlsx,Table 9.4,road_direct_ghg_by_vehicle_type,,financial_year,1994-95,Total road,total_road,direct_ghg_emissions,60.81288681352473,Mt CO2-e
9. TRANSPORT ENERGY AND ENVIRONEMENT.xlsx,Table 9.4,road_direct_ghg_by_vehicle_type,,financial_year,1995-96,Cars,cars,direct_ghg_emissions,39.69499556021059,Mt CO2-e
9. TRANSPORT ENERGY AND ENVIRONEMENT.xlsx,Table 9.4,road_direct_ghg_by_vehicle_type,,financial_year,1995-96,Light commercial vehicles,light_commercial_vehicles,direct_ghg_emissions,8.968591998508135,Mt CO2-e
9. TRANSPORT ENERGY AND ENVIRONEMENT.xlsx,Table 9.4,road_direct_ghg_by_vehicle_type,,financial_year,1995-96,Articulated trucks,articulated_trucks,direct_ghg_emissions,7.07562984308664,Mt CO2-e
9. TRANSPORT ENERGY AND ENVIRONEMENT.xlsx,Table 9.4,road_direct_ghg_by_vehicle_type,,financial_year,1995-96,Rigid and other trucks,rigid_and_other_trucks,direct_ghg_emissions,5.040942459897165,Mt CO2-e
9. TRANSPORT ENERGY AND ENVIRONEMENT.xlsx,Table 9.4,road_direct_ghg_by_vehicle_type,,financial_year,1995-96,Buses,buses,direct_ghg_emissions,1.2756376029900982,Mt CO2-e
9. TRANSPORT ENERGY AND ENVIRONEMENT.xlsx,Table 9.4,road_direct_ghg_by_vehicle_type,,financial_year,1995-96,Motor cycles,motor_cycles,direct_ghg_emissions,0.21774491924709807,Mt CO2-e
9. TRANSPORT ENERGY AND ENVIRONEMENT.xlsx,Table 9.4,road_direct_ghg_by_vehicle_type,,financial_year,1995-96,Total road,total_road,direct_ghg_emissions,62.27354238393973,Mt CO2-e
9. TRANSPORT ENERGY AND ENVIRONEMENT.xlsx,Table 9.4,road_direct_ghg_by_vehicle_type,,financial_year,1996-97,Cars,cars,direct_ghg_emissions,39.932954173557555,Mt CO2-e
9. TRANSPORT ENERGY AND ENVIRONEMENT.xlsx,Table 9.4,road_direct_ghg_by_vehicle_type,,financial_year,1996-97,Light commercial vehicles,light_commercial_vehicles,direct_ghg_emissions,9.067845904401173,Mt CO2-e
9. TRANSPORT ENERGY AND ENVIRONEMENT.xlsx,Table 9.4,road_direct_ghg_by_vehicle_type,,financial_year,1996-97,Articulated trucks,articulated_trucks,direct_ghg_emissions,7.388888469911583,Mt CO2-e
9. TRANSPORT ENERGY AND ENVIRONEMENT.xlsx,Table 9.4,road_direct_ghg_by_vehicle_type,,financial_year,1996-97,Rigid and other trucks,rigid_and_other_trucks,direct_ghg_emissions,5.425834121956922,Mt CO2-e
9. TRANSPORT ENERGY AND ENVIRONEMENT.xlsx,Table 9.4,road_direct_ghg_by_vehicle_type,,financial_year,1996-97,Buses,buses,direct_ghg_emissions,1.2779980043090575,Mt CO2-e
9. TRANSPORT ENERGY AND ENVIRONEMENT.xlsx,Table 9.4,road_direct_ghg_by_vehicle_type,,financial_year,1996-97,Motor cycles,motor_cycles,direct_ghg_emissions,0.2169686512336609,Mt CO2-e
9. TRANSPORT ENERGY AND ENVIRONEMENT.xlsx,Table 9.4,road_direct_ghg_by_vehicle_type,,financial_year,1996-97,Total road,total_road,direct_ghg_emissions,63.31048932536995,Mt CO2-e
9. TRANSPORT ENERGY AND ENVIRONEMENT.xlsx,Table 9.4,road_direct_ghg_by_vehicle_type,,financial_year,1997-98,Cars,cars,direct_ghg_emissions,40.16240545485563,Mt CO2-e
9. TRANSPORT ENERGY AND ENVIRONEMENT.xlsx,Table 9.4,road_direct_ghg_by_vehicle_type,,financial_year,1997-98,Light commercial vehicles,light_commercial_vehicles,direct_ghg_emissions,9.471684257740709,Mt CO2-e
9. TRANSPORT ENERGY AND ENVIRONEMENT.xlsx,Table 9.4,road_direct_ghg_by_vehicle_type,,financial_year,1997-98,Articulated trucks,articulated_trucks,direct_ghg_emissions,7.705518939126811,Mt CO2-e
9. TRANSPORT ENERGY AND ENVIRONEMENT.xlsx,Table 9.4,road_direct_ghg_by_vehicle_type,,financial_year,1997-98,Rigid and other trucks,rigid_and_other_trucks,direct_ghg_emissions,5.505441871668168,Mt CO2-e
9. TRANSPORT ENERGY AND ENVIRONEMENT.xlsx,Table 9.4,road_direct_ghg_by_vehicle_type,,financial_year,1997-98,Buses,buses,direct_ghg_emissions,1.3062983212238193,Mt CO2-e
9. TRANSPORT ENERGY AND ENVIRONEMENT.xlsx,Table 9.4,road_direct_ghg_by_vehicle_type,,financial_year,1997-98,Motor cycles,motor_cycles,direct_ghg_emissions,0.20874789172186647,Mt CO2-e
9. TRANSPORT ENERGY AND ENVIRONEMENT.xlsx,Table 9.4,road_direct_ghg_by_vehicle_type,,financial_year,1997-98,Total road,total_road,direct_ghg_emissions,64.360096736337,Mt CO2-e
9. TRANSPORT ENERGY AND ENVIRONEMENT.xlsx,Table 9.4,road_direct_ghg_by_vehicle_type,,financial_year,1998-99,Cars,cars,direct_ghg_emissions,40.856910341017226,Mt CO2-e
9. TRANSPORT ENERGY AND ENVIRONEMENT.xlsx,Table 9.4,road_direct_ghg_by_vehicle_type,,financial_year,1998-99,Light commercial vehicles,light_commercial_vehicles,direct_ghg_emissions,9.704667798870663,Mt CO2-e
9. TRANSPORT ENERGY AND ENVIRONEMENT.xlsx,Table 9.4,road_direct_ghg_by_vehicle_type,,financial_year,1998-99,Articulated trucks,articulated_trucks,direct_ghg_emissions,7.973718942089417,Mt CO2-e
9. TRANSPORT ENERGY AND ENVIRONEMENT.xlsx,Table 9.4,road_direct_ghg_by_vehicle_type,,financial_year,1998-99,Rigid and other trucks,rigid_and_other_trucks,direct_ghg_emissions,5.472831541523319,Mt CO2-e
9. TRANSPORT ENERGY AND ENVIRONEMENT.xlsx,Table 9.4,road_direct_ghg_by_vehicle_type,,financial_year,1998-99,Buses,buses,direct_ghg_emissions,1.3192730496795073,Mt CO2-e
9. TRANSPORT ENERGY AND ENVIRONEMENT.xlsx,Table 9.4,road_direct_ghg_by_vehicle_type,,financial_year,1998-99,Motor cycles,motor_cycles,direct_ghg_emissions,0.2008226359668143,Mt CO2-e
9. TRANSPORT ENERGY AND ENVIRONEMENT.xlsx,Table 9.4,road_direct_ghg_by_vehicle_type,,financial_year,1998-99,Total road,total_road,direct_ghg_emissions,65.52822430914695,Mt CO2-e
9. TRANSPORT ENERGY AND ENVIRONEMENT.xlsx,Table 9.4,road_direct_ghg_by_vehicle_type,,financial_year,1999-00,Cars,cars,direct_ghg_emissions,41.52424824298691,Mt CO2-e
9. TRANSPORT ENERGY AND ENVIRONEMENT.xlsx,Table 9.4,road_direct_ghg_by_vehicle_type,,financial_year,1999-00,Light commercial vehicles,light_commercial_vehicles,direct_ghg_emissions,9.899835393737305,Mt CO2-e
9. TRANSPORT ENERGY AND ENVIRONEMENT.xlsx,Table 9.4,road_direct_ghg_by_vehicle_type,,financial_year,1999-00,Articulated trucks,articulated_trucks,direct_ghg_emissions,8.23221998577993,Mt CO2-e
9. TRANSPORT ENERGY AND ENVIRONEMENT.xlsx,Table 9.4,road_direct_ghg_by_vehicle_type,,financial_year,1999-00,Rigid and other trucks,rigid_and_other_trucks,direct_ghg_emissions,5.561351049561522,Mt CO2-e
9. TRANSPORT ENERGY AND ENVIRONEMENT.xlsx,Table 9.4,road_direct_ghg_by_vehicle_type,,financial_year,1999-00,Buses,buses,direct_ghg_emissions,1.355771365888269,Mt CO2-e
9. TRANSPORT ENERGY AND ENVIRONEMENT.xlsx,Table 9.4,road_direct_ghg_by_vehicle_type,,financial_year,1999-00,Motor cycles,motor_cycles,direct_ghg_emissions,0.2033623676312086,Mt CO2-e
9. TRANSPORT ENERGY AND ENVIRONEMENT.xlsx,Table 9.4,road_direct_ghg_by_vehicle_type,,financial_year,1999-00,Total road,total_road,direct_ghg_emissions,66.77678840558514,Mt CO2-e
9. TRANSPORT ENERGY AND ENVIRONEMENT.xlsx,Table 9.4,road_direct_ghg_by_vehicle_type,,financial_year,2000-01,Cars,cars,direct_ghg_emissions,41.08656324076744,Mt CO2-e
9. TRANSPORT ENERGY AND ENVIRONEMENT.xlsx,Table 9.4,road_direct_ghg_by_vehicle_type,,financial_year,2000-01,Light commercial vehicles,light_commercial_vehicles,direct_ghg_emissions,10.023887457195208,Mt CO2-e
9. TRANSPORT ENERGY AND ENVIRONEMENT.xlsx,Table 9.4,road_direct_ghg_by_vehicle_type,,financial_year,2000-01,Articulated trucks,articulated_trucks,direct_ghg_emissions,8.163439341295915,Mt CO2-e
9. TRANSPORT ENERGY AND ENVIRONEMENT.xlsx,Table 9.4,road_direct_ghg_by_vehicle_type,,financial_year,2000-01,Rigid and other trucks,rigid_and_other_trucks,direct_ghg_emissions,5.436532777979952,Mt CO2-e
9. TRANSPORT ENERGY AND ENVIRONEMENT.xlsx,Table 9.4,road_direct_ghg_by_vehicle_type,,financial_year,2000-01,Buses,buses,direct_ghg_emissions,1.3782205742314833,Mt CO2-e
9. TRANSPORT ENERGY AND ENVIRONEMENT.xlsx,Table 9.4,road_direct_ghg_by_vehicle_type,,financial_year,2000-01,Motor cycles,motor_cycles,direct_ghg_emissions,0.20945953082268873,Mt CO2-e
9. TRANSPORT ENERGY AND ENVIRONEMENT.xlsx,Table 9.4,road_direct_ghg_by_vehicle_type,,financial_year,2000-01,Total road,total_road,direct_ghg_emissions,66.29810292229268,Mt CO2-e
9. TRANSPORT ENERGY AND ENVIRONEMENT.xlsx,Table 9.4,road_direct_ghg_by_vehicle_type,,financial_year,2001-02,Cars,cars,direct_ghg_emissions,42.020809445735374,Mt CO2-e
9. TRANSPORT ENERGY AND ENVIRONEMENT.xlsx,Table 9.4,road_direct_ghg_by_vehicle_type,,financial_year,2001-02,Light commercial vehicles,light_commercial_vehicles,direct_ghg_emissions,10.438601043264162,Mt CO2-e
9. TRANSPORT ENERGY AND ENVIRONEMENT.xlsx,Table 9.4,road_direct_ghg_by_vehicle_type,,financial_year,2001-02,Articulated trucks,articulated_trucks,direct_ghg_emissions,8.444275619415333,Mt CO2-e
9. TRANSPORT ENERGY AND ENVIRONEMENT.xlsx,Table 9.4,road_direct_ghg_by_vehicle_type,,financial_year,2001-02,Rigid and other trucks,rigid_and_other_trucks,direct_ghg_emissions,5.631398275928819,Mt CO2-e
9. TRANSPORT ENERGY AND ENVIRONEMENT.xlsx,Table 9.4,road_direct_ghg_by_vehicle_type,,financial_year,2001-02,Buses,buses,direct_ghg_emissions,1.3778412859069407,Mt CO2-e
9. TRANSPORT ENERGY AND ENVIRONEMENT.xlsx,Table 9.4,road_direct_ghg_by_vehicle_type,,financial_year,2001-02,Motor cycles,motor_cycles,direct_ghg_emissions,0.22228888345796838,Mt CO2-e
9. TRANSPORT ENERGY AND ENVIRONEMENT.xlsx,Table 9.4,road_direct_ghg_by_vehicle_type,,financial_year,2001-02,Total road,total_road,direct_ghg_emissions,68.1352145537086,Mt CO2-e
9. TRANSPORT ENERGY AND ENVIRONEMENT.xlsx,Table 9.4,road_direct_ghg_by_vehicle_type,,financial_year,2002-03,Cars,cars,direct_ghg_emissions,42.92136696820776,Mt CO2-e
9. TRANSPORT ENERGY AND ENVIRONEMENT.xlsx,Table 9.4,road_direct_ghg_by_vehicle_type,,financial_year,2002-03,Light commercial vehicles,light_commercial_vehicles,direct_ghg_emissions,10.725703338873616,Mt CO2-e
9. TRANSPORT ENERGY AND ENVIRONEMENT.xlsx,Table 9.4,road_direct_ghg_by_vehicle_type,,financial_year,2002-03,Articulated trucks,articulated_trucks,direct_ghg_emissions,8.756353645072524,Mt CO2-e
9. TRANSPORT ENERGY AND ENVIRONEMENT.xlsx,Table 9.4,road_direct_ghg_by_vehicle_type,,financial_year,2002-03,Rigid and other trucks,rigid_and_other_trucks,direct_ghg_emissions,5.856483476236496,Mt CO2-e
9. TRANSPORT ENERGY AND ENVIRONEMENT.xlsx,Table 9.4,road_direct_ghg_by_vehicle_type,,financial_year,2002-03,Buses,buses,direct_ghg_emissions,1.4271228747226214,Mt CO2-e
9. TRANSPORT ENERGY AND ENVIRONEMENT.xlsx,Table 9.4,road_direct_ghg_by_vehicle_type,,financial_year,2002-03,Motor cycles,motor_cycles,direct_ghg_emissions,0.21819041862775587,Mt CO2-e
9. TRANSPORT ENERGY AND ENVIRONEMENT.xlsx,Table 9.4,road_direct_ghg_by_vehicle_type,,financial_year,2002-03,Total road,total_road,direct_ghg_emissions,69.90522072174078,Mt CO2-e
9. TRANSPORT ENERGY AND ENVIRONEMENT.xlsx,Table 9.4,road_direct_ghg_by_vehicle_type,,financial_year,2003-04,Cars,cars,direct_ghg_emissions,44.96449694105169,Mt CO2-e
9. TRANSPORT ENERGY AND ENVIRONEMENT.xlsx,Table 9.4,road_direct_ghg_by_vehicle_type,,financial_year,2003-04,Light commercial vehicles,light_commercial_vehicles,direct_ghg_emissions,11.068560234477262,Mt CO2-e
9. TRANSPORT ENERGY AND ENVIRONEMENT.xlsx,Table 9.4,road_direct_ghg_by_vehicle_type,,financial_year,2003-04,Articulated trucks,articulated_trucks,direct_ghg_emissions,9.084571630467224,Mt CO2-e
9. TRANSPORT ENERGY AND ENVIRONEMENT.xlsx,Table 9.4,road_direct_ghg_by_vehicle_type,,financial_year,2003-04,Rigid and other trucks,rigid_and_other_trucks,direct_ghg_emissions,5.9843687549060505,Mt CO2-e
9. TRANSPORT ENERGY AND ENVIRONEMENT.xlsx,Table 9.4,road_direct_ghg_by_vehicle_type,,financial_year,2003-04,Buses,buses,direct_ghg_emissions,1.4466240785392515,Mt CO2-e
9. TRANSPORT ENERGY AND ENVIRONEMENT.xlsx,Table 9.4,road_direct_ghg_by_vehicle_type,,financial_year,2003-04,Motor cycles,motor_cycles,direct_ghg_emissions,0.22954992159498555,Mt CO2-e
9. TRANSPORT ENERGY AND ENVIRONEMENT.xlsx,Table 9.4,road_direct_ghg_by_vehicle_type,,financial_year,2003-04,Total road,total_road,direct_ghg_emissions,72.77817156103647,Mt CO2-e
9. TRANSPORT ENERGY AND ENVIRONEMENT.xlsx,Table 9.4,road_direct_ghg_by_vehicle_type,,financial_year,2004-05,Cars,cars,direct_ghg_emissions,44.74953313000248,Mt CO2-e
9. TRANSPORT ENERGY AND ENVIRONEMENT.xlsx,Table 9.4,road_direct_ghg_by_vehicle_type,,financial_year,2004-05,Light commercial vehicles,light_commercial_vehicles,direct_ghg_emissions,11.117537457539793,Mt CO2-e
9. TRANSPORT ENERGY AND ENVIRONEMENT.xlsx,Table 9.4,road_direct_ghg_by_vehicle_type,,financial_year,2004-05,Articulated trucks,articulated_trucks,direct_ghg_emissions,9.379108691269868,Mt CO2-e
9. TRANSPORT ENERGY AND ENVIRONEMENT.xlsx,Table 9.4,road_direct_ghg_by_vehicle_type,,financial_year,2004-05,Rigid and other trucks,rigid_and_other_trucks,direct_ghg_emissions,6.205857629765043,Mt CO2-e
9. TRANSPORT ENERGY AND ENVIRONEMENT.xlsx,Table 9.4,road_direct_ghg_by_vehicle_type,,financial_year,2004-05,Buses,buses,direct_ghg_emissions,1.451672125846703,Mt CO2-e
9. TRANSPORT ENERGY AND ENVIRONEMENT.xlsx,Table 9.4,road_direct_ghg_by_vehicle_type,,financial_year,2004-05,Motor cycles,motor_cycles,direct_ghg_emissions,0.24753144215459766,Mt CO2-e
9. TRANSPORT ENERGY AND ENVIRONEMENT.xlsx,Table 9.4,road_direct_ghg_by_vehicle_type,,financial_year,2004-05,Total road,total_road,direct_ghg_emissions,73.15124047657848,Mt CO2-e
9. TRANSPORT ENERGY AND ENVIRONEMENT.xlsx,Table 9.4,road_direct_ghg_by_vehicle_type,,financial_year,2005-06,Cars,cars,direct_ghg_emissions,43.546900902612386,Mt CO2-e
9. TRANSPORT ENERGY AND ENVIRONEMENT.xlsx,Table 9.4,road_direct_ghg_by_vehicle_type,,financial_year,2005-06,Light commercial vehicles,light_commercial_vehicles,direct_ghg_emissions,11.404895984535603,Mt CO2-e
9. TRANSPORT ENERGY AND ENVIRONEMENT.xlsx,Table 9.4,road_direct_ghg_by_vehicle_type,,financial_year,2005-06,Articulated trucks,articulated_trucks,direct_ghg_emissions,9.59620989106037,Mt CO2-e
9. TRANSPORT ENERGY AND ENVIRONEMENT.xlsx,Table 9.4,road_direct_ghg_by_vehicle_type,,financial_year,2005-06,Rigid and other trucks,rigid_and_other_trucks,direct_ghg_emissions,6.4603149957566695,Mt CO2-e
9. TRANSPORT ENERGY AND ENVIRONEMENT.xlsx,Table 9.4,road_direct_ghg_by_vehicle_type,,financial_year,2005-06,Buses,buses,direct_ghg_emissions,1.4817226887615758,Mt CO2-e
9. TRANSPORT ENERGY AND ENVIRONEMENT.xlsx,Table 9.4,road_direct_ghg_by_vehicle_type,,financial_year,2005-06,Motor cycles,motor_cycles,direct_ghg_emissions,0.2693746089950513,Mt CO2-e
9. TRANSPORT ENERGY AND ENVIRONEMENT.xlsx,Table 9.4,road_direct_ghg_by_vehicle_type,,financial_year,2005-06,Total road,total_road,direct_ghg_emissions,72.75941907172164,Mt CO2-e
9. TRANSPORT ENERGY AND ENVIRONEMENT.xlsx,Table 9.4,road_direct_ghg_by_vehicle_type,,financial_year,2006-07,Cars,cars,direct_ghg_emissions,43.8329006506957,Mt CO2-e
9. TRANSPORT ENERGY AND ENVIRONEMENT.xlsx,Table 9.4,road_direct_ghg_by_vehicle_type,,financial_year,2006-07,Light commercial vehicles,light_commercial_vehicles,direct_ghg_emissions,11.795564565543685,Mt CO2-e
9. TRANSPORT ENERGY AND ENVIRONEMENT.xlsx,Table 9.4,road_direct_ghg_by_vehicle_type,,financial_year,2006-07,Articulated trucks,articulated_trucks,direct_ghg_emissions,10.019974213855244,Mt CO2-e
9. TRANSPORT ENERGY AND ENVIRONEMENT.xlsx,Table 9.4,road_direct_ghg_by_vehicle_type,,financial_year,2006-07,Rigid and other trucks,rigid_and_other_trucks,direct_ghg_emissions,6.667318412791847,Mt CO2-e
9. TRANSPORT ENERGY AND ENVIRONEMENT.xlsx,Table 9.4,road_direct_ghg_by_vehicle_type,,financial_year,2006-07,Buses,buses,direct_ghg_emissions,1.4851430187941412,Mt CO2-e
9. TRANSPORT ENERGY AND ENVIRONEMENT.xlsx,Table 9.4,road_direct_ghg_by_vehicle_type,,financial_year,2006-07,Motor cycles,motor_cycles,direct_ghg_emissions,0.2929501094016758,Mt CO2-e
9. TRANSPORT ENERGY AND ENVIRONEMENT.xlsx,Table 9.4,road_direct_ghg_by_vehicle_type,,financial_year,2006-07,Total road,total_road,direct_ghg_emissions,74.0938509710823,Mt CO2-e
9. TRANSPORT ENERGY AND ENVIRONEMENT.xlsx,Table 9.4,road_direct_ghg_by_vehicle_type,,financial_year,2007-08,Cars,cars,direct_ghg_emissions,43.84970394446019,Mt CO2-e
9. TRANSPORT ENERGY AND ENVIRONEMENT.xlsx,Table 9.4,road_direct_ghg_by_vehicle_type,,financial_year,2007-08,Light commercial vehicles,light_commercial_vehicles,direct_ghg_emissions,12.302330182423283,Mt CO2-e
9. TRANSPORT ENERGY AND ENVIRONEMENT.xlsx,Table 9.4,road_direct_ghg_by_vehicle_type,,financial_year,2007-08,Articulated trucks,articulated_trucks,direct_ghg_emissions,10.298259876179495,Mt CO2-e
9. TRANSPORT ENERGY AND ENVIRONEMENT.xlsx,Table 9.4,road_direct_ghg_by_vehicle_type,,financial_year,2007-08,Rigid and other trucks,rigid_and_other_trucks,direct_ghg_emissions,6.852189374696388,Mt CO2-e
9. TRANSPORT ENERGY AND ENVIRONEMENT.xlsx,Table 9.4,road_direct_ghg_by_vehicle_type,,financial_year,2007-08,Buses,buses,direct_ghg_emissions,1.4982793721831533,Mt CO2-e
9. TRANSPORT ENERGY AND ENVIRONEMENT.xlsx,Table 9.4,road_direct_ghg_by_vehicle_type,,financial_year,2007-08,Motor cycles,motor_cycles,direct_ghg_emissions,0.31595513000427405,Mt CO2-e
9. TRANSPORT ENERGY AND ENVIRONEMENT.xlsx,Table 9.4,road_direct_ghg_by_vehicle_type,,financial_year,2007-08,Total road,total_road,direct_ghg_emissions,75.11671787994679,Mt CO2-e
9. TRANSPORT ENERGY AND ENVIRONEMENT.xlsx,Table 9.4,road_direct_ghg_by_vehicle_type,,financial_year,2008-09,Cars,cars,direct_ghg_emissions,43.35835705564184,Mt CO2-e
9. TRANSPORT ENERGY AND ENVIRONEMENT.xlsx,Table 9.4,road_direct_ghg_by_vehicle_type,,financial_year,2008-09,Light commercial vehicles,light_commercial_vehicles,direct_ghg_emissions,12.65166502779673,Mt CO2-e
9. TRANSPORT ENERGY AND ENVIRONEMENT.xlsx,Table 9.4,road_direct_ghg_by_vehicle_type,,financial_year,2008-09,Articulated trucks,articulated_trucks,direct_ghg_emissions,10.197585928396304,Mt CO2-e
9. TRANSPORT ENERGY AND ENVIRONEMENT.xlsx,Table 9.4,road_direct_ghg_by_vehicle_type,,financial_year,2008-09,Rigid and other trucks,rigid_and_other_trucks,direct_ghg_emissions,6.76075269539052,Mt CO2-e
9. TRANSPORT ENERGY AND ENVIRONEMENT.xlsx,Table 9.4,road_direct_ghg_by_vehicle_type,,financial_year,2008-09,Buses,buses,direct_ghg_emissions,1.5376846598873068,Mt CO2-e
9. TRANSPORT ENERGY AND ENVIRONEMENT.xlsx,Table 9.4,road_direct_ghg_by_vehicle_type,,financial_year,2008-09,Motor cycles,motor_cycles,direct_ghg_emissions,0.33244556019067795,Mt CO2-e
9. TRANSPORT ENERGY AND ENVIRONEMENT.xlsx,Table 9.4,road_direct_ghg_by_vehicle_type,,financial_year,2008-09,Total road,total_road,direct_ghg_emissions,74.83849092730338,Mt CO2-e
9. TRANSPORT ENERGY AND ENVIRONEMENT.xlsx,Table 9.4,road_direct_ghg_by_vehicle_type,,financial_year,2009-10,Cars,cars,direct_ghg_emissions,43.38342841462001,Mt CO2-e
9. TRANSPORT ENERGY AND ENVIRONEMENT.xlsx,Table 9.4,road_direct_ghg_by_vehicle_type,,financial_year,2009-10,Light commercial vehicles,light_commercial_vehicles,direct_ghg_emissions,13.141147317397982,Mt CO2-e
9. TRANSPORT ENERGY AND ENVIRONEMENT.xlsx,Table 9.4,road_direct_ghg_by_vehicle_type,,financial_year,2009-10,Articulated trucks,articulated_trucks,direct_ghg_emissions,10.375597162821828,Mt CO2-e
9. TRANSPORT ENERGY AND ENVIRONEMENT.xlsx,Table 9.4,road_direct_ghg_by_vehicle_type,,financial_year,2009-10,Rigid and other trucks,rigid_and_other_trucks,direct_ghg_emissions,6.949592441539174,Mt CO2-e
9. TRANSPORT ENERGY AND ENVIRONEMENT.xlsx,Table 9.4,road_direct_ghg_by_vehicle_type,,financial_year,2009-10,Buses,buses,direct_ghg_emissions,1.5745902455650118,Mt CO2-e
9. TRANSPORT ENERGY AND ENVIRONEMENT.xlsx,Table 9.4,road_direct_ghg_by_vehicle_type,,financial_year,2009-10,Motor cycles,motor_cycles,direct_ghg_emissions,0.3430192741210903,Mt CO2-e
9. TRANSPORT ENERGY AND ENVIRONEMENT.xlsx,Table 9.4,road_direct_ghg_by_vehicle_type,,financial_year,2009-10,Total road,total_road,direct_ghg_emissions,75.7673748560651,Mt CO2-e
9. TRANSPORT ENERGY AND ENVIRONEMENT.xlsx,Table 9.4,road_direct_ghg_by_vehicle_type,,financial_year,2010-11,Cars,cars,direct_ghg_emissions,41.34027,Mt CO2-e
9. TRANSPORT ENERGY AND ENVIRONEMENT.xlsx,Table 9.4,road_direct_ghg_by_vehicle_type,,financial_year,2010-11,Light commercial vehicles,light_commercial_vehicles,direct_ghg_emissions,13.86986,Mt CO2-e
9. TRANSPORT ENERGY AND ENVIRONEMENT.xlsx,Table 9.4,road_direct_ghg_by_vehicle_type,,financial_year,2010-11,Articulated trucks,articulated_trucks,direct_ghg_emissions,11.12718,Mt CO2-e
9. TRANSPORT ENERGY AND ENVIRONEMENT.xlsx,Table 9.4,road_direct_ghg_by_vehicle_type,,financial_year,2010-11,Rigid and other trucks,rigid_and_other_trucks,direct_ghg_emissions,7.109928,Mt CO2-e
9. TRANSPORT ENERGY AND ENVIRONEMENT.xlsx,Table 9.4,road_direct_ghg_by_vehicle_type,,financial_year,2010-11,Buses,buses,direct_ghg_emissions,1.668737,Mt CO2-e
9. TRANSPORT ENERGY AND ENVIRONEMENT.xlsx,Table 9.4,road_direct_ghg_by_vehicle_type,,financial_year,2010-11,Motor cycles,motor_cycles,direct_ghg_emissions,0.2829323,Mt CO2-e
9. TRANSPORT ENERGY AND ENVIRONEMENT.xlsx,Table 9.4,road_direct_ghg_by_vehicle_type,,financial_year,2010-11,Total road,total_road,direct_ghg_emissions,75.39890729999998,Mt CO2-e
9. TRANSPORT ENERGY AND ENVIRONEMENT.xlsx,Table 9.4,road_direct_ghg_by_vehicle_type,,financial_year,2011-12,Cars,cars,direct_ghg_emissions,41.47369,Mt CO2-e
9. TRANSPORT ENERGY AND ENVIRONEMENT.xlsx,Table 9.4,road_direct_ghg_by_vehicle_type,,financial_year,2011-12,Light commercial vehicles,light_commercial_vehicles,direct_ghg_emissions,13.83901,Mt CO2-e
9. TRANSPORT ENERGY AND ENVIRONEMENT.xlsx,Table 9.4,road_direct_ghg_by_vehicle_type,,financial_year,2011-12,Articulated trucks,articulated_trucks,direct_ghg_emissions,11.68679,Mt CO2-e
9. TRANSPORT ENERGY AND ENVIRONEMENT.xlsx,Table 9.4,road_direct_ghg_by_vehicle_type,,financial_year,2011-12,Rigid and other trucks,rigid_and_other_trucks,direct_ghg_emissions,7.306611,Mt CO2-e
9. TRANSPORT ENERGY AND ENVIRONEMENT.xlsx,Table 9.4,road_direct_ghg_by_vehicle_type,,financial_year,2011-12,Buses,buses,direct_ghg_emissions,1.699914,Mt CO2-e
9. TRANSPORT ENERGY AND ENVIRONEMENT.xlsx,Table 9.4,road_direct_ghg_by_vehicle_type,,financial_year,2011-12,Motor cycles,motor_cycles,direct_ghg_emissions,0.2803712,Mt CO2-e
9. TRANSPORT ENERGY AND ENVIRONEMENT.xlsx,Table 9.4,road_direct_ghg_by_vehicle_type,,financial_year,2011-12,Total road,total_road,direct_ghg_emissions,76.28638620000001,Mt CO2-e
9. TRANSPORT ENERGY AND ENVIRONEMENT.xlsx,Table 9.4,road_direct_ghg_by_vehicle_type,,financial_year,2012-13,Cars,cars,direct_ghg_emissions,41.29238,Mt CO2-e
9. TRANSPORT ENERGY AND ENVIRONEMENT.xlsx,Table 9.4,road_direct_ghg_by_vehicle_type,,financial_year,2012-13,Light commercial vehicles,light_commercial_vehicles,direct_ghg_emissions,13.94001,Mt CO2-e
9. TRANSPORT ENERGY AND ENVIRONEMENT.xlsx,Table 9.4,road_direct_ghg_by_vehicle_type,,financial_year,2012-13,Articulated trucks,articulated_trucks,direct_ghg_emissions,11.91655,Mt CO2-e
9. TRANSPORT ENERGY AND ENVIRONEMENT.xlsx,Table 9.4,road_direct_ghg_by_vehicle_type,,financial_year,2012-13,Rigid and other trucks,rigid_and_other_trucks,direct_ghg_emissions,7.387616,Mt CO2-e
9. TRANSPORT ENERGY AND ENVIRONEMENT.xlsx,Table 9.4,road_direct_ghg_by_vehicle_type,,financial_year,2012-13,Buses,buses,direct_ghg_emissions,1.71853,Mt CO2-e
9. TRANSPORT ENERGY AND ENVIRONEMENT.xlsx,Table 9.4,road_direct_ghg_by_vehicle_type,,financial_year,2012-13,Motor cycles,motor_cycles,direct_ghg_emissions,0.2799911,Mt CO2-e
9. TRANSPORT ENERGY AND ENVIRONEMENT.xlsx,Table 9.4,road_direct_ghg_by_vehicle_type,,financial_year,2012-13,Total road,total_road,direct_ghg_emissions,76.53507710000001,Mt CO2-e
9. TRANSPORT ENERGY AND ENVIRONEMENT.xlsx,Table 9.4,road_direct_ghg_by_vehicle_type,,financial_year,2013-14,Cars,cars,direct_ghg_emissions,41.50754,Mt CO2-e
9. TRANSPORT ENERGY AND ENVIRONEMENT.xlsx,Table 9.4,road_direct_ghg_by_vehicle_type,,financial_year,2013-14,Light commercial vehicles,light_commercial_vehicles,direct_ghg_emissions,14.241,Mt CO2-e
9. TRANSPORT ENERGY AND ENVIRONEMENT.xlsx,Table 9.4,road_direct_ghg_by_vehicle_type,,financial_year,2013-14,Articulated trucks,articulated_trucks,direct_ghg_emissions,12.12827,Mt CO2-e
9. TRANSPORT ENERGY AND ENVIRONEMENT.xlsx,Table 9.4,road_direct_ghg_by_vehicle_type,,financial_year,2013-14,Rigid and other trucks,rigid_and_other_trucks,direct_ghg_emissions,7.537293,Mt CO2-e
9. TRANSPORT ENERGY AND ENVIRONEMENT.xlsx,Table 9.4,road_direct_ghg_by_vehicle_type,,financial_year,2013-14,Buses,buses,direct_ghg_emissions,1.732706,Mt CO2-e
9. TRANSPORT ENERGY AND ENVIRONEMENT.xlsx,Table 9.4,road_direct_ghg_by_vehicle_type,,financial_year,2013-14,Motor cycles,motor_cycles,direct_ghg_emissions,0.2743186,Mt CO2-e
9. TRANSPORT ENERGY AND ENVIRONEMENT.xlsx,Table 9.4,road_direct_ghg_by_vehicle_type,,financial_year,2013-14,Total road,total_road,direct_ghg_emissions,77.4211276,Mt CO2-e
9. TRANSPORT ENERGY AND ENVIRONEMENT.xlsx,Table 9.4,road_direct_ghg_by_vehicle_type,,financial_year,2014-15,Cars,cars,direct_ghg_emissions,41.06108,Mt CO2-e
9. TRANSPORT ENERGY AND ENVIRONEMENT.xlsx,Table 9.4,road_direct_ghg_by_vehicle_type,,financial_year,2014-15,Light commercial vehicles,light_commercial_vehicles,direct_ghg_emissions,14.07846,Mt CO2-e
9. TRANSPORT ENERGY AND ENVIRONEMENT.xlsx,Table 9.4,road_direct_ghg_by_vehicle_type,,financial_year,2014-15,Articulated trucks,articulated_trucks,direct_ghg_emissions,12.222,Mt CO2-e
9. TRANSPORT ENERGY AND ENVIRONEMENT.xlsx,Table 9.4,road_direct_ghg_by_vehicle_type,,financial_year,2014-15,Rigid and other trucks,rigid_and_other_trucks,direct_ghg_emissions,7.577438,Mt CO2-e
9. TRANSPORT ENERGY AND ENVIRONEMENT.xlsx,Table 9.4,road_direct_ghg_by_vehicle_type,,financial_year,2014-15,Buses,buses,direct_ghg_emissions,1.718485,Mt CO2-e
9. TRANSPORT ENERGY AND ENVIRONEMENT.xlsx,Table 9.4,road_direct_ghg_by_vehicle_type,,financial_year,2014-15,Motor cycles,motor_cycles,direct_ghg_emissions,0.2738187,Mt CO2-e
9. TRANSPORT ENERGY AND ENVIRONEMENT.xlsx,Table 9.4,road_direct_ghg_by_vehicle_type,,financial_year,2014-15,Total road,total_road,direct_ghg_emissions,76.9312817,Mt CO2-e
9. TRANSPORT ENERGY AND ENVIRONEMENT.xlsx,Table 9.4,road_direct_ghg_by_vehicle_type,,financial_year,2015-16,Cars,cars,direct_ghg_emissions,42.17043,Mt CO2-e
9. TRANSPORT ENERGY AND ENVIRONEMENT.xlsx,Table 9.4,road_direct_ghg_by_vehicle_type,,financial_year,2015-16,Light commercial vehicles,light_commercial_vehicles,direct_ghg_emissions,15.18451,Mt CO2-e
9. TRANSPORT ENERGY AND ENVIRONEMENT.xlsx,Table 9.4,road_direct_ghg_by_vehicle_type,,financial_year,2015-16,Articulated trucks,articulated_trucks,direct_ghg_emissions,12.28826,Mt CO2-e
9. TRANSPORT ENERGY AND ENVIRONEMENT.xlsx,Table 9.4,road_direct_ghg_by_vehicle_type,,financial_year,2015-16,Rigid and other trucks,rigid_and_other_trucks,direct_ghg_emissions,7.78348,Mt CO2-e
9. TRANSPORT ENERGY AND ENVIRONEMENT.xlsx,Table 9.4,road_direct_ghg_by_vehicle_type,,financial_year,2015-16,Buses,buses,direct_ghg_emissions,1.714391,Mt CO2-e
9. TRANSPORT ENERGY AND ENVIRONEMENT.xlsx,Table 9.4,road_direct_ghg_by_vehicle_type,,financial_year,2015-16,Motor cycles,motor_cycles,direct_ghg_emissions,0.2726155,Mt CO2-e
9. TRANSPORT ENERGY AND ENVIRONEMENT.xlsx,Table 9.4,road_direct_ghg_by_vehicle_type,,financial_year,2015-16,Total road,total_road,direct_ghg_emissions,79.4136865,Mt CO2-e
9. TRANSPORT ENERGY AND ENVIRONEMENT.xlsx,Table 9.4,road_direct_ghg_by_vehicle_type,,financial_year,2016-17,Cars,cars,direct_ghg_emissions,41.9444,Mt CO2-e
9. TRANSPORT ENERGY AND ENVIRONEMENT.xlsx,Table 9.4,road_direct_ghg_by_vehicle_type,,financial_year,2016-17,Light commercial vehicles,light_commercial_vehicles,direct_ghg_emissions,15.34202,Mt CO2-e
9. TRANSPORT ENERGY AND ENVIRONEMENT.xlsx,Table 9.4,road_direct_ghg_by_vehicle_type,,financial_year,2016-17,Articulated trucks,articulated_trucks,direct_ghg_emissions,12.3081,Mt CO2-e
9. TRANSPORT ENERGY AND ENVIRONEMENT.xlsx,Table 9.4,road_direct_ghg_by_vehicle_type,,financial_year,2016-17,Rigid and other trucks,rigid_and_other_trucks,direct_ghg_emissions,8.136188,Mt CO2-e
9. TRANSPORT ENERGY AND ENVIRONEMENT.xlsx,Table 9.4,road_direct_ghg_by_vehicle_type,,financial_year,2016-17,Buses,buses,direct_ghg_emissions,1.757596,Mt CO2-e
9. TRANSPORT ENERGY AND ENVIRONEMENT.xlsx,Table 9.4,road_direct_ghg_by_vehicle_type,,financial_year,2016-17,Motor cycles,motor_cycles,direct_ghg_emissions,0.2717671,Mt CO2-e
9. TRANSPORT ENERGY AND ENVIRONEMENT.xlsx,Table 9.4,road_direct_ghg_by_vehicle_type,,financial_year,2016-17,Total road,total_road,direct_ghg_emissions,79.76007110000002,Mt CO2-e
9. TRANSPORT ENERGY AND ENVIRONEMENT.xlsx,Table 9.4,road_direct_ghg_by_vehicle_type,,financial_year,2017-18,Cars,cars,direct_ghg_emissions,43.49225,Mt CO2-e
9. TRANSPORT ENERGY AND ENVIRONEMENT.xlsx,Table 9.4,road_direct_ghg_by_vehicle_type,,financial_year,2017-18,Light commercial vehicles,light_commercial_vehicles,direct_ghg_emissions,16.58995,Mt CO2-e
9. TRANSPORT ENERGY AND ENVIRONEMENT.xlsx,Table 9.4,road_direct_ghg_by_vehicle_type,,financial_year,2017-18,Articulated trucks,articulated_trucks,direct_ghg_emissions,12.32796,Mt CO2-e
9. TRANSPORT ENERGY AND ENVIRONEMENT.xlsx,Table 9.4,road_direct_ghg_by_vehicle_type,,financial_year,2017-18,Rigid and other trucks,rigid_and_other_trucks,direct_ghg_emissions,8.349996,Mt CO2-e
9. TRANSPORT ENERGY AND ENVIRONEMENT.xlsx,Table 9.4,road_direct_ghg_by_vehicle_type,,financial_year,2017-18,Buses,buses,direct_ghg_emissions,1.82367,Mt CO2-e
9. TRANSPORT ENERGY AND ENVIRONEMENT.xlsx,Table 9.4,road_direct_ghg_by_vehicle_type,,financial_year,2017-18,Motor cycles,motor_cycles,direct_ghg_emissions,0.2680016,Mt CO2-e
9. TRANSPORT ENERGY AND ENVIRONEMENT.xlsx,Table 9.4,road_direct_ghg_by_vehicle_type,,financial_year,2017-18,Total road,total_road,direct_ghg_emissions,82.85182760000002,Mt CO2-e
9. TRANSPORT ENERGY AND ENVIRONEMENT.xlsx,Table 9.4,road_direct_ghg_by_vehicle_type,,financial_year,2018-19,Cars,cars,direct_ghg_emissions,43.05038,Mt CO2-e
9. TRANSPORT ENERGY AND ENVIRONEMENT.xlsx,Table 9.4,road_direct_ghg_by_vehicle_type,,financial_year,2018-19,Light commercial vehicles,light_commercial_vehicles,direct_ghg_emissions,16.84683,Mt CO2-e
9. TRANSPORT ENERGY AND ENVIRONEMENT.xlsx,Table 9.4,road_direct_ghg_by_vehicle_type,,financial_year,2018-19,Articulated trucks,articulated_trucks,direct_ghg_emissions,12.22128,Mt CO2-e
9. TRANSPORT ENERGY AND ENVIRONEMENT.xlsx,Table 9.4,road_direct_ghg_by_vehicle_type,,financial_year,2018-19,Rigid and other trucks,rigid_and_other_trucks,direct_ghg_emissions,8.430306,Mt CO2-e
9. TRANSPORT ENERGY AND ENVIRONEMENT.xlsx,Table 9.4,road_direct_ghg_by_vehicle_type,,financial_year,2018-19,Buses,buses,direct_ghg_emissions,1.844357,Mt CO2-e
9. TRANSPORT ENERGY AND ENVIRONEMENT.xlsx,Table 9.4,road_direct_ghg_by_vehicle_type,,financial_year,2018-19,Motor cycles,motor_cycles,direct_ghg_emissions,0.2645808,Mt CO2-e
9. TRANSPORT ENERGY AND ENVIRONEMENT.xlsx,Table 9.4,road_direct_ghg_by_vehicle_type,,financial_year,2018-19,Total road,total_road,direct_ghg_emissions,82.65773380000002,Mt CO2-e
9. TRANSPORT ENERGY AND ENVIRONEMENT.xlsx,Table 9.4,road_direct_ghg_by_vehicle_type,,financial_year,2019-20,Cars,cars,direct_ghg_emissions,40.7271,Mt CO2-e
9. TRANSPORT ENERGY AND ENVIRONEMENT.xlsx,Table 9.4,road_direct_ghg_by_vehicle_type,,financial_year,2019-20,Light commercial vehicles,light_commercial_vehicles,direct_ghg_emissions,17.19581,Mt CO2-e
9. TRANSPORT ENERGY AND ENVIRONEMENT.xlsx,Table 9.4,road_direct_ghg_by_vehicle_type,,financial_year,2019-20,Articulated trucks,articulated_trucks,direct_ghg_emissions,12.09604,Mt CO2-e
9. TRANSPORT ENERGY AND ENVIRONEMENT.xlsx,Table 9.4,road_direct_ghg_by_vehicle_type,,financial_year,2019-20,Rigid and other trucks,rigid_and_other_trucks,direct_ghg_emissions,8.617084,Mt CO2-e
9. TRANSPORT ENERGY AND ENVIRONEMENT.xlsx,Table 9.4,road_direct_ghg_by_vehicle_type,,financial_year,2019-20,Buses,buses,direct_ghg_emissions,1.656943,Mt CO2-e
9. TRANSPORT ENERGY AND ENVIRONEMENT.xlsx,Table 9.4,road_direct_ghg_by_vehicle_type,,financial_year,2019-20,Motor cycles,motor_cycles,direct_ghg_emissions,0.2472003,Mt CO2-e
9. TRANSPORT ENERGY AND ENVIRONEMENT.xlsx,Table 9.4,road_direct_ghg_by_vehicle_type,,financial_year,2019-20,Total road,total_road,direct_ghg_emissions,80.54017730000001,Mt CO2-e
9. TRANSPORT ENERGY AND ENVIRONEMENT.xlsx,Table 9.4,road_direct_ghg_by_vehicle_type,,financial_year,2020-21,Cars,cars,direct_ghg_emissions,40.19389,Mt CO2-e
9. TRANSPORT ENERGY AND ENVIRONEMENT.xlsx,Table 9.4,road_direct_ghg_by_vehicle_type,,financial_year,2020-21,Light commercial vehicles,light_commercial_vehicles,direct_ghg_emissions,17.04135,Mt CO2-e
9. TRANSPORT ENERGY AND ENVIRONEMENT.xlsx,Table 9.4,road_direct_ghg_by_vehicle_type,,financial_year,2020-21,Articulated trucks,articulated_trucks,direct_ghg_emissions,12.14779,Mt CO2-e
9. TRANSPORT ENERGY AND ENVIRONEMENT.xlsx,Table 9.4,road_direct_ghg_by_vehicle_type,,financial_year,2020-21,Rigid and other trucks,rigid_and_other_trucks,direct_ghg_emissions,8.772541,Mt CO2-e
9. TRANSPORT ENERGY AND ENVIRONEMENT.xlsx,Table 9.4,road_direct_ghg_by_vehicle_type,,financial_year,2020-21,Buses,buses,direct_ghg_emissions,1.596495,Mt CO2-e
9. TRANSPORT ENERGY AND ENVIRONEMENT.xlsx,Table 9.4,road_direct_ghg_by_vehicle_type,,financial_year,2020-21,Motor cycles,motor_cycles,direct_ghg_emissions,0.2450412,Mt CO2-e
9. TRANSPORT ENERGY AND ENVIRONEMENT.xlsx,Table 9.4,road_direct_ghg_by_vehicle_type,,financial_year,2020-21,Total road,total_road,direct_ghg_emissions,79.99710720000002,Mt CO2-e
9. TRANSPORT ENERGY AND ENVIRONEMENT.xlsx,Table 9.4,road_direct_ghg_by_vehicle_type,,financial_year,2021-22,Cars,cars,direct_ghg_emissions,38.88419,Mt CO2-e
9. TRANSPORT ENERGY AND ENVIRONEMENT.xlsx,Table 9.4,road_direct_ghg_by_vehicle_type,,financial_year,2021-22,Light commercial vehicles,light_commercial_vehicles,direct_ghg_emissions,17.57288,Mt CO2-e
9. TRANSPORT ENERGY AND ENVIRONEMENT.xlsx,Table 9.4,road_direct_ghg_by_vehicle_type,,financial_year,2021-22,Articulated trucks,articulated_trucks,direct_ghg_emissions,12.2593,Mt CO2-e
9. TRANSPORT ENERGY AND ENVIRONEMENT.xlsx,Table 9.4,road_direct_ghg_by_vehicle_type,,financial_year,2021-22,Rigid and other trucks,rigid_and_other_trucks,direct_ghg_emissions,9.002267,Mt CO2-e
9. TRANSPORT ENERGY AND ENVIRONEMENT.xlsx,Table 9.4,road_direct_ghg_by_vehicle_type,,financial_year,2021-22,Buses,buses,direct_ghg_emissions,1.601831,Mt CO2-e
9. TRANSPORT ENERGY AND ENVIRONEMENT.xlsx,Table 9.4,road_direct_ghg_by_vehicle_type,,financial_year,2021-22,Motor cycles,motor_cycles,direct_ghg_emissions,0.2319336,Mt CO2-e
9. TRANSPORT ENERGY AND ENVIRONEMENT.xlsx,Table 9.4,road_direct_ghg_by_vehicle_type,,financial_year,2021-22,Total road,total_road,direct_ghg_emissions,79.55240160000001,Mt CO2-e
9. TRANSPORT ENERGY AND ENVIRONEMENT.xlsx,Table 9.4,road_direct_ghg_by_vehicle_type,,financial_year,2022-23,Cars,cars,direct_ghg_emissions,41.89577,Mt CO2-e
9. TRANSPORT ENERGY AND ENVIRONEMENT.xlsx,Table 9.4,road_direct_ghg_by_vehicle_type,,financial_year,2022-23,Light commercial vehicles,light_commercial_vehicles,direct_ghg_emissions,18.46111,Mt CO2-e
9. TRANSPORT ENERGY AND ENVIRONEMENT.xlsx,Table 9.4,road_direct_ghg_by_vehicle_type,,financial_year,2022-23,Articulated trucks,articulated_trucks,direct_ghg_emissions,12.4558,Mt CO2-e
9. TRANSPORT ENERGY AND ENVIRONEMENT.xlsx,Table 9.4,road_direct_ghg_by_vehicle_type,,financial_year,2022-23,Rigid and other trucks,rigid_and_other_trucks,direct_ghg_emissions,9.284791,Mt CO2-e
9. TRANSPORT ENERGY AND ENVIRONEMENT.xlsx,Table 9.4,road_direct_ghg_by_vehicle_type,,financial_year,2022-23,Buses,buses,direct_ghg_emissions,1.686004,Mt CO2-e
9. TRANSPORT ENERGY AND ENVIRONEMENT.xlsx,Table 9.4,road_direct_ghg_by_vehicle_type,,financial_year,2022-23,Motor cycles,motor_cycles,direct_ghg_emissions,0.2467273,Mt CO2-e
9. TRANSPORT ENERGY AND ENVIRONEMENT.xlsx,Table 9.4,road_direct_ghg_by_vehicle_type,,financial_year,2022-23,Total road,total_road,direct_ghg_emissions,84.0302023,Mt CO2-e
9. TRANSPORT ENERGY AND ENVIRONEMENT.xlsx,Table 9.4,road_direct_ghg_by_vehicle_type,,financial_year,2023-24,Cars,cars,direct_ghg_emissions,42.10965,Mt CO2-e
9. TRANSPORT ENERGY AND ENVIRONEMENT.xlsx,Table 9.4,road_direct_ghg_by_vehicle_type,,financial_year,2023-24,Light commercial vehicles,light_commercial_vehicles,direct_ghg_emissions,18.9588,Mt CO2-e
9. TRANSPORT ENERGY AND ENVIRONEMENT.xlsx,Table 9.4,road_direct_ghg_by_vehicle_type,,financial_year,2023-24,Articulated trucks,articulated_trucks,direct_ghg_emissions,12.69712,Mt CO2-e
9. TRANSPORT ENERGY AND ENVIRONEMENT.xlsx,Table 9.4,road_direct_ghg_by_vehicle_type,,financial_year,2023-24,Rigid and other trucks,rigid_and_other_trucks,direct_ghg_emissions,9.533024,Mt CO2-e
9. TRANSPORT ENERGY AND ENVIRONEMENT.xlsx,Table 9.4,road_direct_ghg_by_vehicle_type,,financial_year,2023-24,Buses,buses,direct_ghg_emissions,1.714277,Mt CO2-e
9. TRANSPORT ENERGY AND ENVIRONEMENT.xlsx,Table 9.4,road_direct_ghg_by_vehicle_type,,financial_year,2023-24,Motor cycles,motor_cycles,direct_ghg_emissions,0.2459972,Mt CO2-e
9. TRANSPORT ENERGY AND ENVIRONEMENT.xlsx,Table 9.4,road_direct_ghg_by_vehicle_type,,financial_year,2023-24,Total road,total_road,direct_ghg_emissions,85.2588682,Mt CO2-e
9. TRANSPORT ENERGY AND ENVIRONEMENT.xlsx,Table 9.4,road_direct_ghg_by_vehicle_type,,financial_year,2024-25,Cars,cars,direct_ghg_emissions,41.9438,Mt CO2-e
9. TRANSPORT ENERGY AND ENVIRONEMENT.xlsx,Table 9.4,road_direct_ghg_by_vehicle_type,,financial_year,2024-25,Light commercial vehicles,light_commercial_vehicles,direct_ghg_emissions,19.09839,Mt CO2-e
9. TRANSPORT ENERGY AND ENVIRONEMENT.xlsx,Table 9.4,road_direct_ghg_by_vehicle_type,,financial_year,2024-25,Articulated trucks,articulated_trucks,direct_ghg_emissions,12.74963,Mt CO2-e
9. TRANSPORT ENERGY AND ENVIRONEMENT.xlsx,Table 9.4,road_direct_ghg_by_vehicle_type,,financial_year,2024-25,Rigid and other trucks,rigid_and_other_trucks,direct_ghg_emissions,9.647102,Mt CO2-e
9. TRANSPORT ENERGY AND ENVIRONEMENT.xlsx,Table 9.4,road_direct_ghg_by_vehicle_type,,financial_year,2024-25,Buses,buses,direct_ghg_emissions,1.741654,Mt CO2-e
9. TRANSPORT ENERGY AND ENVIRONEMENT.xlsx,Table 9.4,road_direct_ghg_by_vehicle_type,,financial_year,2024-25,Motor cycles,motor_cycles,direct_ghg_emissions,0.2438711,Mt CO2-e
9. TRANSPORT ENERGY AND ENVIRONEMENT.xlsx,Table 9.4,road_direct_ghg_by_vehicle_type,,financial_year,2024-25,Total road,total_road,direct_ghg_emissions,85.42444710000001,Mt CO2-e
9. TRANSPORT ENERGY AND ENVIRONEMENT.xlsx,Table 9.5,transport_full_fuel_cycle_ghg_by_mode,,financial_year,1989-90,Road vehicles,road_vehicles,full_fuel_cycle_ghg_emissions,69.41743309164849,Mt CO2-e
9. TRANSPORT ENERGY AND ENVIRONEMENT.xlsx,Table 9.5,transport_full_fuel_cycle_ghg_by_mode,,financial_year,1989-90,Rail,rail,full_fuel_cycle_ghg_emissions,3.7718247753457974,Mt CO2-e
9. TRANSPORT ENERGY AND ENVIRONEMENT.xlsx,Table 9.5,transport_full_fuel_cycle_ghg_by_mode,,financial_year,1989-90,Domestic maritime (excluding small pleasure craft),domestic_maritime_excluding_small_pleasure_craft,full_fuel_cycle_ghg_emissions,2.433380678972936,Mt CO2-e
9. TRANSPORT ENERGY AND ENVIRONEMENT.xlsx,Table 9.5,transport_full_fuel_cycle_ghg_by_mode,,financial_year,1989-90,Domestic aviation,domestic_aviation,full_fuel_cycle_ghg_emissions,3.5651263267720545,Mt CO2-e
9. TRANSPORT ENERGY AND ENVIRONEMENT.xlsx,Table 9.5,transport_full_fuel_cycle_ghg_by_mode,,financial_year,1989-90,Total,total,full_fuel_cycle_ghg_emissions,79.18776487273928,Mt CO2-e
9. TRANSPORT ENERGY AND ENVIRONEMENT.xlsx,Table 9.5,transport_full_fuel_cycle_ghg_by_mode,,financial_year,1990-91,Road vehicles,road_vehicles,full_fuel_cycle_ghg_emissions,68.12432094177713,Mt CO2-e
9. TRANSPORT ENERGY AND ENVIRONEMENT.xlsx,Table 9.5,transport_full_fuel_cycle_ghg_by_mode,,financial_year,1990-91,Rail,rail,full_fuel_cycle_ghg_emissions,3.7569745114340822,Mt CO2-e
9. TRANSPORT ENERGY AND ENVIRONEMENT.xlsx,Table 9.5,transport_full_fuel_cycle_ghg_by_mode,,financial_year,1990-91,Domestic maritime (excluding small pleasure craft),domestic_maritime_excluding_small_pleasure_craft,full_fuel_cycle_ghg_emissions,2.041772911087438,Mt CO2-e
9. TRANSPORT ENERGY AND ENVIRONEMENT.xlsx,Table 9.5,transport_full_fuel_cycle_ghg_by_mode,,financial_year,1990-91,Domestic aviation,domestic_aviation,full_fuel_cycle_ghg_emissions,4.42775640575085,Mt CO2-e
9. TRANSPORT ENERGY AND ENVIRONEMENT.xlsx,Table 9.5,transport_full_fuel_cycle_ghg_by_mode,,financial_year,1990-91,Total,total,full_fuel_cycle_ghg_emissions,78.3508247700495,Mt CO2-e
9. TRANSPORT ENERGY AND ENVIRONEMENT.xlsx,Table 9.5,transport_full_fuel_cycle_ghg_by_mode,,financial_year,1991-92,Road vehicles,road_vehicles,full_fuel_cycle_ghg_emissions,69.02020261024008,Mt CO2-e
9. TRANSPORT ENERGY AND ENVIRONEMENT.xlsx,Table 9.5,transport_full_fuel_cycle_ghg_by_mode,,financial_year,1991-92,Rail,rail,full_fuel_cycle_ghg_emissions,3.732798000562233,Mt CO2-e
9. TRANSPORT ENERGY AND ENVIRONEMENT.xlsx,Table 9.5,transport_full_fuel_cycle_ghg_by_mode,,financial_year,1991-92,Domestic maritime (excluding small pleasure craft),domestic_maritime_excluding_small_pleasure_craft,full_fuel_cycle_ghg_emissions,2.0767142650941848,Mt CO2-e
9. TRANSPORT ENERGY AND ENVIRONEMENT.xlsx,Table 9.5,transport_full_fuel_cycle_ghg_by_mode,,financial_year,1991-92,Domestic aviation,domestic_aviation,full_fuel_cycle_ghg_emissions,4.80650905009128,Mt CO2-e
9. TRANSPORT ENERGY AND ENVIRONEMENT.xlsx,Table 9.5,transport_full_fuel_cycle_ghg_by_mode,,financial_year,1991-92,Total,total,full_fuel_cycle_ghg_emissions,79.63622392598776,Mt CO2-e
9. TRANSPORT ENERGY AND ENVIRONEMENT.xlsx,Table 9.5,transport_full_fuel_cycle_ghg_by_mode,,financial_year,1992-93,Road vehicles,road_vehicles,full_fuel_cycle_ghg_emissions,71.21170861284824,Mt CO2-e
9. TRANSPORT ENERGY AND ENVIRONEMENT.xlsx,Table 9.5,transport_full_fuel_cycle_ghg_by_mode,,financial_year,1992-93,Rail,rail,full_fuel_cycle_ghg_emissions,3.680037670317073,Mt CO2-e
9. TRANSPORT ENERGY AND ENVIRONEMENT.xlsx,Table 9.5,transport_full_fuel_cycle_ghg_by_mode,,financial_year,1992-93,Domestic maritime (excluding small pleasure craft),domestic_maritime_excluding_small_pleasure_craft,full_fuel_cycle_ghg_emissions,1.8038372979918267,Mt CO2-e
9. TRANSPORT ENERGY AND ENVIRONEMENT.xlsx,Table 9.5,transport_full_fuel_cycle_ghg_by_mode,,financial_year,1992-93,Domestic aviation,domestic_aviation,full_fuel_cycle_ghg_emissions,5.04390974661533,Mt CO2-e
9. TRANSPORT ENERGY AND ENVIRONEMENT.xlsx,Table 9.5,transport_full_fuel_cycle_ghg_by_mode,,financial_year,1992-93,Total,total,full_fuel_cycle_ghg_emissions,81.73949332777248,Mt CO2-e
9. TRANSPORT ENERGY AND ENVIRONEMENT.xlsx,Table 9.5,transport_full_fuel_cycle_ghg_by_mode,,financial_year,1993-94,Road vehicles,road_vehicles,full_fuel_cycle_ghg_emissions,73.183838622198,Mt CO2-e
9. TRANSPORT ENERGY AND ENVIRONEMENT.xlsx,Table 9.5,transport_full_fuel_cycle_ghg_by_mode,,financial_year,1993-94,Rail,rail,full_fuel_cycle_ghg_emissions,3.786095315744901,Mt CO2-e
9. TRANSPORT ENERGY AND ENVIRONEMENT.xlsx,Table 9.5,transport_full_fuel_cycle_ghg_by_mode,,financial_year,1993-94,Domestic maritime (excluding small pleasure craft),domestic_maritime_excluding_small_pleasure_craft,full_fuel_cycle_ghg_emissions,1.6112890778945834,Mt CO2-e
9. TRANSPORT ENERGY AND ENVIRONEMENT.xlsx,Table 9.5,transport_full_fuel_cycle_ghg_by_mode,,financial_year,1993-94,Domestic aviation,domestic_aviation,full_fuel_cycle_ghg_emissions,5.338266839335705,Mt CO2-e
9. TRANSPORT ENERGY AND ENVIRONEMENT.xlsx,Table 9.5,transport_full_fuel_cycle_ghg_by_mode,,financial_year,1993-94,Total,total,full_fuel_cycle_ghg_emissions,83.91948985517317,Mt CO2-e
9. TRANSPORT ENERGY AND ENVIRONEMENT.xlsx,Table 9.5,transport_full_fuel_cycle_ghg_by_mode,,financial_year,1994-95,Road vehicles,road_vehicles,full_fuel_cycle_ghg_emissions,76.08867128656526,Mt CO2-e
9. TRANSPORT ENERGY AND ENVIRONEMENT.xlsx,Table 9.5,transport_full_fuel_cycle_ghg_by_mode,,financial_year,1994-95,Rail,rail,full_fuel_cycle_ghg_emissions,3.7873713621247567,Mt CO2-e
9. TRANSPORT ENERGY AND ENVIRONEMENT.xlsx,Table 9.5,transport_full_fuel_cycle_ghg_by_mode,,financial_year,1994-95,Domestic maritime (excluding small pleasure craft),domestic_maritime_excluding_small_pleasure_craft,full_fuel_cycle_ghg_emissions,2.190759136819673,Mt CO2-e
9. TRANSPORT ENERGY AND ENVIRONEMENT.xlsx,Table 9.5,transport_full_fuel_cycle_ghg_by_mode,,financial_year,1994-95,Domestic aviation,domestic_aviation,full_fuel_cycle_ghg_emissions,6.293346241594268,Mt CO2-e
9. TRANSPORT ENERGY AND ENVIRONEMENT.xlsx,Table 9.5,transport_full_fuel_cycle_ghg_by_mode,,financial_year,1994-95,Total,total,full_fuel_cycle_ghg_emissions,88.36014802710395,Mt CO2-e
9. TRANSPORT ENERGY AND ENVIRONEMENT.xlsx,Table 9.5,transport_full_fuel_cycle_ghg_by_mode,,financial_year,1995-96,Road vehicles,road_vehicles,full_fuel_cycle_ghg_emissions,77.92627050947121,Mt CO2-e
9. TRANSPORT ENERGY AND ENVIRONEMENT.xlsx,Table 9.5,transport_full_fuel_cycle_ghg_by_mode,,financial_year,1995-96,Rail,rail,full_fuel_cycle_ghg_emissions,3.73608282681925,Mt CO2-e
9. TRANSPORT ENERGY AND ENVIRONEMENT.xlsx,Table 9.5,transport_full_fuel_cycle_ghg_by_mode,,financial_year,1995-96,Domestic maritime (excluding small pleasure craft),domestic_maritime_excluding_small_pleasure_craft,full_fuel_cycle_ghg_emissions,2.307744694898525,Mt CO2-e
9. TRANSPORT ENERGY AND ENVIRONEMENT.xlsx,Table 9.5,transport_full_fuel_cycle_ghg_by_mode,,financial_year,1995-96,Domestic aviation,domestic_aviation,full_fuel_cycle_ghg_emissions,6.9086420676234805,Mt CO2-e
9. TRANSPORT ENERGY AND ENVIRONEMENT.xlsx,Table 9.5,transport_full_fuel_cycle_ghg_by_mode,,financial_year,1995-96,Total,total,full_fuel_cycle_ghg_emissions,90.87874009881249,Mt CO2-e
9. TRANSPORT ENERGY AND ENVIRONEMENT.xlsx,Table 9.5,transport_full_fuel_cycle_ghg_by_mode,,financial_year,1996-97,Road vehicles,road_vehicles,full_fuel_cycle_ghg_emissions,79.2352834980198,Mt CO2-e
9. TRANSPORT ENERGY AND ENVIRONEMENT.xlsx,Table 9.5,transport_full_fuel_cycle_ghg_by_mode,,financial_year,1996-97,Rail,rail,full_fuel_cycle_ghg_emissions,3.8672770150022635,Mt CO2-e
9. TRANSPORT ENERGY AND ENVIRONEMENT.xlsx,Table 9.5,transport_full_fuel_cycle_ghg_by_mode,,financial_year,1996-97,Domestic maritime (excluding small pleasure craft),domestic_maritime_excluding_small_pleasure_craft,full_fuel_cycle_ghg_emissions,2.2662591713413995,Mt CO2-e
9. TRANSPORT ENERGY AND ENVIRONEMENT.xlsx,Table 9.5,transport_full_fuel_cycle_ghg_by_mode,,financial_year,1996-97,Domestic aviation,domestic_aviation,full_fuel_cycle_ghg_emissions,7.377671216058048,Mt CO2-e
9. TRANSPORT ENERGY AND ENVIRONEMENT.xlsx,Table 9.5,transport_full_fuel_cycle_ghg_by_mode,,financial_year,1996-97,Total,total,full_fuel_cycle_ghg_emissions,92.74649090042152,Mt CO2-e
9. TRANSPORT ENERGY AND ENVIRONEMENT.xlsx,Table 9.5,transport_full_fuel_cycle_ghg_by_mode,,financial_year,1997-98,Road vehicles,road_vehicles,full_fuel_cycle_ghg_emissions,80.56011097851027,Mt CO2-e
9. TRANSPORT ENERGY AND ENVIRONEMENT.xlsx,Table 9.5,transport_full_fuel_cycle_ghg_by_mode,,financial_year,1997-98,Rail,rail,full_fuel_cycle_ghg_emissions,3.9197668976590507,Mt CO2-e
9. TRANSPORT ENERGY AND ENVIRONEMENT.xlsx,Table 9.5,transport_full_fuel_cycle_ghg_by_mode,,financial_year,1997-98,Domestic maritime (excluding small pleasure craft),domestic_maritime_excluding_small_pleasure_craft,full_fuel_cycle_ghg_emissions,1.8797261494545765,Mt CO2-e
9. TRANSPORT ENERGY AND ENVIRONEMENT.xlsx,Table 9.5,transport_full_fuel_cycle_ghg_by_mode,,financial_year,1997-98,Domestic aviation,domestic_aviation,full_fuel_cycle_ghg_emissions,6.69018622250799,Mt CO2-e
9. TRANSPORT ENERGY AND ENVIRONEMENT.xlsx,Table 9.5,transport_full_fuel_cycle_ghg_by_mode,,financial_year,1997-98,Total,total,full_fuel_cycle_ghg_emissions,93.04979024813188,Mt CO2-e
9. TRANSPORT ENERGY AND ENVIRONEMENT.xlsx,Table 9.5,transport_full_fuel_cycle_ghg_by_mode,,financial_year,1998-99,Road vehicles,road_vehicles,full_fuel_cycle_ghg_emissions,82.02262996461776,Mt CO2-e
9. TRANSPORT ENERGY AND ENVIRONEMENT.xlsx,Table 9.5,transport_full_fuel_cycle_ghg_by_mode,,financial_year,1998-99,Rail,rail,full_fuel_cycle_ghg_emissions,4.03159709361692,Mt CO2-e
9. TRANSPORT ENERGY AND ENVIRONEMENT.xlsx,Table 9.5,transport_full_fuel_cycle_ghg_by_mode,,financial_year,1998-99,Domestic maritime (excluding small pleasure craft),domestic_maritime_excluding_small_pleasure_craft,full_fuel_cycle_ghg_emissions,1.718486381413415,Mt CO2-e
9. TRANSPORT ENERGY AND ENVIRONEMENT.xlsx,Table 9.5,transport_full_fuel_cycle_ghg_by_mode,,financial_year,1998-99,Domestic aviation,domestic_aviation,full_fuel_cycle_ghg_emissions,6.441910797031667,Mt CO2-e
9. TRANSPORT ENERGY AND ENVIRONEMENT.xlsx,Table 9.5,transport_full_fuel_cycle_ghg_by_mode,,financial_year,1998-99,Total,total,full_fuel_cycle_ghg_emissions,94.21462423667977,Mt CO2-e
9. TRANSPORT ENERGY AND ENVIRONEMENT.xlsx,Table 9.5,transport_full_fuel_cycle_ghg_by_mode,,financial_year,1999-00,Road vehicles,road_vehicles,full_fuel_cycle_ghg_emissions,83.59301204969914,Mt CO2-e
9. TRANSPORT ENERGY AND ENVIRONEMENT.xlsx,Table 9.5,transport_full_fuel_cycle_ghg_by_mode,,financial_year,1999-00,Rail,rail,full_fuel_cycle_ghg_emissions,4.228058238051112,Mt CO2-e
9. TRANSPORT ENERGY AND ENVIRONEMENT.xlsx,Table 9.5,transport_full_fuel_cycle_ghg_by_mode,,financial_year,1999-00,Domestic maritime (excluding small pleasure craft),domestic_maritime_excluding_small_pleasure_craft,full_fuel_cycle_ghg_emissions,1.7604420294896632,Mt CO2-e
9. TRANSPORT ENERGY AND ENVIRONEMENT.xlsx,Table 9.5,transport_full_fuel_cycle_ghg_by_mode,,financial_year,1999-00,Domestic aviation,domestic_aviation,full_fuel_cycle_ghg_emissions,6.7366664281235265,Mt CO2-e
9. TRANSPORT ENERGY AND ENVIRONEMENT.xlsx,Table 9.5,transport_full_fuel_cycle_ghg_by_mode,,financial_year,1999-00,Total,total,full_fuel_cycle_ghg_emissions,96.31817874536345,Mt CO2-e
9. TRANSPORT ENERGY AND ENVIRONEMENT.xlsx,Table 9.5,transport_full_fuel_cycle_ghg_by_mode,,financial_year,2000-01,Road vehicles,road_vehicles,full_fuel_cycle_ghg_emissions,83.0048024062404,Mt CO2-e
9. TRANSPORT ENERGY AND ENVIRONEMENT.xlsx,Table 9.5,transport_full_fuel_cycle_ghg_by_mode,,financial_year,2000-01,Rail,rail,full_fuel_cycle_ghg_emissions,4.2448399392018965,Mt CO2-e
9. TRANSPORT ENERGY AND ENVIRONEMENT.xlsx,Table 9.5,transport_full_fuel_cycle_ghg_by_mode,,financial_year,2000-01,Domestic maritime (excluding small pleasure craft),domestic_maritime_excluding_small_pleasure_craft,full_fuel_cycle_ghg_emissions,1.6794945419765779,Mt CO2-e
9. TRANSPORT ENERGY AND ENVIRONEMENT.xlsx,Table 9.5,transport_full_fuel_cycle_ghg_by_mode,,financial_year,2000-01,Domestic aviation,domestic_aviation,full_fuel_cycle_ghg_emissions,7.507912513008384,Mt CO2-e
9. TRANSPORT ENERGY AND ENVIRONEMENT.xlsx,Table 9.5,transport_full_fuel_cycle_ghg_by_mode,,financial_year,2000-01,Total,total,full_fuel_cycle_ghg_emissions,96.43704940042724,Mt CO2-e
9. TRANSPORT ENERGY AND ENVIRONEMENT.xlsx,Table 9.5,transport_full_fuel_cycle_ghg_by_mode,,financial_year,2001-02,Road vehicles,road_vehicles,full_fuel_cycle_ghg_emissions,85.32214267112393,Mt CO2-e
9. TRANSPORT ENERGY AND ENVIRONEMENT.xlsx,Table 9.5,transport_full_fuel_cycle_ghg_by_mode,,financial_year,2001-02,Rail,rail,full_fuel_cycle_ghg_emissions,4.338751614213232,Mt CO2-e
9. TRANSPORT ENERGY AND ENVIRONEMENT.xlsx,Table 9.5,transport_full_fuel_cycle_ghg_by_mode,,financial_year,2001-02,Domestic maritime (excluding small pleasure craft),domestic_maritime_excluding_small_pleasure_craft,full_fuel_cycle_ghg_emissions,1.7558792519419817,Mt CO2-e
9. TRANSPORT ENERGY AND ENVIRONEMENT.xlsx,Table 9.5,transport_full_fuel_cycle_ghg_by_mode,,financial_year,2001-02,Domestic aviation,domestic_aviation,full_fuel_cycle_ghg_emissions,6.731320974305183,Mt CO2-e
9. TRANSPORT ENERGY AND ENVIRONEMENT.xlsx,Table 9.5,transport_full_fuel_cycle_ghg_by_mode,,financial_year,2001-02,Total,total,full_fuel_cycle_ghg_emissions,98.14809451158433,Mt CO2-e
9. TRANSPORT ENERGY AND ENVIRONEMENT.xlsx,Table 9.5,transport_full_fuel_cycle_ghg_by_mode,,financial_year,2002-03,Road vehicles,road_vehicles,full_fuel_cycle_ghg_emissions,87.52528366421768,Mt CO2-e
9. TRANSPORT ENERGY AND ENVIRONEMENT.xlsx,Table 9.5,transport_full_fuel_cycle_ghg_by_mode,,financial_year,2002-03,Rail,rail,full_fuel_cycle_ghg_emissions,4.388060319094404,Mt CO2-e
9. TRANSPORT ENERGY AND ENVIRONEMENT.xlsx,Table 9.5,transport_full_fuel_cycle_ghg_by_mode,,financial_year,2002-03,Domestic maritime (excluding small pleasure craft),domestic_maritime_excluding_small_pleasure_craft,full_fuel_cycle_ghg_emissions,1.8537850890744434,Mt CO2-e
9. TRANSPORT ENERGY AND ENVIRONEMENT.xlsx,Table 9.5,transport_full_fuel_cycle_ghg_by_mode,,financial_year,2002-03,Domestic aviation,domestic_aviation,full_fuel_cycle_ghg_emissions,6.422150259489542,Mt CO2-e
9. TRANSPORT ENERGY AND ENVIRONEMENT.xlsx,Table 9.5,transport_full_fuel_cycle_ghg_by_mode,,financial_year,2002-03,Total,total,full_fuel_cycle_ghg_emissions,100.18927933187608,Mt CO2-e
9. TRANSPORT ENERGY AND ENVIRONEMENT.xlsx,Table 9.5,transport_full_fuel_cycle_ghg_by_mode,,financial_year,2003-04,Road vehicles,road_vehicles,full_fuel_cycle_ghg_emissions,91.07827431744533,Mt CO2-e
9. TRANSPORT ENERGY AND ENVIRONEMENT.xlsx,Table 9.5,transport_full_fuel_cycle_ghg_by_mode,,financial_year,2003-04,Rail,rail,full_fuel_cycle_ghg_emissions,4.5508162119144435,Mt CO2-e
9. TRANSPORT ENERGY AND ENVIRONEMENT.xlsx,Table 9.5,transport_full_fuel_cycle_ghg_by_mode,,financial_year,2003-04,Domestic maritime (excluding small pleasure craft),domestic_maritime_excluding_small_pleasure_craft,full_fuel_cycle_ghg_emissions,1.9575889260286226,Mt CO2-e
9. TRANSPORT ENERGY AND ENVIRONEMENT.xlsx,Table 9.5,transport_full_fuel_cycle_ghg_by_mode,,financial_year,2003-04,Domestic aviation,domestic_aviation,full_fuel_cycle_ghg_emissions,6.71830586703598,Mt CO2-e
9. TRANSPORT ENERGY AND ENVIRONEMENT.xlsx,Table 9.5,transport_full_fuel_cycle_ghg_by_mode,,financial_year,2003-04,Total,total,full_fuel_cycle_ghg_emissions,104.30498532242437,Mt CO2-e
9. TRANSPORT ENERGY AND ENVIRONEMENT.xlsx,Table 9.5,transport_full_fuel_cycle_ghg_by_mode,,financial_year,2004-05,Road vehicles,road_vehicles,full_fuel_cycle_ghg_emissions,91.53383131936451,Mt CO2-e
9. TRANSPORT ENERGY AND ENVIRONEMENT.xlsx,Table 9.5,transport_full_fuel_cycle_ghg_by_mode,,financial_year,2004-05,Rail,rail,full_fuel_cycle_ghg_emissions,4.8132430148240095,Mt CO2-e
9. TRANSPORT ENERGY AND ENVIRONEMENT.xlsx,Table 9.5,transport_full_fuel_cycle_ghg_by_mode,,financial_year,2004-05,Domestic maritime (excluding small pleasure craft),domestic_maritime_excluding_small_pleasure_craft,full_fuel_cycle_ghg_emissions,1.9467316418372798,Mt CO2-e
9. TRANSPORT ENERGY AND ENVIRONEMENT.xlsx,Table 9.5,transport_full_fuel_cycle_ghg_by_mode,,financial_year,2004-05,Domestic aviation,domestic_aviation,full_fuel_cycle_ghg_emissions,7.332471936588899,Mt CO2-e
9. TRANSPORT ENERGY AND ENVIRONEMENT.xlsx,Table 9.5,transport_full_fuel_cycle_ghg_by_mode,,financial_year,2004-05,Total,total,full_fuel_cycle_ghg_emissions,105.62627791261471,Mt CO2-e
9. TRANSPORT ENERGY AND ENVIRONEMENT.xlsx,Table 9.5,transport_full_fuel_cycle_ghg_by_mode,,financial_year,2005-06,Road vehicles,road_vehicles,full_fuel_cycle_ghg_emissions,91.1017283789719,Mt CO2-e
9. TRANSPORT ENERGY AND ENVIRONEMENT.xlsx,Table 9.5,transport_full_fuel_cycle_ghg_by_mode,,financial_year,2005-06,Rail,rail,full_fuel_cycle_ghg_emissions,4.816832218184927,Mt CO2-e
9. TRANSPORT ENERGY AND ENVIRONEMENT.xlsx,Table 9.5,transport_full_fuel_cycle_ghg_by_mode,,financial_year,2005-06,Domestic maritime (excluding small pleasure craft),domestic_maritime_excluding_small_pleasure_craft,full_fuel_cycle_ghg_emissions,1.9711233593202893,Mt CO2-e
9. TRANSPORT ENERGY AND ENVIRONEMENT.xlsx,Table 9.5,transport_full_fuel_cycle_ghg_by_mode,,financial_year,2005-06,Domestic aviation,domestic_aviation,full_fuel_cycle_ghg_emissions,7.7552572558164785,Mt CO2-e
9. TRANSPORT ENERGY AND ENVIRONEMENT.xlsx,Table 9.5,transport_full_fuel_cycle_ghg_by_mode,,financial_year,2005-06,Total,total,full_fuel_cycle_ghg_emissions,105.64494121229359,Mt CO2-e
9. TRANSPORT ENERGY AND ENVIRONEMENT.xlsx,Table 9.5,transport_full_fuel_cycle_ghg_by_mode,,financial_year,2006-07,Road vehicles,road_vehicles,full_fuel_cycle_ghg_emissions,92.84069502354478,Mt CO2-e
9. TRANSPORT ENERGY AND ENVIRONEMENT.xlsx,Table 9.5,transport_full_fuel_cycle_ghg_by_mode,,financial_year,2006-07,Rail,rail,full_fuel_cycle_ghg_emissions,5.101035915654511,Mt CO2-e
9. TRANSPORT ENERGY AND ENVIRONEMENT.xlsx,Table 9.5,transport_full_fuel_cycle_ghg_by_mode,,financial_year,2006-07,Domestic maritime (excluding small pleasure craft),domestic_maritime_excluding_small_pleasure_craft,full_fuel_cycle_ghg_emissions,2.031885163079549,Mt CO2-e
9. TRANSPORT ENERGY AND ENVIRONEMENT.xlsx,Table 9.5,transport_full_fuel_cycle_ghg_by_mode,,financial_year,2006-07,Domestic aviation,domestic_aviation,full_fuel_cycle_ghg_emissions,8.39118265706882,Mt CO2-e
9. TRANSPORT ENERGY AND ENVIRONEMENT.xlsx,Table 9.5,transport_full_fuel_cycle_ghg_by_mode,,financial_year,2006-07,Total,total,full_fuel_cycle_ghg_emissions,108.36479875934768,Mt CO2-e
9. TRANSPORT ENERGY AND ENVIRONEMENT.xlsx,Table 9.5,transport_full_fuel_cycle_ghg_by_mode,,financial_year,2007-08,Road vehicles,road_vehicles,full_fuel_cycle_ghg_emissions,94.18803011370844,Mt CO2-e
9. TRANSPORT ENERGY AND ENVIRONEMENT.xlsx,Table 9.5,transport_full_fuel_cycle_ghg_by_mode,,financial_year,2007-08,Rail,rail,full_fuel_cycle_ghg_emissions,5.2527796649668685,Mt CO2-e
9. TRANSPORT ENERGY AND ENVIRONEMENT.xlsx,Table 9.5,transport_full_fuel_cycle_ghg_by_mode,,financial_year,2007-08,Domestic maritime (excluding small pleasure craft),domestic_maritime_excluding_small_pleasure_craft,full_fuel_cycle_ghg_emissions,2.0114624132248924,Mt CO2-e
9. TRANSPORT ENERGY AND ENVIRONEMENT.xlsx,Table 9.5,transport_full_fuel_cycle_ghg_by_mode,,financial_year,2007-08,Domestic aviation,domestic_aviation,full_fuel_cycle_ghg_emissions,9.021571200902304,Mt CO2-e
9. TRANSPORT ENERGY AND ENVIRONEMENT.xlsx,Table 9.5,transport_full_fuel_cycle_ghg_by_mode,,financial_year,2007-08,Total,total,full_fuel_cycle_ghg_emissions,110.4738433928025,Mt CO2-e
9. TRANSPORT ENERGY AND ENVIRONEMENT.xlsx,Table 9.5,transport_full_fuel_cycle_ghg_by_mode,,financial_year,2008-09,Road vehicles,road_vehicles,full_fuel_cycle_ghg_emissions,93.90211719953209,Mt CO2-e
9. TRANSPORT ENERGY AND ENVIRONEMENT.xlsx,Table 9.5,transport_full_fuel_cycle_ghg_by_mode,,financial_year,2008-09,Rail,rail,full_fuel_cycle_ghg_emissions,5.308460560450026,Mt CO2-e
9. TRANSPORT ENERGY AND ENVIRONEMENT.xlsx,Table 9.5,transport_full_fuel_cycle_ghg_by_mode,,financial_year,2008-09,Domestic maritime (excluding small pleasure craft),domestic_maritime_excluding_small_pleasure_craft,full_fuel_cycle_ghg_emissions,1.824395832754383,Mt CO2-e
9. TRANSPORT ENERGY AND ENVIRONEMENT.xlsx,Table 9.5,transport_full_fuel_cycle_ghg_by_mode,,financial_year,2008-09,Domestic aviation,domestic_aviation,full_fuel_cycle_ghg_emissions,9.246889804734339,Mt CO2-e
9. TRANSPORT ENERGY AND ENVIRONEMENT.xlsx,Table 9.5,transport_full_fuel_cycle_ghg_by_mode,,financial_year,2008-09,Total,total,full_fuel_cycle_ghg_emissions,110.28186339747083,Mt CO2-e
9. TRANSPORT ENERGY AND ENVIRONEMENT.xlsx,Table 9.5,transport_full_fuel_cycle_ghg_by_mode,,financial_year,2009-10,Road vehicles,road_vehicles,full_fuel_cycle_ghg_emissions,95.10104847547365,Mt CO2-e
9. TRANSPORT ENERGY AND ENVIRONEMENT.xlsx,Table 9.5,transport_full_fuel_cycle_ghg_by_mode,,financial_year,2009-10,Rail,rail,full_fuel_cycle_ghg_emissions,5.395521398410442,Mt CO2-e
9. TRANSPORT ENERGY AND ENVIRONEMENT.xlsx,Table 9.5,transport_full_fuel_cycle_ghg_by_mode,,financial_year,2009-10,Domestic maritime (excluding small pleasure craft),domestic_maritime_excluding_small_pleasure_craft,full_fuel_cycle_ghg_emissions,1.9639946271671302,Mt CO2-e
9. TRANSPORT ENERGY AND ENVIRONEMENT.xlsx,Table 9.5,transport_full_fuel_cycle_ghg_by_mode,,financial_year,2009-10,Domestic aviation,domestic_aviation,full_fuel_cycle_ghg_emissions,9.393827971854515,Mt CO2-e
9. TRANSPORT ENERGY AND ENVIRONEMENT.xlsx,Table 9.5,transport_full_fuel_cycle_ghg_by_mode,,financial_year,2009-10,Total,total,full_fuel_cycle_ghg_emissions,111.85439247290574,Mt CO2-e
9. TRANSPORT ENERGY AND ENVIRONEMENT.xlsx,Table 9.5,transport_full_fuel_cycle_ghg_by_mode,,financial_year,2010-11,Road vehicles,road_vehicles,full_fuel_cycle_ghg_emissions,95.17898,Mt CO2-e
9. TRANSPORT ENERGY AND ENVIRONEMENT.xlsx,Table 9.5,transport_full_fuel_cycle_ghg_by_mode,,financial_year,2010-11,Rail,rail,full_fuel_cycle_ghg_emissions,5.47780407398367,Mt CO2-e
9. TRANSPORT ENERGY AND ENVIRONEMENT.xlsx,Table 9.5,transport_full_fuel_cycle_ghg_by_mode,,financial_year,2010-11,Domestic maritime (excluding small pleasure craft),domestic_maritime_excluding_small_pleasure_craft,full_fuel_cycle_ghg_emissions,1.9983326911515107,Mt CO2-e
9. TRANSPORT ENERGY AND ENVIRONEMENT.xlsx,Table 9.5,transport_full_fuel_cycle_ghg_by_mode,,financial_year,2010-11,Domestic aviation,domestic_aviation,full_fuel_cycle_ghg_emissions,9.037773042794024,Mt CO2-e
9. TRANSPORT ENERGY AND ENVIRONEMENT.xlsx,Table 9.5,transport_full_fuel_cycle_ghg_by_mode,,financial_year,2010-11,Total,total,full_fuel_cycle_ghg_emissions,111.6928898079292,Mt CO2-e
9. TRANSPORT ENERGY AND ENVIRONEMENT.xlsx,Table 9.5,transport_full_fuel_cycle_ghg_by_mode,,financial_year,2011-12,Road vehicles,road_vehicles,full_fuel_cycle_ghg_emissions,95.98341,Mt CO2-e
9. TRANSPORT ENERGY AND ENVIRONEMENT.xlsx,Table 9.5,transport_full_fuel_cycle_ghg_by_mode,,financial_year,2011-12,Rail,rail,full_fuel_cycle_ghg_emissions,5.622647276576383,Mt CO2-e
9. TRANSPORT ENERGY AND ENVIRONEMENT.xlsx,Table 9.5,transport_full_fuel_cycle_ghg_by_mode,,financial_year,2011-12,Domestic maritime (excluding small pleasure craft),domestic_maritime_excluding_small_pleasure_craft,full_fuel_cycle_ghg_emissions,1.7927433442314469,Mt CO2-e
9. TRANSPORT ENERGY AND ENVIRONEMENT.xlsx,Table 9.5,transport_full_fuel_cycle_ghg_by_mode,,financial_year,2011-12,Domestic aviation,domestic_aviation,full_fuel_cycle_ghg_emissions,10.78533050369406,Mt CO2-e
9. TRANSPORT ENERGY AND ENVIRONEMENT.xlsx,Table 9.5,transport_full_fuel_cycle_ghg_by_mode,,financial_year,2011-12,Total,total,full_fuel_cycle_ghg_emissions,114.1841311245019,Mt CO2-e
9. TRANSPORT ENERGY AND ENVIRONEMENT.xlsx,Table 9.5,transport_full_fuel_cycle_ghg_by_mode,,financial_year,2012-13,Road vehicles,road_vehicles,full_fuel_cycle_ghg_emissions,96.13215,Mt CO2-e
9. TRANSPORT ENERGY AND ENVIRONEMENT.xlsx,Table 9.5,transport_full_fuel_cycle_ghg_by_mode,,financial_year,2012-13,Rail,rail,full_fuel_cycle_ghg_emissions,5.6781795298557896,Mt CO2-e
9. TRANSPORT ENERGY AND ENVIRONEMENT.xlsx,Table 9.5,transport_full_fuel_cycle_ghg_by_mode,,financial_year,2012-13,Domestic maritime (excluding small pleasure craft),domestic_maritime_excluding_small_pleasure_craft,full_fuel_cycle_ghg_emissions,1.7570328959570138,Mt CO2-e
9. TRANSPORT ENERGY AND ENVIRONEMENT.xlsx,Table 9.5,transport_full_fuel_cycle_ghg_by_mode,,financial_year,2012-13,Domestic aviation,domestic_aviation,full_fuel_cycle_ghg_emissions,11.445951035811,Mt CO2-e
9. TRANSPORT ENERGY AND ENVIRONEMENT.xlsx,Table 9.5,transport_full_fuel_cycle_ghg_by_mode,,financial_year,2012-13,Total,total,full_fuel_cycle_ghg_emissions,115.0133134616238,Mt CO2-e
9. TRANSPORT ENERGY AND ENVIRONEMENT.xlsx,Table 9.5,transport_full_fuel_cycle_ghg_by_mode,,financial_year,2013-14,Road vehicles,road_vehicles,full_fuel_cycle_ghg_emissions,97.34501,Mt CO2-e
9. TRANSPORT ENERGY AND ENVIRONEMENT.xlsx,Table 9.5,transport_full_fuel_cycle_ghg_by_mode,,financial_year,2013-14,Rail,rail,full_fuel_cycle_ghg_emissions,5.897675301916852,Mt CO2-e
9. TRANSPORT ENERGY AND ENVIRONEMENT.xlsx,Table 9.5,transport_full_fuel_cycle_ghg_by_mode,,financial_year,2013-14,Domestic maritime (excluding small pleasure craft),domestic_maritime_excluding_small_pleasure_craft,full_fuel_cycle_ghg_emissions,1.813076729415327,Mt CO2-e
9. TRANSPORT ENERGY AND ENVIRONEMENT.xlsx,Table 9.5,transport_full_fuel_cycle_ghg_by_mode,,financial_year,2013-14,Domestic aviation,domestic_aviation,full_fuel_cycle_ghg_emissions,11.66274516580553,Mt CO2-e
9. TRANSPORT ENERGY AND ENVIRONEMENT.xlsx,Table 9.5,transport_full_fuel_cycle_ghg_by_mode,,financial_year,2013-14,Total,total,full_fuel_cycle_ghg_emissions,116.71850719713771,Mt CO2-e
9. TRANSPORT ENERGY AND ENVIRONEMENT.xlsx,Table 9.5,transport_full_fuel_cycle_ghg_by_mode,,financial_year,2014-15,Road vehicles,road_vehicles,full_fuel_cycle_ghg_emissions,96.60077,Mt CO2-e
9. TRANSPORT ENERGY AND ENVIRONEMENT.xlsx,Table 9.5,transport_full_fuel_cycle_ghg_by_mode,,financial_year,2014-15,Rail,rail,full_fuel_cycle_ghg_emissions,6.189655700150296,Mt CO2-e
9. TRANSPORT ENERGY AND ENVIRONEMENT.xlsx,Table 9.5,transport_full_fuel_cycle_ghg_by_mode,,financial_year,2014-15,Domestic maritime (excluding small pleasure craft),domestic_maritime_excluding_small_pleasure_craft,full_fuel_cycle_ghg_emissions,1.2008664058829965,Mt CO2-e
9. TRANSPORT ENERGY AND ENVIRONEMENT.xlsx,Table 9.5,transport_full_fuel_cycle_ghg_by_mode,,financial_year,2014-15,Domestic aviation,domestic_aviation,full_fuel_cycle_ghg_emissions,11.759491676139952,Mt CO2-e
9. TRANSPORT ENERGY AND ENVIRONEMENT.xlsx,Table 9.5,transport_full_fuel_cycle_ghg_by_mode,,financial_year,2014-15,Total,total,full_fuel_cycle_ghg_emissions,115.75078378217324,Mt CO2-e
9. TRANSPORT ENERGY AND ENVIRONEMENT.xlsx,Table 9.5,transport_full_fuel_cycle_ghg_by_mode,,financial_year,2015-16,Road vehicles,road_vehicles,full_fuel_cycle_ghg_emissions,99.70753,Mt CO2-e
9. TRANSPORT ENERGY AND ENVIRONEMENT.xlsx,Table 9.5,transport_full_fuel_cycle_ghg_by_mode,,financial_year,2015-16,Rail,rail,full_fuel_cycle_ghg_emissions,6.394222734605754,Mt CO2-e
9. TRANSPORT ENERGY AND ENVIRONEMENT.xlsx,Table 9.5,transport_full_fuel_cycle_ghg_by_mode,,financial_year,2015-16,Domestic maritime (excluding small pleasure craft),domestic_maritime_excluding_small_pleasure_craft,full_fuel_cycle_ghg_emissions,1.2385399612305725,Mt CO2-e
9. TRANSPORT ENERGY AND ENVIRONEMENT.xlsx,Table 9.5,transport_full_fuel_cycle_ghg_by_mode,,financial_year,2015-16,Domestic aviation,domestic_aviation,full_fuel_cycle_ghg_emissions,11.98901636035909,Mt CO2-e
9. TRANSPORT ENERGY AND ENVIRONEMENT.xlsx,Table 9.5,transport_full_fuel_cycle_ghg_by_mode,,financial_year,2015-16,Total,total,full_fuel_cycle_ghg_emissions,119.32930905619541,Mt CO2-e
9. TRANSPORT ENERGY AND ENVIRONEMENT.xlsx,Table 9.5,transport_full_fuel_cycle_ghg_by_mode,,financial_year,2016-17,Road vehicles,road_vehicles,full_fuel_cycle_ghg_emissions,99.94992,Mt CO2-e
9. TRANSPORT ENERGY AND ENVIRONEMENT.xlsx,Table 9.5,transport_full_fuel_cycle_ghg_by_mode,,financial_year,2016-17,Rail,rail,full_fuel_cycle_ghg_emissions,6.544168813170601,Mt CO2-e
9. TRANSPORT ENERGY AND ENVIRONEMENT.xlsx,Table 9.5,transport_full_fuel_cycle_ghg_by_mode,,financial_year,2016-17,Domestic maritime (excluding small pleasure craft),domestic_maritime_excluding_small_pleasure_craft,full_fuel_cycle_ghg_emissions,1.3222237991315038,Mt CO2-e
9. TRANSPORT ENERGY AND ENVIRONEMENT.xlsx,Table 9.5,transport_full_fuel_cycle_ghg_by_mode,,financial_year,2016-17,Domestic aviation,domestic_aviation,full_fuel_cycle_ghg_emissions,11.86450573480219,Mt CO2-e
9. TRANSPORT ENERGY AND ENVIRONEMENT.xlsx,Table 9.5,transport_full_fuel_cycle_ghg_by_mode,,financial_year,2016-17,Total,total,full_fuel_cycle_ghg_emissions,119.6808183471043,Mt CO2-e
9. TRANSPORT ENERGY AND ENVIRONEMENT.xlsx,Table 9.5,transport_full_fuel_cycle_ghg_by_mode,,financial_year,2017-18,Road vehicles,road_vehicles,full_fuel_cycle_ghg_emissions,103.65301,Mt CO2-e
9. TRANSPORT ENERGY AND ENVIRONEMENT.xlsx,Table 9.5,transport_full_fuel_cycle_ghg_by_mode,,financial_year,2017-18,Rail,rail,full_fuel_cycle_ghg_emissions,6.55190064104712,Mt CO2-e
9. TRANSPORT ENERGY AND ENVIRONEMENT.xlsx,Table 9.5,transport_full_fuel_cycle_ghg_by_mode,,financial_year,2017-18,Domestic maritime (excluding small pleasure craft),domestic_maritime_excluding_small_pleasure_craft,full_fuel_cycle_ghg_emissions,1.4443875268181003,Mt CO2-e
9. TRANSPORT ENERGY AND ENVIRONEMENT.xlsx,Table 9.5,transport_full_fuel_cycle_ghg_by_mode,,financial_year,2017-18,Domestic aviation,domestic_aviation,full_fuel_cycle_ghg_emissions,11.190593509311,Mt CO2-e
9. TRANSPORT ENERGY AND ENVIRONEMENT.xlsx,Table 9.5,transport_full_fuel_cycle_ghg_by_mode,,financial_year,2017-18,Total,total,full_fuel_cycle_ghg_emissions,122.83989167717623,Mt CO2-e
9. TRANSPORT ENERGY AND ENVIRONEMENT.xlsx,Table 9.5,transport_full_fuel_cycle_ghg_by_mode,,financial_year,2018-19,Road vehicles,road_vehicles,full_fuel_cycle_ghg_emissions,103.39402,Mt CO2-e
9. TRANSPORT ENERGY AND ENVIRONEMENT.xlsx,Table 9.5,transport_full_fuel_cycle_ghg_by_mode,,financial_year,2018-19,Rail,rail,full_fuel_cycle_ghg_emissions,6.558642040816435,Mt CO2-e
9. TRANSPORT ENERGY AND ENVIRONEMENT.xlsx,Table 9.5,transport_full_fuel_cycle_ghg_by_mode,,financial_year,2018-19,Domestic maritime (excluding small pleasure craft),domestic_maritime_excluding_small_pleasure_craft,full_fuel_cycle_ghg_emissions,1.6323738529675083,Mt CO2-e
9. TRANSPORT ENERGY AND ENVIRONEMENT.xlsx,Table 9.5,transport_full_fuel_cycle_ghg_by_mode,,financial_year,2018-19,Domestic aviation,domestic_aviation,full_fuel_cycle_ghg_emissions,10.52292472923441,Mt CO2-e
9. TRANSPORT ENERGY AND ENVIRONEMENT.xlsx,Table 9.5,transport_full_fuel_cycle_ghg_by_mode,,financial_year,2018-19,Total,total,full_fuel_cycle_ghg_emissions,122.10796062301834,Mt CO2-e
9. TRANSPORT ENERGY AND ENVIRONEMENT.xlsx,Table 9.5,transport_full_fuel_cycle_ghg_by_mode,,financial_year,2019-20,Road vehicles,road_vehicles,full_fuel_cycle_ghg_emissions,101.0148,Mt CO2-e
9. TRANSPORT ENERGY AND ENVIRONEMENT.xlsx,Table 9.5,transport_full_fuel_cycle_ghg_by_mode,,financial_year,2019-20,Rail,rail,full_fuel_cycle_ghg_emissions,6.477069089382324,Mt CO2-e
9. TRANSPORT ENERGY AND ENVIRONEMENT.xlsx,Table 9.5,transport_full_fuel_cycle_ghg_by_mode,,financial_year,2019-20,Domestic maritime (excluding small pleasure craft),domestic_maritime_excluding_small_pleasure_craft,full_fuel_cycle_ghg_emissions,1.4016119253592647,Mt CO2-e
9. TRANSPORT ENERGY AND ENVIRONEMENT.xlsx,Table 9.5,transport_full_fuel_cycle_ghg_by_mode,,financial_year,2019-20,Domestic aviation,domestic_aviation,full_fuel_cycle_ghg_emissions,8.255104372317557,Mt CO2-e
9. TRANSPORT ENERGY AND ENVIRONEMENT.xlsx,Table 9.5,transport_full_fuel_cycle_ghg_by_mode,,financial_year,2019-20,Total,total,full_fuel_cycle_ghg_emissions,117.14858538705914,Mt CO2-e
9. TRANSPORT ENERGY AND ENVIRONEMENT.xlsx,Table 9.5,transport_full_fuel_cycle_ghg_by_mode,,financial_year,2020-21,Road vehicles,road_vehicles,full_fuel_cycle_ghg_emissions,100.27794,Mt CO2-e
9. TRANSPORT ENERGY AND ENVIRONEMENT.xlsx,Table 9.5,transport_full_fuel_cycle_ghg_by_mode,,financial_year,2020-21,Rail,rail,full_fuel_cycle_ghg_emissions,6.583647376124798,Mt CO2-e
9. TRANSPORT ENERGY AND ENVIRONEMENT.xlsx,Table 9.5,transport_full_fuel_cycle_ghg_by_mode,,financial_year,2020-21,Domestic maritime (excluding small pleasure craft),domestic_maritime_excluding_small_pleasure_craft,full_fuel_cycle_ghg_emissions,1.0645411760831043,Mt CO2-e
9. TRANSPORT ENERGY AND ENVIRONEMENT.xlsx,Table 9.5,transport_full_fuel_cycle_ghg_by_mode,,financial_year,2020-21,Domestic aviation,domestic_aviation,full_fuel_cycle_ghg_emissions,5.456275638328651,Mt CO2-e
9. TRANSPORT ENERGY AND ENVIRONEMENT.xlsx,Table 9.5,transport_full_fuel_cycle_ghg_by_mode,,financial_year,2020-21,Total,total,full_fuel_cycle_ghg_emissions,113.38240419053656,Mt CO2-e
9. TRANSPORT ENERGY AND ENVIRONEMENT.xlsx,Table 9.5,transport_full_fuel_cycle_ghg_by_mode,,financial_year,2021-22,Road vehicles,road_vehicles,full_fuel_cycle_ghg_emissions,99.70368,Mt CO2-e
9. TRANSPORT ENERGY AND ENVIRONEMENT.xlsx,Table 9.5,transport_full_fuel_cycle_ghg_by_mode,,financial_year,2021-22,Rail,rail,full_fuel_cycle_ghg_emissions,6.479435996410389,Mt CO2-e
9. TRANSPORT ENERGY AND ENVIRONEMENT.xlsx,Table 9.5,transport_full_fuel_cycle_ghg_by_mode,,financial_year,2021-22,Domestic maritime (excluding small pleasure craft),domestic_maritime_excluding_small_pleasure_craft,full_fuel_cycle_ghg_emissions,1.125150510245961,Mt CO2-e
9. TRANSPORT ENERGY AND ENVIRONEMENT.xlsx,Table 9.5,transport_full_fuel_cycle_ghg_by_mode,,financial_year,2021-22,Domestic aviation,domestic_aviation,full_fuel_cycle_ghg_emissions,7.187897393129551,Mt CO2-e
9. TRANSPORT ENERGY AND ENVIRONEMENT.xlsx,Table 9.5,transport_full_fuel_cycle_ghg_by_mode,,financial_year,2021-22,Total,total,full_fuel_cycle_ghg_emissions,114.4961638997859,Mt CO2-e
9. TRANSPORT ENERGY AND ENVIRONEMENT.xlsx,Table 9.5,transport_full_fuel_cycle_ghg_by_mode,,financial_year,2022-23,Road vehicles,road_vehicles,full_fuel_cycle_ghg_emissions,105.39922,Mt CO2-e
9. TRANSPORT ENERGY AND ENVIRONEMENT.xlsx,Table 9.5,transport_full_fuel_cycle_ghg_by_mode,,financial_year,2022-23,Rail,rail,full_fuel_cycle_ghg_emissions,6.466372233021826,Mt CO2-e
9. TRANSPORT ENERGY AND ENVIRONEMENT.xlsx,Table 9.5,transport_full_fuel_cycle_ghg_by_mode,,financial_year,2022-23,Domestic maritime (excluding small pleasure craft),domestic_maritime_excluding_small_pleasure_craft,full_fuel_cycle_ghg_emissions,1.319330802304481,Mt CO2-e
9. TRANSPORT ENERGY AND ENVIRONEMENT.xlsx,Table 9.5,transport_full_fuel_cycle_ghg_by_mode,,financial_year,2022-23,Domestic aviation,domestic_aviation,full_fuel_cycle_ghg_emissions,11.22341365613231,Mt CO2-e
9. TRANSPORT ENERGY AND ENVIRONEMENT.xlsx,Table 9.5,transport_full_fuel_cycle_ghg_by_mode,,financial_year,2022-23,Total,total,full_fuel_cycle_ghg_emissions,124.40833669145862,Mt CO2-e
9. TRANSPORT ENERGY AND ENVIRONEMENT.xlsx,Table 9.5,transport_full_fuel_cycle_ghg_by_mode,,financial_year,2023-24,Road vehicles,road_vehicles,full_fuel_cycle_ghg_emissions,107.13606,Mt CO2-e
9. TRANSPORT ENERGY AND ENVIRONEMENT.xlsx,Table 9.5,transport_full_fuel_cycle_ghg_by_mode,,financial_year,2023-24,Rail,rail,full_fuel_cycle_ghg_emissions,6.477166945804782,Mt CO2-e
9. TRANSPORT ENERGY AND ENVIRONEMENT.xlsx,Table 9.5,transport_full_fuel_cycle_ghg_by_mode,,financial_year,2023-24,Domestic maritime (excluding small pleasure craft),domestic_maritime_excluding_small_pleasure_craft,full_fuel_cycle_ghg_emissions,1.4231936196384845,Mt CO2-e
9. TRANSPORT ENERGY AND ENVIRONEMENT.xlsx,Table 9.5,transport_full_fuel_cycle_ghg_by_mode,,financial_year,2023-24,Domestic aviation,domestic_aviation,full_fuel_cycle_ghg_emissions,11.98618089122845,Mt CO2-e
9. TRANSPORT ENERGY AND ENVIRONEMENT.xlsx,Table 9.5,transport_full_fuel_cycle_ghg_by_mode,,financial_year,2023-24,Total,total,full_fuel_cycle_ghg_emissions,127.02260145667171,Mt CO2-e
9. TRANSPORT ENERGY AND ENVIRONEMENT.xlsx,Table 9.5,transport_full_fuel_cycle_ghg_by_mode,,financial_year,2024-25,Road vehicles,road_vehicles,full_fuel_cycle_ghg_emissions,107.51453,Mt CO2-e
9. TRANSPORT ENERGY AND ENVIRONEMENT.xlsx,Table 9.5,transport_full_fuel_cycle_ghg_by_mode,,financial_year,2024-25,Rail,rail,full_fuel_cycle_ghg_emissions,6.52739449251899,Mt CO2-e
9. TRANSPORT ENERGY AND ENVIRONEMENT.xlsx,Table 9.5,transport_full_fuel_cycle_ghg_by_mode,,financial_year,2024-25,Domestic maritime (excluding small pleasure craft),domestic_maritime_excluding_small_pleasure_craft,full_fuel_cycle_ghg_emissions,1.42126223743432,Mt CO2-e
9. TRANSPORT ENERGY AND ENVIRONEMENT.xlsx,Table 9.5,transport_full_fuel_cycle_ghg_by_mode,,financial_year,2024-25,Domestic aviation,domestic_aviation,full_fuel_cycle_ghg_emissions,12.360426084945761,Mt CO2-e
9. TRANSPORT ENERGY AND ENVIRONEMENT.xlsx,Table 9.5,transport_full_fuel_cycle_ghg_by_mode,,financial_year,2024-25,Total,total,full_fuel_cycle_ghg_emissions,127.82361281489906,Mt CO2-e
9. TRANSPORT ENERGY AND ENVIRONEMENT.xlsx,Table 9.10,road_energy_use_by_vehicle_type,,financial_year,1974-75,Cars,cars,energy_use,326.5762556246195,PJ
9. TRANSPORT ENERGY AND ENVIRONEMENT.xlsx,Table 9.10,road_energy_use_by_vehicle_type,,financial_year,1974-75,Light commercial vehicles,light_commercial_vehicles,energy_use,62.322350680486,PJ
9. TRANSPORT ENERGY AND ENVIRONEMENT.xlsx,Table 9.10,road_energy_use_by_vehicle_type,,financial_year,1974-75,Articulated trucks,articulated_trucks,energy_use,35.931190423594785,PJ
9. TRANSPORT ENERGY AND ENVIRONEMENT.xlsx,Table 9.10,road_energy_use_by_vehicle_type,,financial_year,1974-75,Rigid and other trucks,rigid_and_other_trucks,energy_use,48.39986473454738,PJ
9. TRANSPORT ENERGY AND ENVIRONEMENT.xlsx,Table 9.10,road_energy_use_by_vehicle_type,,financial_year,1974-75,Buses,buses,energy_use,8.012571040463143,PJ
9. TRANSPORT ENERGY AND ENVIRONEMENT.xlsx,Table 9.10,road_energy_use_by_vehicle_type,,financial_year,1974-75,Motor cycles,motor_cycles,energy_use,2.459742460678123,PJ
9. TRANSPORT ENERGY AND ENVIRONEMENT.xlsx,Table 9.10,road_energy_use_by_vehicle_type,,financial_year,1974-75,Total road,total_road,energy_use,483.7019749643889,PJ
9. TRANSPORT ENERGY AND ENVIRONEMENT.xlsx,Table 9.10,road_energy_use_by_vehicle_type,,financial_year,1975-76,Cars,cars,energy_use,341.0842398139472,PJ
9. TRANSPORT ENERGY AND ENVIRONEMENT.xlsx,Table 9.10,road_energy_use_by_vehicle_type,,financial_year,1975-76,Light commercial vehicles,light_commercial_vehicles,energy_use,63.780597293437964,PJ
9. TRANSPORT ENERGY AND ENVIRONEMENT.xlsx,Table 9.10,road_energy_use_by_vehicle_type,,financial_year,1975-76,Articulated trucks,articulated_trucks,energy_use,39.30678556618027,PJ
9. TRANSPORT ENERGY AND ENVIRONEMENT.xlsx,Table 9.10,road_energy_use_by_vehicle_type,,financial_year,1975-76,Rigid and other trucks,rigid_and_other_trucks,energy_use,50.88734992526022,PJ
9. TRANSPORT ENERGY AND ENVIRONEMENT.xlsx,Table 9.10,road_energy_use_by_vehicle_type,,financial_year,1975-76,Buses,buses,energy_use,8.031170035334366,PJ
9. TRANSPORT ENERGY AND ENVIRONEMENT.xlsx,Table 9.10,road_energy_use_by_vehicle_type,,financial_year,1975-76,Motor cycles,motor_cycles,energy_use,2.953447911714233,PJ
9. TRANSPORT ENERGY AND ENVIRONEMENT.xlsx,Table 9.10,road_energy_use_by_vehicle_type,,financial_year,1975-76,Total road,total_road,energy_use,506.0435905458742,PJ
9. TRANSPORT ENERGY AND ENVIRONEMENT.xlsx,Table 9.10,road_energy_use_by_vehicle_type,,financial_year,1976-77,Cars,cars,energy_use,358.0290609485647,PJ
9. TRANSPORT ENERGY AND ENVIRONEMENT.xlsx,Table 9.10,road_energy_use_by_vehicle_type,,financial_year,1976-77,Light commercial vehicles,light_commercial_vehicles,energy_use,72.23751431973511,PJ
9. TRANSPORT ENERGY AND ENVIRONEMENT.xlsx,Table 9.10,road_energy_use_by_vehicle_type,,financial_year,1976-77,Articulated trucks,articulated_trucks,energy_use,43.39238901016405,PJ
9. TRANSPORT ENERGY AND ENVIRONEMENT.xlsx,Table 9.10,road_energy_use_by_vehicle_type,,financial_year,1976-77,Rigid and other trucks,rigid_and_other_trucks,energy_use,50.713029008293525,PJ
9. TRANSPORT ENERGY AND ENVIRONEMENT.xlsx,Table 9.10,road_energy_use_by_vehicle_type,,financial_year,1976-77,Buses,buses,energy_use,8.165948966180022,PJ
9. TRANSPORT ENERGY AND ENVIRONEMENT.xlsx,Table 9.10,road_energy_use_by_vehicle_type,,financial_year,1976-77,Motor cycles,motor_cycles,energy_use,3.1011203072999436,PJ
9. TRANSPORT ENERGY AND ENVIRONEMENT.xlsx,Table 9.10,road_energy_use_by_vehicle_type,,financial_year,1976-77,Total road,total_road,energy_use,535.6390625602373,PJ
9. TRANSPORT ENERGY AND ENVIRONEMENT.xlsx,Table 9.10,road_energy_use_by_vehicle_type,,financial_year,1977-78,Cars,cars,energy_use,372.4940987678292,PJ
9. TRANSPORT ENERGY AND ENVIRONEMENT.xlsx,Table 9.10,road_energy_use_by_vehicle_type,,financial_year,1977-78,Light commercial vehicles,light_commercial_vehicles,energy_use,78.64189571431365,PJ
9. TRANSPORT ENERGY AND ENVIRONEMENT.xlsx,Table 9.10,road_energy_use_by_vehicle_type,,financial_year,1977-78,Articulated trucks,articulated_trucks,energy_use,44.82347934294628,PJ
9. TRANSPORT ENERGY AND ENVIRONEMENT.xlsx,Table 9.10,road_energy_use_by_vehicle_type,,financial_year,1977-78,Rigid and other trucks,rigid_and_other_trucks,energy_use,50.62439011046462,PJ
9. TRANSPORT ENERGY AND ENVIRONEMENT.xlsx,Table 9.10,road_energy_use_by_vehicle_type,,financial_year,1977-78,Buses,buses,energy_use,8.366903419234673,PJ
9. TRANSPORT ENERGY AND ENVIRONEMENT.xlsx,Table 9.10,road_energy_use_by_vehicle_type,,financial_year,1977-78,Motor cycles,motor_cycles,energy_use,3.2732509434045403,PJ
9. TRANSPORT ENERGY AND ENVIRONEMENT.xlsx,Table 9.10,road_energy_use_by_vehicle_type,,financial_year,1977-78,Total road,total_road,energy_use,558.224018298193,PJ
9. TRANSPORT ENERGY AND ENVIRONEMENT.xlsx,Table 9.10,road_energy_use_by_vehicle_type,,financial_year,1978-79,Cars,cars,energy_use,385.72470258992604,PJ
9. TRANSPORT ENERGY AND ENVIRONEMENT.xlsx,Table 9.10,road_energy_use_by_vehicle_type,,financial_year,1978-79,Light commercial vehicles,light_commercial_vehicles,energy_use,81.50666548639289,PJ
9. TRANSPORT ENERGY AND ENVIRONEMENT.xlsx,Table 9.10,road_energy_use_by_vehicle_type,,financial_year,1978-79,Articulated trucks,articulated_trucks,energy_use,53.257076508371085,PJ
9. TRANSPORT ENERGY AND ENVIRONEMENT.xlsx,Table 9.10,road_energy_use_by_vehicle_type,,financial_year,1978-79,Rigid and other trucks,rigid_and_other_trucks,energy_use,51.85835229403342,PJ
9. TRANSPORT ENERGY AND ENVIRONEMENT.xlsx,Table 9.10,road_energy_use_by_vehicle_type,,financial_year,1978-79,Buses,buses,energy_use,8.57303709413484,PJ
9. TRANSPORT ENERGY AND ENVIRONEMENT.xlsx,Table 9.10,road_energy_use_by_vehicle_type,,financial_year,1978-79,Motor cycles,motor_cycles,energy_use,3.3991670418343496,PJ
9. TRANSPORT ENERGY AND ENVIRONEMENT.xlsx,Table 9.10,road_energy_use_by_vehicle_type,,financial_year,1978-79,Total road,total_road,energy_use,584.3190010146926,PJ
9. TRANSPORT ENERGY AND ENVIRONEMENT.xlsx,Table 9.10,road_energy_use_by_vehicle_type,,financial_year,1979-80,Cars,cars,energy_use,385.6109742334403,PJ
9. TRANSPORT ENERGY AND ENVIRONEMENT.xlsx,Table 9.10,road_energy_use_by_vehicle_type,,financial_year,1979-80,Light commercial vehicles,light_commercial_vehicles,energy_use,80.95980640458568,PJ
9. TRANSPORT ENERGY AND ENVIRONEMENT.xlsx,Table 9.10,road_energy_use_by_vehicle_type,,financial_year,1979-80,Articulated trucks,articulated_trucks,energy_use,57.67107706837748,PJ
9. TRANSPORT ENERGY AND ENVIRONEMENT.xlsx,Table 9.10,road_energy_use_by_vehicle_type,,financial_year,1979-80,Rigid and other trucks,rigid_and_other_trucks,energy_use,57.719676522719176,PJ
9. TRANSPORT ENERGY AND ENVIRONEMENT.xlsx,Table 9.10,road_energy_use_by_vehicle_type,,financial_year,1979-80,Buses,buses,energy_use,9.09558941584601,PJ
9. TRANSPORT ENERGY AND ENVIRONEMENT.xlsx,Table 9.10,road_energy_use_by_vehicle_type,,financial_year,1979-80,Motor cycles,motor_cycles,energy_use,3.725448669183308,PJ
9. TRANSPORT ENERGY AND ENVIRONEMENT.xlsx,Table 9.10,road_energy_use_by_vehicle_type,,financial_year,1979-80,Total road,total_road,energy_use,594.7825723141519,PJ
9. TRANSPORT ENERGY AND ENVIRONEMENT.xlsx,Table 9.10,road_energy_use_by_vehicle_type,,financial_year,1980-81,Cars,cars,energy_use,389.8698600703109,PJ
9. TRANSPORT ENERGY AND ENVIRONEMENT.xlsx,Table 9.10,road_energy_use_by_vehicle_type,,financial_year,1980-81,Light commercial vehicles,light_commercial_vehicles,energy_use,82.06301352070997,PJ
9. TRANSPORT ENERGY AND ENVIRONEMENT.xlsx,Table 9.10,road_energy_use_by_vehicle_type,,financial_year,1980-81,Articulated trucks,articulated_trucks,energy_use,59.396237569468894,PJ
9. TRANSPORT ENERGY AND ENVIRONEMENT.xlsx,Table 9.10,road_energy_use_by_vehicle_type,,financial_year,1980-81,Rigid and other trucks,rigid_and_other_trucks,energy_use,62.46685912757096,PJ
9. TRANSPORT ENERGY AND ENVIRONEMENT.xlsx,Table 9.10,road_energy_use_by_vehicle_type,,financial_year,1980-81,Buses,buses,energy_use,9.657081586954433,PJ
9. TRANSPORT ENERGY AND ENVIRONEMENT.xlsx,Table 9.10,road_energy_use_by_vehicle_type,,financial_year,1980-81,Motor cycles,motor_cycles,energy_use,3.9607401640790942,PJ
9. TRANSPORT ENERGY AND ENVIRONEMENT.xlsx,Table 9.10,road_energy_use_by_vehicle_type,,financial_year,1980-81,Total road,total_road,energy_use,607.4137920390942,PJ
9. TRANSPORT ENERGY AND ENVIRONEMENT.xlsx,Table 9.10,road_energy_use_by_vehicle_type,,financial_year,1981-82,Cars,cars,energy_use,405.96310890915805,PJ
9. TRANSPORT ENERGY AND ENVIRONEMENT.xlsx,Table 9.10,road_energy_use_by_vehicle_type,,financial_year,1981-82,Light commercial vehicles,light_commercial_vehicles,energy_use,83.8891054105446,PJ
9. TRANSPORT ENERGY AND ENVIRONEMENT.xlsx,Table 9.10,road_energy_use_by_vehicle_type,,financial_year,1981-82,Articulated trucks,articulated_trucks,energy_use,63.076811187991886,PJ
9. TRANSPORT ENERGY AND ENVIRONEMENT.xlsx,Table 9.10,road_energy_use_by_vehicle_type,,financial_year,1981-82,Rigid and other trucks,rigid_and_other_trucks,energy_use,68.71349934863599,PJ
9. TRANSPORT ENERGY AND ENVIRONEMENT.xlsx,Table 9.10,road_energy_use_by_vehicle_type,,financial_year,1981-82,Buses,buses,energy_use,10.101801701743007,PJ
9. TRANSPORT ENERGY AND ENVIRONEMENT.xlsx,Table 9.10,road_energy_use_by_vehicle_type,,financial_year,1981-82,Motor cycles,motor_cycles,energy_use,4.360378846634677,PJ
9. TRANSPORT ENERGY AND ENVIRONEMENT.xlsx,Table 9.10,road_energy_use_by_vehicle_type,,financial_year,1981-82,Total road,total_road,energy_use,636.1047054047083,PJ
9. TRANSPORT ENERGY AND ENVIRONEMENT.xlsx,Table 9.10,road_energy_use_by_vehicle_type,,financial_year,1982-83,Cars,cars,energy_use,403.7068581915984,PJ
9. TRANSPORT ENERGY AND ENVIRONEMENT.xlsx,Table 9.10,road_energy_use_by_vehicle_type,,financial_year,1982-83,Light commercial vehicles,light_commercial_vehicles,energy_use,83.05272493441667,PJ
9. TRANSPORT ENERGY AND ENVIRONEMENT.xlsx,Table 9.10,road_energy_use_by_vehicle_type,,financial_year,1982-83,Articulated trucks,articulated_trucks,energy_use,62.793864252941795,PJ
9. TRANSPORT ENERGY AND ENVIRONEMENT.xlsx,Table 9.10,road_energy_use_by_vehicle_type,,financial_year,1982-83,Rigid and other trucks,rigid_and_other_trucks,energy_use,63.90181619909446,PJ
9. TRANSPORT ENERGY AND ENVIRONEMENT.xlsx,Table 9.10,road_energy_use_by_vehicle_type,,financial_year,1982-83,Buses,buses,energy_use,11.15427865352503,PJ
9. TRANSPORT ENERGY AND ENVIRONEMENT.xlsx,Table 9.10,road_energy_use_by_vehicle_type,,financial_year,1982-83,Motor cycles,motor_cycles,energy_use,4.422384233903332,PJ
9. TRANSPORT ENERGY AND ENVIRONEMENT.xlsx,Table 9.10,road_energy_use_by_vehicle_type,,financial_year,1982-83,Total road,total_road,energy_use,629.0319264654797,PJ
9. TRANSPORT ENERGY AND ENVIRONEMENT.xlsx,Table 9.10,road_energy_use_by_vehicle_type,,financial_year,1983-84,Cars,cars,energy_use,418.9736056017426,PJ
9. TRANSPORT ENERGY AND ENVIRONEMENT.xlsx,Table 9.10,road_energy_use_by_vehicle_type,,financial_year,1983-84,Light commercial vehicles,light_commercial_vehicles,energy_use,88.7014966440336,PJ
9. TRANSPORT ENERGY AND ENVIRONEMENT.xlsx,Table 9.10,road_energy_use_by_vehicle_type,,financial_year,1983-84,Articulated trucks,articulated_trucks,energy_use,70.47485085183787,PJ
9. TRANSPORT ENERGY AND ENVIRONEMENT.xlsx,Table 9.10,road_energy_use_by_vehicle_type,,financial_year,1983-84,Rigid and other trucks,rigid_and_other_trucks,energy_use,63.68883584491041,PJ
9. TRANSPORT ENERGY AND ENVIRONEMENT.xlsx,Table 9.10,road_energy_use_by_vehicle_type,,financial_year,1983-84,Buses,buses,energy_use,12.22320465444783,PJ
9. TRANSPORT ENERGY AND ENVIRONEMENT.xlsx,Table 9.10,road_energy_use_by_vehicle_type,,financial_year,1983-84,Motor cycles,motor_cycles,energy_use,4.527415859458537,PJ
9. TRANSPORT ENERGY AND ENVIRONEMENT.xlsx,Table 9.10,road_energy_use_by_vehicle_type,,financial_year,1983-84,Total road,total_road,energy_use,658.5894094564308,PJ
9. TRANSPORT ENERGY AND ENVIRONEMENT.xlsx,Table 9.10,road_energy_use_by_vehicle_type,,financial_year,1984-85,Cars,cars,energy_use,431.65597073196426,PJ
9. TRANSPORT ENERGY AND ENVIRONEMENT.xlsx,Table 9.10,road_energy_use_by_vehicle_type,,financial_year,1984-85,Light commercial vehicles,light_commercial_vehicles,energy_use,94.21022213339202,PJ
9. TRANSPORT ENERGY AND ENVIRONEMENT.xlsx,Table 9.10,road_energy_use_by_vehicle_type,,financial_year,1984-85,Articulated trucks,articulated_trucks,energy_use,74.41852227546153,PJ
9. TRANSPORT ENERGY AND ENVIRONEMENT.xlsx,Table 9.10,road_energy_use_by_vehicle_type,,financial_year,1984-85,Rigid and other trucks,rigid_and_other_trucks,energy_use,65.972056206817,PJ
9. TRANSPORT ENERGY AND ENVIRONEMENT.xlsx,Table 9.10,road_energy_use_by_vehicle_type,,financial_year,1984-85,Buses,buses,energy_use,13.274044242774512,PJ
9. TRANSPORT ENERGY AND ENVIRONEMENT.xlsx,Table 9.10,road_energy_use_by_vehicle_type,,financial_year,1984-85,Motor cycles,motor_cycles,energy_use,4.592369185655567,PJ
9. TRANSPORT ENERGY AND ENVIRONEMENT.xlsx,Table 9.10,road_energy_use_by_vehicle_type,,financial_year,1984-85,Total road,total_road,energy_use,684.1231847760649,PJ
9. TRANSPORT ENERGY AND ENVIRONEMENT.xlsx,Table 9.10,road_energy_use_by_vehicle_type,,financial_year,1985-86,Cars,cars,energy_use,444.0033197316677,PJ
9. TRANSPORT ENERGY AND ENVIRONEMENT.xlsx,Table 9.10,road_energy_use_by_vehicle_type,,financial_year,1985-86,Light commercial vehicles,light_commercial_vehicles,energy_use,97.43705547103427,PJ
9. TRANSPORT ENERGY AND ENVIRONEMENT.xlsx,Table 9.10,road_energy_use_by_vehicle_type,,financial_year,1985-86,Articulated trucks,articulated_trucks,energy_use,76.1547007455136,PJ
9. TRANSPORT ENERGY AND ENVIRONEMENT.xlsx,Table 9.10,road_energy_use_by_vehicle_type,,financial_year,1985-86,Rigid and other trucks,rigid_and_other_trucks,energy_use,64.89135117955367,PJ
9. TRANSPORT ENERGY AND ENVIRONEMENT.xlsx,Table 9.10,road_energy_use_by_vehicle_type,,financial_year,1985-86,Buses,buses,energy_use,14.183964384548956,PJ
9. TRANSPORT ENERGY AND ENVIRONEMENT.xlsx,Table 9.10,road_energy_use_by_vehicle_type,,financial_year,1985-86,Motor cycles,motor_cycles,energy_use,4.234043537353758,PJ
9. TRANSPORT ENERGY AND ENVIRONEMENT.xlsx,Table 9.10,road_energy_use_by_vehicle_type,,financial_year,1985-86,Total road,total_road,energy_use,700.904435049672,PJ
9. TRANSPORT ENERGY AND ENVIRONEMENT.xlsx,Table 9.10,road_energy_use_by_vehicle_type,,financial_year,1986-87,Cars,cars,energy_use,452.4745856139446,PJ
9. TRANSPORT ENERGY AND ENVIRONEMENT.xlsx,Table 9.10,road_energy_use_by_vehicle_type,,financial_year,1986-87,Light commercial vehicles,light_commercial_vehicles,energy_use,99.68889390836367,PJ
9. TRANSPORT ENERGY AND ENVIRONEMENT.xlsx,Table 9.10,road_energy_use_by_vehicle_type,,financial_year,1986-87,Articulated trucks,articulated_trucks,energy_use,76.83515064631685,PJ
9. TRANSPORT ENERGY AND ENVIRONEMENT.xlsx,Table 9.10,road_energy_use_by_vehicle_type,,financial_year,1986-87,Rigid and other trucks,rigid_and_other_trucks,energy_use,65.67184397681916,PJ
9. TRANSPORT ENERGY AND ENVIRONEMENT.xlsx,Table 9.10,road_energy_use_by_vehicle_type,,financial_year,1986-87,Buses,buses,energy_use,15.144198973181952,PJ
9. TRANSPORT ENERGY AND ENVIRONEMENT.xlsx,Table 9.10,road_energy_use_by_vehicle_type,,financial_year,1986-87,Motor cycles,motor_cycles,energy_use,4.032825658769042,PJ
9. TRANSPORT ENERGY AND ENVIRONEMENT.xlsx,Table 9.10,road_energy_use_by_vehicle_type,,financial_year,1986-87,Total road,total_road,energy_use,713.8474987773952,PJ
9. TRANSPORT ENERGY AND ENVIRONEMENT.xlsx,Table 9.10,road_energy_use_by_vehicle_type,,financial_year,1987-88,Cars,cars,energy_use,473.1181299951942,PJ
9. TRANSPORT ENERGY AND ENVIRONEMENT.xlsx,Table 9.10,road_energy_use_by_vehicle_type,,financial_year,1987-88,Light commercial vehicles,light_commercial_vehicles,energy_use,104.89865158182751,PJ
9. TRANSPORT ENERGY AND ENVIRONEMENT.xlsx,Table 9.10,road_energy_use_by_vehicle_type,,financial_year,1987-88,Articulated trucks,articulated_trucks,energy_use,82.71133483505281,PJ
9. TRANSPORT ENERGY AND ENVIRONEMENT.xlsx,Table 9.10,road_energy_use_by_vehicle_type,,financial_year,1987-88,Rigid and other trucks,rigid_and_other_trucks,energy_use,69.73778878761014,PJ
9. TRANSPORT ENERGY AND ENVIRONEMENT.xlsx,Table 9.10,road_energy_use_by_vehicle_type,,financial_year,1987-88,Buses,buses,energy_use,16.11067430299706,PJ
9. TRANSPORT ENERGY AND ENVIRONEMENT.xlsx,Table 9.10,road_energy_use_by_vehicle_type,,financial_year,1987-88,Motor cycles,motor_cycles,energy_use,3.871899783681521,PJ
9. TRANSPORT ENERGY AND ENVIRONEMENT.xlsx,Table 9.10,road_energy_use_by_vehicle_type,,financial_year,1987-88,Total road,total_road,energy_use,750.4484792863632,PJ
9. TRANSPORT ENERGY AND ENVIRONEMENT.xlsx,Table 9.10,road_energy_use_by_vehicle_type,,financial_year,1988-89,Cars,cars,energy_use,495.60570876552526,PJ
9. TRANSPORT ENERGY AND ENVIRONEMENT.xlsx,Table 9.10,road_energy_use_by_vehicle_type,,financial_year,1988-89,Light commercial vehicles,light_commercial_vehicles,energy_use,110.10347288288601,PJ
9. TRANSPORT ENERGY AND ENVIRONEMENT.xlsx,Table 9.10,road_energy_use_by_vehicle_type,,financial_year,1988-89,Articulated trucks,articulated_trucks,energy_use,82.7499010603377,PJ
9. TRANSPORT ENERGY AND ENVIRONEMENT.xlsx,Table 9.10,road_energy_use_by_vehicle_type,,financial_year,1988-89,Rigid and other trucks,rigid_and_other_trucks,energy_use,70.16544336049893,PJ
9. TRANSPORT ENERGY AND ENVIRONEMENT.xlsx,Table 9.10,road_energy_use_by_vehicle_type,,financial_year,1988-89,Buses,buses,energy_use,17.146651916048743,PJ
9. TRANSPORT ENERGY AND ENVIRONEMENT.xlsx,Table 9.10,road_energy_use_by_vehicle_type,,financial_year,1988-89,Motor cycles,motor_cycles,energy_use,4.0327830784892145,PJ
9. TRANSPORT ENERGY AND ENVIRONEMENT.xlsx,Table 9.10,road_energy_use_by_vehicle_type,,financial_year,1988-89,Total road,total_road,energy_use,779.8039610637859,PJ
9. TRANSPORT ENERGY AND ENVIRONEMENT.xlsx,Table 9.10,road_energy_use_by_vehicle_type,,financial_year,1989-90,Cars,cars,energy_use,510.84258877515947,PJ
9. TRANSPORT ENERGY AND ENVIRONEMENT.xlsx,Table 9.10,road_energy_use_by_vehicle_type,,financial_year,1989-90,Light commercial vehicles,light_commercial_vehicles,energy_use,111.64151831798225,PJ
9. TRANSPORT ENERGY AND ENVIRONEMENT.xlsx,Table 9.10,road_energy_use_by_vehicle_type,,financial_year,1989-90,Articulated trucks,articulated_trucks,energy_use,80.94050833866972,PJ
9. TRANSPORT ENERGY AND ENVIRONEMENT.xlsx,Table 9.10,road_energy_use_by_vehicle_type,,financial_year,1989-90,Rigid and other trucks,rigid_and_other_trucks,energy_use,73.24428332634854,PJ
9. TRANSPORT ENERGY AND ENVIRONEMENT.xlsx,Table 9.10,road_energy_use_by_vehicle_type,,financial_year,1989-90,Buses,buses,energy_use,18.156329674900512,PJ
9. TRANSPORT ENERGY AND ENVIRONEMENT.xlsx,Table 9.10,road_energy_use_by_vehicle_type,,financial_year,1989-90,Motor cycles,motor_cycles,energy_use,3.6242512920000007,PJ
9. TRANSPORT ENERGY AND ENVIRONEMENT.xlsx,Table 9.10,road_energy_use_by_vehicle_type,,financial_year,1989-90,Total road,total_road,energy_use,798.4494797250604,PJ
9. TRANSPORT ENERGY AND ENVIRONEMENT.xlsx,Table 9.10,road_energy_use_by_vehicle_type,,financial_year,1990-91,Cars,cars,energy_use,508.94038948404625,PJ
9. TRANSPORT ENERGY AND ENVIRONEMENT.xlsx,Table 9.10,road_energy_use_by_vehicle_type,,financial_year,1990-91,Light commercial vehicles,light_commercial_vehicles,energy_use,107.8852811966463,PJ
9. TRANSPORT ENERGY AND ENVIRONEMENT.xlsx,Table 9.10,road_energy_use_by_vehicle_type,,financial_year,1990-91,Articulated trucks,articulated_trucks,energy_use,79.74744376438815,PJ
9. TRANSPORT ENERGY AND ENVIRONEMENT.xlsx,Table 9.10,road_energy_use_by_vehicle_type,,financial_year,1990-91,Rigid and other trucks,rigid_and_other_trucks,energy_use,65.50100955346097,PJ
9. TRANSPORT ENERGY AND ENVIRONEMENT.xlsx,Table 9.10,road_energy_use_by_vehicle_type,,financial_year,1990-91,Buses,buses,energy_use,17.577701345433756,PJ
9. TRANSPORT ENERGY AND ENVIRONEMENT.xlsx,Table 9.10,road_energy_use_by_vehicle_type,,financial_year,1990-91,Motor cycles,motor_cycles,energy_use,3.2627725987238545,PJ
9. TRANSPORT ENERGY AND ENVIRONEMENT.xlsx,Table 9.10,road_energy_use_by_vehicle_type,,financial_year,1990-91,Total road,total_road,energy_use,782.9145979426993,PJ
9. TRANSPORT ENERGY AND ENVIRONEMENT.xlsx,Table 9.10,road_energy_use_by_vehicle_type,,financial_year,1991-92,Cars,cars,energy_use,517.6152564460357,PJ
9. TRANSPORT ENERGY AND ENVIRONEMENT.xlsx,Table 9.10,road_energy_use_by_vehicle_type,,financial_year,1991-92,Light commercial vehicles,light_commercial_vehicles,energy_use,111.09057964178281,PJ
9. TRANSPORT ENERGY AND ENVIRONEMENT.xlsx,Table 9.10,road_energy_use_by_vehicle_type,,financial_year,1991-92,Articulated trucks,articulated_trucks,energy_use,80.44803972643547,PJ
9. TRANSPORT ENERGY AND ENVIRONEMENT.xlsx,Table 9.10,road_energy_use_by_vehicle_type,,financial_year,1991-92,Rigid and other trucks,rigid_and_other_trucks,energy_use,63.10047352633068,PJ
9. TRANSPORT ENERGY AND ENVIRONEMENT.xlsx,Table 9.10,road_energy_use_by_vehicle_type,,financial_year,1991-92,Buses,buses,energy_use,16.9864353102518,PJ
9. TRANSPORT ENERGY AND ENVIRONEMENT.xlsx,Table 9.10,road_energy_use_by_vehicle_type,,financial_year,1991-92,Motor cycles,motor_cycles,energy_use,3.2594786371841855,PJ
9. TRANSPORT ENERGY AND ENVIRONEMENT.xlsx,Table 9.10,road_energy_use_by_vehicle_type,,financial_year,1991-92,Total road,total_road,energy_use,792.5002632880206,PJ
9. TRANSPORT ENERGY AND ENVIRONEMENT.xlsx,Table 9.10,road_energy_use_by_vehicle_type,,financial_year,1992-93,Cars,cars,energy_use,533.72934508224,PJ
9. TRANSPORT ENERGY AND ENVIRONEMENT.xlsx,Table 9.10,road_energy_use_by_vehicle_type,,financial_year,1992-93,Light commercial vehicles,light_commercial_vehicles,energy_use,114.40657552522005,PJ
9. TRANSPORT ENERGY AND ENVIRONEMENT.xlsx,Table 9.10,road_energy_use_by_vehicle_type,,financial_year,1992-93,Articulated trucks,articulated_trucks,energy_use,86.43699484925418,PJ
9. TRANSPORT ENERGY AND ENVIRONEMENT.xlsx,Table 9.10,road_energy_use_by_vehicle_type,,financial_year,1992-93,Rigid and other trucks,rigid_and_other_trucks,energy_use,62.22495524339888,PJ
9. TRANSPORT ENERGY AND ENVIRONEMENT.xlsx,Table 9.10,road_energy_use_by_vehicle_type,,financial_year,1992-93,Buses,buses,energy_use,16.869583456761603,PJ
9. TRANSPORT ENERGY AND ENVIRONEMENT.xlsx,Table 9.10,road_energy_use_by_vehicle_type,,financial_year,1992-93,Motor cycles,motor_cycles,energy_use,3.264803300332085,PJ
9. TRANSPORT ENERGY AND ENVIRONEMENT.xlsx,Table 9.10,road_energy_use_by_vehicle_type,,financial_year,1992-93,Total road,total_road,energy_use,816.9322574572068,PJ
9. TRANSPORT ENERGY AND ENVIRONEMENT.xlsx,Table 9.10,road_energy_use_by_vehicle_type,,financial_year,1993-94,Cars,cars,energy_use,546.9883132610508,PJ
9. TRANSPORT ENERGY AND ENVIRONEMENT.xlsx,Table 9.10,road_energy_use_by_vehicle_type,,financial_year,1993-94,Light commercial vehicles,light_commercial_vehicles,energy_use,117.91840395217945,PJ
9. TRANSPORT ENERGY AND ENVIRONEMENT.xlsx,Table 9.10,road_energy_use_by_vehicle_type,,financial_year,1993-94,Articulated trucks,articulated_trucks,energy_use,89.0216313850777,PJ
9. TRANSPORT ENERGY AND ENVIRONEMENT.xlsx,Table 9.10,road_energy_use_by_vehicle_type,,financial_year,1993-94,Rigid and other trucks,rigid_and_other_trucks,energy_use,64.38353601044145,PJ
9. TRANSPORT ENERGY AND ENVIRONEMENT.xlsx,Table 9.10,road_energy_use_by_vehicle_type,,financial_year,1993-94,Buses,buses,energy_use,17.333322204404585,PJ
9. TRANSPORT ENERGY AND ENVIRONEMENT.xlsx,Table 9.10,road_energy_use_by_vehicle_type,,financial_year,1993-94,Motor cycles,motor_cycles,energy_use,3.2171788911794104,PJ
9. TRANSPORT ENERGY AND ENVIRONEMENT.xlsx,Table 9.10,road_energy_use_by_vehicle_type,,financial_year,1993-94,Total road,total_road,energy_use,838.8623857043335,PJ
9. TRANSPORT ENERGY AND ENVIRONEMENT.xlsx,Table 9.10,road_energy_use_by_vehicle_type,,financial_year,1994-95,Cars,cars,energy_use,562.1310528519926,PJ
9. TRANSPORT ENERGY AND ENVIRONEMENT.xlsx,Table 9.10,road_energy_use_by_vehicle_type,,financial_year,1994-95,Light commercial vehicles,light_commercial_vehicles,energy_use,124.96055220593054,PJ
9. TRANSPORT ENERGY AND ENVIRONEMENT.xlsx,Table 9.10,road_energy_use_by_vehicle_type,,financial_year,1994-95,Articulated trucks,articulated_trucks,energy_use,95.80524723029218,PJ
9. TRANSPORT ENERGY AND ENVIRONEMENT.xlsx,Table 9.10,road_energy_use_by_vehicle_type,,financial_year,1994-95,Rigid and other trucks,rigid_and_other_trucks,energy_use,67.82135413913583,PJ
9. TRANSPORT ENERGY AND ENVIRONEMENT.xlsx,Table 9.10,road_energy_use_by_vehicle_type,,financial_year,1994-95,Buses,buses,energy_use,17.678774391711094,PJ
9. TRANSPORT ENERGY AND ENVIRONEMENT.xlsx,Table 9.10,road_energy_use_by_vehicle_type,,financial_year,1994-95,Motor cycles,motor_cycles,energy_use,3.18583567308798,PJ
9. TRANSPORT ENERGY AND ENVIRONEMENT.xlsx,Table 9.10,road_energy_use_by_vehicle_type,,financial_year,1994-95,Total road,total_road,energy_use,871.5828164921502,PJ
9. TRANSPORT ENERGY AND ENVIRONEMENT.xlsx,Table 9.10,road_energy_use_by_vehicle_type,,financial_year,1995-96,Cars,cars,energy_use,568.6111937223503,PJ
9. TRANSPORT ENERGY AND ENVIRONEMENT.xlsx,Table 9.10,road_energy_use_by_vehicle_type,,financial_year,1995-96,Light commercial vehicles,light_commercial_vehicles,energy_use,129.40830190240112,PJ
9. TRANSPORT ENERGY AND ENVIRONEMENT.xlsx,Table 9.10,road_energy_use_by_vehicle_type,,financial_year,1995-96,Articulated trucks,articulated_trucks,energy_use,100.76966160874655,PJ
9. TRANSPORT ENERGY AND ENVIRONEMENT.xlsx,Table 9.10,road_energy_use_by_vehicle_type,,financial_year,1995-96,Rigid and other trucks,rigid_and_other_trucks,energy_use,71.77301398558491,PJ
9. TRANSPORT ENERGY AND ENVIRONEMENT.xlsx,Table 9.10,road_energy_use_by_vehicle_type,,financial_year,1995-96,Buses,buses,energy_use,18.21460977292118,PJ
9. TRANSPORT ENERGY AND ENVIRONEMENT.xlsx,Table 9.10,road_energy_use_by_vehicle_type,,financial_year,1995-96,Motor cycles,motor_cycles,energy_use,3.0859282881949945,PJ
9. TRANSPORT ENERGY AND ENVIRONEMENT.xlsx,Table 9.10,road_energy_use_by_vehicle_type,,financial_year,1995-96,Total road,total_road,energy_use,891.862709280199,PJ
9. TRANSPORT ENERGY AND ENVIRONEMENT.xlsx,Table 9.10,road_energy_use_by_vehicle_type,,financial_year,1996-97,Cars,cars,energy_use,571.7121432708392,PJ
9. TRANSPORT ENERGY AND ENVIRONEMENT.xlsx,Table 9.10,road_energy_use_by_vehicle_type,,financial_year,1996-97,Light commercial vehicles,light_commercial_vehicles,energy_use,130.7565862919536,PJ
9. TRANSPORT ENERGY AND ENVIRONEMENT.xlsx,Table 9.10,road_energy_use_by_vehicle_type,,financial_year,1996-97,Articulated trucks,articulated_trucks,energy_use,105.24114113571757,PJ
9. TRANSPORT ENERGY AND ENVIRONEMENT.xlsx,Table 9.10,road_energy_use_by_vehicle_type,,financial_year,1996-97,Rigid and other trucks,rigid_and_other_trucks,energy_use,77.27919130827186,PJ
9. TRANSPORT ENERGY AND ENVIRONEMENT.xlsx,Table 9.10,road_energy_use_by_vehicle_type,,financial_year,1996-97,Buses,buses,energy_use,18.264015588610903,PJ
9. TRANSPORT ENERGY AND ENVIRONEMENT.xlsx,Table 9.10,road_energy_use_by_vehicle_type,,financial_year,1996-97,Motor cycles,motor_cycles,energy_use,3.0759079575826775,PJ
9. TRANSPORT ENERGY AND ENVIRONEMENT.xlsx,Table 9.10,road_energy_use_by_vehicle_type,,financial_year,1996-97,Total road,total_road,energy_use,906.3289855529758,PJ
9. TRANSPORT ENERGY AND ENVIRONEMENT.xlsx,Table 9.10,road_energy_use_by_vehicle_type,,financial_year,1997-98,Cars,cars,energy_use,574.7054784233891,PJ
9. TRANSPORT ENERGY AND ENVIRONEMENT.xlsx,Table 9.10,road_energy_use_by_vehicle_type,,financial_year,1997-98,Light commercial vehicles,light_commercial_vehicles,energy_use,136.50274645769704,PJ
9. TRANSPORT ENERGY AND ENVIRONEMENT.xlsx,Table 9.10,road_energy_use_by_vehicle_type,,financial_year,1997-98,Articulated trucks,articulated_trucks,energy_use,109.7650630272596,PJ
9. TRANSPORT ENERGY AND ENVIRONEMENT.xlsx,Table 9.10,road_energy_use_by_vehicle_type,,financial_year,1997-98,Rigid and other trucks,rigid_and_other_trucks,energy_use,78.3993090718128,PJ
9. TRANSPORT ENERGY AND ENVIRONEMENT.xlsx,Table 9.10,road_energy_use_by_vehicle_type,,financial_year,1997-98,Buses,buses,energy_use,18.691561592684383,PJ
9. TRANSPORT ENERGY AND ENVIRONEMENT.xlsx,Table 9.10,road_energy_use_by_vehicle_type,,financial_year,1997-98,Motor cycles,motor_cycles,energy_use,2.960305919913556,PJ
9. TRANSPORT ENERGY AND ENVIRONEMENT.xlsx,Table 9.10,road_energy_use_by_vehicle_type,,financial_year,1997-98,Total road,total_road,energy_use,921.0244644927565,PJ
9. TRANSPORT ENERGY AND ENVIRONEMENT.xlsx,Table 9.10,road_energy_use_by_vehicle_type,,financial_year,1998-99,Cars,cars,energy_use,584.2269339409058,PJ
9. TRANSPORT ENERGY AND ENVIRONEMENT.xlsx,Table 9.10,road_energy_use_by_vehicle_type,,financial_year,1998-99,Light commercial vehicles,light_commercial_vehicles,energy_use,139.6890090909591,PJ
9. TRANSPORT ENERGY AND ENVIRONEMENT.xlsx,Table 9.10,road_energy_use_by_vehicle_type,,financial_year,1998-99,Articulated trucks,articulated_trucks,energy_use,113.60514227559045,PJ
9. TRANSPORT ENERGY AND ENVIRONEMENT.xlsx,Table 9.10,road_energy_use_by_vehicle_type,,financial_year,1998-99,Rigid and other trucks,rigid_and_other_trucks,energy_use,77.90354642667693,PJ
9. TRANSPORT ENERGY AND ENVIRONEMENT.xlsx,Table 9.10,road_energy_use_by_vehicle_type,,financial_year,1998-99,Buses,buses,energy_use,18.906468096866522,PJ
9. TRANSPORT ENERGY AND ENVIRONEMENT.xlsx,Table 9.10,road_energy_use_by_vehicle_type,,financial_year,1998-99,Motor cycles,motor_cycles,energy_use,2.8489686141830313,PJ
9. TRANSPORT ENERGY AND ENVIRONEMENT.xlsx,Table 9.10,road_energy_use_by_vehicle_type,,financial_year,1998-99,Total road,total_road,energy_use,937.1800684451819,PJ
9. TRANSPORT ENERGY AND ENVIRONEMENT.xlsx,Table 9.10,road_energy_use_by_vehicle_type,,financial_year,1999-00,Cars,cars,energy_use,593.5301625227967,PJ
9. TRANSPORT ENERGY AND ENVIRONEMENT.xlsx,Table 9.10,road_energy_use_by_vehicle_type,,financial_year,1999-00,Light commercial vehicles,light_commercial_vehicles,energy_use,142.34606587693713,PJ
9. TRANSPORT ENERGY AND ENVIRONEMENT.xlsx,Table 9.10,road_energy_use_by_vehicle_type,,financial_year,1999-00,Articulated trucks,articulated_trucks,energy_use,117.32968466379386,PJ
9. TRANSPORT ENERGY AND ENVIRONEMENT.xlsx,Table 9.10,road_energy_use_by_vehicle_type,,financial_year,1999-00,Rigid and other trucks,rigid_and_other_trucks,energy_use,79.19799405786219,PJ
9. TRANSPORT ENERGY AND ENVIRONEMENT.xlsx,Table 9.10,road_energy_use_by_vehicle_type,,financial_year,1999-00,Buses,buses,energy_use,19.480433535159946,PJ
9. TRANSPORT ENERGY AND ENVIRONEMENT.xlsx,Table 9.10,road_energy_use_by_vehicle_type,,financial_year,1999-00,Motor cycles,motor_cycles,energy_use,2.886212688845121,PJ
9. TRANSPORT ENERGY AND ENVIRONEMENT.xlsx,Table 9.10,road_energy_use_by_vehicle_type,,financial_year,1999-00,Total road,total_road,energy_use,954.7705533453949,PJ
9. TRANSPORT ENERGY AND ENVIRONEMENT.xlsx,Table 9.10,road_energy_use_by_vehicle_type,,financial_year,2000-01,Cars,cars,energy_use,587.0346272815038,PJ
9. TRANSPORT ENERGY AND ENVIRONEMENT.xlsx,Table 9.10,road_energy_use_by_vehicle_type,,financial_year,2000-01,Light commercial vehicles,light_commercial_vehicles,energy_use,143.9806379471451,PJ
9. TRANSPORT ENERGY AND ENVIRONEMENT.xlsx,Table 9.10,road_energy_use_by_vehicle_type,,financial_year,2000-01,Articulated trucks,articulated_trucks,energy_use,116.43759308811806,PJ
9. TRANSPORT ENERGY AND ENVIRONEMENT.xlsx,Table 9.10,road_energy_use_by_vehicle_type,,financial_year,2000-01,Rigid and other trucks,rigid_and_other_trucks,energy_use,77.48705914498899,PJ
9. TRANSPORT ENERGY AND ENVIRONEMENT.xlsx,Table 9.10,road_energy_use_by_vehicle_type,,financial_year,2000-01,Buses,buses,energy_use,19.902324493401608,PJ
9. TRANSPORT ENERGY AND ENVIRONEMENT.xlsx,Table 9.10,road_energy_use_by_vehicle_type,,financial_year,2000-01,Motor cycles,motor_cycles,energy_use,2.9742066111497625,PJ
9. TRANSPORT ENERGY AND ENVIRONEMENT.xlsx,Table 9.10,road_energy_use_by_vehicle_type,,financial_year,2000-01,Total road,total_road,energy_use,947.8164485663074,PJ
9. TRANSPORT ENERGY AND ENVIRONEMENT.xlsx,Table 9.10,road_energy_use_by_vehicle_type,,financial_year,2001-02,Cars,cars,energy_use,600.6264820012873,PJ
9. TRANSPORT ENERGY AND ENVIRONEMENT.xlsx,Table 9.10,road_energy_use_by_vehicle_type,,financial_year,2001-02,Light commercial vehicles,light_commercial_vehicles,energy_use,149.89737520263282,PJ
9. TRANSPORT ENERGY AND ENVIRONEMENT.xlsx,Table 9.10,road_energy_use_by_vehicle_type,,financial_year,2001-02,Articulated trucks,articulated_trucks,energy_use,120.56951531962892,PJ
9. TRANSPORT ENERGY AND ENVIRONEMENT.xlsx,Table 9.10,road_energy_use_by_vehicle_type,,financial_year,2001-02,Rigid and other trucks,rigid_and_other_trucks,energy_use,80.37831277958364,PJ
9. TRANSPORT ENERGY AND ENVIRONEMENT.xlsx,Table 9.10,road_energy_use_by_vehicle_type,,financial_year,2001-02,Buses,buses,energy_use,20.07151008250018,PJ
9. TRANSPORT ENERGY AND ENVIRONEMENT.xlsx,Table 9.10,road_energy_use_by_vehicle_type,,financial_year,2001-02,Motor cycles,motor_cycles,energy_use,3.157366571096297,PJ
9. TRANSPORT ENERGY AND ENVIRONEMENT.xlsx,Table 9.10,road_energy_use_by_vehicle_type,,financial_year,2001-02,Total road,total_road,energy_use,974.7005619567292,PJ
9. TRANSPORT ENERGY AND ENVIRONEMENT.xlsx,Table 9.10,road_energy_use_by_vehicle_type,,financial_year,2002-03,Cars,cars,energy_use,614.3330223423533,PJ
9. TRANSPORT ENERGY AND ENVIRONEMENT.xlsx,Table 9.10,road_energy_use_by_vehicle_type,,financial_year,2002-03,Light commercial vehicles,light_commercial_vehicles,energy_use,154.15007013359616,PJ
9. TRANSPORT ENERGY AND ENVIRONEMENT.xlsx,Table 9.10,road_energy_use_by_vehicle_type,,financial_year,2002-03,Articulated trucks,articulated_trucks,energy_use,124.77446280430834,PJ
9. TRANSPORT ENERGY AND ENVIRONEMENT.xlsx,Table 9.10,road_energy_use_by_vehicle_type,,financial_year,2002-03,Rigid and other trucks,rigid_and_other_trucks,energy_use,83.2813997717342,PJ
9. TRANSPORT ENERGY AND ENVIRONEMENT.xlsx,Table 9.10,road_energy_use_by_vehicle_type,,financial_year,2002-03,Buses,buses,energy_use,20.546102046722474,PJ
9. TRANSPORT ENERGY AND ENVIRONEMENT.xlsx,Table 9.10,road_energy_use_by_vehicle_type,,financial_year,2002-03,Motor cycles,motor_cycles,energy_use,3.100932753163392,PJ
9. TRANSPORT ENERGY AND ENVIRONEMENT.xlsx,Table 9.10,road_energy_use_by_vehicle_type,,financial_year,2002-03,Total road,total_road,energy_use,1000.1859898518778,PJ
9. TRANSPORT ENERGY AND ENVIRONEMENT.xlsx,Table 9.10,road_energy_use_by_vehicle_type,,financial_year,2003-04,Cars,cars,energy_use,643.2968784090478,PJ
9. TRANSPORT ENERGY AND ENVIRONEMENT.xlsx,Table 9.10,road_energy_use_by_vehicle_type,,financial_year,2003-04,Light commercial vehicles,light_commercial_vehicles,energy_use,158.95029622382964,PJ
9. TRANSPORT ENERGY AND ENVIRONEMENT.xlsx,Table 9.10,road_energy_use_by_vehicle_type,,financial_year,2003-04,Articulated trucks,articulated_trucks,energy_use,129.45132294734577,PJ
9. TRANSPORT ENERGY AND ENVIRONEMENT.xlsx,Table 9.10,road_energy_use_by_vehicle_type,,financial_year,2003-04,Rigid and other trucks,rigid_and_other_trucks,energy_use,85.03767580028273,PJ
9. TRANSPORT ENERGY AND ENVIRONEMENT.xlsx,Table 9.10,road_energy_use_by_vehicle_type,,financial_year,2003-04,Buses,buses,energy_use,20.828437415863025,PJ
9. TRANSPORT ENERGY AND ENVIRONEMENT.xlsx,Table 9.10,road_energy_use_by_vehicle_type,,financial_year,2003-04,Motor cycles,motor_cycles,energy_use,3.2603656604169826,PJ
9. TRANSPORT ENERGY AND ENVIRONEMENT.xlsx,Table 9.10,road_energy_use_by_vehicle_type,,financial_year,2003-04,Total road,total_road,energy_use,1040.8249764567859,PJ
9. TRANSPORT ENERGY AND ENVIRONEMENT.xlsx,Table 9.10,road_energy_use_by_vehicle_type,,financial_year,2004-05,Cars,cars,energy_use,640.9649995330544,PJ
9. TRANSPORT ENERGY AND ENVIRONEMENT.xlsx,Table 9.10,road_energy_use_by_vehicle_type,,financial_year,2004-05,Light commercial vehicles,light_commercial_vehicles,energy_use,159.72205687417917,PJ
9. TRANSPORT ENERGY AND ENVIRONEMENT.xlsx,Table 9.10,road_energy_use_by_vehicle_type,,financial_year,2004-05,Articulated trucks,articulated_trucks,energy_use,133.69136976067492,PJ
9. TRANSPORT ENERGY AND ENVIRONEMENT.xlsx,Table 9.10,road_energy_use_by_vehicle_type,,financial_year,2004-05,Rigid and other trucks,rigid_and_other_trucks,energy_use,88.1570020237397,PJ
9. TRANSPORT ENERGY AND ENVIRONEMENT.xlsx,Table 9.10,road_energy_use_by_vehicle_type,,financial_year,2004-05,Buses,buses,energy_use,20.942535029308697,PJ
9. TRANSPORT ENERGY AND ENVIRONEMENT.xlsx,Table 9.10,road_energy_use_by_vehicle_type,,financial_year,2004-05,Motor cycles,motor_cycles,energy_use,3.5169269064039987,PJ
9. TRANSPORT ENERGY AND ENVIRONEMENT.xlsx,Table 9.10,road_energy_use_by_vehicle_type,,financial_year,2004-05,Total road,total_road,energy_use,1046.994890127361,PJ
9. TRANSPORT ENERGY AND ENVIRONEMENT.xlsx,Table 9.10,road_energy_use_by_vehicle_type,,financial_year,2005-06,Cars,cars,energy_use,625.9314072063156,PJ
9. TRANSPORT ENERGY AND ENVIRONEMENT.xlsx,Table 9.10,road_energy_use_by_vehicle_type,,financial_year,2005-06,Light commercial vehicles,light_commercial_vehicles,energy_use,164.14853570312835,PJ
9. TRANSPORT ENERGY AND ENVIRONEMENT.xlsx,Table 9.10,road_energy_use_by_vehicle_type,,financial_year,2005-06,Articulated trucks,articulated_trucks,energy_use,136.87760953304604,PJ
9. TRANSPORT ENERGY AND ENVIRONEMENT.xlsx,Table 9.10,road_energy_use_by_vehicle_type,,financial_year,2005-06,Rigid and other trucks,rigid_and_other_trucks,energy_use,91.8842160183492,PJ
9. TRANSPORT ENERGY AND ENVIRONEMENT.xlsx,Table 9.10,road_energy_use_by_vehicle_type,,financial_year,2005-06,Buses,buses,energy_use,21.50127834488348,PJ
9. TRANSPORT ENERGY AND ENVIRONEMENT.xlsx,Table 9.10,road_energy_use_by_vehicle_type,,financial_year,2005-06,Motor cycles,motor_cycles,energy_use,3.8302187512960084,PJ
9. TRANSPORT ENERGY AND ENVIRONEMENT.xlsx,Table 9.10,road_energy_use_by_vehicle_type,,financial_year,2005-06,Total road,total_road,energy_use,1044.1732655570186,PJ
9. TRANSPORT ENERGY AND ENVIRONEMENT.xlsx,Table 9.10,road_energy_use_by_vehicle_type,,financial_year,2006-07,Cars,cars,energy_use,631.7692049731485,PJ
9. TRANSPORT ENERGY AND ENVIRONEMENT.xlsx,Table 9.10,road_energy_use_by_vehicle_type,,financial_year,2006-07,Light commercial vehicles,light_commercial_vehicles,energy_use,170.08601952777076,PJ
9. TRANSPORT ENERGY AND ENVIRONEMENT.xlsx,Table 9.10,road_energy_use_by_vehicle_type,,financial_year,2006-07,Articulated trucks,articulated_trucks,energy_use,143.23092692162652,PJ
9. TRANSPORT ENERGY AND ENVIRONEMENT.xlsx,Table 9.10,road_energy_use_by_vehicle_type,,financial_year,2006-07,Rigid and other trucks,rigid_and_other_trucks,energy_use,95.10132726084912,PJ
9. TRANSPORT ENERGY AND ENVIRONEMENT.xlsx,Table 9.10,road_energy_use_by_vehicle_type,,financial_year,2006-07,Buses,buses,energy_use,21.879807139907168,PJ
9. TRANSPORT ENERGY AND ENVIRONEMENT.xlsx,Table 9.10,road_energy_use_by_vehicle_type,,financial_year,2006-07,Motor cycles,motor_cycles,energy_use,4.17219506667736,PJ
9. TRANSPORT ENERGY AND ENVIRONEMENT.xlsx,Table 9.10,road_energy_use_by_vehicle_type,,financial_year,2006-07,Total road,total_road,energy_use,1066.2394808899794,PJ
9. TRANSPORT ENERGY AND ENVIRONEMENT.xlsx,Table 9.10,road_energy_use_by_vehicle_type,,financial_year,2007-08,Cars,cars,energy_use,634.2211386006402,PJ
9. TRANSPORT ENERGY AND ENVIRONEMENT.xlsx,Table 9.10,road_energy_use_by_vehicle_type,,financial_year,2007-08,Light commercial vehicles,light_commercial_vehicles,energy_use,177.6259396472962,PJ
9. TRANSPORT ENERGY AND ENVIRONEMENT.xlsx,Table 9.10,road_energy_use_by_vehicle_type,,financial_year,2007-08,Articulated trucks,articulated_trucks,energy_use,147.33826176602292,PJ
9. TRANSPORT ENERGY AND ENVIRONEMENT.xlsx,Table 9.10,road_energy_use_by_vehicle_type,,financial_year,2007-08,Rigid and other trucks,rigid_and_other_trucks,energy_use,97.86249923111376,PJ
9. TRANSPORT ENERGY AND ENVIRONEMENT.xlsx,Table 9.10,road_energy_use_by_vehicle_type,,financial_year,2007-08,Buses,buses,energy_use,22.233903662489272,PJ
9. TRANSPORT ENERGY AND ENVIRONEMENT.xlsx,Table 9.10,road_energy_use_by_vehicle_type,,financial_year,2007-08,Motor cycles,motor_cycles,energy_use,4.507309584957002,PJ
9. TRANSPORT ENERGY AND ENVIRONEMENT.xlsx,Table 9.10,road_energy_use_by_vehicle_type,,financial_year,2007-08,Total road,total_road,energy_use,1083.7890524925194,PJ
9. TRANSPORT ENERGY AND ENVIRONEMENT.xlsx,Table 9.10,road_energy_use_by_vehicle_type,,financial_year,2008-09,Cars,cars,energy_use,628.9468583683804,PJ
9. TRANSPORT ENERGY AND ENVIRONEMENT.xlsx,Table 9.10,road_energy_use_by_vehicle_type,,financial_year,2008-09,Light commercial vehicles,light_commercial_vehicles,energy_use,182.79636933091055,PJ
9. TRANSPORT ENERGY AND ENVIRONEMENT.xlsx,Table 9.10,road_energy_use_by_vehicle_type,,financial_year,2008-09,Articulated trucks,articulated_trucks,energy_use,146.09598060861606,PJ
9. TRANSPORT ENERGY AND ENVIRONEMENT.xlsx,Table 9.10,road_energy_use_by_vehicle_type,,financial_year,2008-09,Rigid and other trucks,rigid_and_other_trucks,energy_use,96.73757256731007,PJ
9. TRANSPORT ENERGY AND ENVIRONEMENT.xlsx,Table 9.10,road_energy_use_by_vehicle_type,,financial_year,2008-09,Buses,buses,energy_use,23.015707140997446,PJ
9. TRANSPORT ENERGY AND ENVIRONEMENT.xlsx,Table 9.10,road_energy_use_by_vehicle_type,,financial_year,2008-09,Motor cycles,motor_cycles,energy_use,4.74913963019345,PJ
9. TRANSPORT ENERGY AND ENVIRONEMENT.xlsx,Table 9.10,road_energy_use_by_vehicle_type,,financial_year,2008-09,Total road,total_road,energy_use,1082.3416276464081,PJ
9. TRANSPORT ENERGY AND ENVIRONEMENT.xlsx,Table 9.10,road_energy_use_by_vehicle_type,,financial_year,2009-10,Cars,cars,energy_use,630.7319834630293,PJ
9. TRANSPORT ENERGY AND ENVIRONEMENT.xlsx,Table 9.10,road_energy_use_by_vehicle_type,,financial_year,2009-10,Light commercial vehicles,light_commercial_vehicles,energy_use,189.8736835117222,PJ
9. TRANSPORT ENERGY AND ENVIRONEMENT.xlsx,Table 9.10,road_energy_use_by_vehicle_type,,financial_year,2009-10,Articulated trucks,articulated_trucks,energy_use,148.7267430647881,PJ
9. TRANSPORT ENERGY AND ENVIRONEMENT.xlsx,Table 9.10,road_energy_use_by_vehicle_type,,financial_year,2009-10,Rigid and other trucks,rigid_and_other_trucks,energy_use,99.47038695931751,PJ
9. TRANSPORT ENERGY AND ENVIRONEMENT.xlsx,Table 9.10,road_energy_use_by_vehicle_type,,financial_year,2009-10,Buses,buses,energy_use,23.678415016698334,PJ
9. TRANSPORT ENERGY AND ENVIRONEMENT.xlsx,Table 9.10,road_energy_use_by_vehicle_type,,financial_year,2009-10,Motor cycles,motor_cycles,energy_use,4.90606206767742,PJ
9. TRANSPORT ENERGY AND ENVIRONEMENT.xlsx,Table 9.10,road_energy_use_by_vehicle_type,,financial_year,2009-10,Total road,total_road,energy_use,1097.387274083233,PJ
9. TRANSPORT ENERGY AND ENVIRONEMENT.xlsx,Table 9.10,road_energy_use_by_vehicle_type,,financial_year,2010-11,Cars,cars,energy_use,621.7341316302543,PJ
9. TRANSPORT ENERGY AND ENVIRONEMENT.xlsx,Table 9.10,road_energy_use_by_vehicle_type,,financial_year,2010-11,Light commercial vehicles,light_commercial_vehicles,energy_use,204.4455271017236,PJ
9. TRANSPORT ENERGY AND ENVIRONEMENT.xlsx,Table 9.10,road_energy_use_by_vehicle_type,,financial_year,2010-11,Articulated trucks,articulated_trucks,energy_use,160.3969,PJ
9. TRANSPORT ENERGY AND ENVIRONEMENT.xlsx,Table 9.10,road_energy_use_by_vehicle_type,,financial_year,2010-11,Rigid and other trucks,rigid_and_other_trucks,energy_use,102.1004,PJ
9. TRANSPORT ENERGY AND ENVIRONEMENT.xlsx,Table 9.10,road_energy_use_by_vehicle_type,,financial_year,2010-11,Buses,buses,energy_use,24.2563,PJ
9. TRANSPORT ENERGY AND ENVIRONEMENT.xlsx,Table 9.10,road_energy_use_by_vehicle_type,,financial_year,2010-11,Motor cycles,motor_cycles,energy_use,4.255149599494203,PJ
9. TRANSPORT ENERGY AND ENVIRONEMENT.xlsx,Table 9.10,road_energy_use_by_vehicle_type,,financial_year,2010-11,Total road,total_road,energy_use,1117.1884083314721,PJ
9. TRANSPORT ENERGY AND ENVIRONEMENT.xlsx,Table 9.10,road_energy_use_by_vehicle_type,,financial_year,2011-12,Cars,cars,energy_use,621.487110388737,PJ
9. TRANSPORT ENERGY AND ENVIRONEMENT.xlsx,Table 9.10,road_energy_use_by_vehicle_type,,financial_year,2011-12,Light commercial vehicles,light_commercial_vehicles,energy_use,203.5305541392765,PJ
9. TRANSPORT ENERGY AND ENVIRONEMENT.xlsx,Table 9.10,road_energy_use_by_vehicle_type,,financial_year,2011-12,Articulated trucks,articulated_trucks,energy_use,165.982,PJ
9. TRANSPORT ENERGY AND ENVIRONEMENT.xlsx,Table 9.10,road_energy_use_by_vehicle_type,,financial_year,2011-12,Rigid and other trucks,rigid_and_other_trucks,energy_use,104.7121,PJ
9. TRANSPORT ENERGY AND ENVIRONEMENT.xlsx,Table 9.10,road_energy_use_by_vehicle_type,,financial_year,2011-12,Buses,buses,energy_use,24.75849,PJ
9. TRANSPORT ENERGY AND ENVIRONEMENT.xlsx,Table 9.10,road_energy_use_by_vehicle_type,,financial_year,2011-12,Motor cycles,motor_cycles,energy_use,4.205915462106778,PJ
9. TRANSPORT ENERGY AND ENVIRONEMENT.xlsx,Table 9.10,road_energy_use_by_vehicle_type,,financial_year,2011-12,Total road,total_road,energy_use,1124.6761699901201,PJ
9. TRANSPORT ENERGY AND ENVIRONEMENT.xlsx,Table 9.10,road_energy_use_by_vehicle_type,,financial_year,2012-13,Cars,cars,energy_use,617.7448395383864,PJ
9. TRANSPORT ENERGY AND ENVIRONEMENT.xlsx,Table 9.10,road_energy_use_by_vehicle_type,,financial_year,2012-13,Light commercial vehicles,light_commercial_vehicles,energy_use,204.5662308613119,PJ
9. TRANSPORT ENERGY AND ENVIRONEMENT.xlsx,Table 9.10,road_energy_use_by_vehicle_type,,financial_year,2012-13,Articulated trucks,articulated_trucks,energy_use,168.0637,PJ
9. TRANSPORT ENERGY AND ENVIRONEMENT.xlsx,Table 9.10,road_energy_use_by_vehicle_type,,financial_year,2012-13,Rigid and other trucks,rigid_and_other_trucks,energy_use,105.8204,PJ
9. TRANSPORT ENERGY AND ENVIRONEMENT.xlsx,Table 9.10,road_energy_use_by_vehicle_type,,financial_year,2012-13,Buses,buses,energy_use,25.02336,PJ
9. TRANSPORT ENERGY AND ENVIRONEMENT.xlsx,Table 9.10,road_energy_use_by_vehicle_type,,financial_year,2012-13,Motor cycles,motor_cycles,energy_use,4.196358411063831,PJ
9. TRANSPORT ENERGY AND ENVIRONEMENT.xlsx,Table 9.10,road_energy_use_by_vehicle_type,,financial_year,2012-13,Total road,total_road,energy_use,1125.414888810762,PJ
9. TRANSPORT ENERGY AND ENVIRONEMENT.xlsx,Table 9.10,road_energy_use_by_vehicle_type,,financial_year,2013-14,Cars,cars,energy_use,620.6548496193923,PJ
9. TRANSPORT ENERGY AND ENVIRONEMENT.xlsx,Table 9.10,road_energy_use_by_vehicle_type,,financial_year,2013-14,Light commercial vehicles,light_commercial_vehicles,energy_use,208.6917026150607,PJ
9. TRANSPORT ENERGY AND ENVIRONEMENT.xlsx,Table 9.10,road_energy_use_by_vehicle_type,,financial_year,2013-14,Articulated trucks,articulated_trucks,energy_use,172.2521,PJ
9. TRANSPORT ENERGY AND ENVIRONEMENT.xlsx,Table 9.10,road_energy_use_by_vehicle_type,,financial_year,2013-14,Rigid and other trucks,rigid_and_other_trucks,energy_use,107.9742,PJ
9. TRANSPORT ENERGY AND ENVIRONEMENT.xlsx,Table 9.10,road_energy_use_by_vehicle_type,,financial_year,2013-14,Buses,buses,energy_use,25.25896,PJ
9. TRANSPORT ENERGY AND ENVIRONEMENT.xlsx,Table 9.10,road_energy_use_by_vehicle_type,,financial_year,2013-14,Motor cycles,motor_cycles,energy_use,4.108892247429855,PJ
9. TRANSPORT ENERGY AND ENVIRONEMENT.xlsx,Table 9.10,road_energy_use_by_vehicle_type,,financial_year,2013-14,Total road,total_road,energy_use,1138.9407044818827,PJ
9. TRANSPORT ENERGY AND ENVIRONEMENT.xlsx,Table 9.10,road_energy_use_by_vehicle_type,,financial_year,2014-15,Cars,cars,energy_use,613.0192639133478,PJ
9. TRANSPORT ENERGY AND ENVIRONEMENT.xlsx,Table 9.10,road_energy_use_by_vehicle_type,,financial_year,2014-15,Light commercial vehicles,light_commercial_vehicles,energy_use,205.9454194961959,PJ
9. TRANSPORT ENERGY AND ENVIRONEMENT.xlsx,Table 9.10,road_energy_use_by_vehicle_type,,financial_year,2014-15,Articulated trucks,articulated_trucks,energy_use,172.6633,PJ
9. TRANSPORT ENERGY AND ENVIRONEMENT.xlsx,Table 9.10,road_energy_use_by_vehicle_type,,financial_year,2014-15,Rigid and other trucks,rigid_and_other_trucks,energy_use,108.5027,PJ
9. TRANSPORT ENERGY AND ENVIRONEMENT.xlsx,Table 9.10,road_energy_use_by_vehicle_type,,financial_year,2014-15,Buses,buses,energy_use,25.14344,PJ
9. TRANSPORT ENERGY AND ENVIRONEMENT.xlsx,Table 9.10,road_energy_use_by_vehicle_type,,financial_year,2014-15,Motor cycles,motor_cycles,energy_use,4.098152815357889,PJ
9. TRANSPORT ENERGY AND ENVIRONEMENT.xlsx,Table 9.10,road_energy_use_by_vehicle_type,,financial_year,2014-15,Total road,total_road,energy_use,1129.3722762249017,PJ
9. TRANSPORT ENERGY AND ENVIRONEMENT.xlsx,Table 9.10,road_energy_use_by_vehicle_type,,financial_year,2015-16,Cars,cars,energy_use,627.4785622699718,PJ
9. TRANSPORT ENERGY AND ENVIRONEMENT.xlsx,Table 9.10,road_energy_use_by_vehicle_type,,financial_year,2015-16,Light commercial vehicles,light_commercial_vehicles,energy_use,220.4765731098853,PJ
9. TRANSPORT ENERGY AND ENVIRONEMENT.xlsx,Table 9.10,road_energy_use_by_vehicle_type,,financial_year,2015-16,Articulated trucks,articulated_trucks,energy_use,174.5244,PJ
9. TRANSPORT ENERGY AND ENVIRONEMENT.xlsx,Table 9.10,road_energy_use_by_vehicle_type,,financial_year,2015-16,Rigid and other trucks,rigid_and_other_trucks,energy_use,111.3569,PJ
9. TRANSPORT ENERGY AND ENVIRONEMENT.xlsx,Table 9.10,road_energy_use_by_vehicle_type,,financial_year,2015-16,Buses,buses,energy_use,25.17514,PJ
9. TRANSPORT ENERGY AND ENVIRONEMENT.xlsx,Table 9.10,road_energy_use_by_vehicle_type,,financial_year,2015-16,Motor cycles,motor_cycles,energy_use,4.073778682974444,PJ
9. TRANSPORT ENERGY AND ENVIRONEMENT.xlsx,Table 9.10,road_energy_use_by_vehicle_type,,financial_year,2015-16,Total road,total_road,energy_use,1163.0853540628316,PJ
9. TRANSPORT ENERGY AND ENVIRONEMENT.xlsx,Table 9.10,road_energy_use_by_vehicle_type,,financial_year,2016-17,Cars,cars,energy_use,623.6167474096393,PJ
9. TRANSPORT ENERGY AND ENVIRONEMENT.xlsx,Table 9.10,road_energy_use_by_vehicle_type,,financial_year,2016-17,Light commercial vehicles,light_commercial_vehicles,energy_use,222.2554075016254,PJ
9. TRANSPORT ENERGY AND ENVIRONEMENT.xlsx,Table 9.10,road_energy_use_by_vehicle_type,,financial_year,2016-17,Articulated trucks,articulated_trucks,energy_use,173.0816,PJ
9. TRANSPORT ENERGY AND ENVIRONEMENT.xlsx,Table 9.10,road_energy_use_by_vehicle_type,,financial_year,2016-17,Rigid and other trucks,rigid_and_other_trucks,energy_use,116.3198,PJ
9. TRANSPORT ENERGY AND ENVIRONEMENT.xlsx,Table 9.10,road_energy_use_by_vehicle_type,,financial_year,2016-17,Buses,buses,energy_use,25.71451,PJ
9. TRANSPORT ENERGY AND ENVIRONEMENT.xlsx,Table 9.10,road_energy_use_by_vehicle_type,,financial_year,2016-17,Motor cycles,motor_cycles,energy_use,4.062777801071891,PJ
9. TRANSPORT ENERGY AND ENVIRONEMENT.xlsx,Table 9.10,road_energy_use_by_vehicle_type,,financial_year,2016-17,Total road,total_road,energy_use,1165.0508427123366,PJ
9. TRANSPORT ENERGY AND ENVIRONEMENT.xlsx,Table 9.10,road_energy_use_by_vehicle_type,,financial_year,2017-18,Cars,cars,energy_use,646.2132780821835,PJ
9. TRANSPORT ENERGY AND ENVIRONEMENT.xlsx,Table 9.10,road_energy_use_by_vehicle_type,,financial_year,2017-18,Light commercial vehicles,light_commercial_vehicles,energy_use,238.9365796236,PJ
9. TRANSPORT ENERGY AND ENVIRONEMENT.xlsx,Table 9.10,road_energy_use_by_vehicle_type,,financial_year,2017-18,Articulated trucks,articulated_trucks,energy_use,171.7577,PJ
9. TRANSPORT ENERGY AND ENVIRONEMENT.xlsx,Table 9.10,road_energy_use_by_vehicle_type,,financial_year,2017-18,Rigid and other trucks,rigid_and_other_trucks,energy_use,119.2864,PJ
9. TRANSPORT ENERGY AND ENVIRONEMENT.xlsx,Table 9.10,road_energy_use_by_vehicle_type,,financial_year,2017-18,Buses,buses,energy_use,26.53187,PJ
9. TRANSPORT ENERGY AND ENVIRONEMENT.xlsx,Table 9.10,road_energy_use_by_vehicle_type,,financial_year,2017-18,Motor cycles,motor_cycles,energy_use,4.012866758452849,PJ
9. TRANSPORT ENERGY AND ENVIRONEMENT.xlsx,Table 9.10,road_energy_use_by_vehicle_type,,financial_year,2017-18,Total road,total_road,energy_use,1206.7386944642362,PJ
9. TRANSPORT ENERGY AND ENVIRONEMENT.xlsx,Table 9.10,road_energy_use_by_vehicle_type,,financial_year,2018-19,Cars,cars,energy_use,639.4505795610618,PJ
9. TRANSPORT ENERGY AND ENVIRONEMENT.xlsx,Table 9.10,road_energy_use_by_vehicle_type,,financial_year,2018-19,Light commercial vehicles,light_commercial_vehicles,energy_use,242.4905251575325,PJ
9. TRANSPORT ENERGY AND ENVIRONEMENT.xlsx,Table 9.10,road_energy_use_by_vehicle_type,,financial_year,2018-19,Articulated trucks,articulated_trucks,energy_use,170.2074,PJ
9. TRANSPORT ENERGY AND ENVIRONEMENT.xlsx,Table 9.10,road_energy_use_by_vehicle_type,,financial_year,2018-19,Rigid and other trucks,rigid_and_other_trucks,energy_use,120.4026,PJ
9. TRANSPORT ENERGY AND ENVIRONEMENT.xlsx,Table 9.10,road_energy_use_by_vehicle_type,,financial_year,2018-19,Buses,buses,energy_use,26.7974,PJ
9. TRANSPORT ENERGY AND ENVIRONEMENT.xlsx,Table 9.10,road_energy_use_by_vehicle_type,,financial_year,2018-19,Motor cycles,motor_cycles,energy_use,3.964386233069366,PJ
9. TRANSPORT ENERGY AND ENVIRONEMENT.xlsx,Table 9.10,road_energy_use_by_vehicle_type,,financial_year,2018-19,Total road,total_road,energy_use,1203.3128909516633,PJ
9. TRANSPORT ENERGY AND ENVIRONEMENT.xlsx,Table 9.10,road_energy_use_by_vehicle_type,,financial_year,2019-20,Cars,cars,energy_use,604.545826505412,PJ
9. TRANSPORT ENERGY AND ENVIRONEMENT.xlsx,Table 9.10,road_energy_use_by_vehicle_type,,financial_year,2019-20,Light commercial vehicles,light_commercial_vehicles,energy_use,247.2087249921462,PJ
9. TRANSPORT ENERGY AND ENVIRONEMENT.xlsx,Table 9.10,road_energy_use_by_vehicle_type,,financial_year,2019-20,Articulated trucks,articulated_trucks,energy_use,171.7944,PJ
9. TRANSPORT ENERGY AND ENVIRONEMENT.xlsx,Table 9.10,road_energy_use_by_vehicle_type,,financial_year,2019-20,Rigid and other trucks,rigid_and_other_trucks,energy_use,122.9398,PJ
9. TRANSPORT ENERGY AND ENVIRONEMENT.xlsx,Table 9.10,road_energy_use_by_vehicle_type,,financial_year,2019-20,Buses,buses,energy_use,24.04142,PJ
9. TRANSPORT ENERGY AND ENVIRONEMENT.xlsx,Table 9.10,road_energy_use_by_vehicle_type,,financial_year,2019-20,Motor cycles,motor_cycles,energy_use,3.702480129303058,PJ
9. TRANSPORT ENERGY AND ENVIRONEMENT.xlsx,Table 9.10,road_energy_use_by_vehicle_type,,financial_year,2019-20,Total road,total_road,energy_use,1174.2326516268613,PJ
9. TRANSPORT ENERGY AND ENVIRONEMENT.xlsx,Table 9.10,road_energy_use_by_vehicle_type,,financial_year,2020-21,Cars,cars,energy_use,595.8265419084531,PJ
9. TRANSPORT ENERGY AND ENVIRONEMENT.xlsx,Table 9.10,road_energy_use_by_vehicle_type,,financial_year,2020-21,Light commercial vehicles,light_commercial_vehicles,energy_use,244.8476360479429,PJ
9. TRANSPORT ENERGY AND ENVIRONEMENT.xlsx,Table 9.10,road_energy_use_by_vehicle_type,,financial_year,2020-21,Articulated trucks,articulated_trucks,energy_use,172.2495,PJ
9. TRANSPORT ENERGY AND ENVIRONEMENT.xlsx,Table 9.10,road_energy_use_by_vehicle_type,,financial_year,2020-21,Rigid and other trucks,rigid_and_other_trucks,energy_use,125.2031,PJ
9. TRANSPORT ENERGY AND ENVIRONEMENT.xlsx,Table 9.10,road_energy_use_by_vehicle_type,,financial_year,2020-21,Buses,buses,energy_use,22.89137,PJ
9. TRANSPORT ENERGY AND ENVIRONEMENT.xlsx,Table 9.10,road_energy_use_by_vehicle_type,,financial_year,2020-21,Motor cycles,motor_cycles,energy_use,3.665648487122609,PJ
9. TRANSPORT ENERGY AND ENVIRONEMENT.xlsx,Table 9.10,road_energy_use_by_vehicle_type,,financial_year,2020-21,Total road,total_road,energy_use,1164.6837964435188,PJ
9. TRANSPORT ENERGY AND ENVIRONEMENT.xlsx,Table 9.10,road_energy_use_by_vehicle_type,,financial_year,2021-22,Cars,cars,energy_use,576.3052736597889,PJ
9. TRANSPORT ENERGY AND ENVIRONEMENT.xlsx,Table 9.10,road_energy_use_by_vehicle_type,,financial_year,2021-22,Light commercial vehicles,light_commercial_vehicles,energy_use,252.2818427096898,PJ
9. TRANSPORT ENERGY AND ENVIRONEMENT.xlsx,Table 9.10,road_energy_use_by_vehicle_type,,financial_year,2021-22,Articulated trucks,articulated_trucks,energy_use,173.1584,PJ
9. TRANSPORT ENERGY AND ENVIRONEMENT.xlsx,Table 9.10,road_energy_use_by_vehicle_type,,financial_year,2021-22,Rigid and other trucks,rigid_and_other_trucks,energy_use,128.4251,PJ
9. TRANSPORT ENERGY AND ENVIRONEMENT.xlsx,Table 9.10,road_energy_use_by_vehicle_type,,financial_year,2021-22,Buses,buses,energy_use,22.93725,PJ
9. TRANSPORT ENERGY AND ENVIRONEMENT.xlsx,Table 9.10,road_energy_use_by_vehicle_type,,financial_year,2021-22,Motor cycles,motor_cycles,energy_use,3.47122632682323,PJ
9. TRANSPORT ENERGY AND ENVIRONEMENT.xlsx,Table 9.10,road_energy_use_by_vehicle_type,,financial_year,2021-22,Total road,total_road,energy_use,1156.5790926963018,PJ
9. TRANSPORT ENERGY AND ENVIRONEMENT.xlsx,Table 9.10,road_energy_use_by_vehicle_type,,financial_year,2022-23,Cars,cars,energy_use,621.3331796548888,PJ
9. TRANSPORT ENERGY AND ENVIRONEMENT.xlsx,Table 9.10,road_energy_use_by_vehicle_type,,financial_year,2022-23,Light commercial vehicles,light_commercial_vehicles,energy_use,264.7250094918034,PJ
9. TRANSPORT ENERGY AND ENVIRONEMENT.xlsx,Table 9.10,road_energy_use_by_vehicle_type,,financial_year,2022-23,Articulated trucks,articulated_trucks,energy_use,175.2334,PJ
9. TRANSPORT ENERGY AND ENVIRONEMENT.xlsx,Table 9.10,road_energy_use_by_vehicle_type,,financial_year,2022-23,Rigid and other trucks,rigid_and_other_trucks,energy_use,132.5008,PJ
9. TRANSPORT ENERGY AND ENVIRONEMENT.xlsx,Table 9.10,road_energy_use_by_vehicle_type,,financial_year,2022-23,Buses,buses,energy_use,24.15674,PJ
9. TRANSPORT ENERGY AND ENVIRONEMENT.xlsx,Table 9.10,road_energy_use_by_vehicle_type,,financial_year,2022-23,Motor cycles,motor_cycles,energy_use,3.692076662000946,PJ
9. TRANSPORT ENERGY AND ENVIRONEMENT.xlsx,Table 9.10,road_energy_use_by_vehicle_type,,financial_year,2022-23,Total road,total_road,energy_use,1221.6412058086933,PJ
9. TRANSPORT ENERGY AND ENVIRONEMENT.xlsx,Table 9.10,road_energy_use_by_vehicle_type,,financial_year,2023-24,Cars,cars,energy_use,625.6220189079298,PJ
9. TRANSPORT ENERGY AND ENVIRONEMENT.xlsx,Table 9.10,road_energy_use_by_vehicle_type,,financial_year,2023-24,Light commercial vehicles,light_commercial_vehicles,energy_use,271.8395961459925,PJ
9. TRANSPORT ENERGY AND ENVIRONEMENT.xlsx,Table 9.10,road_energy_use_by_vehicle_type,,financial_year,2023-24,Articulated trucks,articulated_trucks,energy_use,177.896,PJ
9. TRANSPORT ENERGY AND ENVIRONEMENT.xlsx,Table 9.10,road_energy_use_by_vehicle_type,,financial_year,2023-24,Rigid and other trucks,rigid_and_other_trucks,energy_use,136.015,PJ
9. TRANSPORT ENERGY AND ENVIRONEMENT.xlsx,Table 9.10,road_energy_use_by_vehicle_type,,financial_year,2023-24,Buses,buses,energy_use,24.53831,PJ
9. TRANSPORT ENERGY AND ENVIRONEMENT.xlsx,Table 9.10,road_energy_use_by_vehicle_type,,financial_year,2023-24,Motor cycles,motor_cycles,energy_use,3.680526007410324,PJ
9. TRANSPORT ENERGY AND ENVIRONEMENT.xlsx,Table 9.10,road_energy_use_by_vehicle_type,,financial_year,2023-24,Total road,total_road,energy_use,1239.5914510613327,PJ
9. TRANSPORT ENERGY AND ENVIRONEMENT.xlsx,Table 9.10,road_energy_use_by_vehicle_type,,financial_year,2024-25,Cars,cars,energy_use,624.0900629866063,PJ
9. TRANSPORT ENERGY AND ENVIRONEMENT.xlsx,Table 9.10,road_energy_use_by_vehicle_type,,financial_year,2024-25,Light commercial vehicles,light_commercial_vehicles,energy_use,273.7922385717135,PJ
9. TRANSPORT ENERGY AND ENVIRONEMENT.xlsx,Table 9.10,road_energy_use_by_vehicle_type,,financial_year,2024-25,Articulated trucks,articulated_trucks,energy_use,177.8778,PJ
9. TRANSPORT ENERGY AND ENVIRONEMENT.xlsx,Table 9.10,road_energy_use_by_vehicle_type,,financial_year,2024-25,Rigid and other trucks,rigid_and_other_trucks,energy_use,137.6311,PJ
9. TRANSPORT ENERGY AND ENVIRONEMENT.xlsx,Table 9.10,road_energy_use_by_vehicle_type,,financial_year,2024-25,Buses,buses,energy_use,24.92781,PJ
9. TRANSPORT ENERGY AND ENVIRONEMENT.xlsx,Table 9.10,road_energy_use_by_vehicle_type,,financial_year,2024-25,Motor cycles,motor_cycles,energy_use,3.645424074046297,PJ
9. TRANSPORT ENERGY AND ENVIRONEMENT.xlsx,Table 9.10,road_energy_use_by_vehicle_type,,financial_year,2024-25,Total road,total_road,energy_use,1241.964435632366,PJ
9. TRANSPORT ENERGY AND ENVIRONEMENT.xlsx,Table 9.11,domestic_transport_energy_use_by_fuel_type,,financial_year,2010-11,Petrol,petrol,energy_use,607.8629660363024,PJ
9. TRANSPORT ENERGY AND ENVIRONEMENT.xlsx,Table 9.11,domestic_transport_energy_use_by_fuel_type,,financial_year,2010-11,LPG,lpg,energy_use,50.913542,PJ
9. TRANSPORT ENERGY AND ENVIRONEMENT.xlsx,Table 9.11,domestic_transport_energy_use_by_fuel_type,,financial_year,2010-11,Aviation Turbine Fuel,aviation_turbine_fuel,energy_use,101.68784288,PJ
9. TRANSPORT ENERGY AND ENVIRONEMENT.xlsx,Table 9.11,domestic_transport_energy_use_by_fuel_type,,financial_year,2010-11,Aviation Gasoline,aviation_gasoline,energy_use,2.596977012,PJ
9. TRANSPORT ENERGY AND ENVIRONEMENT.xlsx,Table 9.11,domestic_transport_energy_use_by_fuel_type,,financial_year,2010-11,Electricity,electricity,energy_use,7.596857285334933,PJ
9. TRANSPORT ENERGY AND ENVIRONEMENT.xlsx,Table 9.11,domestic_transport_energy_use_by_fuel_type,,financial_year,2010-11,Total civil domestic transport,total_civil_domestic_transport,energy_use,1311.8008161301723,PJ
9. TRANSPORT ENERGY AND ENVIRONEMENT.xlsx,Table 9.11,domestic_transport_energy_use_by_fuel_type,,financial_year,2011-12,Petrol,petrol,energy_use,604.0048457805947,PJ
9. TRANSPORT ENERGY AND ENVIRONEMENT.xlsx,Table 9.11,domestic_transport_energy_use_by_fuel_type,,financial_year,2011-12,LPG,lpg,energy_use,45.301701,PJ
9. TRANSPORT ENERGY AND ENVIRONEMENT.xlsx,Table 9.11,domestic_transport_energy_use_by_fuel_type,,financial_year,2011-12,Aviation Turbine Fuel,aviation_turbine_fuel,energy_use,121.659048688,PJ
9. TRANSPORT ENERGY AND ENVIRONEMENT.xlsx,Table 9.11,domestic_transport_energy_use_by_fuel_type,,financial_year,2011-12,Aviation Gasoline,aviation_gasoline,energy_use,2.781204661,PJ
9. TRANSPORT ENERGY AND ENVIRONEMENT.xlsx,Table 9.11,domestic_transport_energy_use_by_fuel_type,,financial_year,2011-12,Electricity,electricity,energy_use,7.674711542444082,PJ
9. TRANSPORT ENERGY AND ENVIRONEMENT.xlsx,Table 9.11,domestic_transport_energy_use_by_fuel_type,,financial_year,2011-12,Total civil domestic transport,total_civil_domestic_transport,energy_use,1334.2285267553507,PJ
9. TRANSPORT ENERGY AND ENVIRONEMENT.xlsx,Table 9.11,domestic_transport_energy_use_by_fuel_type,,financial_year,2012-13,Petrol,petrol,energy_use,603.6706321327541,PJ
9. TRANSPORT ENERGY AND ENVIRONEMENT.xlsx,Table 9.11,domestic_transport_energy_use_by_fuel_type,,financial_year,2012-13,LPG,lpg,energy_use,38.835843,PJ
9. TRANSPORT ENERGY AND ENVIRONEMENT.xlsx,Table 9.11,domestic_transport_energy_use_by_fuel_type,,financial_year,2012-13,Aviation Turbine Fuel,aviation_turbine_fuel,energy_use,129.375823584,PJ
9. TRANSPORT ENERGY AND ENVIRONEMENT.xlsx,Table 9.11,domestic_transport_energy_use_by_fuel_type,,financial_year,2012-13,Aviation Gasoline,aviation_gasoline,energy_use,2.67868701,PJ
9. TRANSPORT ENERGY AND ENVIRONEMENT.xlsx,Table 9.11,domestic_transport_energy_use_by_fuel_type,,financial_year,2012-13,Electricity,electricity,energy_use,7.62294139323441,PJ
9. TRANSPORT ENERGY AND ENVIRONEMENT.xlsx,Table 9.11,domestic_transport_energy_use_by_fuel_type,,financial_year,2012-13,Total civil domestic transport,total_civil_domestic_transport,energy_use,1362.3901540029653,PJ
9. TRANSPORT ENERGY AND ENVIRONEMENT.xlsx,Table 9.11,domestic_transport_energy_use_by_fuel_type,,financial_year,2013-14,Petrol,petrol,energy_use,590.5649044863707,PJ
9. TRANSPORT ENERGY AND ENVIRONEMENT.xlsx,Table 9.11,domestic_transport_energy_use_by_fuel_type,,financial_year,2013-14,LPG,lpg,energy_use,45.18093,PJ
9. TRANSPORT ENERGY AND ENVIRONEMENT.xlsx,Table 9.11,domestic_transport_energy_use_by_fuel_type,,financial_year,2013-14,Aviation Turbine Fuel,aviation_turbine_fuel,energy_use,132.14229376,PJ
9. TRANSPORT ENERGY AND ENVIRONEMENT.xlsx,Table 9.11,domestic_transport_energy_use_by_fuel_type,,financial_year,2013-14,Aviation Gasoline,aviation_gasoline,energy_use,2.40396363,PJ
9. TRANSPORT ENERGY AND ENVIRONEMENT.xlsx,Table 9.11,domestic_transport_energy_use_by_fuel_type,,financial_year,2013-14,Electricity,electricity,energy_use,7.782601233738873,PJ
9. TRANSPORT ENERGY AND ENVIRONEMENT.xlsx,Table 9.11,domestic_transport_energy_use_by_fuel_type,,financial_year,2013-14,Total civil domestic transport,total_civil_domestic_transport,energy_use,1380.1818091304135,PJ
9. TRANSPORT ENERGY AND ENVIRONEMENT.xlsx,Table 9.11,domestic_transport_energy_use_by_fuel_type,,financial_year,2014-15,Petrol,petrol,energy_use,589.8103273962581,PJ
9. TRANSPORT ENERGY AND ENVIRONEMENT.xlsx,Table 9.11,domestic_transport_energy_use_by_fuel_type,,financial_year,2014-15,Diesel,diesel,energy_use,570.7367475806806,PJ
9. TRANSPORT ENERGY AND ENVIRONEMENT.xlsx,Table 9.11,domestic_transport_energy_use_by_fuel_type,,financial_year,2014-15,LPG,lpg,energy_use,36.46079,PJ
9. TRANSPORT ENERGY AND ENVIRONEMENT.xlsx,Table 9.11,domestic_transport_energy_use_by_fuel_type,,financial_year,2014-15,Bio-fuels,bio_fuels,energy_use,12.150214375546266,PJ
9. TRANSPORT ENERGY AND ENVIRONEMENT.xlsx,Table 9.11,domestic_transport_energy_use_by_fuel_type,,financial_year,2014-15,Aviation Turbine Fuel,aviation_turbine_fuel,energy_use,133.4023,PJ
9. TRANSPORT ENERGY AND ENVIRONEMENT.xlsx,Table 9.11,domestic_transport_energy_use_by_fuel_type,,financial_year,2014-15,Aviation Gasoline,aviation_gasoline,energy_use,2.25516258,PJ
9. TRANSPORT ENERGY AND ENVIRONEMENT.xlsx,Table 9.11,domestic_transport_energy_use_by_fuel_type,,financial_year,2014-15,Fuel Oil,fuel_oil,energy_use,4.186999392945686,PJ
9. TRANSPORT ENERGY AND ENVIRONEMENT.xlsx,Table 9.11,domestic_transport_energy_use_by_fuel_type,,financial_year,2014-15,Electricity,electricity,energy_use,8.117593883519882,PJ
9. TRANSPORT ENERGY AND ENVIRONEMENT.xlsx,Table 9.11,domestic_transport_energy_use_by_fuel_type,,financial_year,2014-15,Other,other,energy_use,3.449162120089145,PJ
9. TRANSPORT ENERGY AND ENVIRONEMENT.xlsx,Table 9.11,domestic_transport_energy_use_by_fuel_type,,financial_year,2014-15,Total civil domestic transport,total_civil_domestic_transport,energy_use,1360.5692973290397,PJ
9. TRANSPORT ENERGY AND ENVIRONEMENT.xlsx,Table 9.11,domestic_transport_energy_use_by_fuel_type,,financial_year,2015-16,Petrol,petrol,energy_use,587.150163243801,PJ
9. TRANSPORT ENERGY AND ENVIRONEMENT.xlsx,Table 9.11,domestic_transport_energy_use_by_fuel_type,,financial_year,2015-16,Diesel,diesel,energy_use,602.9058136635517,PJ
9. TRANSPORT ENERGY AND ENVIRONEMENT.xlsx,Table 9.11,domestic_transport_energy_use_by_fuel_type,,financial_year,2015-16,LPG,lpg,energy_use,34.067705,PJ
9. TRANSPORT ENERGY AND ENVIRONEMENT.xlsx,Table 9.11,domestic_transport_energy_use_by_fuel_type,,financial_year,2015-16,Bio-fuels,bio_fuels,energy_use,7.6468267967176295,PJ
9. TRANSPORT ENERGY AND ENVIRONEMENT.xlsx,Table 9.11,domestic_transport_energy_use_by_fuel_type,,financial_year,2015-16,Aviation Turbine Fuel,aviation_turbine_fuel,energy_use,136.06808096,PJ
9. TRANSPORT ENERGY AND ENVIRONEMENT.xlsx,Table 9.11,domestic_transport_energy_use_by_fuel_type,,financial_year,2015-16,Aviation Gasoline,aviation_gasoline,energy_use,2.23532244,PJ
9. TRANSPORT ENERGY AND ENVIRONEMENT.xlsx,Table 9.11,domestic_transport_energy_use_by_fuel_type,,financial_year,2015-16,Fuel Oil,fuel_oil,energy_use,4.480188061728057,PJ
9. TRANSPORT ENERGY AND ENVIRONEMENT.xlsx,Table 9.11,domestic_transport_energy_use_by_fuel_type,,financial_year,2015-16,Electricity,electricity,energy_use,8.608547214861577,PJ
9. TRANSPORT ENERGY AND ENVIRONEMENT.xlsx,Table 9.11,domestic_transport_energy_use_by_fuel_type,,financial_year,2015-16,Other,other,energy_use,3.6229586537881344,PJ
9. TRANSPORT ENERGY AND ENVIRONEMENT.xlsx,Table 9.11,domestic_transport_energy_use_by_fuel_type,,financial_year,2015-16,Total civil domestic transport,total_civil_domestic_transport,energy_use,1386.7856060344482,PJ
9. TRANSPORT ENERGY AND ENVIRONEMENT.xlsx,Table 9.11,domestic_transport_energy_use_by_fuel_type,,financial_year,2016-17,Petrol,petrol,energy_use,585.4520783158881,PJ
9. TRANSPORT ENERGY AND ENVIRONEMENT.xlsx,Table 9.11,domestic_transport_energy_use_by_fuel_type,,financial_year,2016-17,Diesel,diesel,energy_use,616.6272405850403,PJ
9. TRANSPORT ENERGY AND ENVIRONEMENT.xlsx,Table 9.11,domestic_transport_energy_use_by_fuel_type,,financial_year,2016-17,LPG,lpg,energy_use,25.825828,PJ
9. TRANSPORT ENERGY AND ENVIRONEMENT.xlsx,Table 9.11,domestic_transport_energy_use_by_fuel_type,,financial_year,2016-17,Bio-fuels,bio_fuels,energy_use,7.2833192926905355,PJ
9. TRANSPORT ENERGY AND ENVIRONEMENT.xlsx,Table 9.11,domestic_transport_energy_use_by_fuel_type,,financial_year,2016-17,Aviation Turbine Fuel,aviation_turbine_fuel,energy_use,134.58327456,PJ
9. TRANSPORT ENERGY AND ENVIRONEMENT.xlsx,Table 9.11,domestic_transport_energy_use_by_fuel_type,,financial_year,2016-17,Aviation Gasoline,aviation_gasoline,energy_use,2.28593896,PJ
9. TRANSPORT ENERGY AND ENVIRONEMENT.xlsx,Table 9.11,domestic_transport_energy_use_by_fuel_type,,financial_year,2016-17,Fuel Oil,fuel_oil,energy_use,4.546634480397274,PJ
9. TRANSPORT ENERGY AND ENVIRONEMENT.xlsx,Table 9.11,domestic_transport_energy_use_by_fuel_type,,financial_year,2016-17,Electricity,electricity,energy_use,8.602242629158189,PJ
9. TRANSPORT ENERGY AND ENVIRONEMENT.xlsx,Table 9.11,domestic_transport_energy_use_by_fuel_type,,financial_year,2016-17,Other,other,energy_use,3.4413701631973717,PJ
9. TRANSPORT ENERGY AND ENVIRONEMENT.xlsx,Table 9.11,domestic_transport_energy_use_by_fuel_type,,financial_year,2016-17,Total civil domestic transport,total_civil_domestic_transport,energy_use,1388.6479269863719,PJ
9. TRANSPORT ENERGY AND ENVIRONEMENT.xlsx,Table 9.11,domestic_transport_energy_use_by_fuel_type,,financial_year,2017-18,Petrol,petrol,energy_use,576.9513400709009,PJ
9. TRANSPORT ENERGY AND ENVIRONEMENT.xlsx,Table 9.11,domestic_transport_energy_use_by_fuel_type,,financial_year,2017-18,Diesel,diesel,energy_use,676.4637112260868,PJ
9. TRANSPORT ENERGY AND ENVIRONEMENT.xlsx,Table 9.11,domestic_transport_energy_use_by_fuel_type,,financial_year,2017-18,LPG,lpg,energy_use,19.761854,PJ
9. TRANSPORT ENERGY AND ENVIRONEMENT.xlsx,Table 9.11,domestic_transport_energy_use_by_fuel_type,,financial_year,2017-18,Bio-fuels,bio_fuels,energy_use,7.557336413225127,PJ
9. TRANSPORT ENERGY AND ENVIRONEMENT.xlsx,Table 9.11,domestic_transport_energy_use_by_fuel_type,,financial_year,2017-18,Aviation Turbine Fuel,aviation_turbine_fuel,energy_use,126.9111296,PJ
9. TRANSPORT ENERGY AND ENVIRONEMENT.xlsx,Table 9.11,domestic_transport_energy_use_by_fuel_type,,financial_year,2017-18,Aviation Gasoline,aviation_gasoline,energy_use,2.18464634,PJ
9. TRANSPORT ENERGY AND ENVIRONEMENT.xlsx,Table 9.11,domestic_transport_energy_use_by_fuel_type,,financial_year,2017-18,Fuel Oil,fuel_oil,energy_use,4.799618652785547,PJ
9. TRANSPORT ENERGY AND ENVIRONEMENT.xlsx,Table 9.11,domestic_transport_energy_use_by_fuel_type,,financial_year,2017-18,Electricity,electricity,energy_use,8.875193813036676,PJ
9. TRANSPORT ENERGY AND ENVIRONEMENT.xlsx,Table 9.11,domestic_transport_energy_use_by_fuel_type,,financial_year,2017-18,Other,other,energy_use,3.2620473909646766,PJ
9. TRANSPORT ENERGY AND ENVIRONEMENT.xlsx,Table 9.11,domestic_transport_energy_use_by_fuel_type,,financial_year,2017-18,Total civil domestic transport,total_civil_domestic_transport,energy_use,1426.766877507,PJ
9. TRANSPORT ENERGY AND ENVIRONEMENT.xlsx,Table 9.11,domestic_transport_energy_use_by_fuel_type,,financial_year,2018-19,Petrol,petrol,energy_use,569.7668551307463,PJ
9. TRANSPORT ENERGY AND ENVIRONEMENT.xlsx,Table 9.11,domestic_transport_energy_use_by_fuel_type,,financial_year,2018-19,Diesel,diesel,energy_use,687.9030691599239,PJ
9. TRANSPORT ENERGY AND ENVIRONEMENT.xlsx,Table 9.11,domestic_transport_energy_use_by_fuel_type,,financial_year,2018-19,LPG,lpg,energy_use,14.954378,PJ
9. TRANSPORT ENERGY AND ENVIRONEMENT.xlsx,Table 9.11,domestic_transport_energy_use_by_fuel_type,,financial_year,2018-19,Bio-fuels,bio_fuels,energy_use,7.877538086704994,PJ
9. TRANSPORT ENERGY AND ENVIRONEMENT.xlsx,Table 9.11,domestic_transport_energy_use_by_fuel_type,,financial_year,2018-19,Aviation Turbine Fuel,aviation_turbine_fuel,energy_use,119.1901952,PJ
9. TRANSPORT ENERGY AND ENVIRONEMENT.xlsx,Table 9.11,domestic_transport_energy_use_by_fuel_type,,financial_year,2018-19,Aviation Gasoline,aviation_gasoline,energy_use,2.20774683,PJ
9. TRANSPORT ENERGY AND ENVIRONEMENT.xlsx,Table 9.11,domestic_transport_energy_use_by_fuel_type,,financial_year,2018-19,Fuel Oil,fuel_oil,energy_use,5.579968781074761,PJ
9. TRANSPORT ENERGY AND ENVIRONEMENT.xlsx,Table 9.11,domestic_transport_energy_use_by_fuel_type,,financial_year,2018-19,Electricity,electricity,energy_use,9.184163925452829,PJ
9. TRANSPORT ENERGY AND ENVIRONEMENT.xlsx,Table 9.11,domestic_transport_energy_use_by_fuel_type,,financial_year,2018-19,Other,other,energy_use,3.2328808599696996,PJ
9. TRANSPORT ENERGY AND ENVIRONEMENT.xlsx,Table 9.11,domestic_transport_energy_use_by_fuel_type,,financial_year,2018-19,Total civil domestic transport,total_civil_domestic_transport,energy_use,1419.8967959738725,PJ
9. TRANSPORT ENERGY AND ENVIRONEMENT.xlsx,Table 9.11,domestic_transport_energy_use_by_fuel_type,,financial_year,2019-20,Petrol,petrol,energy_use,534.2522792141923,PJ
9. TRANSPORT ENERGY AND ENVIRONEMENT.xlsx,Table 9.11,domestic_transport_energy_use_by_fuel_type,,financial_year,2019-20,Diesel,diesel,energy_use,691.5747539450277,PJ
9. TRANSPORT ENERGY AND ENVIRONEMENT.xlsx,Table 9.11,domestic_transport_energy_use_by_fuel_type,,financial_year,2019-20,LPG,lpg,energy_use,13.023204,PJ
9. TRANSPORT ENERGY AND ENVIRONEMENT.xlsx,Table 9.11,domestic_transport_energy_use_by_fuel_type,,financial_year,2019-20,Bio-fuels,bio_fuels,energy_use,7.251433225190736,PJ
9. TRANSPORT ENERGY AND ENVIRONEMENT.xlsx,Table 9.11,domestic_transport_energy_use_by_fuel_type,,financial_year,2019-20,Aviation Turbine Fuel,aviation_turbine_fuel,energy_use,93.30023231999999,PJ
9. TRANSPORT ENERGY AND ENVIRONEMENT.xlsx,Table 9.11,domestic_transport_energy_use_by_fuel_type,,financial_year,2019-20,Aviation Gasoline,aviation_gasoline,energy_use,1.94102703,PJ
9. TRANSPORT ENERGY AND ENVIRONEMENT.xlsx,Table 9.11,domestic_transport_energy_use_by_fuel_type,,financial_year,2019-20,Fuel Oil,fuel_oil,energy_use,4.056235126711475,PJ
9. TRANSPORT ENERGY AND ENVIRONEMENT.xlsx,Table 9.11,domestic_transport_energy_use_by_fuel_type,,financial_year,2019-20,Electricity,electricity,energy_use,9.442068850668779,PJ
9. TRANSPORT ENERGY AND ENVIRONEMENT.xlsx,Table 9.11,domestic_transport_energy_use_by_fuel_type,,financial_year,2019-20,Other,other,energy_use,2.8351452909450785,PJ
9. TRANSPORT ENERGY AND ENVIRONEMENT.xlsx,Table 9.11,domestic_transport_energy_use_by_fuel_type,,financial_year,2019-20,Total civil domestic transport,total_civil_domestic_transport,energy_use,1357.6763790027364,PJ
9. TRANSPORT ENERGY AND ENVIRONEMENT.xlsx,Table 9.11,domestic_transport_energy_use_by_fuel_type,,financial_year,2020-21,Petrol,petrol,energy_use,530.0099464910952,PJ
9. TRANSPORT ENERGY AND ENVIRONEMENT.xlsx,Table 9.11,domestic_transport_energy_use_by_fuel_type,,financial_year,2020-21,Diesel,diesel,energy_use,681.4849560737167,PJ
9. TRANSPORT ENERGY AND ENVIRONEMENT.xlsx,Table 9.11,domestic_transport_energy_use_by_fuel_type,,financial_year,2020-21,LPG,lpg,energy_use,9.019757,PJ
9. TRANSPORT ENERGY AND ENVIRONEMENT.xlsx,Table 9.11,domestic_transport_energy_use_by_fuel_type,,financial_year,2020-21,Bio-fuels,bio_fuels,energy_use,6.508265830011808,PJ
9. TRANSPORT ENERGY AND ENVIRONEMENT.xlsx,Table 9.11,domestic_transport_energy_use_by_fuel_type,,financial_year,2020-21,Aviation Turbine Fuel,aviation_turbine_fuel,energy_use,60.90654288,PJ
9. TRANSPORT ENERGY AND ENVIRONEMENT.xlsx,Table 9.11,domestic_transport_energy_use_by_fuel_type,,financial_year,2020-21,Aviation Gasoline,aviation_gasoline,energy_use,2.06668125,PJ
9. TRANSPORT ENERGY AND ENVIRONEMENT.xlsx,Table 9.11,domestic_transport_energy_use_by_fuel_type,,financial_year,2020-21,Fuel Oil,fuel_oil,energy_use,2.353770632089091,PJ
9. TRANSPORT ENERGY AND ENVIRONEMENT.xlsx,Table 9.11,domestic_transport_energy_use_by_fuel_type,,financial_year,2020-21,Electricity,electricity,energy_use,9.500695339818787,PJ
9. TRANSPORT ENERGY AND ENVIRONEMENT.xlsx,Table 9.11,domestic_transport_energy_use_by_fuel_type,,financial_year,2020-21,Other,other,energy_use,1.098576966659221,PJ
9. TRANSPORT ENERGY AND ENVIRONEMENT.xlsx,Table 9.11,domestic_transport_energy_use_by_fuel_type,,financial_year,2020-21,Total civil domestic transport,total_civil_domestic_transport,energy_use,1302.949192463391,PJ
9. TRANSPORT ENERGY AND ENVIRONEMENT.xlsx,Table 9.11,domestic_transport_energy_use_by_fuel_type,,financial_year,2021-22,Petrol,petrol,energy_use,502.3532643832506,PJ
9. TRANSPORT ENERGY AND ENVIRONEMENT.xlsx,Table 9.11,domestic_transport_energy_use_by_fuel_type,,financial_year,2021-22,Diesel,diesel,energy_use,707.5164878795626,PJ
9. TRANSPORT ENERGY AND ENVIRONEMENT.xlsx,Table 9.11,domestic_transport_energy_use_by_fuel_type,,financial_year,2021-22,LPG,lpg,energy_use,7.167225,PJ
9. TRANSPORT ENERGY AND ENVIRONEMENT.xlsx,Table 9.11,domestic_transport_energy_use_by_fuel_type,,financial_year,2021-22,Bio-fuels,bio_fuels,energy_use,6.520149732717969,PJ
9. TRANSPORT ENERGY AND ENVIRONEMENT.xlsx,Table 9.11,domestic_transport_energy_use_by_fuel_type,,financial_year,2021-22,Aviation Turbine Fuel,aviation_turbine_fuel,energy_use,80.88009984,PJ
9. TRANSPORT ENERGY AND ENVIRONEMENT.xlsx,Table 9.11,domestic_transport_energy_use_by_fuel_type,,financial_year,2021-22,Aviation Gasoline,aviation_gasoline,energy_use,2.05924368,PJ
9. TRANSPORT ENERGY AND ENVIRONEMENT.xlsx,Table 9.11,domestic_transport_energy_use_by_fuel_type,,financial_year,2021-22,Fuel Oil,fuel_oil,energy_use,2.291676699656637,PJ
9. TRANSPORT ENERGY AND ENVIRONEMENT.xlsx,Table 9.11,domestic_transport_energy_use_by_fuel_type,,financial_year,2021-22,Electricity,electricity,energy_use,9.726989322804487,PJ
9. TRANSPORT ENERGY AND ENVIRONEMENT.xlsx,Table 9.11,domestic_transport_energy_use_by_fuel_type,,financial_year,2021-22,Other,other,energy_use,0.9653395358984586,PJ
9. TRANSPORT ENERGY AND ENVIRONEMENT.xlsx,Table 9.11,domestic_transport_energy_use_by_fuel_type,,financial_year,2021-22,Total civil domestic transport,total_civil_domestic_transport,energy_use,1319.4804760738905,PJ
9. TRANSPORT ENERGY AND ENVIRONEMENT.xlsx,Table 9.11,domestic_transport_energy_use_by_fuel_type,,financial_year,2022-23,Petrol,petrol,energy_use,533.0604532557385,PJ
9. TRANSPORT ENERGY AND ENVIRONEMENT.xlsx,Table 9.11,domestic_transport_energy_use_by_fuel_type,,financial_year,2022-23,Diesel,diesel,energy_use,738.0722858190602,PJ
9. TRANSPORT ENERGY AND ENVIRONEMENT.xlsx,Table 9.11,domestic_transport_energy_use_by_fuel_type,,financial_year,2022-23,LPG,lpg,energy_use,6.515405,PJ
9. TRANSPORT ENERGY AND ENVIRONEMENT.xlsx,Table 9.11,domestic_transport_energy_use_by_fuel_type,,financial_year,2022-23,Bio-fuels,bio_fuels,energy_use,6.629556718436346,PJ
9. TRANSPORT ENERGY AND ENVIRONEMENT.xlsx,Table 9.11,domestic_transport_energy_use_by_fuel_type,,financial_year,2022-23,Aviation Turbine Fuel,aviation_turbine_fuel,energy_use,127.2446112,PJ
9. TRANSPORT ENERGY AND ENVIRONEMENT.xlsx,Table 9.11,domestic_transport_energy_use_by_fuel_type,,financial_year,2022-23,Aviation Gasoline,aviation_gasoline,energy_use,2.23094,PJ
9. TRANSPORT ENERGY AND ENVIRONEMENT.xlsx,Table 9.11,domestic_transport_energy_use_by_fuel_type,,financial_year,2022-23,Fuel Oil,fuel_oil,energy_use,2.266452486244802,PJ
9. TRANSPORT ENERGY AND ENVIRONEMENT.xlsx,Table 9.11,domestic_transport_energy_use_by_fuel_type,,financial_year,2022-23,Electricity,electricity,energy_use,10.600740367200373,PJ
9. TRANSPORT ENERGY AND ENVIRONEMENT.xlsx,Table 9.11,domestic_transport_energy_use_by_fuel_type,,financial_year,2022-23,Other,other,energy_use,0.9062784218173247,PJ
9. TRANSPORT ENERGY AND ENVIRONEMENT.xlsx,Table 9.11,domestic_transport_energy_use_by_fuel_type,,financial_year,2022-23,Total civil domestic transport,total_civil_domestic_transport,energy_use,1427.5267232684978,PJ
9. TRANSPORT ENERGY AND ENVIRONEMENT.xlsx,Table 9.11,domestic_transport_energy_use_by_fuel_type,,financial_year,2023-24,Petrol,petrol,energy_use,531.5060859915202,PJ
9. TRANSPORT ENERGY AND ENVIRONEMENT.xlsx,Table 9.11,domestic_transport_energy_use_by_fuel_type,,financial_year,2023-24,Diesel,diesel,energy_use,762.2244772290577,PJ
9. TRANSPORT ENERGY AND ENVIRONEMENT.xlsx,Table 9.11,domestic_transport_energy_use_by_fuel_type,,financial_year,2023-24,LPG,lpg,energy_use,6.148072,PJ
9. TRANSPORT ENERGY AND ENVIRONEMENT.xlsx,Table 9.11,domestic_transport_energy_use_by_fuel_type,,financial_year,2023-24,Bio-fuels,bio_fuels,energy_use,6.720741908594191,PJ
9. TRANSPORT ENERGY AND ENVIRONEMENT.xlsx,Table 9.11,domestic_transport_energy_use_by_fuel_type,,financial_year,2023-24,Aviation Turbine Fuel,aviation_turbine_fuel,energy_use,135.966843792,PJ
9. TRANSPORT ENERGY AND ENVIRONEMENT.xlsx,Table 9.11,domestic_transport_energy_use_by_fuel_type,,financial_year,2023-24,Aviation Gasoline,aviation_gasoline,energy_use,2.305916465,PJ
9. TRANSPORT ENERGY AND ENVIRONEMENT.xlsx,Table 9.11,domestic_transport_energy_use_by_fuel_type,,financial_year,2023-24,Fuel Oil,fuel_oil,energy_use,2.139240112599944,PJ
9. TRANSPORT ENERGY AND ENVIRONEMENT.xlsx,Table 9.11,domestic_transport_energy_use_by_fuel_type,,financial_year,2023-24,Electricity,electricity,energy_use,12.023097286495819,PJ
9. TRANSPORT ENERGY AND ENVIRONEMENT.xlsx,Table 9.11,domestic_transport_energy_use_by_fuel_type,,financial_year,2023-24,Other,other,energy_use,0.7891170297096012,PJ
9. TRANSPORT ENERGY AND ENVIRONEMENT.xlsx,Table 9.11,domestic_transport_energy_use_by_fuel_type,,financial_year,2023-24,Total civil domestic transport,total_civil_domestic_transport,energy_use,1459.8235918149776,PJ
9. TRANSPORT ENERGY AND ENVIRONEMENT.xlsx,Table 9.11,domestic_transport_energy_use_by_fuel_type,,financial_year,2024-25,Petrol,petrol,energy_use,527.1490045007023,PJ
9. TRANSPORT ENERGY AND ENVIRONEMENT.xlsx,Table 9.11,domestic_transport_energy_use_by_fuel_type,,financial_year,2024-25,Diesel,diesel,energy_use,770.5726894748431,PJ
9. TRANSPORT ENERGY AND ENVIRONEMENT.xlsx,Table 9.11,domestic_transport_energy_use_by_fuel_type,,financial_year,2024-25,LPG,lpg,energy_use,6.24704,PJ
9. TRANSPORT ENERGY AND ENVIRONEMENT.xlsx,Table 9.11,domestic_transport_energy_use_by_fuel_type,,financial_year,2024-25,Bio-fuels,bio_fuels,energy_use,6.238600528344507,PJ
9. TRANSPORT ENERGY AND ENVIRONEMENT.xlsx,Table 9.11,domestic_transport_energy_use_by_fuel_type,,financial_year,2024-25,Aviation Turbine Fuel,aviation_turbine_fuel,energy_use,140.182471104,PJ
9. TRANSPORT ENERGY AND ENVIRONEMENT.xlsx,Table 9.11,domestic_transport_energy_use_by_fuel_type,,financial_year,2024-25,Aviation Gasoline,aviation_gasoline,energy_use,2.40847516,PJ
9. TRANSPORT ENERGY AND ENVIRONEMENT.xlsx,Table 9.11,domestic_transport_energy_use_by_fuel_type,,financial_year,2024-25,Fuel Oil,fuel_oil,energy_use,2.047918960028973,PJ
9. TRANSPORT ENERGY AND ENVIRONEMENT.xlsx,Table 9.11,domestic_transport_energy_use_by_fuel_type,,financial_year,2024-25,Electricity,electricity,energy_use,13.570381610974378,PJ
9. TRANSPORT ENERGY AND ENVIRONEMENT.xlsx,Table 9.11,domestic_transport_energy_use_by_fuel_type,,financial_year,2024-25,Other,other,energy_use,0.7879071326106151,PJ
9. TRANSPORT ENERGY AND ENVIRONEMENT.xlsx,Table 9.11,domestic_transport_energy_use_by_fuel_type,,financial_year,2024-25,Total civil domestic transport,total_civil_domestic_transport,energy_use,1469.2044884715037,PJ
